{
"type": "FeatureCollection",
"name": "lines",
"crs": { "type": "name", "properties": { "name": "urn:ogc:def:crs:OGC:1.3:CRS84" } },
"features": [
{ "type": "Feature", "properties": { "name": "MV_504_0_line_0" }, "geometry": { "type": "LineString", "coordinates": [ [ 8.640714708475622, 47.41445781014729 ], [ 8.640444308475363, 47.414442610147368 ], [ 8.640180708475119, 47.414411910147422 ] ] } },
{ "type": "Feature", "properties": { "name": "MV_504_0_line_1" }, "geometry": { "type": "LineString", "coordinates": [ [ 8.640180708475119, 47.414411910147422 ], [ 8.640058308475004, 47.414402910147459 ], [ 8.640006008474964, 47.414385910147459 ], [ 8.639984008474951, 47.414356110147502 ], [ 8.639982708475042, 47.414055610147365 ], [ 8.639976608475067, 47.413966710147342 ], [ 8.639931708475041, 47.413907310147366 ], [ 8.64018530847529, 47.413906510147264 ], [ 8.640207008475318, 47.413871110147277 ], [ 8.640307008475469, 47.413707810147145 ], [ 8.640333208475505, 47.413667510147143 ], [ 8.640428808475647, 47.413520410147086 ], [ 8.640478208475717, 47.413452210147021 ], [ 8.640522908475779, 47.413394310147005 ], [ 8.640700808476037, 47.413104610146881 ], [ 8.640736708476092, 47.413040610146794 ], [ 8.640144708475578, 47.412856410146922 ], [ 8.640199608475768, 47.412436410146789 ], [ 8.640178008475752, 47.412408410146817 ], [ 8.640147208475732, 47.41236851014682 ], [ 8.640259708475861, 47.412316410146722 ], [ 8.640560108476201, 47.412159110146625 ], [ 8.640608308476235, 47.412192610146597 ], [ 8.640668208476299, 47.41216521014654 ], [ 8.640730408476367, 47.412162510146572 ], [ 8.640779908476402, 47.412174410146555 ], [ 8.640858208476503, 47.412108610146511 ], [ 8.640742708476415, 47.412046910146508 ], [ 8.640665708476345, 47.412006810146508 ], [ 8.640627408476318, 47.411987910146543 ], [ 8.640614708476308, 47.411982210146483 ], [ 8.64079130847651, 47.411878610146417 ], [ 8.640966508476716, 47.411756610146355 ], [ 8.641022208476782, 47.411733110146351 ], [ 8.641092408476853, 47.41170591014631 ], [ 8.641154208476921, 47.411683210146322 ], [ 8.641202708476973, 47.411662210146282 ], [ 8.641318808477113, 47.411562810146165 ], [ 8.641431908477259, 47.411467510146124 ], [ 8.641374808477208, 47.411436410146152 ], [ 8.641547308477419, 47.411302910146048 ], [ 8.641317108477226, 47.411219510146111 ], [ 8.640613308476622, 47.410983510146224 ], [ 8.640624008476637, 47.410958510146202 ], [ 8.640649108476678, 47.410905710146203 ], [ 8.640661708476699, 47.410887310146194 ], [ 8.640239808476336, 47.410746610146234 ], [ 8.640099108476219, 47.410698810146265 ], [ 8.640085508476217, 47.410662310146293 ], [ 8.640171408476307, 47.410620010146246 ], [ 8.640521408476733, 47.410354210146039 ], [ 8.640770308477034, 47.410140510145901 ], [ 8.640867708477153, 47.410062510145863 ], [ 8.640932008477231, 47.410011010145759 ], [ 8.641052708477389, 47.409888810145752 ] ] } },
{ "type": "Feature", "properties": { "name": "MV_504_0_line_2" }, "geometry": { "type": "LineString", "coordinates": [ [ 8.634687808469495, 47.415494410149378 ], [ 8.634619408469414, 47.415545510149414 ], [ 8.633592708468635, 47.414885410149509 ], [ 8.633077808468244, 47.414564510149567 ], [ 8.633808908469113, 47.414026310149197 ], [ 8.633927108469251, 47.413940410149074 ], [ 8.635427508471041, 47.412850810148271 ], [ 8.635524908471162, 47.412771310148287 ], [ 8.635561008471205, 47.412738010148246 ], [ 8.635607408471259, 47.412695310148223 ], [ 8.63568190847136, 47.412612810148183 ], [ 8.635744508471449, 47.41252111014812 ], [ 8.635827608471569, 47.412402110148072 ], [ 8.635948908471729, 47.412265210148 ], [ 8.636052508471849, 47.412193510147951 ], [ 8.636142708471969, 47.412095910147848 ], [ 8.636442108472345, 47.411814110147688 ], [ 8.63633770847226, 47.411769710147688 ], [ 8.636411708472354, 47.411691910147674 ], [ 8.636477208472424, 47.411671210147674 ], [ 8.636509508472464, 47.411638210147629 ], [ 8.636578308472521, 47.411668910147625 ], [ 8.63654500847248, 47.411704510147665 ], [ 8.636516408472442, 47.411734910147636 ], [ 8.63666410847256, 47.411804110147592 ], [ 8.636838408472705, 47.411882210147603 ], [ 8.637706708473425, 47.412258610147482 ], [ 8.637997808473662, 47.412401810147436 ], [ 8.638452308474012, 47.41266151014738 ], [ 8.63861730847414, 47.412772310147375 ], [ 8.638720108474208, 47.412858510147366 ], [ 8.638871908474352, 47.412870410147313 ], [ 8.638910508474373, 47.412907110147316 ], [ 8.639089008474565, 47.412833510147266 ], [ 8.63941830847493, 47.41270221014711 ], [ 8.639747308475284, 47.412571810146993 ], [ 8.640069708475632, 47.412444710146815 ], [ 8.640178008475752, 47.412408410146817 ], [ 8.640199608475768, 47.412436410146789 ], [ 8.640144708475578, 47.412856410146922 ], [ 8.640736708476092, 47.413040610146794 ], [ 8.640700808476037, 47.413104610146881 ], [ 8.640522908475779, 47.413394310147005 ], [ 8.640478208475717, 47.413452210147021 ], [ 8.640428808475647, 47.413520410147086 ], [ 8.640333208475505, 47.413667510147143 ], [ 8.640307008475469, 47.413707810147145 ], [ 8.640207008475318, 47.413871110147277 ], [ 8.64018530847529, 47.413906510147264 ], [ 8.639931708475041, 47.413907310147366 ], [ 8.639976608475067, 47.413966710147342 ], [ 8.639982708475042, 47.414055610147365 ], [ 8.639984008474951, 47.414356110147502 ], [ 8.640006008474964, 47.414385910147459 ], [ 8.640058308475004, 47.414402910147459 ], [ 8.640180708475119, 47.414411910147422 ] ] } },
{ "type": "Feature", "properties": { "name": "MV_504_0_line_3" }, "geometry": { "type": "LineString", "coordinates": [ [ 8.640180708475119, 47.414411910147422 ], [ 8.640058308475004, 47.414402910147459 ], [ 8.640006008474964, 47.414385910147459 ], [ 8.639984008474951, 47.414356110147502 ], [ 8.639982708475042, 47.414055610147365 ], [ 8.639976608475067, 47.413966710147342 ], [ 8.639931708475041, 47.413907310147366 ], [ 8.64018530847529, 47.413906510147264 ], [ 8.640207008475318, 47.413871110147277 ], [ 8.640307008475469, 47.413707810147145 ], [ 8.640333208475505, 47.413667510147143 ], [ 8.641160008476216, 47.413936510147003 ], [ 8.641178008476233, 47.413942410147001 ], [ 8.641211908476278, 47.41389901014697 ], [ 8.641425108476476, 47.413919410146917 ], [ 8.641514908476596, 47.413811310146833 ], [ 8.641725908476779, 47.413866510146789 ], [ 8.641899008476942, 47.413890210146754 ], [ 8.642072008477106, 47.413893910146705 ], [ 8.642239708477275, 47.413878810146649 ], [ 8.642459208477497, 47.413826010146586 ], [ 8.642660008477723, 47.413727810146455 ], [ 8.642965508478071, 47.413549610146354 ], [ 8.643196808478319, 47.413479910146229 ], [ 8.643320308478446, 47.413458010146194 ] ] } },
{ "type": "Feature", "properties": { "name": "MV_504_0_line_4" }, "geometry": { "type": "LineString", "coordinates": [ [ 8.641052708477389, 47.409888810145752 ], [ 8.640932008477231, 47.410011010145759 ], [ 8.640867708477153, 47.410062510145863 ], [ 8.640770308477034, 47.410140510145901 ], [ 8.640521408476733, 47.410354210146039 ], [ 8.640171408476307, 47.410620010146246 ], [ 8.640085508476217, 47.410662310146293 ], [ 8.640099108476219, 47.410698810146265 ], [ 8.640239808476336, 47.410746610146234 ], [ 8.640661708476699, 47.410887310146194 ], [ 8.640649108476678, 47.410905710146203 ], [ 8.640624008476637, 47.410958510146202 ], [ 8.640613308476622, 47.410983510146224 ], [ 8.641317108477226, 47.411219510146111 ], [ 8.641547308477419, 47.411302910146048 ], [ 8.641594708477458, 47.411320110146065 ], [ 8.641941108477891, 47.411025310145853 ], [ 8.642117108478104, 47.410865810145765 ], [ 8.642064608478057, 47.410836910145733 ], [ 8.642382508478459, 47.410554710145561 ], [ 8.642514108478622, 47.410437410145455 ], [ 8.642564608478663, 47.410460410145475 ], [ 8.642925108479117, 47.410116110145289 ], [ 8.643067908479301, 47.40997991014514 ], [ 8.643139708479385, 47.409917010145122 ], [ 8.64307990847934, 47.409885710145126 ], [ 8.643113508479383, 47.409852110145145 ], [ 8.643116208479386, 47.409835210145133 ], [ 8.643110508479387, 47.409818510145122 ], [ 8.643095908479381, 47.40980351014511 ], [ 8.643140508479433, 47.409761210145071 ], [ 8.643272608479545, 47.409816410145055 ], [ 8.643379008479672, 47.409731910145027 ], [ 8.643605408479955, 47.409534310144885 ], [ 8.643851808480255, 47.409327210144724 ], [ 8.644301808480821, 47.408915010144497 ], [ 8.644453008480998, 47.408825810144435 ], [ 8.644634008481185, 47.408770910144305 ], [ 8.645113508481662, 47.408721210144208 ], [ 8.645180208481731, 47.408708210144148 ], [ 8.645218708481753, 47.408747010144161 ], [ 8.645305208481807, 47.408844510144178 ], [ 8.645482408481973, 47.408874410144122 ], [ 8.645757208482191, 47.409004610144088 ], [ 8.646240508482588, 47.409233510144013 ], [ 8.646547408482972, 47.408939710143855 ], [ 8.646627508483055, 47.408931410143801 ], [ 8.646913408483423, 47.408625510143651 ], [ 8.647043508483572, 47.408551410143538 ], [ 8.647153308483677, 47.408548110143506 ], [ 8.647235608483753, 47.408558710143524 ], [ 8.647950608484393, 47.408725810143324 ] ] } },
{ "type": "Feature", "properties": { "name": "MV_504_0_line_5" }, "geometry": { "type": "LineString", "coordinates": [ [ 8.641052708477389, 47.409888810145752 ], [ 8.641229608477612, 47.409709610145612 ] ] } },
{ "type": "Feature", "properties": { "name": "MV_504_0_line_6" }, "geometry": { "type": "LineString", "coordinates": [ [ 8.630367908465891, 47.413738110150092 ], [ 8.630597708466196, 47.413471710149885 ], [ 8.630766408466419, 47.413276110149837 ], [ 8.630860308466549, 47.413161610149771 ], [ 8.631761108467231, 47.413751810149691 ], [ 8.632235008467591, 47.414055110149647 ], [ 8.632932708468127, 47.414475410149578 ], [ 8.633041208468214, 47.414542010149525 ], [ 8.633077808468244, 47.414564510149567 ], [ 8.633592708468635, 47.414885410149509 ], [ 8.634619408469414, 47.415545510149414 ], [ 8.634687808469495, 47.415494410149378 ] ] } },
{ "type": "Feature", "properties": { "name": "MV_504_0_line_7" }, "geometry": { "type": "LineString", "coordinates": [ [ 8.63293020846722, 47.417349110150468 ], [ 8.63245600846664, 47.417741610150735 ], [ 8.632499008466674, 47.417764110150721 ], [ 8.632871708466975, 47.417958910150688 ], [ 8.632911808467, 47.41797991015067 ], [ 8.633080408467139, 47.418064710150645 ], [ 8.633165008467213, 47.418078210150625 ], [ 8.633175408467231, 47.41807071015063 ], [ 8.633409708467516, 47.417879210150531 ], [ 8.633450308467557, 47.417858910150521 ], [ 8.633670908467822, 47.417688710150372 ], [ 8.634018508468253, 47.417403310150206 ], [ 8.634243108468524, 47.417223810150013 ], [ 8.634224308468536, 47.417128510150022 ], [ 8.634409808468762, 47.416978610149926 ], [ 8.634536308468919, 47.41687131014983 ], [ 8.63459170846899, 47.416800110149829 ], [ 8.634645108469071, 47.41671141014978 ], [ 8.63464200846909, 47.416648110149744 ], [ 8.634619208469077, 47.416612410149774 ], [ 8.634237808468775, 47.41639621014982 ], [ 8.634177408468734, 47.416362010149804 ], [ 8.634234908468803, 47.416319410149775 ], [ 8.634563108469195, 47.416076010149602 ], [ 8.634762708469431, 47.415943510149503 ], [ 8.635000408469708, 47.415785710149372 ], [ 8.634959008469677, 47.415763710149406 ], [ 8.634619408469414, 47.415545510149414 ], [ 8.634687808469495, 47.415494410149378 ] ] } },
{ "type": "Feature", "properties": { "name": "MV_504_0_line_8" }, "geometry": { "type": "LineString", "coordinates": [ [ 8.634687808469495, 47.415494410149378 ], [ 8.634795608469625, 47.41541401014932 ], [ 8.635568408470538, 47.414877610148913 ] ] } },
{ "type": "Feature", "properties": { "name": "MV_504_0_line_9" }, "geometry": { "type": "LineString", "coordinates": [ [ 8.643320308478446, 47.413458010146194 ], [ 8.643368308478468, 47.413532110146186 ], [ 8.64349870847856, 47.413635510146257 ] ] } },
{ "type": "Feature", "properties": { "name": "MV_504_0_line_10" }, "geometry": { "type": "LineString", "coordinates": [ [ 8.647950608484393, 47.408725810143324 ], [ 8.647556108484316, 47.407761210143143 ] ] } },
{ "type": "Feature", "properties": { "name": "MV_504_0_line_11" }, "geometry": { "type": "LineString", "coordinates": [ [ 8.645055408480939, 47.410845210144885 ], [ 8.644878308480816, 47.410689610144864 ], [ 8.644795608480754, 47.410627710144908 ], [ 8.644985408480986, 47.410490210144779 ], [ 8.645017908481023, 47.410466610144766 ], [ 8.645002808481012, 47.410450610144807 ], [ 8.644997508481012, 47.410436010144757 ], [ 8.644999808481021, 47.410418510144773 ], [ 8.645007808481031, 47.410401610144746 ], [ 8.645020408481045, 47.410387410144722 ], [ 8.645185508481243, 47.41026281014463 ], [ 8.645209708481271, 47.410250510144628 ], [ 8.645233708481301, 47.410242510144649 ], [ 8.645264208481329, 47.4102365101446 ], [ 8.645296808481358, 47.410234810144587 ], [ 8.64532660848139, 47.410236610144558 ], [ 8.645351108481412, 47.410240710144599 ], [ 8.645380008481435, 47.410250010144615 ], [ 8.645453708481497, 47.410291310144601 ], [ 8.645531908481562, 47.410313710144571 ], [ 8.645585608481611, 47.410332610144572 ], [ 8.645701808481705, 47.410388410144542 ], [ 8.645733608481731, 47.410398310144529 ], [ 8.64577280848177, 47.410406310144516 ], [ 8.645872708481859, 47.410421010144496 ], [ 8.645899008481898, 47.410372710144436 ], [ 8.645908808481918, 47.410332810144482 ], [ 8.645901208481924, 47.410298110144467 ], [ 8.645875308481916, 47.410254510144441 ], [ 8.645748308481833, 47.410113410144412 ], [ 8.645708808481814, 47.410062310144383 ], [ 8.645684908481805, 47.410020310144432 ], [ 8.645675208481803, 47.409983610144415 ], [ 8.645675708481821, 47.409946310144399 ], [ 8.645690408481848, 47.409898310144371 ], [ 8.645707808481877, 47.409863510144369 ], [ 8.645732608481909, 47.409832510144348 ], [ 8.646240508482588, 47.409233510144013 ], [ 8.646547408482972, 47.408939710143855 ], [ 8.646627508483055, 47.408931410143801 ], [ 8.646913408483423, 47.408625510143651 ], [ 8.647043508483572, 47.408551410143538 ], [ 8.647153308483677, 47.408548110143506 ], [ 8.647235608483753, 47.408558710143524 ], [ 8.647950608484393, 47.408725810143324 ] ] } },
{ "type": "Feature", "properties": { "name": "MV_504_0_line_12" }, "geometry": { "type": "LineString", "coordinates": [ [ 8.645055408480939, 47.410845210144885 ], [ 8.644878308480816, 47.410689610144864 ], [ 8.644795608480754, 47.410627710144908 ], [ 8.644985408480986, 47.410490210144779 ], [ 8.645017908481023, 47.410466610144766 ], [ 8.645002808481012, 47.410450610144807 ], [ 8.644997508481012, 47.410436010144757 ], [ 8.644999808481021, 47.410418510144773 ], [ 8.645007808481031, 47.410401610144746 ], [ 8.645020408481045, 47.410387410144722 ], [ 8.645185508481243, 47.41026281014463 ], [ 8.645209708481271, 47.410250510144628 ], [ 8.645233708481301, 47.410242510144649 ], [ 8.645264208481329, 47.4102365101446 ], [ 8.645296808481358, 47.410234810144587 ], [ 8.64532660848139, 47.410236610144558 ], [ 8.645351108481412, 47.410240710144599 ], [ 8.645380008481435, 47.410250010144615 ], [ 8.645453708481497, 47.410291310144601 ], [ 8.645531908481562, 47.410313710144571 ], [ 8.645585608481611, 47.410332610144572 ], [ 8.645701808481705, 47.410388410144542 ], [ 8.645733608481731, 47.410398310144529 ], [ 8.64577280848177, 47.410406310144516 ], [ 8.645872708481859, 47.410421010144496 ], [ 8.646069208482048, 47.410426710144449 ], [ 8.646338308482312, 47.410399710144354 ], [ 8.646449708482431, 47.410374610144295 ], [ 8.646889808482891, 47.410251210144146 ], [ 8.646971708482974, 47.410230410144123 ], [ 8.647062708483064, 47.410214310144063 ], [ 8.64714760848315, 47.410205010144068 ], [ 8.647228308483228, 47.410204410144019 ], [ 8.647332608483326, 47.410212810144017 ], [ 8.647454908483441, 47.410230510143954 ], [ 8.647529208483505, 47.410245110143926 ], [ 8.648001808483929, 47.410344610143866 ], [ 8.648001708483919, 47.410368310143838 ], [ 8.648017708483927, 47.410383910143878 ], [ 8.648046608483956, 47.410399710143892 ], [ 8.648154408484043, 47.410429510143821 ], [ 8.648225308484108, 47.410456310143843 ], [ 8.648578908484415, 47.410560710143734 ], [ 8.648788708484579, 47.410674410143713 ], [ 8.64889010848465, 47.410766310143721 ], [ 8.648881508484633, 47.410794110143719 ], [ 8.648781308484541, 47.410772010143781 ], [ 8.648671208484442, 47.410759810143794 ], [ 8.648540708484315, 47.410761710143817 ], [ 8.648436308484206, 47.410775010143851 ], [ 8.648328208484093, 47.410804310143881 ], [ 8.648205808483961, 47.410854910143946 ], [ 8.648004908483733, 47.410974210144069 ], [ 8.647831908483541, 47.411065410144147 ] ] } },
{ "type": "Feature", "properties": { "name": "MV_504_0_line_13" }, "geometry": { "type": "LineString", "coordinates": [ [ 8.645055408480939, 47.410845210144885 ], [ 8.645264008481107, 47.410952110144855 ] ] } },
{ "type": "Feature", "properties": { "name": "MV_504_0_line_14" }, "geometry": { "type": "LineString", "coordinates": [ [ 8.647831908483541, 47.411065410144147 ], [ 8.647732108483428, 47.411104610144193 ], [ 8.647617108483312, 47.411137610144223 ] ] } },
{ "type": "Feature", "properties": { "name": "MV_504_0_line_15" }, "geometry": { "type": "LineString", "coordinates": [ [ 8.630367908465891, 47.413738110150092 ], [ 8.630039408465452, 47.414118810150285 ], [ 8.629340455808411, 47.414936521202172 ] ] } },
{ "type": "Feature", "properties": { "name": "MV_504_0_line_16" }, "geometry": { "type": "LineString", "coordinates": [ [ 8.63293020846722, 47.417349110150468 ], [ 8.632261508466707, 47.416925310150539 ] ] } },
{ "type": "Feature", "properties": { "name": "MV_504_0_line_17" }, "geometry": { "type": "LineString", "coordinates": [ [ 8.631838308465392, 47.419806610151561 ], [ 8.631645608465238, 47.41971011015162 ], [ 8.631128708464828, 47.419422310151639 ], [ 8.630937608464681, 47.419315910151703 ], [ 8.631063808464834, 47.419217310151588 ], [ 8.631171908464969, 47.41911521015156 ], [ 8.631335808465181, 47.418942410151438 ], [ 8.631404408465272, 47.418869910151393 ], [ 8.631731808465693, 47.418524710151203 ], [ 8.63176970846574, 47.418485610151158 ], [ 8.631819308465785, 47.41850791015117 ], [ 8.631844608465807, 47.418519210151132 ], [ 8.631884408465835, 47.41855811015116 ], [ 8.632083108465997, 47.418638610151127 ], [ 8.632152508466085, 47.418568910151087 ], [ 8.632279908466256, 47.418433610150991 ], [ 8.632363108466361, 47.418342610150972 ], [ 8.632397908466409, 47.418302210150948 ], [ 8.632547108466529, 47.418366410150931 ], [ 8.632595608466582, 47.418360410150889 ], [ 8.632651008466645, 47.418314310150855 ], [ 8.632680508466677, 47.418300910150819 ], [ 8.6327013084667, 47.418297110150824 ], [ 8.632681008466701, 47.418230410150777 ], [ 8.632813108466886, 47.418052010150724 ], [ 8.632820208466905, 47.418018310150735 ], [ 8.632823808466911, 47.41800071015075 ], [ 8.632871708466975, 47.417958910150688 ], [ 8.632499008466674, 47.417764110150721 ], [ 8.63245600846664, 47.417741610150735 ], [ 8.63293020846722, 47.417349110150468 ] ] } },
{ "type": "Feature", "properties": { "name": "MV_504_0_line_18" }, "geometry": { "type": "LineString", "coordinates": [ [ 8.631838308465392, 47.419806610151561 ], [ 8.631719708465228, 47.41998071015167 ] ] } },
{ "type": "Feature", "properties": { "name": "MV_504_0_line_19" }, "geometry": { "type": "LineString", "coordinates": [ [ 8.631719708465228, 47.41998071015167 ], [ 8.631499308464912, 47.42030441015185 ] ] } },
{ "type": "Feature", "properties": { "name": "MV_504_0_line_20" }, "geometry": { "type": "LineString", "coordinates": [ [ 8.629691908462725, 47.421719810152808 ], [ 8.6296972084627, 47.421806110152815 ], [ 8.629710408462696, 47.421867810152847 ], [ 8.629735808462698, 47.421954910152884 ] ] } },
{ "type": "Feature", "properties": { "name": "MV_504_0_line_21" }, "geometry": { "type": "LineString", "coordinates": [ [ 8.629691908462725, 47.421719810152808 ], [ 8.629990608463016, 47.421701010152717 ], [ 8.63010870846313, 47.421709710152705 ], [ 8.630459908463429, 47.421830910152622 ], [ 8.630590408463615, 47.421639310152514 ], [ 8.630809008463924, 47.421318210152357 ], [ 8.630949408464129, 47.421112010152235 ], [ 8.631059608464284, 47.420950110152141 ], [ 8.631278508464595, 47.420628710151988 ], [ 8.631499308464912, 47.42030441015185 ] ] } },
{ "type": "Feature", "properties": { "name": "MV_504_0_line_22" }, "geometry": { "type": "LineString", "coordinates": [ [ 8.629691908462725, 47.421719810152808 ], [ 8.629696708462774, 47.42156921015274 ], [ 8.629704908462816, 47.421460810152716 ], [ 8.62973460846289, 47.421327910152669 ], [ 8.629695708462853, 47.421316710152666 ], [ 8.629555008462736, 47.421276210152698 ], [ 8.629493108462679, 47.421246410152669 ], [ 8.629438408462642, 47.421206510152714 ], [ 8.62919860846247, 47.42099471015274 ], [ 8.629019908462354, 47.420836110152713 ], [ 8.629250808462604, 47.420752410152645 ], [ 8.629219508462613, 47.420614410152588 ], [ 8.629458308462883, 47.420500510152486 ], [ 8.629392408462833, 47.420466410152471 ], [ 8.629163408462677, 47.420262110152514 ], [ 8.629127008462651, 47.4202244101525 ], [ 8.629420308462976, 47.420087710152366 ], [ 8.629773008463374, 47.419914010152205 ] ] } },
{ "type": "Feature", "properties": { "name": "MV_504_0_line_23" }, "geometry": { "type": "LineString", "coordinates": [ [ 8.629691908462725, 47.421719810152808 ], [ 8.629990608463016, 47.421701010152717 ], [ 8.63010870846313, 47.421709710152705 ], [ 8.630459908463429, 47.421830910152622 ], [ 8.630874008463785, 47.421969010152516 ], [ 8.630831308463726, 47.422033010152546 ], [ 8.631154408464001, 47.422138110152481 ], [ 8.631102208463924, 47.422215710152535 ], [ 8.631150808463961, 47.422252810152557 ], [ 8.63107870846385, 47.422389010152614 ], [ 8.631057308463822, 47.422404610152618 ], [ 8.630973908463737, 47.422426710152664 ], [ 8.630935008463689, 47.422447210152662 ], [ 8.631090008463804, 47.42257091015265 ], [ 8.630945508463483, 47.423119510152851 ], [ 8.630982108463524, 47.42312231015287 ], [ 8.631416608463933, 47.423155510152732 ], [ 8.631404808463861, 47.423352810152835 ], [ 8.631422508463853, 47.423418510152821 ], [ 8.6312728084637, 47.42344021015289 ], [ 8.631257308463686, 47.423445010152847 ], [ 8.631220208463649, 47.423455510152884 ], [ 8.631163108463587, 47.423466810152917 ], [ 8.63112330846355, 47.423481810152929 ], [ 8.631099408463513, 47.423501310152943 ], [ 8.631072008463478, 47.423530310152977 ], [ 8.631060008463464, 47.423552610152946 ], [ 8.631049808463445, 47.423571610152983 ], [ 8.631063908463448, 47.423598710152987 ], [ 8.631088408463452, 47.423665410152964 ], [ 8.631116408463468, 47.423711310153017 ], [ 8.631157308463493, 47.423751910153022 ], [ 8.631207508463534, 47.423780410153029 ], [ 8.631226508463547, 47.423786510152986 ], [ 8.631256508463576, 47.423796210153 ], [ 8.631305008463618, 47.423805310152964 ], [ 8.631577908463896, 47.423752310152878 ], [ 8.631591608463893, 47.423816310152908 ], [ 8.631584308463847, 47.423927810152968 ], [ 8.63157080846382, 47.423969410152964 ], [ 8.631480608463681, 47.424156510153033 ], [ 8.631444508463627, 47.424214110153081 ], [ 8.63162270846377, 47.424301510153064 ], [ 8.63217860846421, 47.424582410152965 ], [ 8.632227608464278, 47.424540710152954 ], [ 8.632407608464421, 47.424633910152927 ], [ 8.632356008464354, 47.424678610152974 ], [ 8.632725908464655, 47.424873210152882 ], [ 8.633074808464933, 47.425043210152843 ], [ 8.633023308464772, 47.425396010153001 ], [ 8.633174408464898, 47.425446410152951 ], [ 8.63317940846483, 47.42567001015297 ], [ 8.633132908464772, 47.42571051015306 ], [ 8.632931408464577, 47.425734810153102 ], [ 8.632994708464569, 47.425953410153141 ], [ 8.633033408464547, 47.426135410153201 ], [ 8.632985308464489, 47.426179910153238 ], [ 8.633011608464455, 47.426355210153282 ], [ 8.633430708464882, 47.426297110153115 ], [ 8.633628108465077, 47.426269810153087 ], [ 8.633606208465107, 47.426096810153048 ], [ 8.633658508465198, 47.425981210152976 ], [ 8.633677408465228, 47.425939310152941 ], [ 8.633791508465375, 47.425814610152862 ], [ 8.634067808465739, 47.425512710152709 ], [ 8.634191908465837, 47.425563210152653 ], [ 8.634226708465887, 47.425512910152655 ], [ 8.634358408465998, 47.425566510152642 ], [ 8.634659408466254, 47.425679010152599 ], [ 8.634660108466278, 47.425605610152552 ], [ 8.634662408466356, 47.425364010152485 ], [ 8.634665208466455, 47.425081410152401 ] ] } },
{ "type": "Feature", "properties": { "name": "MV_504_0_line_24" }, "geometry": { "type": "LineString", "coordinates": [ [ 8.625834008459686, 47.419560610153255 ], [ 8.625733408459569, 47.419631910153271 ], [ 8.625823008459633, 47.419704510153288 ], [ 8.625939608459769, 47.419652810153252 ], [ 8.62600140845981, 47.41970681015323 ], [ 8.625989608459783, 47.419744510153251 ], [ 8.625992308459777, 47.419775510153229 ], [ 8.626005408459779, 47.419802910153258 ], [ 8.626028008459793, 47.419827310153231 ], [ 8.626496908460126, 47.420207310153252 ], [ 8.6265985084602, 47.420303610153248 ], [ 8.626730108460279, 47.42042241015325 ], [ 8.626823208460381, 47.420415110153243 ], [ 8.627008808460554, 47.420408010153118 ], [ 8.626993408460544, 47.420394310153156 ], [ 8.626935008460503, 47.420358510153207 ], [ 8.626908208460486, 47.420309110153198 ], [ 8.626880008460468, 47.420297310153167 ], [ 8.626868008460498, 47.420151610153141 ], [ 8.626943108460598, 47.420079910153056 ], [ 8.627454108461199, 47.419717910152855 ], [ 8.627499608461253, 47.419697910152834 ], [ 8.627596508461325, 47.419755410152803 ], [ 8.6278177084615, 47.419887410152754 ], [ 8.627979508461623, 47.419992710152769 ], [ 8.628062408461682, 47.420046710152754 ], [ 8.628313108461859, 47.420246410152728 ], [ 8.628394108461919, 47.420316810152734 ], [ 8.628585208462049, 47.420475010152742 ], [ 8.628637608462084, 47.420515210152722 ], [ 8.628827408462302, 47.420423810152649 ], [ 8.629163408462677, 47.420262110152514 ], [ 8.629127008462651, 47.4202244101525 ], [ 8.629420308462976, 47.420087710152366 ], [ 8.629773008463374, 47.419914010152205 ] ] } },
{ "type": "Feature", "properties": { "name": "MV_504_0_line_25" }, "geometry": { "type": "LineString", "coordinates": [ [ 8.629631808463266, 47.419817710152216 ], [ 8.629773008463374, 47.419914010152205 ] ] } },
{ "type": "Feature", "properties": { "name": "MV_504_0_line_26" }, "geometry": { "type": "LineString", "coordinates": [ [ 8.634665208466455, 47.425081410152401 ], [ 8.634662408466356, 47.425364010152485 ], [ 8.634660108466278, 47.425605610152552 ], [ 8.634659408466254, 47.425679010152599 ], [ 8.635029008466562, 47.42581231015253 ], [ 8.635261808466796, 47.42580911015245 ], [ 8.635386808466906, 47.425818610152447 ], [ 8.635427608466946, 47.425823410152368 ], [ 8.635382608466866, 47.425946410152442 ], [ 8.635359208466818, 47.426006510152483 ], [ 8.635553708466983, 47.42608491015244 ], [ 8.63573450846714, 47.426163910152418 ], [ 8.635830608467211, 47.426210210152405 ], [ 8.636103808467436, 47.426353710152355 ], [ 8.636385908467648, 47.426534610152345 ], [ 8.636014408467215, 47.426773010152516 ], [ 8.635951208467127, 47.426836510152555 ], [ 8.635933408467093, 47.426906710152601 ], [ 8.635961008467085, 47.427007010152607 ], [ 8.63627170846723, 47.427507210152676 ], [ 8.636323408467256, 47.427570310152632 ], [ 8.636864808467546, 47.42830031015275 ], [ 8.637273908468002, 47.428105010152585 ], [ 8.637369008468106, 47.42804871015251 ], [ 8.637430208468173, 47.428041410152517 ], [ 8.637462408468219, 47.427984010152464 ], [ 8.637801008468461, 47.428256610152438 ], [ 8.637953508468662, 47.428075210152343 ], [ 8.638081208468833, 47.427923210152279 ] ] } },
{ "type": "Feature", "properties": { "name": "MV_504_0_line_27" }, "geometry": { "type": "LineString", "coordinates": [ [ 8.634665208466455, 47.425081410152401 ], [ 8.636362908468609, 47.423424810151381 ] ] } },
{ "type": "Feature", "properties": { "name": "MV_504_0_line_28" }, "geometry": { "type": "LineString", "coordinates": [ [ 8.634665208466455, 47.425081410152401 ], [ 8.634670408466622, 47.424542310152219 ] ] } },
{ "type": "Feature", "properties": { "name": "MV_504_0_line_29" }, "geometry": { "type": "LineString", "coordinates": [ [ 8.634665208466455, 47.425081410152401 ], [ 8.631223108463018, 47.425459510153544 ] ] } },
{ "type": "Feature", "properties": { "name": "MV_504_0_line_30" }, "geometry": { "type": "LineString", "coordinates": [ [ 8.629383408462077, 47.422819310153223 ], [ 8.62932340846201, 47.422850010153262 ], [ 8.62958580846219, 47.423084410153237 ], [ 8.629512608462111, 47.423120310153301 ], [ 8.629544008462126, 47.423151610153255 ], [ 8.629550008462124, 47.423191410153329 ], [ 8.629509708462074, 47.423212810153345 ], [ 8.62952330846208, 47.423260510153327 ], [ 8.629434808461989, 47.423265610153344 ], [ 8.629399408461959, 47.423267610153395 ] ] } },
{ "type": "Feature", "properties": { "name": "MV_504_0_line_31" }, "geometry": { "type": "LineString", "coordinates": [ [ 8.629383408462077, 47.422819310153223 ], [ 8.629373508462074, 47.42281081015323 ], [ 8.629054210491333, 47.422524961212204 ] ] } },
{ "type": "Feature", "properties": { "name": "MV_504_0_line_32" }, "geometry": { "type": "LineString", "coordinates": [ [ 8.629316708461888, 47.423234810153403 ], [ 8.629399408461959, 47.423267610153395 ] ] } },
{ "type": "Feature", "properties": { "name": "MV_504_0_line_33" }, "geometry": { "type": "LineString", "coordinates": [ [ 8.628725308461634, 47.422230510153256 ], [ 8.629054210491333, 47.422524961212204 ] ] } },
{ "type": "Feature", "properties": { "name": "MV_504_0_line_34" }, "geometry": { "type": "LineString", "coordinates": [ [ 8.629631808463266, 47.419817710152216 ], [ 8.629373508463074, 47.419641610152233 ] ] } },
{ "type": "Feature", "properties": { "name": "MV_504_0_line_35" }, "geometry": { "type": "LineString", "coordinates": [ [ 8.638573908469279, 47.428020510152187 ], [ 8.638081208468833, 47.427923210152279 ] ] } },
{ "type": "Feature", "properties": { "name": "MV_504_0_line_36" }, "geometry": { "type": "LineString", "coordinates": [ [ 8.636362908468609, 47.423424810151381 ], [ 8.636063408468493, 47.422858410151285 ] ] } },
{ "type": "Feature", "properties": { "name": "MV_504_0_line_37" }, "geometry": { "type": "LineString", "coordinates": [ [ 8.63135190846298, 47.425957110153661 ], [ 8.631223108463018, 47.425459510153544 ] ] } },
{ "type": "Feature", "properties": { "name": "MV_504_0_line_38" }, "geometry": { "type": "LineString", "coordinates": [ [ 8.629316708461888, 47.423234810153403 ], [ 8.626808608458921, 47.424978610154668 ] ] } },
{ "type": "Feature", "properties": { "name": "MV_504_0_line_39" }, "geometry": { "type": "LineString", "coordinates": [ [ 8.627877808461026, 47.421565910153291 ], [ 8.628027308461126, 47.421698310153317 ], [ 8.6280921084612, 47.42166371015324 ], [ 8.628410308461415, 47.421945610153223 ], [ 8.628725308461634, 47.422230510153256 ] ] } },
{ "type": "Feature", "properties": { "name": "MV_504_0_line_40" }, "geometry": { "type": "LineString", "coordinates": [ [ 8.628174808461058, 47.422384210153439 ], [ 8.628259608461153, 47.422333610153423 ], [ 8.62840410846132, 47.422249910153305 ], [ 8.628484308461413, 47.422202810153323 ], [ 8.628545708461482, 47.422166610153269 ], [ 8.628656008461554, 47.422263410153256 ], [ 8.628725308461634, 47.422230510153256 ] ] } },
{ "type": "Feature", "properties": { "name": "MV_504_0_line_41" }, "geometry": { "type": "LineString", "coordinates": [ [ 8.629373508463074, 47.419641610152233 ], [ 8.62975700795756, 47.419379635864843 ] ] } },
{ "type": "Feature", "properties": { "name": "MV_504_0_line_42" }, "geometry": { "type": "LineString", "coordinates": [ [ 8.629373508463074, 47.419641610152233 ], [ 8.629205808462945, 47.419529610152267 ], [ 8.628828408462665, 47.419277610152299 ], [ 8.628740608462612, 47.419176410152268 ], [ 8.62874310846265, 47.41904991015226 ], [ 8.628794908462735, 47.418954310152181 ], [ 8.629086208463097, 47.418683610152051 ], [ 8.629346108463427, 47.418437510151882 ], [ 8.629621308463776, 47.418177110151703 ], [ 8.62967830846385, 47.418123110151669 ], [ 8.630317008464637, 47.417570910151326 ], [ 8.630373608464705, 47.417521210151271 ] ] } },
{ "type": "Feature", "properties": { "name": "MV_504_0_line_43" }, "geometry": { "type": "LineString", "coordinates": [ [ 8.63875020846951, 47.427812010152039 ], [ 8.638573908469279, 47.428020510152187 ] ] } },
{ "type": "Feature", "properties": { "name": "MV_504_0_line_44" }, "geometry": { "type": "LineString", "coordinates": [ [ 8.626920008458987, 47.425125710154667 ], [ 8.627039208459065, 47.425235610154715 ], [ 8.62712430845912, 47.4253030101547 ], [ 8.627234808459198, 47.425390510154678 ], [ 8.627258008459215, 47.425402810154679 ], [ 8.62727470845924, 47.425370710154652 ], [ 8.627356908459372, 47.425212610154574 ], [ 8.6274776084595, 47.425186310154544 ], [ 8.627574208459597, 47.425156310154499 ], [ 8.627627808459653, 47.425157310154468 ], [ 8.627696208459707, 47.425189910154458 ], [ 8.627705608459712, 47.425209010154468 ], [ 8.627933608459886, 47.425348710154445 ], [ 8.62796180845992, 47.425333310154471 ], [ 8.62800600845995, 47.425367810154462 ], [ 8.628079808459983, 47.425491110154447 ], [ 8.628405708460264, 47.425600910154373 ], [ 8.628433308460304, 47.425563210154351 ], [ 8.628854008460719, 47.425505510154252 ], [ 8.628925108460763, 47.425589010154241 ], [ 8.629079308460886, 47.425671510154217 ], [ 8.629153108460997, 47.425549910154132 ], [ 8.629245608461108, 47.425484610154108 ], [ 8.629391808461266, 47.425438310154064 ], [ 8.629538008461394, 47.425461910154041 ], [ 8.629653108461492, 47.425519610153977 ], [ 8.629688208461516, 47.425537210153976 ], [ 8.630060808461865, 47.425583410153905 ], [ 8.63012800846192, 47.425591710153903 ], [ 8.630181208461922, 47.425757610153923 ], [ 8.630436808462147, 47.42580001015385 ], [ 8.630507108462236, 47.425751210153834 ], [ 8.630563008462211, 47.425997210153866 ], [ 8.630292508461945, 47.426010910153963 ], [ 8.630261908461916, 47.42600961015399 ], [ 8.630346408461953, 47.426163610153999 ], [ 8.630366208461936, 47.426286210154032 ], [ 8.630589408462148, 47.426280210153969 ], [ 8.630660008462206, 47.426323510153999 ], [ 8.630750608462286, 47.426326510153928 ], [ 8.630858908462409, 47.42628471015388 ], [ 8.630993608462532, 47.426287710153872 ], [ 8.630984808462539, 47.42624581015383 ], [ 8.631115108462678, 47.426205510153785 ], [ 8.631218908462822, 47.42607101015372 ], [ 8.631375208462979, 47.426046910153659 ], [ 8.63135190846298, 47.425957110153661 ] ] } },
{ "type": "Feature", "properties": { "name": "MV_504_0_line_45" }, "geometry": { "type": "LineString", "coordinates": [ [ 8.626808608458921, 47.424978610154668 ], [ 8.626867508458947, 47.425077310154649 ], [ 8.626920008458987, 47.425125710154667 ] ] } },
{ "type": "Feature", "properties": { "name": "MV_504_0_line_46" }, "geometry": { "type": "LineString", "coordinates": [ [ 8.626920008458987, 47.425125710154667 ], [ 8.621873408453256, 47.427868310157002 ] ] } },
{ "type": "Feature", "properties": { "name": "MV_504_0_line_47" }, "geometry": { "type": "LineString", "coordinates": [ [ 8.626808608458921, 47.424978610154668 ], [ 8.621963108453771, 47.426502710156598 ] ] } },
{ "type": "Feature", "properties": { "name": "MV_504_0_line_48" }, "geometry": { "type": "LineString", "coordinates": [ [ 8.621873408453256, 47.427868310157002 ], [ 8.622119308453419, 47.428109010157009 ] ] } },
{ "type": "Feature", "properties": { "name": "MV_504_0_line_49" }, "geometry": { "type": "LineString", "coordinates": [ [ 8.621963108453771, 47.426502710156598 ], [ 8.621867425810777, 47.426883129104368 ] ] } },
{ "type": "Feature", "properties": { "name": "MV_504_0_line_50" }, "geometry": { "type": "LineString", "coordinates": [ [ 8.621963108453771, 47.426502710156598 ], [ 8.621762660408866, 47.426488747041823 ] ] } },
{ "type": "Feature", "properties": { "name": "MV_504_0_line_51" }, "geometry": { "type": "LineString", "coordinates": [ [ 8.621065008451966, 47.429487910157746 ], [ 8.621161108452041, 47.429561910157759 ], [ 8.621207808452091, 47.429534610157738 ], [ 8.621357108452202, 47.429647210157704 ], [ 8.621422108452276, 47.429604910157707 ], [ 8.621464608452326, 47.429580410157691 ], [ 8.621507608452372, 47.429555610157678 ], [ 8.621538808452412, 47.429537610157631 ], [ 8.621993308452941, 47.429242210157426 ], [ 8.621747508452762, 47.429058110157413 ], [ 8.621497108452576, 47.428870610157439 ], [ 8.621966408453112, 47.4285996101572 ], [ 8.62198340845314, 47.428579710157173 ], [ 8.622033208453205, 47.428521410157181 ], [ 8.622086808453266, 47.428485910157143 ], [ 8.622414608453651, 47.428268910156987 ], [ 8.622153208453438, 47.428142210157013 ], [ 8.622119308453419, 47.428109010157009 ] ] } },
{ "type": "Feature", "properties": { "name": "MV_504_0_line_52" }, "geometry": { "type": "LineString", "coordinates": [ [ 8.621065008451966, 47.429487910157746 ], [ 8.62053980845131, 47.42996221015806 ] ] } },
{ "type": "Feature", "properties": { "name": "MV_504_0_line_53" }, "geometry": { "type": "LineString", "coordinates": [ [ 8.643620208473207, 47.430932610151622 ], [ 8.643495208473061, 47.431029810151635 ], [ 8.643406308472956, 47.431102910151736 ], [ 8.643365408472897, 47.431136610151711 ] ] } },
{ "type": "Feature", "properties": { "name": "MV_504_0_line_54" }, "geometry": { "type": "LineString", "coordinates": [ [ 8.63875020846951, 47.427812010152039 ], [ 8.639091808469811, 47.427906610151986 ], [ 8.639434808470114, 47.427997710151878 ], [ 8.639787808470425, 47.428089510151821 ], [ 8.640150008470744, 47.428176610151787 ], [ 8.640070408470613, 47.428360810151851 ], [ 8.640026608470439, 47.428760910151958 ], [ 8.640009508470358, 47.428955410152007 ], [ 8.639967308470158, 47.429462110152222 ], [ 8.640179108470221, 47.429920810152275 ], [ 8.640345408470331, 47.43006241015226 ], [ 8.640431208470378, 47.430183910152294 ], [ 8.640503208470371, 47.430427810152352 ], [ 8.640402108470186, 47.430708610152479 ], [ 8.640313208470031, 47.430913410152549 ], [ 8.640334608470033, 47.430985910152572 ], [ 8.64052820847019, 47.43109751015259 ], [ 8.640484808470122, 47.4311543101526 ], [ 8.640441408470064, 47.431219510152609 ], [ 8.640390808469988, 47.431312810152662 ], [ 8.640346508469911, 47.431407110152698 ], [ 8.640375008469908, 47.431500210152727 ], [ 8.640422008469891, 47.43169941015276 ], [ 8.640455308469924, 47.431694410152787 ], [ 8.640474708469947, 47.431692410152799 ], [ 8.640564508470025, 47.43170431015276 ], [ 8.640599308470044, 47.431745310152749 ], [ 8.641328108470715, 47.431851010152549 ], [ 8.641319608470702, 47.431872410152607 ], [ 8.641314008470685, 47.431898710152581 ], [ 8.641312408470677, 47.431926910152583 ], [ 8.641315408470669, 47.431954810152561 ], [ 8.641325508470667, 47.431982310152627 ], [ 8.641345908470683, 47.432010210152562 ], [ 8.641371908470697, 47.432035510152588 ], [ 8.641403008470721, 47.43205691015261 ], [ 8.641443308470757, 47.432077210152578 ], [ 8.641484408470784, 47.43209301015257 ], [ 8.641531108470831, 47.432106810152575 ], [ 8.641705308470977, 47.432155310152538 ], [ 8.642040308471278, 47.432247810152475 ], [ 8.642084308471313, 47.432258210152462 ], [ 8.642125108471348, 47.432264010152451 ], [ 8.642170108471397, 47.432266110152455 ], [ 8.642217608471439, 47.432262710152422 ], [ 8.642266308471489, 47.432255710152432 ], [ 8.642306008471529, 47.432244010152402 ], [ 8.642339608471563, 47.432228510152349 ], [ 8.642367808471601, 47.43221011015234 ], [ 8.642393008471631, 47.432190110152334 ], [ 8.642422408471667, 47.432162110152319 ], [ 8.64245330847171, 47.432126810152326 ], [ 8.642647908471972, 47.431896910152147 ], [ 8.642656508471976, 47.431886710152163 ], [ 8.642894208472303, 47.431605510152011 ], [ 8.64290590847232, 47.431592410152007 ], [ 8.642968908472394, 47.431521710151941 ], [ 8.643122708472593, 47.431360110151864 ], [ 8.643134008472607, 47.431349510151911 ], [ 8.643268608472781, 47.431223710151798 ], [ 8.643365408472897, 47.431136610151711 ] ] } },
{ "type": "Feature", "properties": { "name": "MV_504_0_line_55" }, "geometry": { "type": "LineString", "coordinates": [ [ 8.618472808453495, 47.416728410154505 ], [ 8.619109408454261, 47.416234910154138 ] ] } },
{ "type": "Feature", "properties": { "name": "MV_504_0_line_56" }, "geometry": { "type": "LineString", "coordinates": [ [ 8.619109408454261, 47.416234910154138 ], [ 8.619925408455257, 47.415563810153706 ], [ 8.619964308455293, 47.415587010153672 ], [ 8.620112508455472, 47.41546921015366 ], [ 8.620157008455516, 47.415448410153616 ], [ 8.620199508455562, 47.415439610153626 ], [ 8.6202352084556, 47.4154367101536 ], [ 8.620263008455623, 47.415439410153603 ], [ 8.620279208455642, 47.415444110153587 ], [ 8.620327808455675, 47.415473310153587 ], [ 8.620403608455764, 47.41543001015355 ], [ 8.620655908455941, 47.415637610153524 ], [ 8.621124108456275, 47.416022810153521 ], [ 8.621411708456494, 47.416175210153462 ], [ 8.621491508456558, 47.416229210153489 ], [ 8.621565008456646, 47.416175710153411 ], [ 8.6216470084567, 47.416244010153434 ], [ 8.621725708456747, 47.416359710153436 ], [ 8.621879708456854, 47.41648101015344 ], [ 8.621986108456928, 47.416570810153431 ], [ 8.622229508457083, 47.416814010153452 ], [ 8.622295108457132, 47.416868810153431 ], [ 8.622628508457364, 47.417140210153406 ], [ 8.622749708457459, 47.417218410153403 ], [ 8.62295190845761, 47.417358510153406 ], [ 8.623027208457664, 47.417416810153433 ] ] } },
{ "type": "Feature", "properties": { "name": "MV_504_0_line_57" }, "geometry": { "type": "LineString", "coordinates": [ [ 8.623027208457664, 47.417416810153433 ], [ 8.623151708457756, 47.417513210153395 ], [ 8.623345524400477, 47.417660591561408 ] ] } },
{ "type": "Feature", "properties": { "name": "MV_504_0_line_58" }, "geometry": { "type": "LineString", "coordinates": [ [ 8.623526108458027, 47.417797910153354 ], [ 8.623345524400477, 47.417660591561408 ] ] } },
{ "type": "Feature", "properties": { "name": "MV_504_0_line_59" }, "geometry": { "type": "LineString", "coordinates": [ [ 8.623526108458027, 47.417797910153354 ], [ 8.623565708458059, 47.417816010153345 ], [ 8.623610808458094, 47.417821110153362 ], [ 8.623716308458171, 47.417909110153339 ], [ 8.623616908458063, 47.417967110153391 ], [ 8.623527808457959, 47.41802451015343 ], [ 8.623417708457826, 47.418095610153465 ], [ 8.623496308457888, 47.418137710153481 ], [ 8.623564108457957, 47.418132710153465 ], [ 8.623612908457993, 47.418164010153454 ], [ 8.623668308458056, 47.418133810153428 ], [ 8.623761808458164, 47.41808291015338 ], [ 8.623845308458252, 47.418037410153332 ], [ 8.623903608458276, 47.418138010153349 ], [ 8.624198208458635, 47.417921110153216 ], [ 8.624531408459038, 47.41765311015304 ], [ 8.624598008459131, 47.417562210153008 ], [ 8.624779508459387, 47.417314210152853 ], [ 8.624899808459521, 47.417236110152807 ], [ 8.625453008460042, 47.417277210152641 ], [ 8.625461508460074, 47.417206210152607 ], [ 8.6254691084601, 47.417159510152601 ], [ 8.625491108460116, 47.417161610152597 ], [ 8.625597908460213, 47.4171892101526 ], [ 8.625639708460266, 47.417140210152517 ], [ 8.625730008460362, 47.417102410152509 ] ] } },
{ "type": "Feature", "properties": { "name": "MV_504_0_line_60" }, "geometry": { "type": "LineString", "coordinates": [ [ 8.623526108458027, 47.417797910153354 ], [ 8.623565708458059, 47.417816010153345 ], [ 8.623610808458094, 47.417821110153362 ], [ 8.623716308458171, 47.417909110153339 ], [ 8.623616908458063, 47.417967110153391 ], [ 8.623527808457959, 47.41802451015343 ], [ 8.623417708457826, 47.418095610153465 ], [ 8.623169208457524, 47.418298410153625 ], [ 8.623013608457333, 47.418425410153716 ], [ 8.622944808457278, 47.418390310153733 ], [ 8.622804308457152, 47.418374210153779 ], [ 8.622656108456964, 47.418495710153849 ], [ 8.622705608456988, 47.418588610153883 ], [ 8.62256780845682, 47.418698810153927 ], [ 8.622285608456474, 47.418935810154061 ], [ 8.621932108456122, 47.41896031015424 ], [ 8.621966008456079, 47.419200510154269 ], [ 8.622033608456128, 47.419243510154274 ], [ 8.621804308455852, 47.419434610154418 ], [ 8.621569308455561, 47.419640210154526 ], [ 8.621346808455282, 47.419834910154641 ], [ 8.621377808455174, 47.420267510154773 ], [ 8.621396208455124, 47.420481910154876 ], [ 8.621405108455091, 47.420629610154883 ], [ 8.621413908455068, 47.420727010154906 ], [ 8.621675808455334, 47.420675710154811 ], [ 8.622399508456038, 47.420642310154591 ], [ 8.622500708456142, 47.42063391015455 ], [ 8.622689008456327, 47.420626710154536 ], [ 8.622732708456372, 47.420623810154453 ], [ 8.623382408457006, 47.420595010154265 ], [ 8.624023008457634, 47.420566710154084 ] ] } },
{ "type": "Feature", "properties": { "name": "MV_504_0_line_61" }, "geometry": { "type": "LineString", "coordinates": [ [ 8.623526108458027, 47.417797910153354 ], [ 8.623565708458059, 47.417816010153345 ], [ 8.623610808458094, 47.417821110153362 ], [ 8.623716308458171, 47.417909110153339 ], [ 8.623616908458063, 47.417967110153391 ], [ 8.623527808457959, 47.41802451015343 ], [ 8.623417708457826, 47.418095610153465 ], [ 8.623496308457888, 47.418137710153481 ], [ 8.623564108457957, 47.418132710153465 ], [ 8.623612908457993, 47.418164010153454 ], [ 8.623852708458166, 47.418351410153448 ], [ 8.623824708458132, 47.418376210153447 ], [ 8.62384640845808, 47.418600710153548 ], [ 8.623875108458009, 47.418920010153627 ], [ 8.623894008457956, 47.419130710153659 ], [ 8.624059908458124, 47.419127410153642 ], [ 8.624289508458338, 47.419122910153554 ], [ 8.624335208458392, 47.419122010153565 ], [ 8.624537108458574, 47.419149510153524 ], [ 8.624710008458763, 47.419083810153438 ], [ 8.624812808458834, 47.419160310153437 ], [ 8.624778308458783, 47.419217310153464 ], [ 8.624786108458768, 47.419286310153453 ], [ 8.624802508458737, 47.419430710153506 ], [ 8.624811308458717, 47.419507910153506 ], [ 8.624328908458249, 47.419526610153689 ], [ 8.62433730845823, 47.419613310153736 ], [ 8.624351208458197, 47.419755510153713 ] ] } },
{ "type": "Feature", "properties": { "name": "MV_504_0_line_62" }, "geometry": { "type": "LineString", "coordinates": [ [ 8.611220608444338, 47.423597710158774 ], [ 8.611197308444305, 47.423640010158778 ], [ 8.611039308444132, 47.42371651015884 ] ] } },
{ "type": "Feature", "properties": { "name": "MV_504_0_line_63" }, "geometry": { "type": "LineString", "coordinates": [ [ 8.611039308444132, 47.42371651015884 ], [ 8.611080308444137, 47.423808310158883 ], [ 8.611079508444112, 47.423905810158921 ], [ 8.610996208443968, 47.424098510159027 ], [ 8.610812008443652, 47.424524610159231 ], [ 8.611264408444065, 47.424609710159082 ], [ 8.611780308444539, 47.424701310158959 ], [ 8.611875908444675, 47.424550610158903 ], [ 8.612055108444826, 47.424605010158871 ], [ 8.612187808444933, 47.424676310158887 ], [ 8.612281708444989, 47.424788610158878 ], [ 8.612327408445019, 47.424839410158853 ], [ 8.612407008445061, 47.424933010158874 ], [ 8.612426708445074, 47.424958710158847 ], [ 8.612263008444899, 47.425019110158956 ], [ 8.612324608444938, 47.425086210158959 ], [ 8.612403808444981, 47.425190710158958 ], [ 8.612350208444889, 47.425308710159001 ], [ 8.612438208444946, 47.425406910158962 ], [ 8.612522508444995, 47.42551021015904 ], [ 8.612537008444979, 47.425610310159044 ], [ 8.612830808445267, 47.425597810158941 ], [ 8.612994608445417, 47.425608310158893 ], [ 8.61300230844539, 47.425716610158965 ], [ 8.613092808445478, 47.425712510158938 ], [ 8.613857908446226, 47.425691010158651 ], [ 8.613851108446319, 47.425375410158594 ], [ 8.614283308446739, 47.425360210158473 ], [ 8.614342408446698, 47.425662310158557 ] ] } },
{ "type": "Feature", "properties": { "name": "MV_504_0_line_64" }, "geometry": { "type": "LineString", "coordinates": [ [ 8.614342408446698, 47.425662310158557 ], [ 8.615505608447787, 47.42576601015822 ] ] } },
{ "type": "Feature", "properties": { "name": "MV_504_0_line_65" }, "geometry": { "type": "LineString", "coordinates": [ [ 8.615790808447993, 47.425982110158188 ], [ 8.615505608447787, 47.42576601015822 ] ] } },
{ "type": "Feature", "properties": { "name": "MV_504_0_line_66" }, "geometry": { "type": "LineString", "coordinates": [ [ 8.615790808447993, 47.425982110158188 ], [ 8.615781608447966, 47.426034010158212 ], [ 8.615767608447927, 47.426112710158243 ], [ 8.615783308447895, 47.426287110158334 ], [ 8.615823608447863, 47.426496010158353 ], [ 8.615872508447849, 47.426712210158357 ], [ 8.615895708447855, 47.426741610158423 ], [ 8.616340108448322, 47.426623910158234 ], [ 8.616418308448409, 47.426575110158197 ], [ 8.616505308448485, 47.426614610158204 ], [ 8.616686608448633, 47.426696810158191 ], [ 8.616776308448582, 47.427131510158276 ], [ 8.616784408448572, 47.427177510158295 ], [ 8.616831108448539, 47.427441410158345 ], [ 8.616926408448602, 47.427531910158386 ], [ 8.616811208448452, 47.427655310158421 ], [ 8.616771008448358, 47.427814610158507 ], [ 8.616728108448264, 47.427984610158518 ], [ 8.616651408448124, 47.428191910158617 ], [ 8.616775208448233, 47.42824061015866 ], [ 8.616999408448397, 47.428411310158637 ] ] } },
{ "type": "Feature", "properties": { "name": "MV_504_0_line_67" }, "geometry": { "type": "LineString", "coordinates": [ [ 8.617102008448358, 47.428831210158698 ], [ 8.6170687084484, 47.428598310158613 ], [ 8.616999408448397, 47.428411310158637 ] ] } },
{ "type": "Feature", "properties": { "name": "MV_504_0_line_68" }, "geometry": { "type": "LineString", "coordinates": [ [ 8.616999408448397, 47.428411310158637 ], [ 8.616775208448233, 47.42824061015866 ], [ 8.616651408448124, 47.428191910158617 ], [ 8.616728108448264, 47.427984610158518 ], [ 8.616771008448358, 47.427814610158507 ], [ 8.616811208448452, 47.427655310158421 ], [ 8.616926408448602, 47.427531910158386 ], [ 8.617248208448938, 47.427435810158237 ], [ 8.617553908449263, 47.427353410158119 ], [ 8.617580108449268, 47.427399710158106 ], [ 8.618272808449996, 47.427215010157887 ], [ 8.618381608450111, 47.427186810157821 ], [ 8.618556308450291, 47.427141410157773 ], [ 8.618667108450408, 47.427113510157724 ], [ 8.618646308450399, 47.427073610157677 ], [ 8.618765508450522, 47.42704561015767 ], [ 8.61881160845056, 47.4270749101577 ], [ 8.618871008450615, 47.427089510157629 ], [ 8.618934108450679, 47.427087210157644 ], [ 8.618992908450739, 47.427067110157616 ], [ 8.619034408450791, 47.427032510157588 ], [ 8.619051408450819, 47.426989410157574 ], [ 8.619040808450823, 47.426945410157579 ], [ 8.619154408450937, 47.426915610157494 ], [ 8.619184208450951, 47.426964610157519 ], [ 8.619971908451786, 47.426727510157221 ] ] } },
{ "type": "Feature", "properties": { "name": "MV_504_0_line_69" }, "geometry": { "type": "LineString", "coordinates": [ [ 8.619949308451785, 47.426673610157181 ], [ 8.619971908451786, 47.426727510157221 ] ] } },
{ "type": "Feature", "properties": { "name": "MV_504_0_line_70" }, "geometry": { "type": "LineString", "coordinates": [ [ 8.613081408447469, 47.419355210156944 ], [ 8.613092308447476, 47.419374510156949 ], [ 8.61309110844746, 47.419418010156939 ], [ 8.613032791118615, 47.4194775036352 ] ] } },
{ "type": "Feature", "properties": { "name": "MV_504_0_line_71" }, "geometry": { "type": "LineString", "coordinates": [ [ 8.613081408447469, 47.419355210156944 ], [ 8.613162708447565, 47.419315010156893 ], [ 8.613229308447645, 47.419256510156842 ], [ 8.613440808447905, 47.419070710156724 ], [ 8.613661708448079, 47.419197810156682 ], [ 8.613716008448147, 47.419154010156682 ], [ 8.613686108448158, 47.419029710156636 ], [ 8.613795808448286, 47.41894361015656 ], [ 8.613707408448226, 47.41889131015661 ], [ 8.613680808448258, 47.418680410156504 ], [ 8.613932908448566, 47.418484310156408 ], [ 8.614166908448754, 47.418612610156359 ], [ 8.614431508449075, 47.41840181015619 ], [ 8.614517808449143, 47.418449810156211 ], [ 8.614619808449211, 47.418528210156218 ], [ 8.614872808449395, 47.418722810156183 ], [ 8.614895508449409, 47.418740210156194 ], [ 8.615201608449624, 47.419001010156215 ] ] } },
{ "type": "Feature", "properties": { "name": "MV_504_0_line_72" }, "geometry": { "type": "LineString", "coordinates": [ [ 8.619949308451785, 47.426673610157181 ], [ 8.620112808451951, 47.426627310157144 ] ] } },
{ "type": "Feature", "properties": { "name": "MV_504_0_line_73" }, "geometry": { "type": "LineString", "coordinates": [ [ 8.620112808451951, 47.426627310157144 ], [ 8.62056040845243, 47.426500710156958 ], [ 8.620792408452663, 47.426457310156891 ], [ 8.621036208452905, 47.426436510156826 ], [ 8.621190808453052, 47.426448910156807 ] ] } },
{ "type": "Feature", "properties": { "name": "MV_504_0_line_74" }, "geometry": { "type": "LineString", "coordinates": [ [ 8.620112808451951, 47.426627310157144 ], [ 8.619599708451743, 47.425734510157014 ] ] } },
{ "type": "Feature", "properties": { "name": "MV_504_0_line_75" }, "geometry": { "type": "LineString", "coordinates": [ [ 8.621190808453052, 47.426448910156807 ], [ 8.621171108452995, 47.426555510156795 ], [ 8.621141108452925, 47.426688110156853 ], [ 8.621166508452925, 47.426764510156872 ], [ 8.621309508453047, 47.426823810156847 ] ] } },
{ "type": "Feature", "properties": { "name": "MV_504_0_line_76" }, "geometry": { "type": "LineString", "coordinates": [ [ 8.621190808453052, 47.426448910156807 ], [ 8.621762660408866, 47.426488747041823 ] ] } },
{ "type": "Feature", "properties": { "name": "MV_504_0_line_77" }, "geometry": { "type": "LineString", "coordinates": [ [ 8.621084508453022, 47.426212610156703 ], [ 8.621036208452905, 47.426436510156826 ], [ 8.621190808453052, 47.426448910156807 ] ] } },
{ "type": "Feature", "properties": { "name": "MV_504_0_line_78" }, "geometry": { "type": "LineString", "coordinates": [ [ 8.619599708451743, 47.425734510157014 ], [ 8.619999108452141, 47.425684810156859 ], [ 8.62022800845239, 47.425603610156777 ], [ 8.620397408452606, 47.425442110156702 ], [ 8.620518208452806, 47.42517281015656 ] ] } },
{ "type": "Feature", "properties": { "name": "MV_504_0_line_79" }, "geometry": { "type": "LineString", "coordinates": [ [ 8.617536008450992, 47.421807510156405 ], [ 8.618441208451339, 47.423462610156648 ] ] } },
{ "type": "Feature", "properties": { "name": "MV_504_0_line_80" }, "geometry": { "type": "LineString", "coordinates": [ [ 8.618441208451339, 47.423462610156648 ], [ 8.619456308451767, 47.425227210156898 ] ] } },
{ "type": "Feature", "properties": { "name": "MV_504_0_line_81" }, "geometry": { "type": "LineString", "coordinates": [ [ 8.617704408451223, 47.421581110156261 ], [ 8.617536008450992, 47.421807510156405 ] ] } },
{ "type": "Feature", "properties": { "name": "MV_504_0_line_82" }, "geometry": { "type": "LineString", "coordinates": [ [ 8.620518208452806, 47.42517281015656 ], [ 8.620189008452503, 47.425107810156625 ], [ 8.619456308451767, 47.425227210156898 ] ] } },
{ "type": "Feature", "properties": { "name": "MV_504_0_line_83" }, "geometry": { "type": "LineString", "coordinates": [ [ 8.621084508453022, 47.426212610156703 ], [ 8.621108608453042, 47.426215910156706 ], [ 8.621226408453149, 47.426232310156685 ], [ 8.62125370845318, 47.426236110156673 ] ] } },
{ "type": "Feature", "properties": { "name": "MV_504_0_line_84" }, "geometry": { "type": "LineString", "coordinates": [ [ 8.617704408451223, 47.421581110156261 ], [ 8.618024808451413, 47.421975010156316 ], [ 8.617622208450973, 47.42212241015644 ], [ 8.617798208451074, 47.422343510156473 ], [ 8.617773608451046, 47.422352610156445 ], [ 8.617928308451141, 47.422547510156505 ], [ 8.618343508451593, 47.422366710156297 ], [ 8.618583808451852, 47.422263510156199 ], [ 8.618667108451953, 47.422209710156189 ], [ 8.618804108452114, 47.422121210156128 ], [ 8.618865808452167, 47.422137710156093 ], [ 8.618953708452286, 47.422038610156086 ], [ 8.619020208452337, 47.422060610156038 ], [ 8.619105008452454, 47.421955010155976 ], [ 8.619323908452746, 47.421697410155872 ], [ 8.61937310845283, 47.42160031015581 ], [ 8.619395008452864, 47.421553810155764 ], [ 8.619441608452941, 47.421439210155725 ], [ 8.619658208453135, 47.42148741015567 ], [ 8.619802808453262, 47.421524310155611 ] ] } },
{ "type": "Feature", "properties": { "name": "MV_504_0_line_85" }, "geometry": { "type": "LineString", "coordinates": [ [ 8.615675108449906, 47.419560710156198 ], [ 8.616079408450142, 47.420037910156253 ], [ 8.616162108450192, 47.420143810156262 ], [ 8.616174608450201, 47.420159810156257 ], [ 8.616470608450362, 47.420538810156302 ], [ 8.617215308451172, 47.420259610155995 ], [ 8.617419208451292, 47.420499210156024 ], [ 8.617431508451299, 47.420513610155993 ], [ 8.617502608451376, 47.420487810155976 ], [ 8.617550908451426, 47.420469310155958 ], [ 8.617553208451426, 47.420468410155976 ], [ 8.61760580845149, 47.420448310155926 ], [ 8.617608608451489, 47.420447210155906 ], [ 8.617714408451606, 47.420406710155881 ], [ 8.61772580845161, 47.420416610155911 ], [ 8.617906708451814, 47.420347710155824 ], [ 8.617994508451901, 47.420314210155794 ], [ 8.618020508451913, 47.420347210155811 ], [ 8.618175308452082, 47.42029361015571 ], [ 8.618422408452352, 47.420208110155606 ], [ 8.618413408452287, 47.420369910155692 ], [ 8.618456608452329, 47.42037181015565 ], [ 8.618491808452367, 47.42037241015565 ], [ 8.618569908452468, 47.420289810155616 ], [ 8.618624608452524, 47.420274210155597 ], [ 8.618658008452551, 47.420287710155591 ], [ 8.618730408452597, 47.420359810155567 ], [ 8.618837008452692, 47.420385710155536 ], [ 8.618984508452762, 47.420628110155597 ], [ 8.619056708452815, 47.420671510155579 ], [ 8.619106308452842, 47.420735510155595 ], [ 8.61922620845292, 47.4208509101556 ], [ 8.619230908452913, 47.420884410155615 ], [ 8.619257908452942, 47.420883810155594 ], [ 8.619319608453001, 47.420882610155545 ], [ 8.619341408453023, 47.420882210155568 ], [ 8.619412508453092, 47.420875310155566 ], [ 8.619452608453093, 47.421013910155573 ], [ 8.619457708453087, 47.421037310155612 ], [ 8.619464008453077, 47.421065910155555 ], [ 8.619478808453048, 47.421224710155627 ], [ 8.619470908453012, 47.421308610155691 ], [ 8.619468408453001, 47.42133461015564 ], [ 8.619441608452941, 47.421439210155725 ], [ 8.619658208453135, 47.42148741015567 ], [ 8.619802808453262, 47.421524310155611 ] ] } },
{ "type": "Feature", "properties": { "name": "MV_504_0_line_86" }, "geometry": { "type": "LineString", "coordinates": [ [ 8.619726908453696, 47.419923610155124 ], [ 8.61969730845364, 47.420006610155177 ], [ 8.619739808453648, 47.420103910155206 ], [ 8.619723308453624, 47.42013551015522 ], [ 8.619704208453603, 47.420143610155229 ], [ 8.619647508453541, 47.420161710155234 ], [ 8.619528508453415, 47.420192310155301 ], [ 8.61935710845324, 47.420236310155339 ], [ 8.619298408453181, 47.420251410155373 ], [ 8.619209108453083, 47.420274310155428 ], [ 8.619154108453031, 47.420288410155436 ], [ 8.61918950845304, 47.420347910155485 ], [ 8.619276008453085, 47.420482810155455 ], [ 8.619326108453123, 47.420513810155484 ], [ 8.61936710845314, 47.420586110155462 ], [ 8.619469508453179, 47.420767110155488 ], [ 8.619486508453168, 47.420859510155488 ], [ 8.619412508453092, 47.420875310155566 ], [ 8.619452608453093, 47.421013910155573 ], [ 8.619457708453087, 47.421037310155612 ], [ 8.619464008453077, 47.421065910155555 ], [ 8.619478808453048, 47.421224710155627 ], [ 8.619470908453012, 47.421308610155691 ], [ 8.619468408453001, 47.42133461015564 ], [ 8.619441608452941, 47.421439210155725 ], [ 8.619658208453135, 47.42148741015567 ], [ 8.619802808453262, 47.421524310155611 ] ] } },
{ "type": "Feature", "properties": { "name": "MV_504_0_line_87" }, "geometry": { "type": "LineString", "coordinates": [ [ 8.619802808453262, 47.421524310155611 ], [ 8.619658208453135, 47.42148741015567 ], [ 8.619692308453184, 47.421428010155665 ], [ 8.619732308453221, 47.421439510155615 ], [ 8.619756108453254, 47.421403410155598 ], [ 8.61985500845338, 47.421307110155574 ], [ 8.619882208453417, 47.421271810155524 ], [ 8.619907408453445, 47.421265010155516 ], [ 8.620095508453643, 47.42121481015544 ], [ 8.620197308453751, 47.421188010155426 ], [ 8.620259708453816, 47.421172110155396 ], [ 8.620325008453843, 47.421281610155404 ], [ 8.620395308453874, 47.421390410155396 ], [ 8.620463908453909, 47.421509910155415 ], [ 8.620538008453941, 47.42163251015544 ], [ 8.620577808453969, 47.421643410155447 ], [ 8.620597608453984, 47.421673510155451 ], [ 8.620687108454028, 47.421803510155485 ], [ 8.621368708454826, 47.421346810155121 ], [ 8.621335008454858, 47.421151910155061 ], [ 8.621458808455001, 47.421070010154978 ], [ 8.621413908455068, 47.420727010154906 ], [ 8.621675808455334, 47.420675710154811 ], [ 8.622399508456038, 47.420642310154591 ], [ 8.622500708456142, 47.42063391015455 ], [ 8.622689008456327, 47.420626710154536 ], [ 8.622732708456372, 47.420623810154453 ], [ 8.623382408457006, 47.420595010154265 ], [ 8.624023008457634, 47.420566710154084 ] ] } },
{ "type": "Feature", "properties": { "name": "MV_504_0_line_88" }, "geometry": { "type": "LineString", "coordinates": [ [ 8.619802808453262, 47.421524310155611 ], [ 8.619750708453179, 47.421652710155719 ], [ 8.619750608453161, 47.421688510155711 ], [ 8.619767908453168, 47.421717110155718 ], [ 8.619882193455409, 47.42189994095181 ] ] } },
{ "type": "Feature", "properties": { "name": "MV_504_0_line_89" }, "geometry": { "type": "LineString", "coordinates": [ [ 8.615417408449758, 47.419247910156194 ], [ 8.615675108449906, 47.419560710156198 ] ] } },
{ "type": "Feature", "properties": { "name": "MV_504_0_line_90" }, "geometry": { "type": "LineString", "coordinates": [ [ 8.620270208454308, 47.419640910154932 ], [ 8.620053808454081, 47.419696710154973 ], [ 8.619927208453937, 47.419760310155027 ], [ 8.619868608453867, 47.41982141015508 ], [ 8.61978330845376, 47.419901710155109 ], [ 8.619726908453696, 47.419923610155124 ] ] } },
{ "type": "Feature", "properties": { "name": "MV_504_0_line_91" }, "geometry": { "type": "LineString", "coordinates": [ [ 8.624023008457634, 47.420566710154084 ], [ 8.624098380995758, 47.420563531905287 ] ] } },
{ "type": "Feature", "properties": { "name": "MV_504_0_line_92" }, "geometry": { "type": "LineString", "coordinates": [ [ 8.615201608449624, 47.419001010156215 ], [ 8.615417408449758, 47.419247910156194 ] ] } },
{ "type": "Feature", "properties": { "name": "MV_504_0_line_93" }, "geometry": { "type": "LineString", "coordinates": [ [ 8.625730008460362, 47.417102410152509 ], [ 8.625744408460406, 47.417023610152491 ] ] } },
{ "type": "Feature", "properties": { "name": "MV_504_0_line_94" }, "geometry": { "type": "LineString", "coordinates": [ [ 8.624931508459783, 47.416524710152551 ], [ 8.624977908459815, 47.416548210152548 ], [ 8.624763708459506, 47.416881410152754 ], [ 8.624673108459371, 47.417022510152805 ], [ 8.624651508459339, 47.417057010152817 ], [ 8.624639708459322, 47.417075810152831 ], [ 8.624661808459324, 47.417141310152815 ], [ 8.624670908459322, 47.417169210152828 ], [ 8.624702408459349, 47.417192610152817 ], [ 8.624744108459382, 47.417220610152853 ], [ 8.624787508459422, 47.417226810152819 ], [ 8.624899808459521, 47.417236110152807 ], [ 8.625453008460042, 47.417277210152641 ], [ 8.625461508460074, 47.417206210152607 ], [ 8.6254691084601, 47.417159510152601 ], [ 8.625491108460116, 47.417161610152597 ], [ 8.625597908460213, 47.4171892101526 ], [ 8.625639708460266, 47.417140210152517 ], [ 8.625730008460362, 47.417102410152509 ] ] } },
{ "type": "Feature", "properties": { "name": "MV_504_0_line_95" }, "geometry": { "type": "LineString", "coordinates": [ [ 8.625731508459719, 47.419154910153175 ], [ 8.625855208459887, 47.419002210153074 ], [ 8.62611720846024, 47.418679010152886 ], [ 8.626184708460327, 47.41860811015286 ], [ 8.62634490846054, 47.418439810152762 ], [ 8.626305108460508, 47.418418310152745 ], [ 8.626131708460379, 47.418271010152758 ], [ 8.626061108460334, 47.418210110152749 ], [ 8.62604380846032, 47.418208310152743 ], [ 8.626048108460328, 47.418187410152747 ], [ 8.625940808460227, 47.418179210152793 ], [ 8.625917508460207, 47.418173310152795 ], [ 8.625736908460084, 47.418015910152739 ], [ 8.625522508459936, 47.417834010152824 ], [ 8.625452808459869, 47.417828110152804 ], [ 8.625488508459968, 47.41763611015277 ], [ 8.625534108460085, 47.417391110152664 ], [ 8.625558508460143, 47.417285010152561 ], [ 8.625453008460042, 47.417277210152641 ], [ 8.625461508460074, 47.417206210152607 ], [ 8.6254691084601, 47.417159510152601 ], [ 8.625491108460116, 47.417161610152597 ], [ 8.625597908460213, 47.4171892101526 ], [ 8.625639708460266, 47.417140210152517 ], [ 8.625730008460362, 47.417102410152509 ] ] } },
{ "type": "Feature", "properties": { "name": "MV_504_0_line_96" }, "geometry": { "type": "LineString", "coordinates": [ [ 8.624351208458197, 47.419755510153713 ], [ 8.624650630169619, 47.41974128155303 ] ] } },
{ "type": "Feature", "properties": { "name": "MV_504_0_line_97" }, "geometry": { "type": "LineString", "coordinates": [ [ 8.624931508459783, 47.416524710152551 ], [ 8.624977908459815, 47.416548210152548 ], [ 8.6252420084602, 47.416137210152336 ], [ 8.625352108460341, 47.416035510152241 ], [ 8.625379408460374, 47.415995310152276 ] ] } },
{ "type": "Feature", "properties": { "name": "MV_504_0_line_98" }, "geometry": { "type": "LineString", "coordinates": [ [ 8.625379408460374, 47.415995310152276 ], [ 8.625151308460197, 47.415875110152278 ], [ 8.624658854039092, 47.415616371020668 ] ] } },
{ "type": "Feature", "properties": { "name": "MV_504_0_line_99" }, "geometry": { "type": "LineString", "coordinates": [ [ 8.624931508459783, 47.416524710152551 ], [ 8.624566353284854, 47.41633981233889 ] ] } },
{ "type": "Feature", "properties": { "name": "MV_504_0_line_100" }, "geometry": { "type": "LineString", "coordinates": [ [ 8.623412608458239, 47.416765510153077 ], [ 8.623457908458274, 47.416801810153068 ], [ 8.623732208458469, 47.41702151015307 ], [ 8.623869208458567, 47.417131210153059 ], [ 8.623906908458608, 47.417108010153022 ], [ 8.623921108458628, 47.41709911015306 ], [ 8.623997808458721, 47.417031010152975 ], [ 8.624138308458896, 47.416906410152897 ], [ 8.624168108458916, 47.416942610152944 ], [ 8.624435108459124, 47.417073510152875 ], [ 8.624443508459125, 47.417099310152871 ], [ 8.624522608459241, 47.416984410152793 ], [ 8.624535508459262, 47.416971310152803 ], [ 8.624546908459262, 47.416977010152813 ], [ 8.624613208459325, 47.417004210152804 ], [ 8.624626408459331, 47.417008310152816 ], [ 8.624673108459371, 47.417022510152805 ], [ 8.624763708459506, 47.416881410152754 ], [ 8.624977908459815, 47.416548210152548 ], [ 8.624931508459783, 47.416524710152551 ] ] } },
{ "type": "Feature", "properties": { "name": "MV_504_0_line_101" }, "geometry": { "type": "LineString", "coordinates": [ [ 8.624140243190244, 47.415343884099102 ], [ 8.624658854039092, 47.415616371020668 ] ] } },
{ "type": "Feature", "properties": { "name": "MV_504_0_line_102" }, "geometry": { "type": "LineString", "coordinates": [ [ 8.623412608458239, 47.416765510153077 ], [ 8.623095708458017, 47.416514710153088 ] ] } },
{ "type": "Feature", "properties": { "name": "MV_504_0_line_103" }, "geometry": { "type": "LineString", "coordinates": [ [ 8.625731508459719, 47.419154910153175 ], [ 8.625855208459887, 47.419002210153074 ], [ 8.625970108459988, 47.419037010153076 ], [ 8.626017108460028, 47.419051210153043 ], [ 8.626081408460111, 47.418977010152979 ], [ 8.626421208460405, 47.419102310152944 ], [ 8.626620708460637, 47.418958910152831 ], [ 8.626699208460737, 47.418893310152797 ] ] } },
{ "type": "Feature", "properties": { "name": "MV_504_0_line_104" }, "geometry": { "type": "LineString", "coordinates": [ [ 8.625586408459526, 47.419322910153234 ], [ 8.625731508459719, 47.419154910153175 ] ] } },
{ "type": "Feature", "properties": { "name": "MV_504_0_line_105" }, "geometry": { "type": "LineString", "coordinates": [ [ 8.626699208460737, 47.418893310152797 ], [ 8.626871208460942, 47.418749310152684 ], [ 8.626974229622421, 47.418625134496949 ] ] } },
{ "type": "Feature", "properties": { "name": "MV_504_0_line_106" }, "geometry": { "type": "LineString", "coordinates": [ [ 8.62346160845885, 47.414987310152497 ], [ 8.624140243190244, 47.415343884099102 ] ] } },
{ "type": "Feature", "properties": { "name": "MV_504_0_line_107" }, "geometry": { "type": "LineString", "coordinates": [ [ 8.630373608464705, 47.417521210151271 ], [ 8.630434308464778, 47.417468110151241 ], [ 8.63059084867151, 47.417298161961696 ] ] } },
{ "type": "Feature", "properties": { "name": "MV_504_0_line_108" }, "geometry": { "type": "LineString", "coordinates": [ [ 8.630846408465317, 47.417020710151007 ], [ 8.63059084867151, 47.417298161961696 ] ] } },
{ "type": "Feature", "properties": { "name": "MV_504_0_line_109" }, "geometry": { "type": "LineString", "coordinates": [ [ 8.630373608464705, 47.417521210151271 ], [ 8.630117308464511, 47.41736221015131 ], [ 8.630025108464501, 47.41710691015124 ] ] } },
{ "type": "Feature", "properties": { "name": "MV_504_0_line_110" }, "geometry": { "type": "LineString", "coordinates": [ [ 8.630889608465457, 47.416704210150819 ], [ 8.630879208465437, 47.416728710150871 ], [ 8.630875408465432, 47.416747910150889 ], [ 8.63087470846542, 47.416778310150875 ], [ 8.630884108465416, 47.416820410150898 ], [ 8.630946408465448, 47.416912110150889 ], [ 8.630846408465317, 47.417020710151007 ] ] } },
{ "type": "Feature", "properties": { "name": "MV_504_0_line_111" }, "geometry": { "type": "LineString", "coordinates": [ [ 8.630889608465457, 47.416704210150819 ], [ 8.63053530560601, 47.416406269715473 ] ] } },
{ "type": "Feature", "properties": { "name": "MV_504_0_line_112" }, "geometry": { "type": "LineString", "coordinates": [ [ 8.627868695124663, 47.422152196215983 ], [ 8.627874008460838, 47.422149710153427 ], [ 8.627988325605807, 47.422238830738884 ] ] } },
{ "type": "Feature", "properties": { "name": "MV_504_0_line_113" }, "geometry": { "type": "LineString", "coordinates": [ [ 8.628174808461058, 47.422384210153439 ], [ 8.627988325605807, 47.422238830738884 ] ] } },
{ "type": "Feature", "properties": { "name": "MV_504_0_line_114" }, "geometry": { "type": "LineString", "coordinates": [ [ 8.627877808461026, 47.421565910153291 ], [ 8.627615608460722, 47.421718010153398 ] ] } },
{ "type": "Feature", "properties": { "name": "MV_504_0_line_115" }, "geometry": { "type": "LineString", "coordinates": [ [ 8.621568608457096, 47.414756010153006 ], [ 8.621648608457045, 47.415160510153086 ], [ 8.621689327385265, 47.415278464059853 ] ] } },
{ "type": "Feature", "properties": { "name": "MV_504_0_line_116" }, "geometry": { "type": "LineString", "coordinates": [ [ 8.621568608457096, 47.414756010153006 ], [ 8.621633608457156, 47.414752510152972 ], [ 8.621689708457213, 47.414754910152958 ], [ 8.621684208457225, 47.414714310152952 ], [ 8.62166110845733, 47.41428981015283 ], [ 8.621666708457349, 47.414267110152821 ], [ 8.62167690845736, 47.414251210152798 ], [ 8.621692108457379, 47.414236610152756 ], [ 8.6217121084574, 47.414225010152776 ], [ 8.621735808457428, 47.414217110152819 ], [ 8.62176940845746, 47.414213210152759 ], [ 8.62180310845749, 47.414216810152737 ], [ 8.621852908457534, 47.414234710152748 ] ] } },
{ "type": "Feature", "properties": { "name": "MV_504_0_line_117" }, "geometry": { "type": "LineString", "coordinates": [ [ 8.621852908457534, 47.414234710152748 ], [ 8.62188510845758, 47.414204010152737 ], [ 8.621942708457645, 47.414147810152677 ], [ 8.621877108457594, 47.414112010152692 ], [ 8.621901208457622, 47.414089610152672 ], [ 8.621849108457589, 47.414055210152711 ], [ 8.622058508457846, 47.413865610152577 ], [ 8.622200608458026, 47.413736910152487 ], [ 8.622238008458064, 47.413716110152485 ], [ 8.622314108458147, 47.413705310152395 ], [ 8.622343308458168, 47.413718210152425 ], [ 8.622804108458537, 47.413963810152374 ], [ 8.622991408458688, 47.414064110152331 ], [ 8.623190108458841, 47.414168210152283 ], [ 8.623767908459303, 47.414492310152276 ], [ 8.623854208459367, 47.414540710152274 ], [ 8.623901308459404, 47.414567110152269 ], [ 8.623639708459073, 47.414817410152409 ] ] } },
{ "type": "Feature", "properties": { "name": "MV_504_0_line_118" }, "geometry": { "type": "LineString", "coordinates": [ [ 8.621852908457534, 47.414234710152748 ], [ 8.622833108458307, 47.414758310152614 ], [ 8.623234866515494, 47.41497149760135 ] ] } },
{ "type": "Feature", "properties": { "name": "MV_504_0_line_119" }, "geometry": { "type": "LineString", "coordinates": [ [ 8.623639708459073, 47.414817410152409 ], [ 8.623510408458969, 47.414747910152407 ], [ 8.623447008458909, 47.414738110152427 ] ] } },
{ "type": "Feature", "properties": { "name": "MV_504_0_line_120" }, "geometry": { "type": "LineString", "coordinates": [ [ 8.623639708459073, 47.414817410152409 ], [ 8.62346160845885, 47.414987310152497 ] ] } },
{ "type": "Feature", "properties": { "name": "LV_200-10_1_3_line_0" }, "geometry": { "type": "LineString", "coordinates": [ [ 8.640331011813478, 47.412914378643571 ], [ 8.640144708470569, 47.41285641015029 ] ] } },
{ "type": "Feature", "properties": { "name": "LV_200-10_1_3_line_1" }, "geometry": { "type": "LineString", "coordinates": [ [ 8.640331011813478, 47.412914378643571 ], [ 8.640579042346113, 47.412991552965856 ] ] } },
{ "type": "Feature", "properties": { "name": "LV_200-10_1_3_line_2" }, "geometry": { "type": "LineString", "coordinates": [ [ 8.640736708477341, 47.41304061014727 ], [ 8.640579042346113, 47.412991552965856 ] ] } },
{ "type": "Feature", "properties": { "name": "LV_200-10_1_3_line_3" }, "geometry": { "type": "LineString", "coordinates": [ [ 8.639354151739626, 47.412727791140711 ], [ 8.639418308478607, 47.41270221014878 ], [ 8.6397473084737, 47.412571810148755 ], [ 8.639765955585043, 47.41256445891856 ] ] } },
{ "type": "Feature", "properties": { "name": "LV_200-10_1_3_line_4" }, "geometry": { "type": "LineString", "coordinates": [ [ 8.639354151739626, 47.412727791140711 ], [ 8.639200919467694, 47.412788888656912 ] ] } },
{ "type": "Feature", "properties": { "name": "LV_200-10_1_3_line_5" }, "geometry": { "type": "LineString", "coordinates": [ [ 8.640736708477341, 47.41304061014727 ], [ 8.640700808480284, 47.413104610149375 ], [ 8.640570705304125, 47.413316476082699 ] ] } },
{ "type": "Feature", "properties": { "name": "LV_200-10_1_3_line_6" }, "geometry": { "type": "LineString", "coordinates": [ [ 8.640736708477341, 47.41304061014727 ], [ 8.640960533346929, 47.413116252539446 ] ] } },
{ "type": "Feature", "properties": { "name": "LV_200-10_1_3_line_7" }, "geometry": { "type": "LineString", "coordinates": [ [ 8.638910508468477, 47.412907110150726 ], [ 8.639089008477008, 47.412833510143457 ], [ 8.639200919467694, 47.412788888656912 ] ] } },
{ "type": "Feature", "properties": { "name": "LV_200-10_1_3_line_8" }, "geometry": { "type": "LineString", "coordinates": [ [ 8.640478208473247, 47.413452210143248 ], [ 8.640522908479815, 47.413394310142699 ], [ 8.640570705304125, 47.413316476082699 ] ] } },
{ "type": "Feature", "properties": { "name": "LV_200-10_1_3_line_9" }, "geometry": { "type": "LineString", "coordinates": [ [ 8.640960533346929, 47.413116252539446 ], [ 8.641018108469954, 47.413135710150293 ], [ 8.641329908480804, 47.413264010150414 ], [ 8.64170490848157, 47.413450110143863 ], [ 8.641873590203756, 47.413483866001179 ] ] } },
{ "type": "Feature", "properties": { "name": "LV_200-10_1_3_line_10" }, "geometry": { "type": "LineString", "coordinates": [ [ 8.639133508469186, 47.413054110143491 ], [ 8.639024708471233, 47.412999810145351 ], [ 8.638910508468477, 47.412907110150726 ] ] } },
{ "type": "Feature", "properties": { "name": "LV_200-10_1_3_line_11" }, "geometry": { "type": "LineString", "coordinates": [ [ 8.640478208473247, 47.413452210143248 ], [ 8.640428808476912, 47.4135204101471 ], [ 8.640364306751399, 47.413619659235451 ] ] } },
{ "type": "Feature", "properties": { "name": "LV_200-10_1_3_line_12" }, "geometry": { "type": "LineString", "coordinates": [ [ 8.640478208473247, 47.413452210143248 ], [ 8.640073808473467, 47.413323810145535 ], [ 8.640003755388872, 47.413304899937188 ] ] } },
{ "type": "Feature", "properties": { "name": "LV_200-10_1_3_line_13" }, "geometry": { "type": "LineString", "coordinates": [ [ 8.639628060630542, 47.41320348352351 ], [ 8.639869486307123, 47.41326865504012 ] ] } },
{ "type": "Feature", "properties": { "name": "LV_200-10_1_3_line_14" }, "geometry": { "type": "LineString", "coordinates": [ [ 8.639628060630542, 47.41320348352351 ], [ 8.639495757284985, 47.413167768691252 ] ] } },
{ "type": "Feature", "properties": { "name": "LV_200-10_1_3_line_15" }, "geometry": { "type": "LineString", "coordinates": [ [ 8.640003755388872, 47.413304899937188 ], [ 8.639869486307123, 47.41326865504012 ] ] } },
{ "type": "Feature", "properties": { "name": "LV_200-10_1_3_line_16" }, "geometry": { "type": "LineString", "coordinates": [ [ 8.639133508469186, 47.413054110143491 ], [ 8.639309208473703, 47.413117410148075 ], [ 8.639495757284985, 47.413167768691252 ] ] } },
{ "type": "Feature", "properties": { "name": "LV_200-10_1_3_line_17" }, "geometry": { "type": "LineString", "coordinates": [ [ 8.639133508469186, 47.413054110143491 ], [ 8.63904060847103, 47.413142310146576 ], [ 8.638794608475703, 47.413212010147213 ] ] } },
{ "type": "Feature", "properties": { "name": "LV_200-10_1_3_line_18" }, "geometry": { "type": "LineString", "coordinates": [ [ 8.640333208477236, 47.413667510147718 ], [ 8.640364306751399, 47.413619659235451 ] ] } },
{ "type": "Feature", "properties": { "name": "LV_200-10_1_3_line_19" }, "geometry": { "type": "LineString", "coordinates": [ [ 8.640333208477236, 47.413667510147718 ], [ 8.640307008472609, 47.413707810145375 ], [ 8.640239115783633, 47.413818679026576 ] ] } },
{ "type": "Feature", "properties": { "name": "LV_200-10_1_3_line_20" }, "geometry": { "type": "LineString", "coordinates": [ [ 8.640333208477236, 47.413667510147718 ], [ 8.640483537125904, 47.413716420327482 ] ] } },
{ "type": "Feature", "properties": { "name": "LV_200-10_1_3_line_21" }, "geometry": { "type": "LineString", "coordinates": [ [ 8.640207008480679, 47.413871110147937 ], [ 8.640239115783633, 47.413818679026576 ] ] } },
{ "type": "Feature", "properties": { "name": "LV_200-10_1_3_line_22" }, "geometry": { "type": "LineString", "coordinates": [ [ 8.640721944243172, 47.413793986697669 ], [ 8.640483537125904, 47.413716420327482 ] ] } },
{ "type": "Feature", "properties": { "name": "LV_200-10_1_3_line_23" }, "geometry": { "type": "LineString", "coordinates": [ [ 8.639931708469682, 47.413907310145646 ], [ 8.640185308477198, 47.413906510145672 ], [ 8.640207008480679, 47.413871110147937 ] ] } },
{ "type": "Feature", "properties": { "name": "LV_200-10_1_3_line_24" }, "geometry": { "type": "LineString", "coordinates": [ [ 8.640207008480679, 47.413871110147937 ], [ 8.640345498572486, 47.413916133568186 ] ] } },
{ "type": "Feature", "properties": { "name": "LV_200-10_1_3_line_25" }, "geometry": { "type": "LineString", "coordinates": [ [ 8.640721944243172, 47.413793986697669 ], [ 8.641012388005542, 47.413888482354416 ] ] } },
{ "type": "Feature", "properties": { "name": "LV_200-10_1_3_line_26" }, "geometry": { "type": "LineString", "coordinates": [ [ 8.642699554713099, 47.415665049657314 ], [ 8.642699608007428, 47.415665001301655 ] ] } },
{ "type": "Feature", "properties": { "name": "LV_200-10_1_3_line_27" }, "geometry": { "type": "LineString", "coordinates": [ [ 8.642699554713099, 47.415665049657314 ], [ 8.642618103147846, 47.415738955056824 ] ] } },
{ "type": "Feature", "properties": { "name": "LV_200-10_1_3_line_28" }, "geometry": { "type": "LineString", "coordinates": [ [ 8.64289604882199, 47.415510275312691 ], [ 8.642773108479073, 47.415598310143459 ], [ 8.642699608007428, 47.415665001301655 ] ] } },
{ "type": "Feature", "properties": { "name": "LV_200-10_1_3_line_29" }, "geometry": { "type": "LineString", "coordinates": [ [ 8.642451858912894, 47.415916754878076 ], [ 8.642501108476104, 47.415845110148481 ], [ 8.642618103147846, 47.415738955056824 ] ] } },
{ "type": "Feature", "properties": { "name": "LV_200-10_1_3_line_30" }, "geometry": { "type": "LineString", "coordinates": [ [ 8.64289604882199, 47.415510275312691 ], [ 8.642949501731382, 47.415471998744621 ] ] } },
{ "type": "Feature", "properties": { "name": "LV_200-10_1_3_line_31" }, "geometry": { "type": "LineString", "coordinates": [ [ 8.642295208471587, 47.416008110143487 ], [ 8.642451408472919, 47.415917410146754 ], [ 8.642451858912894, 47.415916754878076 ] ] } },
{ "type": "Feature", "properties": { "name": "LV_200-10_1_3_line_32" }, "geometry": { "type": "LineString", "coordinates": [ [ 8.642295208471587, 47.416008110143487 ], [ 8.642424742402767, 47.416174945404443 ] ] } },
{ "type": "Feature", "properties": { "name": "LV_200-10_1_3_line_33" }, "geometry": { "type": "LineString", "coordinates": [ [ 8.642295208471587, 47.416008110143487 ], [ 8.642271811180532, 47.416016919012037 ] ] } },
{ "type": "Feature", "properties": { "name": "LV_200-10_1_3_line_34" }, "geometry": { "type": "LineString", "coordinates": [ [ 8.642437737557442, 47.416191682657576 ], [ 8.642424742402767, 47.416174945404443 ] ] } },
{ "type": "Feature", "properties": { "name": "LV_200-10_1_3_line_35" }, "geometry": { "type": "LineString", "coordinates": [ [ 8.641637708472613, 47.415595810148737 ], [ 8.642043408469855, 47.41610291014927 ], [ 8.642271811180532, 47.416016919012037 ] ] } },
{ "type": "Feature", "properties": { "name": "LV_200-10_1_3_line_36" }, "geometry": { "type": "LineString", "coordinates": [ [ 8.642453908474941, 47.416212510143886 ], [ 8.642437737557442, 47.416191682657576 ] ] } },
{ "type": "Feature", "properties": { "name": "LV_200-10_1_3_line_37" }, "geometry": { "type": "LineString", "coordinates": [ [ 8.641637708472613, 47.415595810148737 ], [ 8.641869708473077, 47.415657010145878 ] ] } },
{ "type": "Feature", "properties": { "name": "LV_200-10_1_3_line_38" }, "geometry": { "type": "LineString", "coordinates": [ [ 8.641624408473868, 47.415159410146124 ], [ 8.641510108478331, 47.415444810145623 ], [ 8.641637708472613, 47.415595810148737 ] ] } },
{ "type": "Feature", "properties": { "name": "LV_200-10_1_3_line_39" }, "geometry": { "type": "LineString", "coordinates": [ [ 8.642431514938362, 47.415008323003313 ], [ 8.642434376622665, 47.415007473881886 ] ] } },
{ "type": "Feature", "properties": { "name": "LV_200-10_1_3_line_40" }, "geometry": { "type": "LineString", "coordinates": [ [ 8.642431514938362, 47.415008323003313 ], [ 8.642145545690475, 47.415093175518287 ] ] } },
{ "type": "Feature", "properties": { "name": "LV_200-10_1_3_line_41" }, "geometry": { "type": "LineString", "coordinates": [ [ 8.642035483627263, 47.415125832768908 ], [ 8.642145545690475, 47.415093175518287 ] ] } },
{ "type": "Feature", "properties": { "name": "LV_200-10_1_3_line_42" }, "geometry": { "type": "LineString", "coordinates": [ [ 8.642035483627263, 47.415125832768908 ], [ 8.641833008473508, 47.4151859101433 ] ] } },
{ "type": "Feature", "properties": { "name": "LV_200-10_1_3_line_43" }, "geometry": { "type": "LineString", "coordinates": [ [ 8.641624408473868, 47.415159410146124 ], [ 8.641717508479623, 47.415185810143996 ], [ 8.641833008473508, 47.4151859101433 ] ] } },
{ "type": "Feature", "properties": { "name": "LV_200-10_1_3_line_44" }, "geometry": { "type": "LineString", "coordinates": [ [ 8.641624408473868, 47.415159410146124 ], [ 8.641723908470551, 47.414852410148505 ] ] } },
{ "type": "Feature", "properties": { "name": "LV_200-10_1_3_line_45" }, "geometry": { "type": "LineString", "coordinates": [ [ 8.641624408473868, 47.415159410146124 ], [ 8.641442408482497, 47.415105610150491 ], [ 8.64131740848102, 47.415100510147738 ] ] } },
{ "type": "Feature", "properties": { "name": "LV_200-10_1_3_line_46" }, "geometry": { "type": "LineString", "coordinates": [ [ 8.641723908470551, 47.414852410148505 ], [ 8.641762092139968, 47.414779052944823 ] ] } },
{ "type": "Feature", "properties": { "name": "LV_200-10_1_3_line_47" }, "geometry": { "type": "LineString", "coordinates": [ [ 8.641723908470551, 47.414852410148505 ], [ 8.642102622638893, 47.414753546281645 ] ] } },
{ "type": "Feature", "properties": { "name": "LV_200-10_1_3_line_48" }, "geometry": { "type": "LineString", "coordinates": [ [ 8.641069731004368, 47.415146321075142 ], [ 8.64131740848102, 47.415100510147738 ], [ 8.64131740848102, 47.415100510147738 ] ] } },
{ "type": "Feature", "properties": { "name": "LV_200-10_1_3_line_49" }, "geometry": { "type": "LineString", "coordinates": [ [ 8.642453908474941, 47.416212510143886 ], [ 8.643159541951006, 47.416903985713724 ] ] } },
{ "type": "Feature", "properties": { "name": "LV_200-10_1_3_line_50" }, "geometry": { "type": "LineString", "coordinates": [ [ 8.641762092139968, 47.414779052944823 ], [ 8.641771854374326, 47.414760298006549 ] ] } },
{ "type": "Feature", "properties": { "name": "LV_200-10_1_3_line_51" }, "geometry": { "type": "LineString", "coordinates": [ [ 8.642230501835156, 47.414720162865386 ], [ 8.642102622638893, 47.414753546281645 ] ] } },
{ "type": "Feature", "properties": { "name": "LV_200-10_1_3_line_52" }, "geometry": { "type": "LineString", "coordinates": [ [ 8.640774867333542, 47.415200858861361 ], [ 8.641069731004368, 47.415146321075142 ] ] } },
{ "type": "Feature", "properties": { "name": "LV_200-10_1_3_line_53" }, "geometry": { "type": "LineString", "coordinates": [ [ 8.642033308480537, 47.414391010147448 ], [ 8.64194970847903, 47.414479510148922 ], [ 8.641812708477529, 47.414681810145026 ], [ 8.641771854374326, 47.414760298006549 ] ] } },
{ "type": "Feature", "properties": { "name": "LV_200-10_1_3_line_54" }, "geometry": { "type": "LineString", "coordinates": [ [ 8.642415648229665, 47.414671829289588 ], [ 8.642230501835156, 47.414720162865386 ] ] } },
{ "type": "Feature", "properties": { "name": "LV_200-10_1_3_line_55" }, "geometry": { "type": "LineString", "coordinates": [ [ 8.640056908468692, 47.415360910149218 ], [ 8.640530208469498, 47.415246110144871 ], [ 8.640774867333542, 47.415200858861361 ] ] } },
{ "type": "Feature", "properties": { "name": "LV_200-10_1_3_line_56" }, "geometry": { "type": "LineString", "coordinates": [ [ 8.642033308480537, 47.414391010147448 ], [ 8.6421505084739, 47.414483210146663 ], [ 8.642346885748237, 47.414430142819732 ] ] } },
{ "type": "Feature", "properties": { "name": "LV_200-10_1_3_line_57" }, "geometry": { "type": "LineString", "coordinates": [ [ 8.640056908468692, 47.415360910149218 ], [ 8.639981849912253, 47.415222004131031 ] ] } },
{ "type": "Feature", "properties": { "name": "LV_200-10_1_3_line_58" }, "geometry": { "type": "LineString", "coordinates": [ [ 8.639757808474583, 47.41547681014589 ], [ 8.639841708473261, 47.415413110144947 ], [ 8.640056908468692, 47.415360910149218 ] ] } },
{ "type": "Feature", "properties": { "name": "LV_200-10_1_3_line_59" }, "geometry": { "type": "LineString", "coordinates": [ [ 8.642142650707285, 47.414198329129789 ], [ 8.64199040848076, 47.414368810150371 ], [ 8.641913608472674, 47.414452610151407 ], [ 8.641839308480129, 47.414486510150724 ], [ 8.641729208476756, 47.414494510149865 ], [ 8.641622408860057, 47.414477474940817 ] ] } },
{ "type": "Feature", "properties": { "name": "LV_200-10_1_3_line_60" }, "geometry": { "type": "LineString", "coordinates": [ [ 8.641291669088995, 47.414443804526627 ], [ 8.641412608469938, 47.41444401014946 ], [ 8.641622408860057, 47.414477474940817 ] ] } },
{ "type": "Feature", "properties": { "name": "LV_200-10_1_3_line_61" }, "geometry": { "type": "LineString", "coordinates": [ [ 8.641160008470544, 47.413936510149902 ], [ 8.641012388005542, 47.413888482354416 ] ] } },
{ "type": "Feature", "properties": { "name": "LV_200-10_1_3_line_62" }, "geometry": { "type": "LineString", "coordinates": [ [ 8.641124208478281, 47.414105410149787 ], [ 8.641160008470544, 47.413936510149902 ] ] } },
{ "type": "Feature", "properties": { "name": "LV_200-10_1_3_line_63" }, "geometry": { "type": "LineString", "coordinates": [ [ 8.641124208478281, 47.414105410149787 ], [ 8.640975531492925, 47.414090318767919 ] ] } },
{ "type": "Feature", "properties": { "name": "LV_200-10_1_3_line_64" }, "geometry": { "type": "LineString", "coordinates": [ [ 8.641124208478281, 47.414105410149787 ], [ 8.641282689328714, 47.414121525859088 ] ] } },
{ "type": "Feature", "properties": { "name": "LV_200-10_1_3_line_65" }, "geometry": { "type": "LineString", "coordinates": [ [ 8.641291669088995, 47.414443804526627 ], [ 8.641059908475356, 47.414443410143036 ], [ 8.640896619580712, 47.414450221861443 ] ] } },
{ "type": "Feature", "properties": { "name": "LV_200-10_1_3_line_66" }, "geometry": { "type": "LineString", "coordinates": [ [ 8.641378908480172, 47.414131310149308 ], [ 8.641282689328714, 47.414121525859088 ] ] } },
{ "type": "Feature", "properties": { "name": "LV_200-10_1_3_line_67" }, "geometry": { "type": "LineString", "coordinates": [ [ 8.640623044959643, 47.414006363745642 ], [ 8.640345498572486, 47.413916133568186 ] ] } },
{ "type": "Feature", "properties": { "name": "LV_200-10_1_3_line_68" }, "geometry": { "type": "LineString", "coordinates": [ [ 8.640876975064533, 47.414708976713094 ], [ 8.640878191660441, 47.414731822862663 ] ] } },
{ "type": "Feature", "properties": { "name": "LV_200-10_1_3_line_69" }, "geometry": { "type": "LineString", "coordinates": [ [ 8.640774908476477, 47.414630210143748 ], [ 8.64081610847872, 47.414624010144308 ], [ 8.640872008480702, 47.414615710145526 ], [ 8.640876975064533, 47.414708976713094 ] ] } },
{ "type": "Feature", "properties": { "name": "LV_200-10_1_3_line_70" }, "geometry": { "type": "LineString", "coordinates": [ [ 8.640798117822516, 47.41484185943726 ], [ 8.640883308479673, 47.414827910143281 ], [ 8.640878191660441, 47.414731822862663 ] ] } },
{ "type": "Feature", "properties": { "name": "LV_200-10_1_3_line_71" }, "geometry": { "type": "LineString", "coordinates": [ [ 8.640774908476477, 47.414630210143748 ], [ 8.640618997790362, 47.414654359961645 ] ] } },
{ "type": "Feature", "properties": { "name": "LV_200-10_1_3_line_72" }, "geometry": { "type": "LineString", "coordinates": [ [ 8.640714708471741, 47.414457810145592 ], [ 8.640774908476477, 47.414630210143748 ] ] } },
{ "type": "Feature", "properties": { "name": "LV_200-10_1_3_line_73" }, "geometry": { "type": "LineString", "coordinates": [ [ 8.640798117822516, 47.41484185943726 ], [ 8.640663671531851, 47.414863873808422 ] ] } },
{ "type": "Feature", "properties": { "name": "LV_200-10_1_3_line_74" }, "geometry": { "type": "LineString", "coordinates": [ [ 8.640422401320308, 47.414684811487362 ], [ 8.640618997790362, 47.414654359961645 ] ] } },
{ "type": "Feature", "properties": { "name": "LV_200-10_1_3_line_75" }, "geometry": { "type": "LineString", "coordinates": [ [ 8.640714708471741, 47.414457810145592 ], [ 8.640444308479795, 47.414442610143624 ], [ 8.640180708475921, 47.414411910145134 ] ] } },
{ "type": "Feature", "properties": { "name": "LV_200-10_1_3_line_76" }, "geometry": { "type": "LineString", "coordinates": [ [ 8.640714708471741, 47.414457810145592 ], [ 8.640896619580712, 47.414450221861443 ] ] } },
{ "type": "Feature", "properties": { "name": "LV_200-10_1_3_line_77" }, "geometry": { "type": "LineString", "coordinates": [ [ 8.640663671531851, 47.414863873808422 ], [ 8.64046429208231, 47.414896520073583 ] ] } },
{ "type": "Feature", "properties": { "name": "LV_200-10_1_3_line_78" }, "geometry": { "type": "LineString", "coordinates": [ [ 8.640287879785573, 47.414705647782327 ], [ 8.640422401320308, 47.414684811487362 ] ] } },
{ "type": "Feature", "properties": { "name": "LV_200-10_1_3_line_79" }, "geometry": { "type": "LineString", "coordinates": [ [ 8.640180708475921, 47.414411910145134 ], [ 8.640139508473309, 47.414601210150451 ], [ 8.639975279806171, 47.414600088667335 ] ] } },
{ "type": "Feature", "properties": { "name": "LV_200-10_1_3_line_80" }, "geometry": { "type": "LineString", "coordinates": [ [ 8.640172279563618, 47.41441129038104 ], [ 8.640180708475921, 47.414411910145134 ] ] } },
{ "type": "Feature", "properties": { "name": "LV_200-10_1_3_line_81" }, "geometry": { "type": "LineString", "coordinates": [ [ 8.640351679516519, 47.414914959015285 ], [ 8.64046429208231, 47.414896520073583 ] ] } },
{ "type": "Feature", "properties": { "name": "LV_200-10_1_3_line_82" }, "geometry": { "type": "LineString", "coordinates": [ [ 8.640194508476945, 47.414720110144998 ], [ 8.640287879785573, 47.414705647782327 ] ] } },
{ "type": "Feature", "properties": { "name": "LV_200-10_1_3_line_83" }, "geometry": { "type": "LineString", "coordinates": [ [ 8.639787243300974, 47.414598804316739 ], [ 8.639975279806171, 47.414600088667335 ] ] } },
{ "type": "Feature", "properties": { "name": "LV_200-10_1_3_line_84" }, "geometry": { "type": "LineString", "coordinates": [ [ 8.640006008477958, 47.414385910144397 ], [ 8.640058308472895, 47.414402910146961 ], [ 8.640172279563618, 47.41441129038104 ] ] } },
{ "type": "Feature", "properties": { "name": "LV_200-10_1_3_line_85" }, "geometry": { "type": "LineString", "coordinates": [ [ 8.640351679516519, 47.414914959015285 ], [ 8.640332082945058, 47.414918167700293 ] ] } },
{ "type": "Feature", "properties": { "name": "LV_200-10_1_3_line_86" }, "geometry": { "type": "LineString", "coordinates": [ [ 8.639591011443288, 47.414597463674326 ], [ 8.639787243300974, 47.414598804316739 ] ] } },
{ "type": "Feature", "properties": { "name": "LV_200-10_1_3_line_87" }, "geometry": { "type": "LineString", "coordinates": [ [ 8.640006008477958, 47.414385910144397 ], [ 8.639984008472574, 47.414356110150464 ], [ 8.639982708480483, 47.414055610147237 ], [ 8.63997660847056, 47.413966710146092 ], [ 8.639931708469682, 47.413907310145646 ] ] } },
{ "type": "Feature", "properties": { "name": "LV_200-10_1_3_line_88" }, "geometry": { "type": "LineString", "coordinates": [ [ 8.639506098962675, 47.415102466875112 ], [ 8.639434330916778, 47.414995732123593 ] ] } },
{ "type": "Feature", "properties": { "name": "LV_200-10_1_3_line_89" }, "geometry": { "type": "LineString", "coordinates": [ [ 8.639414159848245, 47.414737061572474 ], [ 8.639402108469847, 47.414947810150991 ], [ 8.639434330916778, 47.414995732123593 ] ] } },
{ "type": "Feature", "properties": { "name": "LV_200-10_1_3_line_90" }, "geometry": { "type": "LineString", "coordinates": [ [ 8.639422208474157, 47.414596310151467 ], [ 8.639414159848245, 47.414737061572474 ] ] } },
{ "type": "Feature", "properties": { "name": "LV_200-10_1_3_line_91" }, "geometry": { "type": "LineString", "coordinates": [ [ 8.639757808474583, 47.41547681014589 ], [ 8.639818008467934, 47.41559151014382 ], [ 8.639886708468378, 47.415661310151457 ], [ 8.639977108474255, 47.415699310151048 ] ] } },
{ "type": "Feature", "properties": { "name": "LV_200-10_1_3_line_92" }, "geometry": { "type": "LineString", "coordinates": [ [ 8.639977108474255, 47.415699310151048 ], [ 8.640139980878379, 47.415698546500586 ] ] } },
{ "type": "Feature", "properties": { "name": "LV_200-10_1_3_line_93" }, "geometry": { "type": "LineString", "coordinates": [ [ 8.639422208474157, 47.414596310151467 ], [ 8.639591011443288, 47.414597463674326 ] ] } },
{ "type": "Feature", "properties": { "name": "LV_200-10_1_3_line_94" }, "geometry": { "type": "LineString", "coordinates": [ [ 8.639422208474157, 47.414596310151467 ], [ 8.638125757472537, 47.414320631473892 ] ] } },
{ "type": "Feature", "properties": { "name": "LV_200-10_1_3_line_95" }, "geometry": { "type": "LineString", "coordinates": [ [ 8.639981849912253, 47.415222004131031 ], [ 8.639978385135677, 47.415215592070382 ] ] } },
{ "type": "Feature", "properties": { "name": "LV_200-10_1_3_line_96" }, "geometry": { "type": "LineString", "coordinates": [ [ 8.638125757472537, 47.414320631473892 ], [ 8.637959594216619, 47.414491170326691 ] ] } },
{ "type": "Feature", "properties": { "name": "LV_200-10_1_3_line_97" }, "geometry": { "type": "LineString", "coordinates": [ [ 8.639972989159535, 47.415028833566623 ], [ 8.639885508474929, 47.415043710151338 ], [ 8.639978385135677, 47.415215592070382 ] ] } },
{ "type": "Feature", "properties": { "name": "LV_200-10_1_3_line_98" }, "geometry": { "type": "LineString", "coordinates": [ [ 8.639931708469682, 47.413907310145646 ], [ 8.639714198859656, 47.413901130086607 ] ] } },
{ "type": "Feature", "properties": { "name": "LV_200-10_1_3_line_99" }, "geometry": { "type": "LineString", "coordinates": [ [ 8.639972989159535, 47.415028833566623 ], [ 8.640185408477493, 47.414992710149534 ], [ 8.640210113953772, 47.414940838109921 ] ] } },
{ "type": "Feature", "properties": { "name": "LV_200-10_1_3_line_100" }, "geometry": { "type": "LineString", "coordinates": [ [ 8.639714198859656, 47.413901130086607 ], [ 8.639509274590987, 47.413895307242761 ] ] } },
{ "type": "Feature", "properties": { "name": "LV_200-10_1_3_line_101" }, "geometry": { "type": "LineString", "coordinates": [ [ 8.640210113953772, 47.414940838109921 ], [ 8.64021150847873, 47.414937910150563 ], [ 8.640332082945058, 47.414918167700293 ] ] } },
{ "type": "Feature", "properties": { "name": "LV_200-2_0_6_line_0" }, "geometry": { "type": "LineString", "coordinates": [ [ 8.640014467785971, 47.410185937047515 ], [ 8.639814096148159, 47.410363503180882 ] ] } },
{ "type": "Feature", "properties": { "name": "LV_200-2_0_6_line_1" }, "geometry": { "type": "LineString", "coordinates": [ [ 8.639814096148159, 47.410363503180882 ], [ 8.639751008473391, 47.410419410148819 ], [ 8.639742186066387, 47.410431302779806 ] ] } },
{ "type": "Feature", "properties": { "name": "LV_200-2_0_6_line_2" }, "geometry": { "type": "LineString", "coordinates": [ [ 8.639676008473927, 47.410520510148963 ], [ 8.639742186066387, 47.410431302779806 ] ] } },
{ "type": "Feature", "properties": { "name": "LV_200-2_0_6_line_3" }, "geometry": { "type": "LineString", "coordinates": [ [ 8.641057008481859, 47.409309910145623 ], [ 8.641016408472209, 47.409298010143594 ] ] } },
{ "type": "Feature", "properties": { "name": "LV_200-2_0_6_line_4" }, "geometry": { "type": "LineString", "coordinates": [ [ 8.641016408472209, 47.409298010143594 ], [ 8.641192208471816, 47.409111110141311 ], [ 8.641251108477999, 47.4091286101457 ], [ 8.641277808476717, 47.409096210149308 ] ] } },
{ "type": "Feature", "properties": { "name": "LV_200-2_0_6_line_5" }, "geometry": { "type": "LineString", "coordinates": [ [ 8.641057008481859, 47.409309910145623 ], [ 8.641268388484141, 47.409371949781246 ] ] } },
{ "type": "Feature", "properties": { "name": "LV_200-2_0_6_line_6" }, "geometry": { "type": "LineString", "coordinates": [ [ 8.641277808476717, 47.409096210149308 ], [ 8.64141470848239, 47.409135810149678 ] ] } },
{ "type": "Feature", "properties": { "name": "LV_200-2_0_6_line_7" }, "geometry": { "type": "LineString", "coordinates": [ [ 8.641277808476717, 47.409096210149308 ], [ 8.641128876265851, 47.40905449722888 ] ] } },
{ "type": "Feature", "properties": { "name": "LV_200-2_0_6_line_8" }, "geometry": { "type": "LineString", "coordinates": [ [ 8.639676008473927, 47.410520510148963 ], [ 8.639778808473409, 47.410544510144319 ], [ 8.640085508475039, 47.410662310149405 ] ] } },
{ "type": "Feature", "properties": { "name": "LV_200-2_0_6_line_9" }, "geometry": { "type": "LineString", "coordinates": [ [ 8.639676008473927, 47.410520510148963 ], [ 8.639589508480489, 47.41053991014406 ], [ 8.639561408470923, 47.410563510148243 ], [ 8.639525308480838, 47.41061181014333 ], [ 8.639512208472629, 47.410633510147562 ] ] } },
{ "type": "Feature", "properties": { "name": "LV_200-2_0_6_line_10" }, "geometry": { "type": "LineString", "coordinates": [ [ 8.641229608472525, 47.409709610146841 ], [ 8.64125280847464, 47.409686010141833 ], [ 8.641389508477166, 47.409491110147819 ], [ 8.641398408478388, 47.409410110143952 ], [ 8.641268388484141, 47.409371949781246 ] ] } },
{ "type": "Feature", "properties": { "name": "LV_200-2_0_6_line_11" }, "geometry": { "type": "LineString", "coordinates": [ [ 8.640414008476206, 47.408897310142173 ], [ 8.639945708472096, 47.40876071014911 ] ] } },
{ "type": "Feature", "properties": { "name": "LV_200-2_0_6_line_12" }, "geometry": { "type": "LineString", "coordinates": [ [ 8.640414008476206, 47.408897310142173 ], [ 8.640367708481289, 47.408969110150039 ], [ 8.639930581621931, 47.409367765132835 ] ] } },
{ "type": "Feature", "properties": { "name": "LV_200-2_0_6_line_13" }, "geometry": { "type": "LineString", "coordinates": [ [ 8.639945708472096, 47.40876071014911 ], [ 8.639990808473675, 47.408730610145533 ], [ 8.640073024978602, 47.408754137053492 ] ] } },
{ "type": "Feature", "properties": { "name": "LV_200-2_0_6_line_14" }, "geometry": { "type": "LineString", "coordinates": [ [ 8.639662870094316, 47.409611911374185 ], [ 8.639930581621931, 47.409367765132835 ] ] } },
{ "type": "Feature", "properties": { "name": "LV_200-2_0_6_line_15" }, "geometry": { "type": "LineString", "coordinates": [ [ 8.643523008486047, 47.409663310144325 ], [ 8.643663108483922, 47.409737310147314 ] ] } },
{ "type": "Feature", "properties": { "name": "LV_200-2_0_6_line_16" }, "geometry": { "type": "LineString", "coordinates": [ [ 8.643523008486047, 47.409663310144325 ], [ 8.643480608480541, 47.409700010142721 ], [ 8.643425108473734, 47.409749810144909 ], [ 8.643379008481061, 47.409731910145652 ], [ 8.643605408485806, 47.409534310144508 ] ] } },
{ "type": "Feature", "properties": { "name": "LV_200-2_0_6_line_17" }, "geometry": { "type": "LineString", "coordinates": [ [ 8.643181808475015, 47.40972211014428 ], [ 8.643232608476911, 47.409739010145351 ], [ 8.643256608481769, 47.409740810142054 ], [ 8.643304108473243, 47.40972921014265 ], [ 8.64333290848006, 47.409714010146288 ], [ 8.643379008481061, 47.409731910145652 ], [ 8.643425108473734, 47.409749810144909 ], [ 8.643480608480541, 47.409700010142721 ], [ 8.643523008486047, 47.409663310144325 ] ] } },
{ "type": "Feature", "properties": { "name": "LV_200-2_0_6_line_18" }, "geometry": { "type": "LineString", "coordinates": [ [ 8.643451008480888, 47.409853210144085 ], [ 8.643415108485696, 47.409836110144269 ], [ 8.643397508482485, 47.409825110148532 ], [ 8.643387608474903, 47.409810310141367 ], [ 8.643387508483043, 47.40979211014637 ], [ 8.643399008478077, 47.409775710146569 ], [ 8.643425108473734, 47.409749810144909 ], [ 8.643480608480541, 47.409700010142721 ], [ 8.643523008486047, 47.409663310144325 ] ] } },
{ "type": "Feature", "properties": { "name": "LV_200-2_0_6_line_19" }, "geometry": { "type": "LineString", "coordinates": [ [ 8.643523008486047, 47.409663310144325 ], [ 8.643733824383254, 47.409472821029382 ] ] } },
{ "type": "Feature", "properties": { "name": "LV_200-2_0_6_line_20" }, "geometry": { "type": "LineString", "coordinates": [ [ 8.643663108483922, 47.409737310147314 ], [ 8.643676308485123, 47.409744310145904 ], [ 8.643815208479799, 47.409720610143978 ], [ 8.644023297240485, 47.409822725401369 ] ] } },
{ "type": "Feature", "properties": { "name": "LV_200-2_0_6_line_21" }, "geometry": { "type": "LineString", "coordinates": [ [ 8.643851808485662, 47.409327210143751 ], [ 8.643605408485806, 47.409534310144508 ] ] } },
{ "type": "Feature", "properties": { "name": "LV_200-2_0_6_line_22" }, "geometry": { "type": "LineString", "coordinates": [ [ 8.643605408485806, 47.409534310144508 ], [ 8.643311308481032, 47.409421510147787 ], [ 8.643304353327752, 47.40941750765554 ] ] } },
{ "type": "Feature", "properties": { "name": "LV_200-2_0_6_line_23" }, "geometry": { "type": "LineString", "coordinates": [ [ 8.643181808475015, 47.40972211014428 ], [ 8.643062208482387, 47.409674410146579 ], [ 8.642878008478348, 47.409598710143683 ], [ 8.642787147149585, 47.409562339142276 ] ] } },
{ "type": "Feature", "properties": { "name": "LV_200-2_0_6_line_24" }, "geometry": { "type": "LineString", "coordinates": [ [ 8.64307990847538, 47.409885710141886 ], [ 8.643113508473007, 47.409852110149011 ], [ 8.643116208483452, 47.409835210144323 ], [ 8.643110508480216, 47.40981851014589 ], [ 8.643095908474422, 47.409803510142801 ], [ 8.643140508477307, 47.409761210149426 ], [ 8.643181808475015, 47.40972211014428 ] ] } },
{ "type": "Feature", "properties": { "name": "LV_200-2_0_6_line_25" }, "geometry": { "type": "LineString", "coordinates": [ [ 8.643451008480888, 47.409853210144085 ], [ 8.64353350848268, 47.409889410146349 ], [ 8.6437148361435, 47.409980119500574 ] ] } },
{ "type": "Feature", "properties": { "name": "LV_200-2_0_6_line_26" }, "geometry": { "type": "LineString", "coordinates": [ [ 8.64141470848239, 47.409135810149678 ], [ 8.641509608480135, 47.409163910149154 ], [ 8.642002408484855, 47.40930301014518 ], [ 8.64213123604925, 47.409341789243847 ] ] } },
{ "type": "Feature", "properties": { "name": "LV_200-2_0_6_line_27" }, "geometry": { "type": "LineString", "coordinates": [ [ 8.64141470848239, 47.409135810149678 ], [ 8.641409708475585, 47.409132110144334 ], [ 8.641398508472403, 47.409106310145191 ], [ 8.641390108481259, 47.409080910141142 ], [ 8.641396608474453, 47.409039510143458 ], [ 8.64150940848099, 47.408914310143999 ], [ 8.641587393312264, 47.408842787444335 ] ] } },
{ "type": "Feature", "properties": { "name": "LV_200-2_0_6_line_28" }, "geometry": { "type": "LineString", "coordinates": [ [ 8.641128876265851, 47.40905449722888 ], [ 8.640869286647307, 47.40898179079047 ] ] } },
{ "type": "Feature", "properties": { "name": "LV_200-2_0_6_line_29" }, "geometry": { "type": "LineString", "coordinates": [ [ 8.643928708475327, 47.410092810147141 ], [ 8.643732808483124, 47.409989110145951 ], [ 8.6437148361435, 47.409980119500574 ] ] } },
{ "type": "Feature", "properties": { "name": "LV_200-2_0_6_line_30" }, "geometry": { "type": "LineString", "coordinates": [ [ 8.64307990847538, 47.409885710141886 ], [ 8.643041008480681, 47.409914110142189 ], [ 8.642829508474316, 47.410111510145171 ] ] } },
{ "type": "Feature", "properties": { "name": "LV_200-2_0_6_line_31" }, "geometry": { "type": "LineString", "coordinates": [ [ 8.642514108475932, 47.41043741014829 ], [ 8.642704508475225, 47.410262410144995 ], [ 8.642829508474316, 47.410111510145171 ] ] } },
{ "type": "Feature", "properties": { "name": "LV_200-2_0_6_line_32" }, "geometry": { "type": "LineString", "coordinates": [ [ 8.642448921408308, 47.409439500383669 ], [ 8.642604708483265, 47.409489310143698 ], [ 8.642787147149585, 47.409562339142276 ] ] } },
{ "type": "Feature", "properties": { "name": "LV_200-2_0_6_line_33" }, "geometry": { "type": "LineString", "coordinates": [ [ 8.640085508475039, 47.410662310149405 ], [ 8.64017140847599, 47.410620010146346 ], [ 8.640337463479382, 47.410493903696008 ] ] } },
{ "type": "Feature", "properties": { "name": "LV_200-2_0_6_line_34" }, "geometry": { "type": "LineString", "coordinates": [ [ 8.640661708480646, 47.410887310145498 ], [ 8.640239808471685, 47.410746610149999 ], [ 8.64009910847582, 47.410698810145369 ], [ 8.640085508475039, 47.410662310149405 ] ] } },
{ "type": "Feature", "properties": { "name": "LV_200-2_0_6_line_35" }, "geometry": { "type": "LineString", "coordinates": [ [ 8.639512208472629, 47.410633510147562 ], [ 8.639172496830028, 47.410519905959916 ] ] } },
{ "type": "Feature", "properties": { "name": "LV_200-2_0_6_line_36" }, "geometry": { "type": "LineString", "coordinates": [ [ 8.641052708476014, 47.409888810144317 ], [ 8.640932008479538, 47.410011010145261 ], [ 8.640897221580316, 47.410038872138927 ] ] } },
{ "type": "Feature", "properties": { "name": "LV_200-2_0_6_line_37" }, "geometry": { "type": "LineString", "coordinates": [ [ 8.641052708476014, 47.409888810144317 ], [ 8.641210716263044, 47.409728748054981 ] ] } },
{ "type": "Feature", "properties": { "name": "LV_200-2_0_6_line_38" }, "geometry": { "type": "LineString", "coordinates": [ [ 8.640867708475687, 47.410062510146197 ], [ 8.640897221580316, 47.410038872138927 ] ] } },
{ "type": "Feature", "properties": { "name": "LV_200-2_0_6_line_39" }, "geometry": { "type": "LineString", "coordinates": [ [ 8.641229608472525, 47.409709610146841 ], [ 8.641210716263044, 47.409728748054981 ] ] } },
{ "type": "Feature", "properties": { "name": "LV_200-2_0_6_line_40" }, "geometry": { "type": "LineString", "coordinates": [ [ 8.640867708475687, 47.410062510146197 ], [ 8.640770308481946, 47.410140510146128 ], [ 8.640521408478596, 47.410354210150359 ] ] } },
{ "type": "Feature", "properties": { "name": "LV_200-2_0_6_line_41" }, "geometry": { "type": "LineString", "coordinates": [ [ 8.640521408478596, 47.410354210150359 ], [ 8.640337463479382, 47.410493903696008 ] ] } },
{ "type": "Feature", "properties": { "name": "LV_200-2_0_6_line_42" }, "geometry": { "type": "LineString", "coordinates": [ [ 8.640073024978602, 47.408754137053492 ], [ 8.640341498209024, 47.40883096225221 ] ] } },
{ "type": "Feature", "properties": { "name": "LV_200-2_0_6_line_43" }, "geometry": { "type": "LineString", "coordinates": [ [ 8.639442608480186, 47.40976971014959 ], [ 8.639569008473241, 47.409697510148931 ], [ 8.639662870094316, 47.409611911374185 ] ] } },
{ "type": "Feature", "properties": { "name": "LV_200-2_0_6_line_44" }, "geometry": { "type": "LineString", "coordinates": [ [ 8.642514108475932, 47.41043741014829 ], [ 8.642382508483244, 47.410554710143458 ], [ 8.642064608481515, 47.410836910142642 ] ] } },
{ "type": "Feature", "properties": { "name": "LV_200-2_0_6_line_45" }, "geometry": { "type": "LineString", "coordinates": [ [ 8.642064608481515, 47.410836910142642 ], [ 8.641763608476728, 47.411109810141532 ], [ 8.641730547523485, 47.411139325159759 ] ] } },
{ "type": "Feature", "properties": { "name": "LV_200-2_0_6_line_46" }, "geometry": { "type": "LineString", "coordinates": [ [ 8.642064608481515, 47.410836910142642 ], [ 8.641899108479405, 47.410754410146907 ], [ 8.642010662569072, 47.410653133603759 ] ] } },
{ "type": "Feature", "properties": { "name": "LV_200-2_0_6_line_47" }, "geometry": { "type": "LineString", "coordinates": [ [ 8.643851808485662, 47.409327210143751 ], [ 8.644006409288185, 47.409185596723766 ] ] } },
{ "type": "Feature", "properties": { "name": "LV_200-2_0_6_line_48" }, "geometry": { "type": "LineString", "coordinates": [ [ 8.643262708479133, 47.409368010145322 ], [ 8.643268908475752, 47.409397110141299 ], [ 8.643304353327752, 47.40941750765554 ] ] } },
{ "type": "Feature", "properties": { "name": "LV_200-2_0_6_line_49" }, "geometry": { "type": "LineString", "coordinates": [ [ 8.642010662569072, 47.410653133603759 ], [ 8.642023653735478, 47.410641339291118 ] ] } },
{ "type": "Feature", "properties": { "name": "LV_200-2_0_6_line_50" }, "geometry": { "type": "LineString", "coordinates": [ [ 8.64213123604925, 47.409341789243847 ], [ 8.642337608474325, 47.409403910149003 ], [ 8.642448921408308, 47.409439500383669 ] ] } },
{ "type": "Feature", "properties": { "name": "LV_200-2_0_6_line_51" }, "geometry": { "type": "LineString", "coordinates": [ [ 8.642096409800214, 47.408402000752154 ], [ 8.642084608477877, 47.408409910148478 ], [ 8.641936108483465, 47.408529810142724 ], [ 8.641738708482642, 47.408704010145229 ], [ 8.641587393312264, 47.408842787444335 ] ] } },
{ "type": "Feature", "properties": { "name": "LV_200-2_0_6_line_52" }, "geometry": { "type": "LineString", "coordinates": [ [ 8.642530408476793, 47.408414810148116 ], [ 8.642728540720988, 47.408496234396139 ] ] } },
{ "type": "Feature", "properties": { "name": "LV_200-2_0_6_line_53" }, "geometry": { "type": "LineString", "coordinates": [ [ 8.642530408476793, 47.408414810148116 ], [ 8.642265598614253, 47.408717137939881 ] ] } },
{ "type": "Feature", "properties": { "name": "LV_200-2_0_6_line_54" }, "geometry": { "type": "LineString", "coordinates": [ [ 8.643130908486151, 47.408654510144906 ], [ 8.642756708477826, 47.408507810143576 ], [ 8.642728540720988, 47.408496234396139 ] ] } },
{ "type": "Feature", "properties": { "name": "LV_200-2_0_6_line_55" }, "geometry": { "type": "LineString", "coordinates": [ [ 8.642249223892998, 47.408735832480659 ], [ 8.642265598614253, 47.408717137939881 ] ] } },
{ "type": "Feature", "properties": { "name": "LV_200-2_0_6_line_56" }, "geometry": { "type": "LineString", "coordinates": [ [ 8.64058749447614, 47.408901354791595 ], [ 8.640836508474255, 47.408972610149547 ], [ 8.640869286647307, 47.40898179079047 ] ] } },
{ "type": "Feature", "properties": { "name": "LV_200-2_0_6_line_57" }, "geometry": { "type": "LineString", "coordinates": [ [ 8.641619408473607, 47.410052310146455 ], [ 8.641815029052147, 47.409921966605964 ] ] } },
{ "type": "Feature", "properties": { "name": "LV_200-2_0_6_line_58" }, "geometry": { "type": "LineString", "coordinates": [ [ 8.641619408473607, 47.410052310146455 ], [ 8.64157040848006, 47.410084910149308 ], [ 8.641521109079111, 47.410131669083512 ] ] } },
{ "type": "Feature", "properties": { "name": "LV_200-2_0_6_line_59" }, "geometry": { "type": "LineString", "coordinates": [ [ 8.643928708475327, 47.410092810147141 ], [ 8.643994108484442, 47.410126310145998 ], [ 8.644066308484657, 47.410165910149402 ], [ 8.644081608478473, 47.410153110148507 ], [ 8.644337008473974, 47.409938810145093 ], [ 8.644357708487004, 47.40992151014445 ], [ 8.644210908485324, 47.409842210148334 ] ] } },
{ "type": "Feature", "properties": { "name": "LV_200-2_0_6_line_60" }, "geometry": { "type": "LineString", "coordinates": [ [ 8.64058749447614, 47.408901354791595 ], [ 8.640341498209024, 47.40883096225221 ] ] } },
{ "type": "Feature", "properties": { "name": "LV_200-2_0_6_line_61" }, "geometry": { "type": "LineString", "coordinates": [ [ 8.63855486778256, 47.410313358601925 ], [ 8.638590710066593, 47.410325345113385 ] ] } },
{ "type": "Feature", "properties": { "name": "LV_200-2_0_6_line_62" }, "geometry": { "type": "LineString", "coordinates": [ [ 8.638960331911365, 47.410448954376243 ], [ 8.638590710066593, 47.410325345113385 ] ] } },
{ "type": "Feature", "properties": { "name": "LV_200-2_0_6_line_63" }, "geometry": { "type": "LineString", "coordinates": [ [ 8.63915839660997, 47.410515190617254 ], [ 8.638960331911365, 47.410448954376243 ] ] } },
{ "type": "Feature", "properties": { "name": "LV_200-2_0_6_line_64" }, "geometry": { "type": "LineString", "coordinates": [ [ 8.639172496830028, 47.410519905959916 ], [ 8.63915839660997, 47.410515190617254 ] ] } },
{ "type": "Feature", "properties": { "name": "LV_200-2_0_6_line_65" }, "geometry": { "type": "LineString", "coordinates": [ [ 8.642312224322664, 47.410379352436081 ], [ 8.642023653735478, 47.410641339291118 ] ] } },
{ "type": "Feature", "properties": { "name": "LV_200-2_0_6_line_66" }, "geometry": { "type": "LineString", "coordinates": [ [ 8.640661708480646, 47.410887310145498 ], [ 8.640762008478665, 47.41089851014921 ], [ 8.640885807691099, 47.410728617671012 ] ] } },
{ "type": "Feature", "properties": { "name": "LV_200-2_0_6_line_67" }, "geometry": { "type": "LineString", "coordinates": [ [ 8.640885807691099, 47.410728617671012 ], [ 8.640913930024285, 47.410690024595368 ] ] } },
{ "type": "Feature", "properties": { "name": "LV_200-2_0_6_line_68" }, "geometry": { "type": "LineString", "coordinates": [ [ 8.644006409288185, 47.409185596723766 ], [ 8.644129111999945, 47.409073201087566 ] ] } },
{ "type": "Feature", "properties": { "name": "LV_200-2_0_6_line_69" }, "geometry": { "type": "LineString", "coordinates": [ [ 8.644210908485324, 47.409842210148334 ], [ 8.644366048461075, 47.409712511294543 ] ] } },
{ "type": "Feature", "properties": { "name": "LV_200-2_0_6_line_70" }, "geometry": { "type": "LineString", "coordinates": [ [ 8.640913930024285, 47.410690024595368 ], [ 8.641019308474259, 47.410545410145367 ], [ 8.641166095356796, 47.410459641270272 ] ] } },
{ "type": "Feature", "properties": { "name": "LV_200-2_0_6_line_71" }, "geometry": { "type": "LineString", "coordinates": [ [ 8.641521109079111, 47.410131669083512 ], [ 8.641190108474063, 47.410445610144734 ], [ 8.641166095356796, 47.410459641270272 ] ] } },
{ "type": "Feature", "properties": { "name": "LV_200-2_0_6_line_72" }, "geometry": { "type": "LineString", "coordinates": [ [ 8.644221858193118, 47.40827645860503 ], [ 8.644216225142801, 47.408284156961386 ] ] } },
{ "type": "Feature", "properties": { "name": "LV_200-2_0_6_line_73" }, "geometry": { "type": "LineString", "coordinates": [ [ 8.644334908487579, 47.408123110144729 ], [ 8.644233308483567, 47.408260810145734 ], [ 8.644221858193118, 47.40827645860503 ] ] } },
{ "type": "Feature", "properties": { "name": "LV_200-2_0_6_line_74" }, "geometry": { "type": "LineString", "coordinates": [ [ 8.643971208475318, 47.408008810139876 ], [ 8.644037108476082, 47.408029510145568 ], [ 8.644334908487579, 47.408123110144729 ] ] } },
{ "type": "Feature", "properties": { "name": "LV_200-2_0_6_line_75" }, "geometry": { "type": "LineString", "coordinates": [ [ 8.643971208475318, 47.408008810139876 ], [ 8.643828949638573, 47.408161566803692 ] ] } },
{ "type": "Feature", "properties": { "name": "LV_200-2_0_6_line_76" }, "geometry": { "type": "LineString", "coordinates": [ [ 8.643595162087946, 47.408342070626624 ], [ 8.64361830847588, 47.408317510141551 ], [ 8.643735408485147, 47.408262010148043 ], [ 8.643828949638573, 47.408161566803692 ] ] } },
{ "type": "Feature", "properties": { "name": "LV_200-2_0_6_line_77" }, "geometry": { "type": "LineString", "coordinates": [ [ 8.644428208479546, 47.408620510148751 ], [ 8.644343908480291, 47.408593210140275 ] ] } },
{ "type": "Feature", "properties": { "name": "LV_200-2_0_6_line_78" }, "geometry": { "type": "LineString", "coordinates": [ [ 8.644301808480158, 47.408915010145527 ], [ 8.644453008482962, 47.408825810147214 ], [ 8.644425108474829, 47.408769910142986 ], [ 8.644407408479678, 47.408734410141399 ], [ 8.644403308476074, 47.408661410146479 ], [ 8.644428208479546, 47.408620510148751 ] ] } },
{ "type": "Feature", "properties": { "name": "LV_200-2_0_6_line_79" }, "geometry": { "type": "LineString", "coordinates": [ [ 8.644301808480158, 47.408915010145527 ], [ 8.644129111999945, 47.409073201087566 ] ] } },
{ "type": "Feature", "properties": { "name": "LV_200-2_0_6_line_80" }, "geometry": { "type": "LineString", "coordinates": [ [ 8.644301808480158, 47.408915010145527 ], [ 8.6441697084827, 47.408852310143949 ], [ 8.644123508478973, 47.408843210141988 ], [ 8.644085334711054, 47.40882521383682 ] ] } },
{ "type": "Feature", "properties": { "name": "LV_200-2_0_6_line_81" }, "geometry": { "type": "LineString", "coordinates": [ [ 8.643482108476311, 47.40849661014569 ], [ 8.643581208476721, 47.408411510145498 ], [ 8.6435872084745, 47.408350510144786 ], [ 8.643595162087946, 47.408342070626624 ] ] } },
{ "type": "Feature", "properties": { "name": "LV_200-2_0_6_line_82" }, "geometry": { "type": "LineString", "coordinates": [ [ 8.643684889314095, 47.408593969930315 ], [ 8.643831208485151, 47.408705410147597 ], [ 8.644085334711054, 47.40882521383682 ] ] } },
{ "type": "Feature", "properties": { "name": "LV_200-2_0_6_line_83" }, "geometry": { "type": "LineString", "coordinates": [ [ 8.643482108476311, 47.40849661014569 ], [ 8.643644108485926, 47.408562910144909 ], [ 8.643673599893276, 47.408585371603422 ] ] } },
{ "type": "Feature", "properties": { "name": "LV_200-2_0_6_line_84" }, "geometry": { "type": "LineString", "coordinates": [ [ 8.643482108476311, 47.40849661014569 ], [ 8.643405408484391, 47.408536710147168 ] ] } },
{ "type": "Feature", "properties": { "name": "LV_200-2_0_6_line_85" }, "geometry": { "type": "LineString", "coordinates": [ [ 8.643684889314095, 47.408593969930315 ], [ 8.643673599893276, 47.408585371603422 ] ] } },
{ "type": "Feature", "properties": { "name": "LV_200-2_0_6_line_86" }, "geometry": { "type": "LineString", "coordinates": [ [ 8.643130908486151, 47.408654510144906 ], [ 8.643276108476, 47.408653410146428 ], [ 8.643344008484796, 47.408626210147318 ], [ 8.643380508479591, 47.408596810141951 ], [ 8.64339640847993, 47.408555810143262 ], [ 8.643405408484391, 47.408536710147168 ] ] } },
{ "type": "Feature", "properties": { "name": "LV_200-2_0_6_line_87" }, "geometry": { "type": "LineString", "coordinates": [ [ 8.643130908486151, 47.408654510144906 ], [ 8.643092508476609, 47.408741410144842 ], [ 8.643024596043972, 47.408822300628138 ] ] } },
{ "type": "Feature", "properties": { "name": "LV_200-2_0_6_line_88" }, "geometry": { "type": "LineString", "coordinates": [ [ 8.643016108478548, 47.408832410143361 ], [ 8.643024596043972, 47.408822300628138 ] ] } },
{ "type": "Feature", "properties": { "name": "LV_200-2_0_6_line_89" }, "geometry": { "type": "LineString", "coordinates": [ [ 8.643288283168411, 47.408945297610366 ], [ 8.643250250114827, 47.408929523048378 ] ] } },
{ "type": "Feature", "properties": { "name": "LV_200-2_0_6_line_90" }, "geometry": { "type": "LineString", "coordinates": [ [ 8.643016108478548, 47.408832410143361 ], [ 8.643250250114827, 47.408929523048378 ] ] } },
{ "type": "Feature", "properties": { "name": "LV_200-2_0_6_line_91" }, "geometry": { "type": "LineString", "coordinates": [ [ 8.642826108473727, 47.409051710140744 ], [ 8.643016108478548, 47.408832410143361 ] ] } },
{ "type": "Feature", "properties": { "name": "LV_200-9_0_4_line_0" }, "geometry": { "type": "LineString", "coordinates": [ [ 8.645276038710573, 47.411770048470139 ], [ 8.645343508476859, 47.411880810143849 ], [ 8.645435008480785, 47.411914410149208 ], [ 8.645468408482719, 47.411961110142833 ], [ 8.645468408482719, 47.411961110142833 ] ] } },
{ "type": "Feature", "properties": { "name": "LV_200-9_0_4_line_1" }, "geometry": { "type": "LineString", "coordinates": [ [ 8.645253108481368, 47.411573310140703 ], [ 8.645281408478045, 47.411619210144849 ], [ 8.645285408476671, 47.41163721014113 ], [ 8.64527670847975, 47.411650610141628 ], [ 8.645250808482466, 47.411665010145555 ], [ 8.645237508475718, 47.411684310144693 ], [ 8.645236908476623, 47.411705810148256 ], [ 8.645276038710573, 47.411770048470139 ] ] } },
{ "type": "Feature", "properties": { "name": "LV_200-9_0_4_line_2" }, "geometry": { "type": "LineString", "coordinates": [ [ 8.646049008477329, 47.412038710143449 ], [ 8.645468408482719, 47.411961110142833 ] ] } },
{ "type": "Feature", "properties": { "name": "LV_200-9_0_4_line_3" }, "geometry": { "type": "LineString", "coordinates": [ [ 8.645253108481368, 47.411573310140703 ], [ 8.645054508484028, 47.411599910141618 ], [ 8.645021648363326, 47.411585667401617 ] ] } },
{ "type": "Feature", "properties": { "name": "LV_200-9_0_4_line_4" }, "geometry": { "type": "LineString", "coordinates": [ [ 8.645329508475932, 47.411563010147219 ], [ 8.645253108481368, 47.411573310140703 ] ] } },
{ "type": "Feature", "properties": { "name": "LV_200-9_0_4_line_5" }, "geometry": { "type": "LineString", "coordinates": [ [ 8.646049008477329, 47.412038710143449 ], [ 8.645654608487279, 47.412412410141776 ] ] } },
{ "type": "Feature", "properties": { "name": "LV_200-9_0_4_line_6" }, "geometry": { "type": "LineString", "coordinates": [ [ 8.644923175475704, 47.411542985643258 ], [ 8.645021648363326, 47.411585667401617 ] ] } },
{ "type": "Feature", "properties": { "name": "LV_200-9_0_4_line_7" }, "geometry": { "type": "LineString", "coordinates": [ [ 8.645654608487279, 47.412412410141776 ], [ 8.645580141504952, 47.412497781662182 ] ] } },
{ "type": "Feature", "properties": { "name": "LV_200-9_0_4_line_8" }, "geometry": { "type": "LineString", "coordinates": [ [ 8.644766808482903, 47.411475210143685 ], [ 8.644923175475704, 47.411542985643258 ] ] } },
{ "type": "Feature", "properties": { "name": "LV_200-9_0_4_line_9" }, "geometry": { "type": "LineString", "coordinates": [ [ 8.645580141504952, 47.412497781662182 ], [ 8.645381061227106, 47.412726012580642 ] ] } },
{ "type": "Feature", "properties": { "name": "LV_200-9_0_4_line_10" }, "geometry": { "type": "LineString", "coordinates": [ [ 8.646005979725969, 47.411358053265026 ], [ 8.645747108485295, 47.411092210148148 ], [ 8.645736652357199, 47.411082724737128 ] ] } },
{ "type": "Feature", "properties": { "name": "LV_200-9_0_4_line_11" }, "geometry": { "type": "LineString", "coordinates": [ [ 8.645736652357199, 47.411082724737128 ], [ 8.645717406145774, 47.411065265276896 ] ] } },
{ "type": "Feature", "properties": { "name": "LV_200-9_0_4_line_12" }, "geometry": { "type": "LineString", "coordinates": [ [ 8.644715608486633, 47.411515110145736 ], [ 8.644766808482903, 47.411475210143685 ] ] } },
{ "type": "Feature", "properties": { "name": "LV_200-9_0_4_line_13" }, "geometry": { "type": "LineString", "coordinates": [ [ 8.644766808482903, 47.411475210143685 ], [ 8.644812524393275, 47.411438410644806 ] ] } },
{ "type": "Feature", "properties": { "name": "LV_200-9_0_4_line_14" }, "geometry": { "type": "LineString", "coordinates": [ [ 8.645818881670465, 47.409730763588733 ], [ 8.645933849811016, 47.409595174854182 ] ] } },
{ "type": "Feature", "properties": { "name": "LV_200-9_0_4_line_15" }, "geometry": { "type": "LineString", "coordinates": [ [ 8.645732608484032, 47.409832510144945 ], [ 8.645818881670465, 47.409730763588733 ] ] } },
{ "type": "Feature", "properties": { "name": "LV_200-9_0_4_line_16" }, "geometry": { "type": "LineString", "coordinates": [ [ 8.645933849811016, 47.409595174854182 ], [ 8.645979344944209, 47.4095415195141 ] ] } },
{ "type": "Feature", "properties": { "name": "LV_200-9_0_4_line_17" }, "geometry": { "type": "LineString", "coordinates": [ [ 8.645732608484032, 47.409832510144945 ], [ 8.64553779669497, 47.409733654483219 ] ] } },
{ "type": "Feature", "properties": { "name": "LV_200-9_0_4_line_18" }, "geometry": { "type": "LineString", "coordinates": [ [ 8.645732608484032, 47.409832510144945 ], [ 8.64570780848771, 47.409863510146593 ], [ 8.645690408477126, 47.409898310141685 ], [ 8.645675708488055, 47.409946310144221 ], [ 8.645675208483329, 47.409983610140436 ], [ 8.645684908483814, 47.410020310143864 ], [ 8.645699257040196, 47.410045525193269 ] ] } },
{ "type": "Feature", "properties": { "name": "LV_200-9_0_4_line_19" }, "geometry": { "type": "LineString", "coordinates": [ [ 8.646240508481055, 47.409233510142279 ], [ 8.645979344944209, 47.4095415195141 ] ] } },
{ "type": "Feature", "properties": { "name": "LV_200-9_0_4_line_20" }, "geometry": { "type": "LineString", "coordinates": [ [ 8.64520920848304, 47.409597910145308 ], [ 8.645235608487987, 47.409580310141706 ], [ 8.64553779669497, 47.409733654483219 ] ] } },
{ "type": "Feature", "properties": { "name": "LV_200-9_0_4_line_21" }, "geometry": { "type": "LineString", "coordinates": [ [ 8.645865794491685, 47.410243939909464 ], [ 8.645748308476737, 47.410113410144973 ], [ 8.645708808482048, 47.410062310142564 ], [ 8.645699257040196, 47.410045525193269 ] ] } },
{ "type": "Feature", "properties": { "name": "LV_200-9_0_4_line_22" }, "geometry": { "type": "LineString", "coordinates": [ [ 8.646240508481055, 47.409233510142279 ], [ 8.645757208477544, 47.409004610143327 ] ] } },
{ "type": "Feature", "properties": { "name": "LV_200-9_0_4_line_23" }, "geometry": { "type": "LineString", "coordinates": [ [ 8.64520920848304, 47.409597910145308 ], [ 8.64503097546849, 47.409716712777637 ] ] } },
{ "type": "Feature", "properties": { "name": "LV_200-9_0_4_line_24" }, "geometry": { "type": "LineString", "coordinates": [ [ 8.64520920848304, 47.409597910145308 ], [ 8.645095452712665, 47.409546928093008 ] ] } },
{ "type": "Feature", "properties": { "name": "LV_200-9_0_4_line_25" }, "geometry": { "type": "LineString", "coordinates": [ [ 8.645872708483926, 47.410421010143715 ], [ 8.645899008485353, 47.410372710141665 ], [ 8.645908808481016, 47.410332810148951 ], [ 8.645901208477705, 47.410298110148929 ], [ 8.645875308486287, 47.410254510142195 ], [ 8.645865794491685, 47.410243939909464 ] ] } },
{ "type": "Feature", "properties": { "name": "LV_200-9_0_4_line_26" }, "geometry": { "type": "LineString", "coordinates": [ [ 8.645757208477544, 47.409004610143327 ], [ 8.645639308483965, 47.409124410140919 ], [ 8.645562608483148, 47.409209310144277 ], [ 8.645562608483237, 47.409226110141887 ], [ 8.645644008483895, 47.409271710148396 ], [ 8.645663308482368, 47.409322110148025 ], [ 8.645778008478649, 47.409377110140468 ], [ 8.645722433919083, 47.409417560561032 ] ] } },
{ "type": "Feature", "properties": { "name": "LV_200-9_0_4_line_27" }, "geometry": { "type": "LineString", "coordinates": [ [ 8.645000822548306, 47.409736811367907 ], [ 8.64503097546849, 47.409716712777637 ] ] } },
{ "type": "Feature", "properties": { "name": "LV_200-9_0_4_line_28" }, "geometry": { "type": "LineString", "coordinates": [ [ 8.645095452712665, 47.409546928093008 ], [ 8.644887903717535, 47.409453910082341 ] ] } },
{ "type": "Feature", "properties": { "name": "LV_200-9_0_4_line_29" }, "geometry": { "type": "LineString", "coordinates": [ [ 8.645872708483926, 47.410421010143715 ], [ 8.646026208483272, 47.410506210143524 ], [ 8.646053799999164, 47.410522864079205 ] ] } },
{ "type": "Feature", "properties": { "name": "LV_200-9_0_4_line_30" }, "geometry": { "type": "LineString", "coordinates": [ [ 8.645872708483926, 47.410421010143715 ], [ 8.645778308476521, 47.410541210145603 ], [ 8.645670526203569, 47.410659076572799 ] ] } },
{ "type": "Feature", "properties": { "name": "LV_200-9_0_4_line_31" }, "geometry": { "type": "LineString", "coordinates": [ [ 8.645872708483926, 47.410421010143715 ], [ 8.646069208479062, 47.410426710147142 ], [ 8.646309751466848, 47.410402575430943 ] ] } },
{ "type": "Feature", "properties": { "name": "LV_200-9_0_4_line_32" }, "geometry": { "type": "LineString", "coordinates": [ [ 8.645872708483926, 47.410421010143715 ], [ 8.645772808478768, 47.410406310141298 ], [ 8.645733608480068, 47.410398310142988 ], [ 8.645701808487674, 47.410388410147839 ], [ 8.645617890391609, 47.410348112153777 ] ] } },
{ "type": "Feature", "properties": { "name": "LV_200-9_0_4_line_33" }, "geometry": { "type": "LineString", "coordinates": [ [ 8.645617890391609, 47.410348112153777 ], [ 8.645585608481165, 47.410332610143115 ] ] } },
{ "type": "Feature", "properties": { "name": "LV_200-9_0_4_line_34" }, "geometry": { "type": "LineString", "coordinates": [ [ 8.645453708482291, 47.410291310147478 ], [ 8.64553190848004, 47.410313710148557 ], [ 8.645585608481165, 47.410332610143115 ], [ 8.645585608481165, 47.410332610143115 ] ] } },
{ "type": "Feature", "properties": { "name": "LV_200-9_0_4_line_35" }, "geometry": { "type": "LineString", "coordinates": [ [ 8.645453708482291, 47.410291310147478 ], [ 8.645424107324057, 47.410274722263509 ] ] } },
{ "type": "Feature", "properties": { "name": "LV_200-9_0_4_line_36" }, "geometry": { "type": "LineString", "coordinates": [ [ 8.646214629837186, 47.410619938856115 ], [ 8.646053799999164, 47.410522864079205 ] ] } },
{ "type": "Feature", "properties": { "name": "LV_200-9_0_4_line_37" }, "geometry": { "type": "LineString", "coordinates": [ [ 8.646314936093844, 47.41040205522399 ], [ 8.646309751466848, 47.410402575430943 ] ] } },
{ "type": "Feature", "properties": { "name": "LV_200-9_0_4_line_38" }, "geometry": { "type": "LineString", "coordinates": [ [ 8.645351508289275, 47.410240838805251 ], [ 8.645380008482121, 47.41025001014021 ], [ 8.645424107324057, 47.410274722263509 ] ] } },
{ "type": "Feature", "properties": { "name": "LV_200-9_0_4_line_39" }, "geometry": { "type": "LineString", "coordinates": [ [ 8.646214629837186, 47.410619938856115 ], [ 8.646224531535438, 47.410625915370048 ] ] } },
{ "type": "Feature", "properties": { "name": "LV_200-9_0_4_line_40" }, "geometry": { "type": "LineString", "coordinates": [ [ 8.646314936093844, 47.41040205522399 ], [ 8.646338308481342, 47.410399710145128 ], [ 8.646449708483312, 47.410374610139861 ], [ 8.646532811257533, 47.410351309057404 ] ] } },
{ "type": "Feature", "properties": { "name": "LV_200-9_0_4_line_41" }, "geometry": { "type": "LineString", "coordinates": [ [ 8.645344765838569, 47.410239648718367 ], [ 8.645351108480359, 47.410240710147107 ], [ 8.645351508289275, 47.410240838805251 ] ] } },
{ "type": "Feature", "properties": { "name": "LV_200-9_0_4_line_42" }, "geometry": { "type": "LineString", "coordinates": [ [ 8.646224531535438, 47.410625915370048 ], [ 8.646400822334664, 47.410732321465943 ] ] } },
{ "type": "Feature", "properties": { "name": "LV_200-9_0_4_line_43" }, "geometry": { "type": "LineString", "coordinates": [ [ 8.645424208477646, 47.410892210144318 ], [ 8.645353108485921, 47.410918810142768 ], [ 8.645264008478764, 47.410952110144393 ] ] } },
{ "type": "Feature", "properties": { "name": "LV_200-9_0_4_line_44" }, "geometry": { "type": "LineString", "coordinates": [ [ 8.645424208477646, 47.410892210144318 ], [ 8.645555808475885, 47.410949910145462 ], [ 8.645648008475655, 47.411002310145179 ] ] } },
{ "type": "Feature", "properties": { "name": "LV_200-9_0_4_line_45" }, "geometry": { "type": "LineString", "coordinates": [ [ 8.645264008478764, 47.410952110144393 ], [ 8.645192283297696, 47.410915353664095 ] ] } },
{ "type": "Feature", "properties": { "name": "LV_200-9_0_4_line_46" }, "geometry": { "type": "LineString", "coordinates": [ [ 8.645264008478764, 47.410952110144393 ], [ 8.64529180848028, 47.411027910144355 ], [ 8.645294708486732, 47.411071710146445 ], [ 8.645273508478695, 47.41110971014529 ], [ 8.645227908484896, 47.411155810147179 ], [ 8.64519332967202, 47.411180710681577 ] ] } },
{ "type": "Feature", "properties": { "name": "LV_200-9_0_4_line_47" }, "geometry": { "type": "LineString", "coordinates": [ [ 8.645717406145774, 47.411065265276896 ], [ 8.645648008475655, 47.411002310145179 ] ] } },
{ "type": "Feature", "properties": { "name": "LV_200-9_0_4_line_48" }, "geometry": { "type": "LineString", "coordinates": [ [ 8.646829384754191, 47.410268152534883 ], [ 8.646532811257533, 47.410351309057404 ] ] } },
{ "type": "Feature", "properties": { "name": "LV_200-9_0_4_line_49" }, "geometry": { "type": "LineString", "coordinates": [ [ 8.644199603172053, 47.412752677511428 ], [ 8.644245908474863, 47.412645310143773 ], [ 8.644260610834113, 47.412603804821011 ] ] } },
{ "type": "Feature", "properties": { "name": "LV_200-9_0_4_line_50" }, "geometry": { "type": "LineString", "coordinates": [ [ 8.644265908485647, 47.412459410148934 ], [ 8.644294508474156, 47.412508110147364 ], [ 8.644260610834113, 47.412603804821011 ] ] } },
{ "type": "Feature", "properties": { "name": "LV_200-9_0_4_line_51" }, "geometry": { "type": "LineString", "coordinates": [ [ 8.644265908485647, 47.412459410148934 ], [ 8.644209508484721, 47.412470710142024 ], [ 8.644075108484623, 47.412466010144449 ], [ 8.643996891159075, 47.412459972980251 ] ] } },
{ "type": "Feature", "properties": { "name": "LV_200-9_0_4_line_52" }, "geometry": { "type": "LineString", "coordinates": [ [ 8.644265908485647, 47.412459410148934 ], [ 8.644326508473181, 47.412418110143818 ], [ 8.644368328010563, 47.412321265000863 ] ] } },
{ "type": "Feature", "properties": { "name": "LV_200-9_0_4_line_53" }, "geometry": { "type": "LineString", "coordinates": [ [ 8.643481545013032, 47.412420194910048 ], [ 8.643996891159075, 47.412459972980251 ] ] } },
{ "type": "Feature", "properties": { "name": "LV_200-9_0_4_line_54" }, "geometry": { "type": "LineString", "coordinates": [ [ 8.644368328010563, 47.412321265000863 ], [ 8.644381773048789, 47.412290129057652 ] ] } },
{ "type": "Feature", "properties": { "name": "LV_200-9_0_4_line_55" }, "geometry": { "type": "LineString", "coordinates": [ [ 8.644498116397067, 47.412007524517335 ], [ 8.644496408478972, 47.412012510148386 ], [ 8.644385408476269, 47.412281710142715 ], [ 8.644381773048789, 47.412290129057652 ] ] } },
{ "type": "Feature", "properties": { "name": "LV_200-9_0_4_line_56" }, "geometry": { "type": "LineString", "coordinates": [ [ 8.642972915034095, 47.411906932237812 ], [ 8.643245708482038, 47.411800310148529 ], [ 8.643387873805413, 47.411787735755297 ] ] } },
{ "type": "Feature", "properties": { "name": "LV_200-9_0_4_line_57" }, "geometry": { "type": "LineString", "coordinates": [ [ 8.643528083030803, 47.411775334199476 ], [ 8.643387873805413, 47.411787735755297 ] ] } },
{ "type": "Feature", "properties": { "name": "LV_200-9_0_4_line_58" }, "geometry": { "type": "LineString", "coordinates": [ [ 8.644581208484547, 47.410900210148526 ], [ 8.644621677134243, 47.410893454458652 ] ] } },
{ "type": "Feature", "properties": { "name": "LV_200-9_0_4_line_59" }, "geometry": { "type": "LineString", "coordinates": [ [ 8.644808313183008, 47.410875071859664 ], [ 8.644704608478325, 47.410879610148321 ], [ 8.644621677134243, 47.410893454458652 ] ] } },
{ "type": "Feature", "properties": { "name": "LV_200-9_0_4_line_60" }, "geometry": { "type": "LineString", "coordinates": [ [ 8.644581208484547, 47.410900210148526 ], [ 8.644581208484547, 47.410900210148526 ], [ 8.644488008481693, 47.410930110144676 ], [ 8.644362063080504, 47.410977494304319 ] ] } },
{ "type": "Feature", "properties": { "name": "LV_200-9_0_4_line_61" }, "geometry": { "type": "LineString", "coordinates": [ [ 8.644808313183008, 47.410875071859664 ], [ 8.644812008474785, 47.410874910142908 ], [ 8.644869708476747, 47.41087231014523 ], [ 8.644979928478081, 47.410856225307178 ] ] } },
{ "type": "Feature", "properties": { "name": "LV_200-9_0_4_line_62" }, "geometry": { "type": "LineString", "coordinates": [ [ 8.644326032407399, 47.410991049999716 ], [ 8.644362063080504, 47.410977494304319 ] ] } },
{ "type": "Feature", "properties": { "name": "LV_200-9_0_4_line_63" }, "geometry": { "type": "LineString", "coordinates": [ [ 8.645055408478424, 47.410845210142256 ], [ 8.644979928478081, 47.410856225307178 ] ] } },
{ "type": "Feature", "properties": { "name": "LV_200-9_0_4_line_64" }, "geometry": { "type": "LineString", "coordinates": [ [ 8.644141408484284, 47.411060510145099 ], [ 8.644326032407399, 47.410991049999716 ] ] } },
{ "type": "Feature", "properties": { "name": "LV_200-9_0_4_line_65" }, "geometry": { "type": "LineString", "coordinates": [ [ 8.645055408478424, 47.410845210142256 ], [ 8.645192283297696, 47.410915353664095 ] ] } },
{ "type": "Feature", "properties": { "name": "LV_200-9_0_4_line_66" }, "geometry": { "type": "LineString", "coordinates": [ [ 8.645055408478424, 47.410845210142256 ], [ 8.645036647863954, 47.410828727131779 ] ] } },
{ "type": "Feature", "properties": { "name": "LV_200-9_0_4_line_67" }, "geometry": { "type": "LineString", "coordinates": [ [ 8.644141408484284, 47.411060510145099 ], [ 8.644059108483132, 47.411083010149028 ], [ 8.64398730848171, 47.411052710149569 ], [ 8.643937087630905, 47.411027950909435 ] ] } },
{ "type": "Feature", "properties": { "name": "LV_200-9_0_4_line_68" }, "geometry": { "type": "LineString", "coordinates": [ [ 8.644141408484284, 47.411060510145099 ], [ 8.644187108476181, 47.411135110141394 ], [ 8.644237108475121, 47.411180810141673 ], [ 8.644294630222976, 47.411228946703254 ] ] } },
{ "type": "Feature", "properties": { "name": "LV_200-9_0_4_line_69" }, "geometry": { "type": "LineString", "coordinates": [ [ 8.645036647863954, 47.410828727131779 ], [ 8.644907373394487, 47.410715146651597 ] ] } },
{ "type": "Feature", "properties": { "name": "LV_200-9_0_4_line_70" }, "geometry": { "type": "LineString", "coordinates": [ [ 8.644887903717535, 47.409453910082341 ], [ 8.644886838459161, 47.409453432660783 ] ] } },
{ "type": "Feature", "properties": { "name": "LV_200-9_0_4_line_71" }, "geometry": { "type": "LineString", "coordinates": [ [ 8.644839708478052, 47.40943231014564 ], [ 8.644886838459161, 47.409453432660783 ] ] } },
{ "type": "Feature", "properties": { "name": "LV_200-9_0_4_line_72" }, "geometry": { "type": "LineString", "coordinates": [ [ 8.645178680022052, 47.411191260027024 ], [ 8.64519332967202, 47.411180710681577 ] ] } },
{ "type": "Feature", "properties": { "name": "LV_200-9_0_4_line_73" }, "geometry": { "type": "LineString", "coordinates": [ [ 8.644715608486633, 47.411515110145736 ], [ 8.644695008476043, 47.411539010146555 ], [ 8.644647808484645, 47.411593810146698 ], [ 8.644624408479915, 47.411645310145339 ] ] } },
{ "type": "Feature", "properties": { "name": "LV_200-9_0_4_line_74" }, "geometry": { "type": "LineString", "coordinates": [ [ 8.644812524393275, 47.411438410644806 ], [ 8.644940108475151, 47.41133571014128 ], [ 8.644956082712779, 47.411326669514835 ] ] } },
{ "type": "Feature", "properties": { "name": "LV_200-9_0_4_line_75" }, "geometry": { "type": "LineString", "coordinates": [ [ 8.644624408479915, 47.411645310145339 ], [ 8.644595908486215, 47.411640710148717 ], [ 8.644533308483354, 47.411621010141936 ], [ 8.644431808355343, 47.411567833696132 ] ] } },
{ "type": "Feature", "properties": { "name": "LV_200-9_0_4_line_76" }, "geometry": { "type": "LineString", "coordinates": [ [ 8.644624408479915, 47.411645310145339 ], [ 8.644610708480673, 47.411675510145074 ], [ 8.644604008485219, 47.411698410145178 ], [ 8.644567968735627, 47.411803615814001 ] ] } },
{ "type": "Feature", "properties": { "name": "LV_200-9_0_4_line_77" }, "geometry": { "type": "LineString", "coordinates": [ [ 8.644996072003451, 47.411304037505197 ], [ 8.644956082712779, 47.411326669514835 ] ] } },
{ "type": "Feature", "properties": { "name": "LV_200-9_0_4_line_78" }, "geometry": { "type": "LineString", "coordinates": [ [ 8.645210008477756, 47.412922110141217 ], [ 8.645381061227106, 47.412726012580642 ] ] } },
{ "type": "Feature", "properties": { "name": "LV_200-9_0_4_line_79" }, "geometry": { "type": "LineString", "coordinates": [ [ 8.645638008487042, 47.409479010140224 ], [ 8.645638008487042, 47.409479010140224 ], [ 8.645722433919083, 47.409417560561032 ] ] } },
{ "type": "Feature", "properties": { "name": "LV_200-9_0_4_line_80" }, "geometry": { "type": "LineString", "coordinates": [ [ 8.645638008487042, 47.409479010140224 ], [ 8.645488308480385, 47.409423210143437 ], [ 8.645373608478319, 47.409375010145254 ], [ 8.645296698385883, 47.409455876157246 ] ] } },
{ "type": "Feature", "properties": { "name": "LV_200-9_0_4_line_81" }, "geometry": { "type": "LineString", "coordinates": [ [ 8.645209708476056, 47.410250510148977 ], [ 8.645209708476056, 47.410250510148977 ], [ 8.64523370847467, 47.410242510140264 ], [ 8.645264208483528, 47.410236510142269 ], [ 8.64529680847579, 47.410234810144551 ], [ 8.645326608480778, 47.410236610148651 ], [ 8.645344765838569, 47.410239648718367 ] ] } },
{ "type": "Feature", "properties": { "name": "LV_200-9_0_4_line_82" }, "geometry": { "type": "LineString", "coordinates": [ [ 8.645209708476056, 47.410250510148977 ], [ 8.645185508475596, 47.410262810146655 ], [ 8.6450457890545, 47.410368255633188 ] ] } },
{ "type": "Feature", "properties": { "name": "LV_200-9_0_4_line_83" }, "geometry": { "type": "LineString", "coordinates": [ [ 8.645017908477504, 47.410466610146791 ], [ 8.645002808486636, 47.410450610140764 ], [ 8.644997508476399, 47.410436010146128 ], [ 8.644999808485116, 47.410418510141866 ], [ 8.645007808487637, 47.410401610145769 ], [ 8.645020408478938, 47.410387410147635 ], [ 8.6450457890545, 47.410368255633188 ] ] } },
{ "type": "Feature", "properties": { "name": "LV_200-9_0_4_line_84" }, "geometry": { "type": "LineString", "coordinates": [ [ 8.645017908477504, 47.410466610146791 ], [ 8.644985408483858, 47.410490210142946 ], [ 8.644862519500483, 47.410579236791122 ] ] } },
{ "type": "Feature", "properties": { "name": "LV_200-9_0_4_line_85" }, "geometry": { "type": "LineString", "coordinates": [ [ 8.644498116397067, 47.412007524517335 ], [ 8.64450518831133, 47.411986880693256 ] ] } },
{ "type": "Feature", "properties": { "name": "LV_200-9_0_4_line_86" }, "geometry": { "type": "LineString", "coordinates": [ [ 8.64450518831133, 47.411986880693256 ], [ 8.644567968735627, 47.411803615814001 ] ] } },
{ "type": "Feature", "properties": { "name": "LV_200-9_0_4_line_87" }, "geometry": { "type": "LineString", "coordinates": [ [ 8.644357708487004, 47.40992151014445 ], [ 8.644210908485324, 47.409842210148334 ] ] } },
{ "type": "Feature", "properties": { "name": "LV_200-9_0_4_line_88" }, "geometry": { "type": "LineString", "coordinates": [ [ 8.644066308484657, 47.410165910149402 ], [ 8.644081608478473, 47.410153110148507 ], [ 8.644337008473974, 47.409938810145093 ], [ 8.644357708487004, 47.40992151014445 ] ] } },
{ "type": "Feature", "properties": { "name": "LV_200-9_0_4_line_89" }, "geometry": { "type": "LineString", "coordinates": [ [ 8.644210908485324, 47.409842210148334 ], [ 8.644329503454451, 47.409743063429161 ] ] } },
{ "type": "Feature", "properties": { "name": "LV_200-9_0_4_line_90" }, "geometry": { "type": "LineString", "coordinates": [ [ 8.643423508483115, 47.409882010148344 ], [ 8.643451008480888, 47.409853210144085 ], [ 8.64353350848268, 47.409889410146349 ], [ 8.643732808483124, 47.409989110145951 ], [ 8.643928708475327, 47.410092810147141 ], [ 8.643994108484442, 47.410126310145998 ], [ 8.644066308484657, 47.410165910149402 ] ] } },
{ "type": "Feature", "properties": { "name": "LV_200-9_0_4_line_91" }, "geometry": { "type": "LineString", "coordinates": [ [ 8.644247208477129, 47.410264910144441 ], [ 8.644066308484657, 47.410165910149402 ] ] } },
{ "type": "Feature", "properties": { "name": "LV_200-9_0_4_line_92" }, "geometry": { "type": "LineString", "coordinates": [ [ 8.643423508483115, 47.409882010148344 ], [ 8.643470108478041, 47.409902210149284 ], [ 8.64390270847729, 47.410123710144127 ], [ 8.644031708480721, 47.41019441014555 ], [ 8.644089261165382, 47.410225563035063 ] ] } },
{ "type": "Feature", "properties": { "name": "LV_200-9_0_4_line_93" }, "geometry": { "type": "LineString", "coordinates": [ [ 8.644098059888815, 47.410230325715197 ], [ 8.644089261165382, 47.410225563035063 ] ] } },
{ "type": "Feature", "properties": { "name": "LV_200-9_0_4_line_94" }, "geometry": { "type": "LineString", "coordinates": [ [ 8.644294630222976, 47.411228946703254 ], [ 8.644371448644449, 47.411293231349497 ] ] } },
{ "type": "Feature", "properties": { "name": "LV_200-9_0_4_line_95" }, "geometry": { "type": "LineString", "coordinates": [ [ 8.644098059888815, 47.410230325715197 ], [ 8.644298108476962, 47.410338610147306 ], [ 8.644393924875196, 47.410394290000241 ] ] } },
{ "type": "Feature", "properties": { "name": "LV_200-9_0_4_line_96" }, "geometry": { "type": "LineString", "coordinates": [ [ 8.644628892327818, 47.410530831061472 ], [ 8.644393924875196, 47.410394290000241 ] ] } },
{ "type": "Feature", "properties": { "name": "LV_200-9_0_4_line_97" }, "geometry": { "type": "LineString", "coordinates": [ [ 8.644661426364555, 47.410549736699743 ], [ 8.644628892327818, 47.410530831061472 ] ] } },
{ "type": "Feature", "properties": { "name": "LV_200-9_0_4_line_98" }, "geometry": { "type": "LineString", "coordinates": [ [ 8.644795608485877, 47.410627710144148 ], [ 8.644661426364555, 47.410549736699743 ] ] } },
{ "type": "Feature", "properties": { "name": "LV_200-9_0_4_line_99" }, "geometry": { "type": "LineString", "coordinates": [ [ 8.644040608482992, 47.41146911014296 ], [ 8.644080508485459, 47.411453410145057 ], [ 8.644144008480769, 47.411453410145185 ], [ 8.644237508476367, 47.411476710148449 ], [ 8.644384808479298, 47.411543210146021 ], [ 8.644431808355343, 47.411567833696132 ] ] } },
{ "type": "Feature", "properties": { "name": "LV_200-9_0_4_line_100" }, "geometry": { "type": "LineString", "coordinates": [ [ 8.644795608485877, 47.410627710144148 ], [ 8.644878308478878, 47.410689610141731 ], [ 8.644907373394487, 47.410715146651597 ] ] } },
{ "type": "Feature", "properties": { "name": "LV_200-9_0_4_line_101" }, "geometry": { "type": "LineString", "coordinates": [ [ 8.644795608485877, 47.410627710144148 ], [ 8.644862519500483, 47.410579236791122 ] ] } },
{ "type": "Feature", "properties": { "name": "LV_200-9_0_4_line_102" }, "geometry": { "type": "LineString", "coordinates": [ [ 8.645210008477756, 47.412922110141217 ], [ 8.6450599084777, 47.413007410149142 ], [ 8.644947008475638, 47.413120610144254 ], [ 8.644916293709864, 47.413139245418591 ] ] } },
{ "type": "Feature", "properties": { "name": "LV_200-9_0_4_line_103" }, "geometry": { "type": "LineString", "coordinates": [ [ 8.643528083030803, 47.411775334199476 ], [ 8.643615408481466, 47.411767610149376 ] ] } },
{ "type": "Feature", "properties": { "name": "LV_200-9_0_4_line_104" }, "geometry": { "type": "LineString", "coordinates": [ [ 8.643615408481466, 47.411767610149376 ], [ 8.643615408481466, 47.411767610149376 ], [ 8.643726908483645, 47.411725210149278 ], [ 8.643740959332675, 47.411713523865245 ] ] } },
{ "type": "Feature", "properties": { "name": "LV_200-9_0_4_line_105" }, "geometry": { "type": "LineString", "coordinates": [ [ 8.643740959332675, 47.411713523865245 ], [ 8.643833417167661, 47.411636625266588 ] ] } },
{ "type": "Feature", "properties": { "name": "LV_200-9_0_4_line_106" }, "geometry": { "type": "LineString", "coordinates": [ [ 8.644040608482992, 47.41146911014296 ], [ 8.64400570847924, 47.411482910141949 ], [ 8.643933108474892, 47.411553710144688 ], [ 8.643833417167661, 47.411636625266588 ] ] } },
{ "type": "Feature", "properties": { "name": "LV_200-9_0_4_line_107" }, "geometry": { "type": "LineString", "coordinates": [ [ 8.645178680022052, 47.411191260027024 ], [ 8.645117508479315, 47.411235310149308 ], [ 8.644996072003451, 47.411304037505197 ] ] } },
{ "type": "Feature", "properties": { "name": "LV_200-9_0_4_line_108" }, "geometry": { "type": "LineString", "coordinates": [ [ 8.64644610081068, 47.410759650665852 ], [ 8.646400822334664, 47.410732321465943 ] ] } },
{ "type": "Feature", "properties": { "name": "LV_200-9_0_4_line_109" }, "geometry": { "type": "LineString", "coordinates": [ [ 8.647228308485053, 47.410204410146264 ], [ 8.647147608486023, 47.410205010144189 ], [ 8.647062708484928, 47.410214310145157 ], [ 8.646971708482607, 47.410230410144109 ], [ 8.646889808480255, 47.410251210139769 ], [ 8.646829384754191, 47.410268152534883 ] ] } },
{ "type": "Feature", "properties": { "name": "LV_200-9_0_4_line_110" }, "geometry": { "type": "LineString", "coordinates": [ [ 8.647228308485053, 47.410204410146264 ], [ 8.647220708481797, 47.409954310139589 ], [ 8.647224008487473, 47.409902810141084 ], [ 8.647235508484412, 47.409836610144012 ], [ 8.647252508489288, 47.409774110141313 ] ] } },
{ "type": "Feature", "properties": { "name": "LV_200-6_0_6_line_0" }, "geometry": { "type": "LineString", "coordinates": [ [ 8.646404281564212, 47.406699058369675 ], [ 8.645250339172346, 47.406554304606502 ] ] } },
{ "type": "Feature", "properties": { "name": "LV_200-6_0_6_line_1" }, "geometry": { "type": "LineString", "coordinates": [ [ 8.64669600848843, 47.406560510138839 ], [ 8.646562808481301, 47.406671810139159 ], [ 8.64653280847781, 47.406653910146417 ], [ 8.64650760848405, 47.406677510145769 ], [ 8.64645900848663, 47.406648410142715 ], [ 8.646404281564212, 47.406699058369675 ] ] } },
{ "type": "Feature", "properties": { "name": "LV_200-6_0_6_line_2" }, "geometry": { "type": "LineString", "coordinates": [ [ 8.646372308478956, 47.406851010147605 ], [ 8.646333408485644, 47.406863810142859 ], [ 8.646306808480103, 47.406839810140987 ], [ 8.646304708478082, 47.406791210142863 ], [ 8.646404281564212, 47.406699058369675 ] ] } },
{ "type": "Feature", "properties": { "name": "LV_200-6_0_6_line_3" }, "geometry": { "type": "LineString", "coordinates": [ [ 8.646372308478956, 47.406851010147605 ], [ 8.646605908482183, 47.40695121014123 ] ] } },
{ "type": "Feature", "properties": { "name": "LV_200-6_0_6_line_4" }, "geometry": { "type": "LineString", "coordinates": [ [ 8.644477008476171, 47.408540510140284 ], [ 8.644505423009326, 47.408494034736897 ] ] } },
{ "type": "Feature", "properties": { "name": "LV_200-6_0_6_line_5" }, "geometry": { "type": "LineString", "coordinates": [ [ 8.644477008476171, 47.408540510140284 ], [ 8.644428208479546, 47.408620510148751 ], [ 8.644403308476074, 47.408661410146479 ], [ 8.644407408479678, 47.408734410141399 ], [ 8.644425108474829, 47.408769910142986 ], [ 8.644453008482962, 47.408825810147214 ], [ 8.644634008474714, 47.40877091014039 ], [ 8.645113508477888, 47.40872121014857 ], [ 8.645180208477864, 47.408708210148482 ] ] } },
{ "type": "Feature", "properties": { "name": "LV_200-6_0_6_line_6" }, "geometry": { "type": "LineString", "coordinates": [ [ 8.645180208477864, 47.408708210148482 ], [ 8.6452187084875, 47.408747010141056 ], [ 8.645305208477376, 47.408844510143673 ], [ 8.645482408480431, 47.4088744101402 ] ] } },
{ "type": "Feature", "properties": { "name": "LV_200-6_0_6_line_7" }, "geometry": { "type": "LineString", "coordinates": [ [ 8.645180208477864, 47.408708210148482 ], [ 8.64529030847828, 47.40867181014746 ], [ 8.645322384256668, 47.408654852546739 ] ] } },
{ "type": "Feature", "properties": { "name": "LV_200-6_0_6_line_8" }, "geometry": { "type": "LineString", "coordinates": [ [ 8.645482408480431, 47.4088744101402 ], [ 8.645691168729421, 47.408973320690926 ] ] } },
{ "type": "Feature", "properties": { "name": "LV_200-6_0_6_line_9" }, "geometry": { "type": "LineString", "coordinates": [ [ 8.645322384256668, 47.408654852546739 ], [ 8.645401908476606, 47.408612810142976 ], [ 8.645472708478618, 47.408528010142618 ], [ 8.645589121719254, 47.408362140955525 ] ] } },
{ "type": "Feature", "properties": { "name": "LV_200-6_0_6_line_10" }, "geometry": { "type": "LineString", "coordinates": [ [ 8.647315514558972, 47.406751562746578 ], [ 8.647328308486014, 47.406735710144531 ], [ 8.647433383558319, 47.406595203889111 ] ] } },
{ "type": "Feature", "properties": { "name": "LV_200-6_0_6_line_11" }, "geometry": { "type": "LineString", "coordinates": [ [ 8.64711980848818, 47.406935010140785 ], [ 8.64716150849039, 47.406926610139621 ], [ 8.647196708488487, 47.406900210139561 ], [ 8.647220808481789, 47.406868910141817 ], [ 8.647315514558972, 47.406751562746578 ] ] } },
{ "type": "Feature", "properties": { "name": "LV_200-6_0_6_line_12" }, "geometry": { "type": "LineString", "coordinates": [ [ 8.64711980848818, 47.406935010140785 ], [ 8.647069708480087, 47.406937210139439 ], [ 8.647047508478162, 47.406915210146067 ], [ 8.646948508488908, 47.406894010138622 ], [ 8.6468462084887, 47.406886510145235 ], [ 8.646743308489063, 47.406889210142253 ], [ 8.646734879440773, 47.406891235817064 ] ] } },
{ "type": "Feature", "properties": { "name": "LV_200-6_0_6_line_13" }, "geometry": { "type": "LineString", "coordinates": [ [ 8.646433108481098, 47.407157610144488 ], [ 8.646455397956398, 47.407126713368072 ] ] } },
{ "type": "Feature", "properties": { "name": "LV_200-6_0_6_line_14" }, "geometry": { "type": "LineString", "coordinates": [ [ 8.646572208485441, 47.407018510143295 ], [ 8.646519608484489, 47.407056910140021 ], [ 8.646477908479634, 47.407095510138937 ], [ 8.646455397956398, 47.407126713368072 ] ] } },
{ "type": "Feature", "properties": { "name": "LV_200-6_0_6_line_15" }, "geometry": { "type": "LineString", "coordinates": [ [ 8.646433108481098, 47.407157610144488 ], [ 8.646481808485078, 47.407173710143809 ] ] } },
{ "type": "Feature", "properties": { "name": "LV_200-6_0_6_line_16" }, "geometry": { "type": "LineString", "coordinates": [ [ 8.646433108481098, 47.407157610144488 ], [ 8.646099487010414, 47.407634196719862 ] ] } },
{ "type": "Feature", "properties": { "name": "LV_200-6_0_6_line_17" }, "geometry": { "type": "LineString", "coordinates": [ [ 8.646572208485441, 47.407018510143295 ], [ 8.646596208489656, 47.407004410142754 ], [ 8.646645308489507, 47.406984610139908 ], [ 8.646605908482183, 47.40695121014123 ] ] } },
{ "type": "Feature", "properties": { "name": "LV_200-6_0_6_line_18" }, "geometry": { "type": "LineString", "coordinates": [ [ 8.646228608487057, 47.407525810144485 ], [ 8.646481808485078, 47.407173710143809 ] ] } },
{ "type": "Feature", "properties": { "name": "LV_200-6_0_6_line_19" }, "geometry": { "type": "LineString", "coordinates": [ [ 8.646481808485078, 47.407173710143809 ], [ 8.646617608488059, 47.40724061014167 ], [ 8.646730212055072, 47.407277942908948 ] ] } },
{ "type": "Feature", "properties": { "name": "LV_200-6_0_6_line_20" }, "geometry": { "type": "LineString", "coordinates": [ [ 8.645923599706075, 47.407885452238695 ], [ 8.646099487010414, 47.407634196719862 ] ] } },
{ "type": "Feature", "properties": { "name": "LV_200-6_0_6_line_21" }, "geometry": { "type": "LineString", "coordinates": [ [ 8.646605908482183, 47.40695121014123 ], [ 8.646647508483511, 47.40693321014227 ], [ 8.646668408483922, 47.406907210139885 ], [ 8.646734879440773, 47.406891235817064 ] ] } },
{ "type": "Feature", "properties": { "name": "LV_200-6_0_6_line_22" }, "geometry": { "type": "LineString", "coordinates": [ [ 8.646228608487057, 47.407525810144485 ], [ 8.646380008486846, 47.407574310143865 ], [ 8.646562908482831, 47.407609210146745 ], [ 8.646652308479522, 47.407476710144067 ], [ 8.646618108481949, 47.407462710147549 ] ] } },
{ "type": "Feature", "properties": { "name": "LV_200-6_0_6_line_23" }, "geometry": { "type": "LineString", "coordinates": [ [ 8.646228608487057, 47.407525810144485 ], [ 8.64621780848028, 47.407540310146196 ], [ 8.646380008485892, 47.407594610141899 ], [ 8.646422408476813, 47.407623310142284 ], [ 8.646472808483679, 47.407674010146472 ] ] } },
{ "type": "Feature", "properties": { "name": "LV_200-6_0_6_line_24" }, "geometry": { "type": "LineString", "coordinates": [ [ 8.645923599706075, 47.407885452238695 ], [ 8.645910608487821, 47.407904010140321 ], [ 8.645761518554449, 47.408116471636383 ] ] } },
{ "type": "Feature", "properties": { "name": "LV_200-6_0_6_line_25" }, "geometry": { "type": "LineString", "coordinates": [ [ 8.646472808483679, 47.407674010146472 ], [ 8.646503508479825, 47.407686610146158 ] ] } },
{ "type": "Feature", "properties": { "name": "LV_200-6_0_6_line_26" }, "geometry": { "type": "LineString", "coordinates": [ [ 8.645606408480981, 47.408337510140484 ], [ 8.645761518554449, 47.408116471636383 ] ] } },
{ "type": "Feature", "properties": { "name": "LV_200-6_0_6_line_27" }, "geometry": { "type": "LineString", "coordinates": [ [ 8.647016469173492, 47.407928312972309 ], [ 8.647033308487623, 47.407875410147241 ], [ 8.647082666412174, 47.407570239738199 ] ] } },
{ "type": "Feature", "properties": { "name": "LV_200-6_0_6_line_28" }, "geometry": { "type": "LineString", "coordinates": [ [ 8.647016469173492, 47.407928312972309 ], [ 8.646960801218119, 47.408103200167062 ] ] } },
{ "type": "Feature", "properties": { "name": "LV_200-6_0_6_line_29" }, "geometry": { "type": "LineString", "coordinates": [ [ 8.646353085868908, 47.407975882352822 ], [ 8.646503508479825, 47.407686610146158 ], [ 8.646503508479825, 47.407686610146158 ] ] } },
{ "type": "Feature", "properties": { "name": "LV_200-6_0_6_line_30" }, "geometry": { "type": "LineString", "coordinates": [ [ 8.645606408480981, 47.408337510140484 ], [ 8.645589121719254, 47.408362140955525 ] ] } },
{ "type": "Feature", "properties": { "name": "LV_200-6_0_6_line_31" }, "geometry": { "type": "LineString", "coordinates": [ [ 8.645757208477544, 47.409004610143327 ], [ 8.645691168729421, 47.408973320690926 ] ] } },
{ "type": "Feature", "properties": { "name": "LV_200-6_0_6_line_32" }, "geometry": { "type": "LineString", "coordinates": [ [ 8.645757208477544, 47.409004610143327 ], [ 8.645639308483965, 47.409124410140919 ], [ 8.645562608483148, 47.409209310144277 ], [ 8.645562608483237, 47.409226110141887 ], [ 8.645644008483895, 47.409271710148396 ], [ 8.645663308482368, 47.409322110148025 ], [ 8.645756878526964, 47.409366978094177 ] ] } },
{ "type": "Feature", "properties": { "name": "LV_200-6_0_6_line_33" }, "geometry": { "type": "LineString", "coordinates": [ [ 8.645757208477544, 47.409004610143327 ], [ 8.645874417146564, 47.409060122750731 ] ] } },
{ "type": "Feature", "properties": { "name": "LV_200-6_0_6_line_34" }, "geometry": { "type": "LineString", "coordinates": [ [ 8.645980742833581, 47.409110480722831 ], [ 8.645874417146564, 47.409060122750731 ] ] } },
{ "type": "Feature", "properties": { "name": "LV_200-6_0_6_line_35" }, "geometry": { "type": "LineString", "coordinates": [ [ 8.645980742833581, 47.409110480722831 ], [ 8.646016068826532, 47.409127211781644 ] ] } },
{ "type": "Feature", "properties": { "name": "LV_200-6_0_6_line_36" }, "geometry": { "type": "LineString", "coordinates": [ [ 8.646240508481055, 47.409233510142279 ], [ 8.646016068826532, 47.409127211781644 ] ] } },
{ "type": "Feature", "properties": { "name": "LV_200-6_0_6_line_37" }, "geometry": { "type": "LineString", "coordinates": [ [ 8.646240508481055, 47.409233510142279 ], [ 8.646166592833268, 47.409320684740472 ] ] } },
{ "type": "Feature", "properties": { "name": "LV_200-6_0_6_line_38" }, "geometry": { "type": "LineString", "coordinates": [ [ 8.646240508481055, 47.409233510142279 ], [ 8.646454460346661, 47.40902869123375 ] ] } },
{ "type": "Feature", "properties": { "name": "LV_200-6_0_6_line_39" }, "geometry": { "type": "LineString", "coordinates": [ [ 8.646939196397247, 47.408171073820299 ], [ 8.646960801218119, 47.408103200167062 ] ] } },
{ "type": "Feature", "properties": { "name": "LV_200-6_0_6_line_40" }, "geometry": { "type": "LineString", "coordinates": [ [ 8.646925467881484, 47.408214203243411 ], [ 8.646939196397247, 47.408171073820299 ] ] } },
{ "type": "Feature", "properties": { "name": "LV_200-6_0_6_line_41" }, "geometry": { "type": "LineString", "coordinates": [ [ 8.646925467881484, 47.408214203243411 ], [ 8.646918908485372, 47.408234810143909 ], [ 8.646831764312507, 47.40842692819475 ] ] } },
{ "type": "Feature", "properties": { "name": "LV_200-6_0_6_line_42" }, "geometry": { "type": "LineString", "coordinates": [ [ 8.646624003124943, 47.408826200956348 ], [ 8.646705308482815, 47.408705710143636 ], [ 8.646831764312507, 47.40842692819475 ] ] } },
{ "type": "Feature", "properties": { "name": "LV_200-6_0_6_line_43" }, "geometry": { "type": "LineString", "coordinates": [ [ 8.646547408478799, 47.40893971013957 ], [ 8.646454460346661, 47.40902869123375 ] ] } },
{ "type": "Feature", "properties": { "name": "LV_200-6_0_6_line_44" }, "geometry": { "type": "LineString", "coordinates": [ [ 8.646547408478799, 47.40893971013957 ], [ 8.646627508480238, 47.408931410144639 ], [ 8.646627508480238, 47.408931410144639 ] ] } },
{ "type": "Feature", "properties": { "name": "LV_200-6_0_6_line_45" }, "geometry": { "type": "LineString", "coordinates": [ [ 8.646547408478799, 47.40893971013957 ], [ 8.646624003124943, 47.408826200956348 ] ] } },
{ "type": "Feature", "properties": { "name": "LV_200-6_0_6_line_46" }, "geometry": { "type": "LineString", "coordinates": [ [ 8.646868518498749, 47.408673540671352 ], [ 8.646627508480238, 47.408931410144639 ] ] } },
{ "type": "Feature", "properties": { "name": "LV_200-6_0_6_line_47" }, "geometry": { "type": "LineString", "coordinates": [ [ 8.647153308488946, 47.408548110145126 ], [ 8.647043508481671, 47.40855141013995 ], [ 8.646913408490001, 47.408625510141647 ], [ 8.646868518498749, 47.408673540671352 ] ] } },
{ "type": "Feature", "properties": { "name": "LV_200-6_0_6_line_48" }, "geometry": { "type": "LineString", "coordinates": [ [ 8.648965708488738, 47.409441710138864 ], [ 8.649080470568411, 47.409332924306845 ] ] } },
{ "type": "Feature", "properties": { "name": "LV_200-6_0_6_line_49" }, "geometry": { "type": "LineString", "coordinates": [ [ 8.649080470568411, 47.409332924306845 ], [ 8.649219524043019, 47.409201111303297 ] ] } },
{ "type": "Feature", "properties": { "name": "LV_200-6_0_6_line_50" }, "geometry": { "type": "LineString", "coordinates": [ [ 8.649219524043019, 47.409201111303297 ], [ 8.649369361079415, 47.409059075310147 ] ] } },
{ "type": "Feature", "properties": { "name": "LV_200-6_0_6_line_51" }, "geometry": { "type": "LineString", "coordinates": [ [ 8.649563608492192, 47.408810210143848 ], [ 8.649541908484915, 47.408895510145655 ], [ 8.649369361079415, 47.409059075310147 ] ] } },
{ "type": "Feature", "properties": { "name": "LV_200-6_0_6_line_52" }, "geometry": { "type": "LineString", "coordinates": [ [ 8.649563608492192, 47.408810210143848 ], [ 8.649613308491354, 47.408803410144223 ], [ 8.649870608484955, 47.408756610144955 ] ] } },
{ "type": "Feature", "properties": { "name": "LV_200-6_0_6_line_53" }, "geometry": { "type": "LineString", "coordinates": [ [ 8.649563608492192, 47.408810210143848 ], [ 8.649514861016117, 47.408816925572012 ] ] } },
{ "type": "Feature", "properties": { "name": "LV_200-6_0_6_line_54" }, "geometry": { "type": "LineString", "coordinates": [ [ 8.647153308488946, 47.408548110145126 ], [ 8.647235608486817, 47.408558710144746 ], [ 8.647372714796788, 47.408590753177521 ] ] } },
{ "type": "Feature", "properties": { "name": "LV_200-6_0_6_line_55" }, "geometry": { "type": "LineString", "coordinates": [ [ 8.647153308488946, 47.408548110145126 ], [ 8.647160908477973, 47.408494810139558 ], [ 8.647198308477396, 47.408358710139495 ], [ 8.647265054303348, 47.408234250716191 ] ] } },
{ "type": "Feature", "properties": { "name": "LV_200-6_0_6_line_56" }, "geometry": { "type": "LineString", "coordinates": [ [ 8.647372714796788, 47.408590753177521 ], [ 8.647426665394379, 47.408603361877994 ] ] } },
{ "type": "Feature", "properties": { "name": "LV_200-6_0_6_line_57" }, "geometry": { "type": "LineString", "coordinates": [ [ 8.647405352348834, 47.407913164884192 ], [ 8.647285508483868, 47.408196110145823 ], [ 8.647265054303348, 47.408234250716191 ] ] } },
{ "type": "Feature", "properties": { "name": "LV_200-6_0_6_line_58" }, "geometry": { "type": "LineString", "coordinates": [ [ 8.647426665394379, 47.408603361877994 ], [ 8.647693892597781, 47.4086658146527 ] ] } },
{ "type": "Feature", "properties": { "name": "LV_200-6_0_6_line_59" }, "geometry": { "type": "LineString", "coordinates": [ [ 8.647556108479939, 47.407761210147228 ], [ 8.647467108477699, 47.407810610142711 ], [ 8.647424308486066, 47.407868410143521 ], [ 8.647405352348834, 47.407913164884192 ] ] } },
{ "type": "Feature", "properties": { "name": "LV_200-6_0_6_line_60" }, "geometry": { "type": "LineString", "coordinates": [ [ 8.647950608485036, 47.408725810145981 ], [ 8.647693892597781, 47.4086658146527 ] ] } },
{ "type": "Feature", "properties": { "name": "LV_200-6_0_6_line_61" }, "geometry": { "type": "LineString", "coordinates": [ [ 8.647556108479939, 47.407761210147228 ], [ 8.647597008483327, 47.407841910146594 ], [ 8.647645825733223, 47.407885133233755 ] ] } },
{ "type": "Feature", "properties": { "name": "LV_200-6_0_6_line_62" }, "geometry": { "type": "LineString", "coordinates": [ [ 8.647556108479939, 47.407761210147228 ], [ 8.647584192050536, 47.407629451663503 ] ] } },
{ "type": "Feature", "properties": { "name": "LV_200-6_0_6_line_63" }, "geometry": { "type": "LineString", "coordinates": [ [ 8.647950608485036, 47.408725810145981 ], [ 8.647852868871867, 47.408888147560226 ] ] } },
{ "type": "Feature", "properties": { "name": "LV_200-6_0_6_line_64" }, "geometry": { "type": "LineString", "coordinates": [ [ 8.647950608485036, 47.408725810145981 ], [ 8.648162108482916, 47.408763910141793 ], [ 8.648488786179104, 47.40875583246374 ] ] } },
{ "type": "Feature", "properties": { "name": "LV_200-6_0_6_line_65" }, "geometry": { "type": "LineString", "coordinates": [ [ 8.647645825733223, 47.407885133233755 ], [ 8.647689508478727, 47.407923810142016 ], [ 8.647718228272282, 47.407932815913 ] ] } },
{ "type": "Feature", "properties": { "name": "LV_200-6_0_6_line_66" }, "geometry": { "type": "LineString", "coordinates": [ [ 8.647584753120803, 47.407626819295331 ], [ 8.647584192050536, 47.407629451663503 ] ] } },
{ "type": "Feature", "properties": { "name": "LV_200-6_0_6_line_67" }, "geometry": { "type": "LineString", "coordinates": [ [ 8.64858475067938, 47.408768823033228 ], [ 8.648599792011407, 47.408771538767944 ] ] } },
{ "type": "Feature", "properties": { "name": "LV_200-6_0_6_line_68" }, "geometry": { "type": "LineString", "coordinates": [ [ 8.64858475067938, 47.408768823033228 ], [ 8.648509908485531, 47.408755310146987 ], [ 8.648488786179104, 47.40875583246374 ] ] } },
{ "type": "Feature", "properties": { "name": "LV_200-6_0_6_line_69" }, "geometry": { "type": "LineString", "coordinates": [ [ 8.648599792011407, 47.408771538767944 ], [ 8.648806225042428, 47.408808810300528 ] ] } },
{ "type": "Feature", "properties": { "name": "LV_200-6_0_6_line_70" }, "geometry": { "type": "LineString", "coordinates": [ [ 8.648806225042428, 47.408808810300528 ], [ 8.648815957834564, 47.408810567550766 ] ] } },
{ "type": "Feature", "properties": { "name": "LV_200-6_0_6_line_71" }, "geometry": { "type": "LineString", "coordinates": [ [ 8.648990108489489, 47.408842010143623 ], [ 8.648815957834564, 47.408810567550766 ] ] } },
{ "type": "Feature", "properties": { "name": "LV_200-6_0_6_line_72" }, "geometry": { "type": "LineString", "coordinates": [ [ 8.647852868871867, 47.408888147560226 ], [ 8.647800143230402, 47.408975720045873 ] ] } },
{ "type": "Feature", "properties": { "name": "LV_200-6_0_6_line_73" }, "geometry": { "type": "LineString", "coordinates": [ [ 8.648990108489489, 47.408842010143623 ], [ 8.649133808486743, 47.40865581014279 ], [ 8.649201076206827, 47.40855693319331 ] ] } },
{ "type": "Feature", "properties": { "name": "LV_200-6_0_6_line_74" }, "geometry": { "type": "LineString", "coordinates": [ [ 8.648990108489489, 47.408842010143623 ], [ 8.64924420849211, 47.408854210145122 ], [ 8.649514861016117, 47.408816925572012 ] ] } },
{ "type": "Feature", "properties": { "name": "LV_200-6_0_6_line_75" }, "geometry": { "type": "LineString", "coordinates": [ [ 8.64771226524725, 47.409121676646357 ], [ 8.647800143230402, 47.408975720045873 ] ] } },
{ "type": "Feature", "properties": { "name": "LV_200-6_0_6_line_76" }, "geometry": { "type": "LineString", "coordinates": [ [ 8.648313708482892, 47.408088110146657 ], [ 8.648199983456831, 47.40828784327379 ] ] } },
{ "type": "Feature", "properties": { "name": "LV_200-6_0_6_line_77" }, "geometry": { "type": "LineString", "coordinates": [ [ 8.648313708482892, 47.408088110146657 ], [ 8.647881808487666, 47.407984110141548 ], [ 8.647718228272282, 47.407932815913 ] ] } },
{ "type": "Feature", "properties": { "name": "LV_200-6_0_6_line_78" }, "geometry": { "type": "LineString", "coordinates": [ [ 8.648313708482892, 47.408088110146657 ], [ 8.648322048350606, 47.408072853480199 ] ] } },
{ "type": "Feature", "properties": { "name": "LV_200-6_0_6_line_79" }, "geometry": { "type": "LineString", "coordinates": [ [ 8.649201076206827, 47.40855693319331 ], [ 8.649281701051908, 47.408438422045748 ] ] } },
{ "type": "Feature", "properties": { "name": "LV_200-6_0_6_line_80" }, "geometry": { "type": "LineString", "coordinates": [ [ 8.64771226524725, 47.409121676646357 ], [ 8.647692756483002, 47.409154078673197 ] ] } },
{ "type": "Feature", "properties": { "name": "LV_200-6_0_6_line_81" }, "geometry": { "type": "LineString", "coordinates": [ [ 8.648322048350606, 47.408072853480199 ], [ 8.648437906871937, 47.407860904958788 ] ] } },
{ "type": "Feature", "properties": { "name": "LV_200-6_0_6_line_82" }, "geometry": { "type": "LineString", "coordinates": [ [ 8.64751390984604, 47.409398142737452 ], [ 8.647672808480925, 47.409187210144303 ], [ 8.647692756483002, 47.409154078673197 ] ] } },
{ "type": "Feature", "properties": { "name": "LV_200-6_0_6_line_83" }, "geometry": { "type": "LineString", "coordinates": [ [ 8.647228308485053, 47.410204410146264 ], [ 8.647220708481797, 47.409954310139589 ], [ 8.647224008487473, 47.409902810141084 ], [ 8.647235508484412, 47.409836610144012 ], [ 8.647252508489288, 47.409774110141313 ], [ 8.647274508485753, 47.409722210144132 ], [ 8.647306108477116, 47.409673010141496 ], [ 8.647434308481534, 47.409503810140649 ], [ 8.64751390984604, 47.409398142737452 ] ] } },
{ "type": "Feature", "properties": { "name": "LV_200-6_0_6_line_84" }, "geometry": { "type": "LineString", "coordinates": [ [ 8.647228308485053, 47.410204410146264 ], [ 8.647332608488465, 47.410212810145289 ], [ 8.647454908487409, 47.410230510142256 ] ] } },
{ "type": "Feature", "properties": { "name": "LV_200-6_0_6_line_85" }, "geometry": { "type": "LineString", "coordinates": [ [ 8.647454908487409, 47.410230510142256 ], [ 8.647529208480691, 47.410245110144658 ], [ 8.648001808486105, 47.410344610145437 ] ] } },
{ "type": "Feature", "properties": { "name": "LV_200-6_0_6_line_86" }, "geometry": { "type": "LineString", "coordinates": [ [ 8.647454908487409, 47.410230510142256 ], [ 8.64754210848073, 47.409944110145325 ], [ 8.647567608479456, 47.409883010140142 ] ] } },
{ "type": "Feature", "properties": { "name": "LV_200-6_0_6_line_87" }, "geometry": { "type": "LineString", "coordinates": [ [ 8.648001808486105, 47.410344610145437 ], [ 8.648151841113478, 47.409878496866909 ] ] } },
{ "type": "Feature", "properties": { "name": "LV_200-6_0_6_line_88" }, "geometry": { "type": "LineString", "coordinates": [ [ 8.649334290449392, 47.408361120111159 ], [ 8.649281701051908, 47.408438422045748 ] ] } },
{ "type": "Feature", "properties": { "name": "LV_200-6_0_6_line_89" }, "geometry": { "type": "LineString", "coordinates": [ [ 8.648536478270437, 47.407677394621928 ], [ 8.64853290848318, 47.407687110141985 ], [ 8.648437906871937, 47.407860904958788 ] ] } },
{ "type": "Feature", "properties": { "name": "LV_200-6_0_6_line_90" }, "geometry": { "type": "LineString", "coordinates": [ [ 8.649334290449392, 47.408361120111159 ], [ 8.649419613539211, 47.408235701933933 ] ] } },
{ "type": "Feature", "properties": { "name": "LV_200-6_0_6_line_91" }, "geometry": { "type": "LineString", "coordinates": [ [ 8.649870608484955, 47.408756610144955 ], [ 8.650044408485735, 47.408683210141589 ], [ 8.650098217793776, 47.408640245851785 ] ] } },
{ "type": "Feature", "properties": { "name": "LV_200-6_0_6_line_92" }, "geometry": { "type": "LineString", "coordinates": [ [ 8.649419613539211, 47.408235701933933 ], [ 8.649420878024907, 47.40823384321628 ] ] } },
{ "type": "Feature", "properties": { "name": "LV_200-6_0_6_line_93" }, "geometry": { "type": "LineString", "coordinates": [ [ 8.650298843085832, 47.408478508891307 ], [ 8.650251808489369, 47.408517610138652 ], [ 8.650098217793776, 47.408640245851785 ] ] } },
{ "type": "Feature", "properties": { "name": "LV_200-6_0_6_line_94" }, "geometry": { "type": "LineString", "coordinates": [ [ 8.650298843085832, 47.408478508891307 ], [ 8.650501263899919, 47.408310229607366 ] ] } },
{ "type": "Feature", "properties": { "name": "LV_200-6_0_6_line_95" }, "geometry": { "type": "LineString", "coordinates": [ [ 8.650827664751127, 47.40815762538012 ], [ 8.650618808491329, 47.408212510141098 ], [ 8.650501263899919, 47.408310229607366 ] ] } },
{ "type": "Feature", "properties": { "name": "LV_200-6_0_6_line_96" }, "geometry": { "type": "LineString", "coordinates": [ [ 8.650481408491416, 47.406991110138556 ], [ 8.650481408491416, 47.406991110138556 ], [ 8.650533008491873, 47.407050810138685 ], [ 8.650522157473356, 47.407060074165493 ] ] } },
{ "type": "Feature", "properties": { "name": "LV_200-6_0_6_line_97" }, "geometry": { "type": "LineString", "coordinates": [ [ 8.65074320848338, 47.406802810137812 ], [ 8.650481408491416, 47.406991110138556 ] ] } },
{ "type": "Feature", "properties": { "name": "LV_200-6_0_6_line_98" }, "geometry": { "type": "LineString", "coordinates": [ [ 8.650337451343347, 47.407217765840045 ], [ 8.650522157473356, 47.407060074165493 ] ] } },
{ "type": "Feature", "properties": { "name": "LV_200-6_0_6_line_99" }, "geometry": { "type": "LineString", "coordinates": [ [ 8.65074320848338, 47.406802810137812 ], [ 8.650863970187253, 47.406883117336285 ] ] } },
{ "type": "Feature", "properties": { "name": "LV_200-6_0_6_line_100" }, "geometry": { "type": "LineString", "coordinates": [ [ 8.650321364174859, 47.407231500100799 ], [ 8.650337451343347, 47.407217765840045 ] ] } },
{ "type": "Feature", "properties": { "name": "LV_200-6_0_6_line_101" }, "geometry": { "type": "LineString", "coordinates": [ [ 8.650863970187253, 47.406883117336285 ], [ 8.651136850056087, 47.407064582570122 ] ] } },
{ "type": "Feature", "properties": { "name": "LV_200-6_0_6_line_102" }, "geometry": { "type": "LineString", "coordinates": [ [ 8.650321364174859, 47.407231500100799 ], [ 8.650194979019144, 47.407339399838797 ] ] } },
{ "type": "Feature", "properties": { "name": "LV_200-6_0_6_line_103" }, "geometry": { "type": "LineString", "coordinates": [ [ 8.651256582793756, 47.407144204305453 ], [ 8.651136850056087, 47.407064582570122 ] ] } },
{ "type": "Feature", "properties": { "name": "LV_200-6_0_6_line_104" }, "geometry": { "type": "LineString", "coordinates": [ [ 8.650194979019144, 47.407339399838797 ], [ 8.650154088504207, 47.407374309467123 ] ] } },
{ "type": "Feature", "properties": { "name": "LV_200-6_0_6_line_105" }, "geometry": { "type": "LineString", "coordinates": [ [ 8.651256582793756, 47.407144204305453 ], [ 8.651376811520095, 47.407224155489544 ] ] } },
{ "type": "Feature", "properties": { "name": "LV_200-6_0_6_line_106" }, "geometry": { "type": "LineString", "coordinates": [ [ 8.650149719158026, 47.407378039727043 ], [ 8.650154088504207, 47.407374309467123 ] ] } },
{ "type": "Feature", "properties": { "name": "LV_200-6_0_6_line_107" }, "geometry": { "type": "LineString", "coordinates": [ [ 8.650086977876564, 47.407431603988613 ], [ 8.650149719158026, 47.407378039727043 ] ] } },
{ "type": "Feature", "properties": { "name": "LV_200-6_0_6_line_108" }, "geometry": { "type": "LineString", "coordinates": [ [ 8.650086977876564, 47.407431603988613 ], [ 8.650027883185661, 47.407482054898821 ] ] } },
{ "type": "Feature", "properties": { "name": "LV_200-6_0_6_line_109" }, "geometry": { "type": "LineString", "coordinates": [ [ 8.650027883185661, 47.407482054898821 ], [ 8.649975108489622, 47.407527110138652 ], [ 8.649926502163526, 47.407586330932496 ] ] } },
{ "type": "Feature", "properties": { "name": "LV_200-6_0_6_line_110" }, "geometry": { "type": "LineString", "coordinates": [ [ 8.649854833502411, 47.40767365006603 ], [ 8.649926502163526, 47.407586330932496 ] ] } },
{ "type": "Feature", "properties": { "name": "LV_200-6_0_6_line_111" }, "geometry": { "type": "LineString", "coordinates": [ [ 8.649849132471919, 47.40768059602437 ], [ 8.649854833502411, 47.40767365006603 ] ] } },
{ "type": "Feature", "properties": { "name": "LV_200-6_0_6_line_112" }, "geometry": { "type": "LineString", "coordinates": [ [ 8.649825489815457, 47.407709401505549 ], [ 8.649849132471919, 47.40768059602437 ] ] } },
{ "type": "Feature", "properties": { "name": "LV_200-6_0_6_line_113" }, "geometry": { "type": "LineString", "coordinates": [ [ 8.649825489815457, 47.407709401505549 ], [ 8.649776219015045, 47.407769431405718 ] ] } },
{ "type": "Feature", "properties": { "name": "LV_200-6_0_6_line_114" }, "geometry": { "type": "LineString", "coordinates": [ [ 8.649776219015045, 47.407769431405718 ], [ 8.649601858139409, 47.407981865614552 ] ] } },
{ "type": "Feature", "properties": { "name": "LV_200-6_0_6_line_115" }, "geometry": { "type": "LineString", "coordinates": [ [ 8.649590812844828, 47.407995322686595 ], [ 8.649601858139409, 47.407981865614552 ] ] } },
{ "type": "Feature", "properties": { "name": "LV_200-6_0_6_line_116" }, "geometry": { "type": "LineString", "coordinates": [ [ 8.649420878024907, 47.40823384321628 ], [ 8.649546008488642, 47.408049910141301 ], [ 8.649590812844828, 47.407995322686595 ] ] } },
{ "type": "Feature", "properties": { "name": "LV_200-6_0_6_line_117" }, "geometry": { "type": "LineString", "coordinates": [ [ 8.648536478270437, 47.407677394621928 ], [ 8.648593949119373, 47.407520981385701 ] ] } },
{ "type": "Feature", "properties": { "name": "LV_200-6_0_6_line_118" }, "geometry": { "type": "LineString", "coordinates": [ [ 8.648641540303705, 47.407391456002244 ], [ 8.648593949119373, 47.407520981385701 ] ] } },
{ "type": "Feature", "properties": { "name": "LV_200-6_0_6_line_119" }, "geometry": { "type": "LineString", "coordinates": [ [ 8.648641540303705, 47.407391456002244 ], [ 8.648677072300499, 47.407294750833969 ] ] } },
{ "type": "Feature", "properties": { "name": "LV_200-6_0_6_line_120" }, "geometry": { "type": "LineString", "coordinates": [ [ 8.648738983395655, 47.407185856622355 ], [ 8.648690608485273, 47.40725791014367 ], [ 8.648677072300499, 47.407294750833969 ] ] } },
{ "type": "Feature", "properties": { "name": "LV_200-6_0_6_line_121" }, "geometry": { "type": "LineString", "coordinates": [ [ 8.649231434175309, 47.406726749270028 ], [ 8.649177208479889, 47.406765310142987 ], [ 8.64912635947811, 47.406805865414526 ] ] } },
{ "type": "Feature", "properties": { "name": "LV_200-6_0_6_line_122" }, "geometry": { "type": "LineString", "coordinates": [ [ 8.649231434175309, 47.406726749270028 ], [ 8.649365977670284, 47.406631072609848 ] ] } },
{ "type": "Feature", "properties": { "name": "LV_200-6_0_6_line_123" }, "geometry": { "type": "LineString", "coordinates": [ [ 8.649048249005649, 47.40686816324412 ], [ 8.64912635947811, 47.406805865414526 ] ] } },
{ "type": "Feature", "properties": { "name": "LV_200-6_0_6_line_124" }, "geometry": { "type": "LineString", "coordinates": [ [ 8.649448176935271, 47.406572618755185 ], [ 8.649365977670284, 47.406631072609848 ] ] } },
{ "type": "Feature", "properties": { "name": "LV_200-6_0_6_line_125" }, "geometry": { "type": "LineString", "coordinates": [ [ 8.648945916516757, 47.406951777274827 ], [ 8.648955908486005, 47.406941810143202 ], [ 8.649048249005649, 47.40686816324412 ] ] } },
{ "type": "Feature", "properties": { "name": "LV_200-6_0_6_line_126" }, "geometry": { "type": "LineString", "coordinates": [ [ 8.648945916516757, 47.406951777274827 ], [ 8.648888800472543, 47.407008751257358 ] ] } },
{ "type": "Feature", "properties": { "name": "LV_200-6_0_6_line_127" }, "geometry": { "type": "LineString", "coordinates": [ [ 8.648832200547636, 47.407065210260882 ], [ 8.648888800472543, 47.407008751257358 ] ] } },
{ "type": "Feature", "properties": { "name": "LV_200-6_0_6_line_128" }, "geometry": { "type": "LineString", "coordinates": [ [ 8.648832200547636, 47.407065210260882 ], [ 8.64879520848725, 47.407102110146255 ], [ 8.648759224210234, 47.407155708255964 ] ] } },
{ "type": "Feature", "properties": { "name": "LV_200-6_0_6_line_129" }, "geometry": { "type": "LineString", "coordinates": [ [ 8.648738983395655, 47.407185856622355 ], [ 8.648759224210234, 47.407155708255964 ] ] } },
{ "type": "Feature", "properties": { "name": "LV_200-6_0_6_line_130" }, "geometry": { "type": "LineString", "coordinates": [ [ 8.650945408484715, 47.40777811014631 ], [ 8.650945408484715, 47.40777811014631 ], [ 8.650976513154657, 47.407761456374374 ] ] } },
{ "type": "Feature", "properties": { "name": "LV_200-6_0_6_line_131" }, "geometry": { "type": "LineString", "coordinates": [ [ 8.650945408484715, 47.40777811014631 ], [ 8.650898108481547, 47.407923410142985 ] ] } },
{ "type": "Feature", "properties": { "name": "LV_200-6_0_6_line_132" }, "geometry": { "type": "LineString", "coordinates": [ [ 8.650976513154657, 47.407761456374374 ], [ 8.651341559911153, 47.407566005077577 ] ] } },
{ "type": "Feature", "properties": { "name": "LV_200-6_0_6_line_133" }, "geometry": { "type": "LineString", "coordinates": [ [ 8.650974608489786, 47.408119010137845 ], [ 8.650898108481547, 47.407923410142985 ], [ 8.650898108481547, 47.407923410142985 ] ] } },
{ "type": "Feature", "properties": { "name": "LV_200-6_0_6_line_134" }, "geometry": { "type": "LineString", "coordinates": [ [ 8.650974608489786, 47.408119010137845 ], [ 8.650827664751127, 47.40815762538012 ] ] } },
{ "type": "Feature", "properties": { "name": "LV_200-6_0_6_line_135" }, "geometry": { "type": "LineString", "coordinates": [ [ 8.647627642167921, 47.407463119466748 ], [ 8.647604108480007, 47.407536010144504 ], [ 8.647584753120803, 47.407626819295331 ] ] } },
{ "type": "Feature", "properties": { "name": "LV_200-6_0_6_line_136" }, "geometry": { "type": "LineString", "coordinates": [ [ 8.647627642167921, 47.407463119466748 ], [ 8.647644052949657, 47.407412290372598 ] ] } },
{ "type": "Feature", "properties": { "name": "LV_200-6_0_6_line_137" }, "geometry": { "type": "LineString", "coordinates": [ [ 8.647666985199473, 47.407341262194343 ], [ 8.647644052949657, 47.407412290372598 ] ] } },
{ "type": "Feature", "properties": { "name": "LV_200-6_0_6_line_138" }, "geometry": { "type": "LineString", "coordinates": [ [ 8.64767654414881, 47.407311655140433 ], [ 8.647666985199473, 47.407341262194343 ] ] } },
{ "type": "Feature", "properties": { "name": "LV_200-6_0_6_line_139" }, "geometry": { "type": "LineString", "coordinates": [ [ 8.64767654414881, 47.407311655140433 ], [ 8.64769412925359, 47.407257188528789 ] ] } },
{ "type": "Feature", "properties": { "name": "LV_200-6_0_6_line_140" }, "geometry": { "type": "LineString", "coordinates": [ [ 8.647726866943342, 47.407155789214585 ], [ 8.64769412925359, 47.407257188528789 ] ] } },
{ "type": "Feature", "properties": { "name": "LV_200-6_0_6_line_141" }, "geometry": { "type": "LineString", "coordinates": [ [ 8.648183922633526, 47.406415706096126 ], [ 8.648043270616787, 47.40657302082402 ] ] } },
{ "type": "Feature", "properties": { "name": "LV_200-6_0_6_line_142" }, "geometry": { "type": "LineString", "coordinates": [ [ 8.647884592102329, 47.406750496285106 ], [ 8.648043270616787, 47.40657302082402 ] ] } },
{ "type": "Feature", "properties": { "name": "LV_200-6_0_6_line_143" }, "geometry": { "type": "LineString", "coordinates": [ [ 8.647884592102329, 47.406750496285106 ], [ 8.647866608483245, 47.406770610141002 ], [ 8.64785110024458, 47.406796268130996 ] ] } },
{ "type": "Feature", "properties": { "name": "LV_200-6_0_6_line_144" }, "geometry": { "type": "LineString", "coordinates": [ [ 8.64785110024458, 47.406796268130996 ], [ 8.647792808485105, 47.406892710146884 ], [ 8.647777994080421, 47.406952586239605 ] ] } },
{ "type": "Feature", "properties": { "name": "LV_200-6_0_6_line_145" }, "geometry": { "type": "LineString", "coordinates": [ [ 8.647777994080421, 47.406952586239605 ], [ 8.64776174135058, 47.407018275496291 ] ] } },
{ "type": "Feature", "properties": { "name": "LV_200-6_0_6_line_146" }, "geometry": { "type": "LineString", "coordinates": [ [ 8.647741865208518, 47.407098609491534 ], [ 8.64776174135058, 47.407018275496291 ] ] } },
{ "type": "Feature", "properties": { "name": "LV_200-6_0_6_line_147" }, "geometry": { "type": "LineString", "coordinates": [ [ 8.647738835183954, 47.407110855995988 ], [ 8.64773050849012, 47.407144510145727 ], [ 8.647726866943342, 47.407155789214585 ] ] } },
{ "type": "Feature", "properties": { "name": "LV_200-6_0_6_line_148" }, "geometry": { "type": "LineString", "coordinates": [ [ 8.647741865208518, 47.407098609491534 ], [ 8.647738835183954, 47.407110855995988 ] ] } },
{ "type": "Feature", "properties": { "name": "LV_200-10_0_3_line_0" }, "geometry": { "type": "LineString", "coordinates": [ [ 8.642435108472144, 47.41232151014637 ], [ 8.642762108478289, 47.412354010143851 ], [ 8.642783454580576, 47.412355996410696 ] ] } },
{ "type": "Feature", "properties": { "name": "LV_200-10_0_3_line_1" }, "geometry": { "type": "LineString", "coordinates": [ [ 8.642435108472144, 47.41232151014637 ], [ 8.642374759610151, 47.412689244080958 ] ] } },
{ "type": "Feature", "properties": { "name": "LV_200-10_0_3_line_2" }, "geometry": { "type": "LineString", "coordinates": [ [ 8.642312608478854, 47.412162610143284 ], [ 8.642117408480138, 47.412239110142941 ], [ 8.642064508480548, 47.412298710142082 ], [ 8.64236200847466, 47.412316610150334 ], [ 8.642435108472144, 47.41232151014637 ] ] } },
{ "type": "Feature", "properties": { "name": "LV_200-10_0_3_line_3" }, "geometry": { "type": "LineString", "coordinates": [ [ 8.642374759610151, 47.412689244080958 ], [ 8.642360208480413, 47.41277791014744 ], [ 8.642380073556073, 47.412834476022745 ] ] } },
{ "type": "Feature", "properties": { "name": "LV_200-10_0_3_line_4" }, "geometry": { "type": "LineString", "coordinates": [ [ 8.642312608478854, 47.412162610143284 ], [ 8.642597356725339, 47.412053086135437 ] ] } },
{ "type": "Feature", "properties": { "name": "LV_200-10_0_3_line_5" }, "geometry": { "type": "LineString", "coordinates": [ [ 8.641705694249886, 47.412306448867596 ], [ 8.642312608478854, 47.412162610143284 ] ] } },
{ "type": "Feature", "properties": { "name": "LV_200-10_0_3_line_6" }, "geometry": { "type": "LineString", "coordinates": [ [ 8.644009792163615, 47.412996838038509 ], [ 8.643972108483423, 47.413026210147272 ], [ 8.643875408480076, 47.4130928101468 ], [ 8.643751708482037, 47.413154310143447 ], [ 8.643698635597199, 47.41317619697908 ] ] } },
{ "type": "Feature", "properties": { "name": "LV_200-10_0_3_line_7" }, "geometry": { "type": "LineString", "coordinates": [ [ 8.643422408476169, 47.413290110146185 ], [ 8.643698635597199, 47.41317619697908 ] ] } },
{ "type": "Feature", "properties": { "name": "LV_200-10_0_3_line_8" }, "geometry": { "type": "LineString", "coordinates": [ [ 8.642400208482325, 47.412891810143655 ], [ 8.642380073556073, 47.412834476022745 ] ] } },
{ "type": "Feature", "properties": { "name": "LV_200-10_0_3_line_9" }, "geometry": { "type": "LineString", "coordinates": [ [ 8.643422408476169, 47.413290110146185 ], [ 8.64337560460017, 47.413336975641705 ] ] } },
{ "type": "Feature", "properties": { "name": "LV_200-10_0_3_line_10" }, "geometry": { "type": "LineString", "coordinates": [ [ 8.643422408476169, 47.413290110146185 ], [ 8.643385608474885, 47.413274610144263 ], [ 8.643312008483793, 47.413272310147335 ], [ 8.643147208906967, 47.413319713593225 ] ] } },
{ "type": "Feature", "properties": { "name": "LV_200-10_0_3_line_11" }, "geometry": { "type": "LineString", "coordinates": [ [ 8.642608912105141, 47.413501733848449 ], [ 8.642400208482325, 47.412891810143655 ] ] } },
{ "type": "Feature", "properties": { "name": "LV_200-10_0_3_line_12" }, "geometry": { "type": "LineString", "coordinates": [ [ 8.643147208906967, 47.413319713593225 ], [ 8.642896908482905, 47.413391710142115 ], [ 8.642608912105141, 47.413501733848449 ] ] } },
{ "type": "Feature", "properties": { "name": "LV_200-10_0_3_line_13" }, "geometry": { "type": "LineString", "coordinates": [ [ 8.642608912105141, 47.413501733848449 ], [ 8.642907006331809, 47.413623571592602 ] ] } },
{ "type": "Feature", "properties": { "name": "LV_200-10_0_3_line_14" }, "geometry": { "type": "LineString", "coordinates": [ [ 8.643320308483862, 47.413458010146762 ], [ 8.64334640847995, 47.413366210147068 ], [ 8.64337560460017, 47.413336975641705 ] ] } },
{ "type": "Feature", "properties": { "name": "LV_200-10_0_3_line_15" }, "geometry": { "type": "LineString", "coordinates": [ [ 8.643320308483862, 47.413458010146762 ], [ 8.643368308481472, 47.413532110143095 ], [ 8.643498708479159, 47.413635510146868 ] ] } },
{ "type": "Feature", "properties": { "name": "LV_200-10_0_3_line_16" }, "geometry": { "type": "LineString", "coordinates": [ [ 8.643703108482642, 47.413799310147454 ], [ 8.643498708479159, 47.413635510146868 ] ] } },
{ "type": "Feature", "properties": { "name": "LV_200-10_0_3_line_17" }, "geometry": { "type": "LineString", "coordinates": [ [ 8.644727283369498, 47.413144115001387 ], [ 8.644640508477643, 47.413096710142348 ], [ 8.644548608476024, 47.413102010147902 ], [ 8.644423608474042, 47.413195410145505 ], [ 8.64434251302095, 47.413238293508002 ] ] } },
{ "type": "Feature", "properties": { "name": "LV_200-10_0_3_line_18" }, "geometry": { "type": "LineString", "coordinates": [ [ 8.645210008477756, 47.412922110141217 ], [ 8.6450599084777, 47.413007410149142 ], [ 8.644947008475638, 47.413120610144254 ], [ 8.644845808480774, 47.413182010142215 ], [ 8.644791708485597, 47.413179310147292 ], [ 8.644727283369498, 47.413144115001387 ] ] } },
{ "type": "Feature", "properties": { "name": "LV_200-10_0_3_line_19" }, "geometry": { "type": "LineString", "coordinates": [ [ 8.645210008477756, 47.412922110141217 ], [ 8.645036008486455, 47.413212910146136 ] ] } },
{ "type": "Feature", "properties": { "name": "LV_200-10_0_3_line_20" }, "geometry": { "type": "LineString", "coordinates": [ [ 8.645036008486455, 47.413212910146136 ], [ 8.645133708484622, 47.413292610144161 ], [ 8.645204108483751, 47.4133748101466 ], [ 8.645316408479957, 47.413461810143644 ], [ 8.645402352288883, 47.413519972453535 ] ] } },
{ "type": "Feature", "properties": { "name": "LV_200-10_0_3_line_21" }, "geometry": { "type": "LineString", "coordinates": [ [ 8.645036008486455, 47.413212910146136 ], [ 8.644884508476792, 47.413319110143604 ], [ 8.644789534004946, 47.413430682858149 ] ] } },
{ "type": "Feature", "properties": { "name": "LV_200-10_0_3_line_22" }, "geometry": { "type": "LineString", "coordinates": [ [ 8.643703108482642, 47.413799310147454 ], [ 8.643524260085179, 47.41389822023659 ] ] } },
{ "type": "Feature", "properties": { "name": "LV_200-10_0_3_line_23" }, "geometry": { "type": "LineString", "coordinates": [ [ 8.643703108482642, 47.413799310147454 ], [ 8.643750100129111, 47.413834390105094 ] ] } },
{ "type": "Feature", "properties": { "name": "LV_200-10_0_3_line_24" }, "geometry": { "type": "LineString", "coordinates": [ [ 8.64555120848512, 47.413620710149438 ], [ 8.645402352288883, 47.413519972453535 ] ] } },
{ "type": "Feature", "properties": { "name": "LV_200-10_0_3_line_25" }, "geometry": { "type": "LineString", "coordinates": [ [ 8.643258988346107, 47.414044924576373 ], [ 8.643524260085179, 47.41389822023659 ] ] } },
{ "type": "Feature", "properties": { "name": "LV_200-10_0_3_line_26" }, "geometry": { "type": "LineString", "coordinates": [ [ 8.643953837398117, 47.413986482229447 ], [ 8.643750100129111, 47.413834390105094 ] ] } },
{ "type": "Feature", "properties": { "name": "LV_200-10_0_3_line_27" }, "geometry": { "type": "LineString", "coordinates": [ [ 8.64555120848512, 47.413620710149438 ], [ 8.645698508483619, 47.413741310144921 ], [ 8.645773336299056, 47.413788881187166 ] ] } },
{ "type": "Feature", "properties": { "name": "LV_200-10_0_3_line_28" }, "geometry": { "type": "LineString", "coordinates": [ [ 8.64555120848512, 47.413620710149438 ], [ 8.645259142609426, 47.413811159430665 ] ] } },
{ "type": "Feature", "properties": { "name": "LV_200-10_0_3_line_29" }, "geometry": { "type": "LineString", "coordinates": [ [ 8.644156129491968, 47.414472098778106 ], [ 8.643894476964265, 47.414559101968607 ] ] } },
{ "type": "Feature", "properties": { "name": "LV_200-10_0_3_line_30" }, "geometry": { "type": "LineString", "coordinates": [ [ 8.643835709207696, 47.41457864296116 ], [ 8.643894476964265, 47.414559101968607 ] ] } },
{ "type": "Feature", "properties": { "name": "LV_200-10_0_3_line_31" }, "geometry": { "type": "LineString", "coordinates": [ [ 8.644156129491968, 47.414472098778106 ], [ 8.644220351091306, 47.414450744044707 ] ] } },
{ "type": "Feature", "properties": { "name": "LV_200-10_0_3_line_32" }, "geometry": { "type": "LineString", "coordinates": [ [ 8.643530535326999, 47.414680116281986 ], [ 8.643835709207696, 47.41457864296116 ] ] } },
{ "type": "Feature", "properties": { "name": "LV_200-10_0_3_line_33" }, "geometry": { "type": "LineString", "coordinates": [ [ 8.644456308473369, 47.414361310144699 ], [ 8.644365708478764, 47.414402410142252 ], [ 8.644220351091306, 47.414450744044707 ] ] } },
{ "type": "Feature", "properties": { "name": "LV_200-10_0_3_line_34" }, "geometry": { "type": "LineString", "coordinates": [ [ 8.643530535326999, 47.414680116281986 ], [ 8.643471908476009, 47.414699610146393 ], [ 8.643173821405574, 47.414788061960934 ] ] } },
{ "type": "Feature", "properties": { "name": "LV_200-10_0_3_line_35" }, "geometry": { "type": "LineString", "coordinates": [ [ 8.643530535326999, 47.414680116281986 ], [ 8.643743384473538, 47.415028479997986 ] ] } },
{ "type": "Feature", "properties": { "name": "LV_200-10_0_3_line_36" }, "geometry": { "type": "LineString", "coordinates": [ [ 8.644456308473369, 47.414361310144699 ], [ 8.644493408485157, 47.414333710150082 ] ] } },
{ "type": "Feature", "properties": { "name": "LV_200-10_0_3_line_37" }, "geometry": { "type": "LineString", "coordinates": [ [ 8.644456308473369, 47.414361310144699 ], [ 8.644387908476297, 47.414289910142472 ], [ 8.644341308472862, 47.41421111014418 ] ] } },
{ "type": "Feature", "properties": { "name": "LV_200-10_0_3_line_38" }, "geometry": { "type": "LineString", "coordinates": [ [ 8.643173821405574, 47.414788061960934 ], [ 8.642829102979105, 47.414890349423821 ] ] } },
{ "type": "Feature", "properties": { "name": "LV_200-10_0_3_line_39" }, "geometry": { "type": "LineString", "coordinates": [ [ 8.643743384473538, 47.415028479997986 ], [ 8.643705708474004, 47.415037610145852 ], [ 8.643585123533686, 47.415088368209545 ] ] } },
{ "type": "Feature", "properties": { "name": "LV_200-10_0_3_line_40" }, "geometry": { "type": "LineString", "coordinates": [ [ 8.644770908473101, 47.414593710145539 ], [ 8.644646308473591, 47.414481810141972 ], [ 8.644493408485157, 47.414333710150082 ] ] } },
{ "type": "Feature", "properties": { "name": "LV_200-10_0_3_line_41" }, "geometry": { "type": "LineString", "coordinates": [ [ 8.644493408485157, 47.414333710150082 ], [ 8.644565908484138, 47.414279810143981 ], [ 8.644741720638805, 47.414160521823568 ] ] } },
{ "type": "Feature", "properties": { "name": "LV_200-10_0_3_line_42" }, "geometry": { "type": "LineString", "coordinates": [ [ 8.644341308472862, 47.41421111014418 ], [ 8.644246808475474, 47.414238010145411 ] ] } },
{ "type": "Feature", "properties": { "name": "LV_200-10_0_3_line_43" }, "geometry": { "type": "LineString", "coordinates": [ [ 8.642820470521471, 47.41489291090334 ], [ 8.642829102979105, 47.414890349423821 ] ] } },
{ "type": "Feature", "properties": { "name": "LV_200-10_0_3_line_44" }, "geometry": { "type": "LineString", "coordinates": [ [ 8.643250998472112, 47.41404934323581 ], [ 8.643258988346107, 47.414044924576373 ] ] } },
{ "type": "Feature", "properties": { "name": "LV_200-10_0_3_line_45" }, "geometry": { "type": "LineString", "coordinates": [ [ 8.643953837398117, 47.413986482229447 ], [ 8.643975522727915, 47.414002670494597 ] ] } },
{ "type": "Feature", "properties": { "name": "LV_200-10_0_3_line_46" }, "geometry": { "type": "LineString", "coordinates": [ [ 8.645467208481339, 47.414122310150077 ], [ 8.645241965670053, 47.414264602784719 ] ] } },
{ "type": "Feature", "properties": { "name": "LV_200-10_0_3_line_47" }, "geometry": { "type": "LineString", "coordinates": [ [ 8.645370108483588, 47.414052210143232 ], [ 8.645467208481339, 47.414122310150077 ], [ 8.645467208481339, 47.414122310150077 ] ] } },
{ "type": "Feature", "properties": { "name": "LV_200-10_0_3_line_48" }, "geometry": { "type": "LineString", "coordinates": [ [ 8.645241965670053, 47.414264602784719 ], [ 8.645078908476393, 47.414367610143735 ], [ 8.645075608477818, 47.41438951014301 ], [ 8.645057961349957, 47.414401336736738 ] ] } },
{ "type": "Feature", "properties": { "name": "LV_200-10_0_3_line_49" }, "geometry": { "type": "LineString", "coordinates": [ [ 8.645057961349957, 47.414401336736738 ], [ 8.644923410101656, 47.414491508829272 ] ] } },
{ "type": "Feature", "properties": { "name": "LV_200-10_0_3_line_50" }, "geometry": { "type": "LineString", "coordinates": [ [ 8.644770908473101, 47.414593710145539 ], [ 8.644923410101656, 47.414491508829272 ] ] } },
{ "type": "Feature", "properties": { "name": "LV_200-10_0_3_line_51" }, "geometry": { "type": "LineString", "coordinates": [ [ 8.6450956084855, 47.414909410146052 ], [ 8.6450584084859, 47.414865910144911 ], [ 8.644981608478716, 47.414789510141901 ], [ 8.644833608476038, 47.414651610149583 ], [ 8.644770908473101, 47.414593710145539 ] ] } },
{ "type": "Feature", "properties": { "name": "LV_200-10_0_3_line_52" }, "geometry": { "type": "LineString", "coordinates": [ [ 8.644741720638805, 47.414160521823568 ], [ 8.645148808474527, 47.413884310148887 ], [ 8.64519710847747, 47.41385161015004 ], [ 8.645259142609426, 47.413811159430665 ] ] } },
{ "type": "Feature", "properties": { "name": "LV_200-10_0_3_line_53" }, "geometry": { "type": "LineString", "coordinates": [ [ 8.644246808475474, 47.414238010145411 ], [ 8.644011208479156, 47.414029310142901 ], [ 8.643975522727915, 47.414002670494597 ] ] } },
{ "type": "Feature", "properties": { "name": "LV_200-10_0_3_line_54" }, "geometry": { "type": "LineString", "coordinates": [ [ 8.64517450848559, 47.415090410143122 ], [ 8.645458808485371, 47.415362710144009 ], [ 8.645496170486883, 47.415407409139704 ] ] } },
{ "type": "Feature", "properties": { "name": "LV_200-10_0_3_line_55" }, "geometry": { "type": "LineString", "coordinates": [ [ 8.64517450848559, 47.415090410143122 ], [ 8.645068208482476, 47.415142610147484 ], [ 8.644942008474619, 47.415187710144252 ], [ 8.644792862259512, 47.415189979787613 ] ] } },
{ "type": "Feature", "properties": { "name": "LV_200-10_0_3_line_56" }, "geometry": { "type": "LineString", "coordinates": [ [ 8.6450956084855, 47.414909410146052 ], [ 8.64517450848559, 47.415090410143122 ] ] } },
{ "type": "Feature", "properties": { "name": "LV_200-10_0_3_line_57" }, "geometry": { "type": "LineString", "coordinates": [ [ 8.64469737402081, 47.415175302617421 ], [ 8.644758008475019, 47.415190510146111 ], [ 8.644792862259512, 47.415189979787613 ] ] } },
{ "type": "Feature", "properties": { "name": "LV_200-10_0_3_line_58" }, "geometry": { "type": "LineString", "coordinates": [ [ 8.6450956084855, 47.414909410146052 ], [ 8.645171508485756, 47.414838110147507 ], [ 8.645204244492229, 47.414813817177631 ] ] } },
{ "type": "Feature", "properties": { "name": "LV_200-10_0_3_line_59" }, "geometry": { "type": "LineString", "coordinates": [ [ 8.64469737402081, 47.415175302617421 ], [ 8.644572208481572, 47.415143910149425 ], [ 8.644355714829716, 47.415056613341186 ] ] } },
{ "type": "Feature", "properties": { "name": "LV_200-10_0_3_line_60" }, "geometry": { "type": "LineString", "coordinates": [ [ 8.644321392991571, 47.415042773670706 ], [ 8.644355714829716, 47.415056613341186 ] ] } },
{ "type": "Feature", "properties": { "name": "LV_200-10_0_3_line_61" }, "geometry": { "type": "LineString", "coordinates": [ [ 8.643435094749456, 47.415167810760309 ], [ 8.643531808480111, 47.415110810151006 ], [ 8.643585123533686, 47.415088368209545 ] ] } },
{ "type": "Feature", "properties": { "name": "LV_200-10_0_3_line_62" }, "geometry": { "type": "LineString", "coordinates": [ [ 8.643166472271821, 47.415326128972261 ], [ 8.643290837027212, 47.415252832227146 ] ] } },
{ "type": "Feature", "properties": { "name": "LV_200-10_0_3_line_63" }, "geometry": { "type": "LineString", "coordinates": [ [ 8.643435094749456, 47.415167810760309 ], [ 8.643290837027212, 47.415252832227146 ] ] } },
{ "type": "Feature", "properties": { "name": "LV_200-10_0_3_line_64" }, "geometry": { "type": "LineString", "coordinates": [ [ 8.645974408474368, 47.413916710145138 ], [ 8.645773336299056, 47.413788881187166 ] ] } },
{ "type": "Feature", "properties": { "name": "LV_200-10_0_3_line_65" }, "geometry": { "type": "LineString", "coordinates": [ [ 8.645974408474368, 47.413916710145138 ], [ 8.646035880879813, 47.413956262494828 ] ] } },
{ "type": "Feature", "properties": { "name": "LV_200-10_0_3_line_66" }, "geometry": { "type": "LineString", "coordinates": [ [ 8.645263753090921, 47.414769656521884 ], [ 8.645204244492229, 47.414813817177631 ] ] } },
{ "type": "Feature", "properties": { "name": "LV_200-10_0_3_line_67" }, "geometry": { "type": "LineString", "coordinates": [ [ 8.646035880879813, 47.413956262494828 ], [ 8.646166508481993, 47.414040310147826 ], [ 8.646205308485976, 47.414058510149765 ], [ 8.646405752451393, 47.414152545621533 ] ] } },
{ "type": "Feature", "properties": { "name": "LV_200-10_0_3_line_68" }, "geometry": { "type": "LineString", "coordinates": [ [ 8.646424008477686, 47.414161110143532 ], [ 8.646405752451393, 47.414152545621533 ] ] } },
{ "type": "Feature", "properties": { "name": "LV_200-10_0_3_line_69" }, "geometry": { "type": "LineString", "coordinates": [ [ 8.646424008477686, 47.414161110143532 ], [ 8.64661740848593, 47.414245010147887 ] ] } },
{ "type": "Feature", "properties": { "name": "LV_200-10_0_3_line_70" }, "geometry": { "type": "LineString", "coordinates": [ [ 8.64661740848593, 47.414245010147887 ], [ 8.64636480496298, 47.41470374167595 ] ] } },
{ "type": "Feature", "properties": { "name": "LV_200-10_0_3_line_71" }, "geometry": { "type": "LineString", "coordinates": [ [ 8.645263753090921, 47.414769656521884 ], [ 8.645297908474209, 47.414744310147874 ], [ 8.645333508480499, 47.414694610147421 ], [ 8.645472396212936, 47.414587335783985 ] ] } },
{ "type": "Feature", "properties": { "name": "LV_200-10_0_3_line_72" }, "geometry": { "type": "LineString", "coordinates": [ [ 8.645584808478999, 47.414500510141657 ], [ 8.645472396212936, 47.414587335783985 ] ] } },
{ "type": "Feature", "properties": { "name": "LV_200-10_0_3_line_73" }, "geometry": { "type": "LineString", "coordinates": [ [ 8.642977412, 47.414200644374439 ], [ 8.643250998472112, 47.41404934323581 ] ] } },
{ "type": "Feature", "properties": { "name": "LV_200-10_0_3_line_74" }, "geometry": { "type": "LineString", "coordinates": [ [ 8.642977412, 47.414200644374439 ], [ 8.64289902058365, 47.414243996788144 ] ] } },
{ "type": "Feature", "properties": { "name": "LV_200-10_0_3_line_75" }, "geometry": { "type": "LineString", "coordinates": [ [ 8.64289902058365, 47.414243996788144 ], [ 8.642654456373387, 47.414305888189752 ] ] } },
{ "type": "Feature", "properties": { "name": "LV_200-10_0_3_line_76" }, "geometry": { "type": "LineString", "coordinates": [ [ 8.642654456373387, 47.414305888189752 ], [ 8.642564008483758, 47.414327410142889 ], [ 8.642584208479384, 47.414366010145663 ], [ 8.642491965114033, 47.414390937516266 ] ] } },
{ "type": "Feature", "properties": { "name": "LV_200-10_0_3_line_77" }, "geometry": { "type": "LineString", "coordinates": [ [ 8.642734946401797, 47.414588473671266 ], [ 8.642554689465737, 47.414635531486745 ] ] } },
{ "type": "Feature", "properties": { "name": "LV_200-10_0_3_line_78" }, "geometry": { "type": "LineString", "coordinates": [ [ 8.642554689465737, 47.414635531486745 ], [ 8.642491965114033, 47.414390937516266 ] ] } },
{ "type": "Feature", "properties": { "name": "LV_200-11_0_3_line_0" }, "geometry": { "type": "LineString", "coordinates": [ [ 8.646353514326817, 47.412942466474682 ], [ 8.646234008480167, 47.413069810142183 ], [ 8.646175944045218, 47.413125897270668 ] ] } },
{ "type": "Feature", "properties": { "name": "LV_200-11_0_3_line_1" }, "geometry": { "type": "LineString", "coordinates": [ [ 8.646462708483959, 47.412826110146149 ], [ 8.646353514326817, 47.412942466474682 ] ] } },
{ "type": "Feature", "properties": { "name": "LV_200-11_0_3_line_2" }, "geometry": { "type": "LineString", "coordinates": [ [ 8.646083151545836, 47.413215529544075 ], [ 8.646175944045218, 47.413125897270668 ] ] } },
{ "type": "Feature", "properties": { "name": "LV_200-11_0_3_line_3" }, "geometry": { "type": "LineString", "coordinates": [ [ 8.646462708483959, 47.412826110146149 ], [ 8.646596108479393, 47.412684110143893 ], [ 8.646642312104738, 47.412602992739245 ] ] } },
{ "type": "Feature", "properties": { "name": "LV_200-11_0_3_line_4" }, "geometry": { "type": "LineString", "coordinates": [ [ 8.646462708483959, 47.412826110146149 ], [ 8.646623098979649, 47.412907590769485 ] ] } },
{ "type": "Feature", "properties": { "name": "LV_200-11_0_3_line_5" }, "geometry": { "type": "LineString", "coordinates": [ [ 8.646083151545836, 47.413215529544075 ], [ 8.645936338656542, 47.413357341656351 ] ] } },
{ "type": "Feature", "properties": { "name": "LV_200-11_0_3_line_6" }, "geometry": { "type": "LineString", "coordinates": [ [ 8.646750797261715, 47.41241252966514 ], [ 8.646642312104738, 47.412602992739245 ] ] } },
{ "type": "Feature", "properties": { "name": "LV_200-11_0_3_line_7" }, "geometry": { "type": "LineString", "coordinates": [ [ 8.646975508480734, 47.413086510145057 ], [ 8.64672710847938, 47.412961210140907 ], [ 8.646668608479255, 47.41293071014735 ], [ 8.646623098979649, 47.412907590769485 ] ] } },
{ "type": "Feature", "properties": { "name": "LV_200-11_0_3_line_8" }, "geometry": { "type": "LineString", "coordinates": [ [ 8.645655008484322, 47.413552010142539 ], [ 8.645908108486697, 47.413384610140923 ], [ 8.645936338656542, 47.413357341656351 ] ] } },
{ "type": "Feature", "properties": { "name": "LV_200-11_0_3_line_9" }, "geometry": { "type": "LineString", "coordinates": [ [ 8.646818105886455, 47.412294357839187 ], [ 8.646750797261715, 47.41241252966514 ] ] } },
{ "type": "Feature", "properties": { "name": "LV_200-11_0_3_line_10" }, "geometry": { "type": "LineString", "coordinates": [ [ 8.646975508480734, 47.413086510145057 ], [ 8.646992332246285, 47.413093056946984 ] ] } },
{ "type": "Feature", "properties": { "name": "LV_200-11_0_3_line_11" }, "geometry": { "type": "LineString", "coordinates": [ [ 8.64555120848512, 47.413620710149438 ], [ 8.645655008484322, 47.413552010142539 ] ] } },
{ "type": "Feature", "properties": { "name": "LV_200-11_0_3_line_12" }, "geometry": { "type": "LineString", "coordinates": [ [ 8.645655008484322, 47.413552010142539 ], [ 8.64561170848477, 47.41352311014699 ], [ 8.645573408484193, 47.41353261014352 ], [ 8.645528908479426, 47.413535310143658 ], [ 8.645478108474908, 47.413520810150068 ], [ 8.645409737489077, 47.413476240357625 ] ] } },
{ "type": "Feature", "properties": { "name": "LV_200-11_0_3_line_13" }, "geometry": { "type": "LineString", "coordinates": [ [ 8.646818105886455, 47.412294357839187 ], [ 8.646847130927316, 47.412243399234953 ] ] } },
{ "type": "Feature", "properties": { "name": "LV_200-11_0_3_line_14" }, "geometry": { "type": "LineString", "coordinates": [ [ 8.645789126222542, 47.412284953287426 ], [ 8.645970566249058, 47.412113035882264 ] ] } },
{ "type": "Feature", "properties": { "name": "LV_200-11_0_3_line_15" }, "geometry": { "type": "LineString", "coordinates": [ [ 8.645654608487279, 47.412412410141776 ], [ 8.645789126222542, 47.412284953287426 ] ] } },
{ "type": "Feature", "properties": { "name": "LV_200-11_0_3_line_16" }, "geometry": { "type": "LineString", "coordinates": [ [ 8.646049008477329, 47.412038710143449 ], [ 8.645970566249058, 47.412113035882264 ] ] } },
{ "type": "Feature", "properties": { "name": "LV_200-11_0_3_line_17" }, "geometry": { "type": "LineString", "coordinates": [ [ 8.645654608487279, 47.412412410141776 ], [ 8.645400774363353, 47.412703413026065 ] ] } },
{ "type": "Feature", "properties": { "name": "LV_200-11_0_3_line_18" }, "geometry": { "type": "LineString", "coordinates": [ [ 8.647151608480815, 47.413308210145075 ], [ 8.647059608483792, 47.413151510147479 ], [ 8.646997608487739, 47.41309511014876 ], [ 8.646992332246285, 47.413093056946984 ] ] } },
{ "type": "Feature", "properties": { "name": "LV_200-11_0_3_line_19" }, "geometry": { "type": "LineString", "coordinates": [ [ 8.645165374900063, 47.413230783088721 ], [ 8.645189408481698, 47.413291510145228 ], [ 8.645240708476004, 47.413351810143439 ], [ 8.645329308477169, 47.413421610144127 ], [ 8.645403708484231, 47.413472310149778 ], [ 8.645409737489077, 47.413476240357625 ] ] } },
{ "type": "Feature", "properties": { "name": "LV_200-11_0_3_line_20" }, "geometry": { "type": "LineString", "coordinates": [ [ 8.645165374900063, 47.413230783088721 ], [ 8.645153908478045, 47.413201810148777 ], [ 8.645153908481785, 47.413137710149989 ], [ 8.645170208481352, 47.413064010145519 ], [ 8.645203508484554, 47.413012210144736 ], [ 8.645247222440799, 47.412952984860233 ] ] } },
{ "type": "Feature", "properties": { "name": "LV_200-11_0_3_line_21" }, "geometry": { "type": "LineString", "coordinates": [ [ 8.645247222440799, 47.412952984860233 ], [ 8.645210008477756, 47.412922110141217 ] ] } },
{ "type": "Feature", "properties": { "name": "LV_200-11_0_3_line_22" }, "geometry": { "type": "LineString", "coordinates": [ [ 8.645210008477756, 47.412922110141217 ], [ 8.645400774363353, 47.412703413026065 ] ] } },
{ "type": "Feature", "properties": { "name": "LV_200-11_0_3_line_23" }, "geometry": { "type": "LineString", "coordinates": [ [ 8.64555120848512, 47.413620710149438 ], [ 8.645698508483619, 47.413741310144921 ], [ 8.645797845639082, 47.413804462724642 ] ] } },
{ "type": "Feature", "properties": { "name": "LV_200-11_0_3_line_24" }, "geometry": { "type": "LineString", "coordinates": [ [ 8.645974408474368, 47.413916710145138 ], [ 8.645797845639082, 47.413804462724642 ] ] } },
{ "type": "Feature", "properties": { "name": "LV_200-11_0_3_line_25" }, "geometry": { "type": "LineString", "coordinates": [ [ 8.646049008477329, 47.412038710143449 ], [ 8.646108663811377, 47.41196281954695 ] ] } },
{ "type": "Feature", "properties": { "name": "LV_200-11_0_3_line_26" }, "geometry": { "type": "LineString", "coordinates": [ [ 8.646160908478624, 47.411627010142219 ], [ 8.646171608483835, 47.411801110143266 ], [ 8.646128008476971, 47.411938210145117 ], [ 8.646108663811377, 47.41196281954695 ] ] } },
{ "type": "Feature", "properties": { "name": "LV_200-11_0_3_line_27" }, "geometry": { "type": "LineString", "coordinates": [ [ 8.646979142361074, 47.411959560890452 ], [ 8.646913708480547, 47.412126510146358 ], [ 8.646847130927316, 47.412243399234953 ] ] } },
{ "type": "Feature", "properties": { "name": "LV_200-11_0_3_line_28" }, "geometry": { "type": "LineString", "coordinates": [ [ 8.646160908478624, 47.411627010142219 ], [ 8.646160908478624, 47.411627010142219 ], [ 8.646081308485849, 47.411435410144591 ] ] } },
{ "type": "Feature", "properties": { "name": "LV_200-11_0_3_line_29" }, "geometry": { "type": "LineString", "coordinates": [ [ 8.647098392705805, 47.411769463066676 ], [ 8.647049708481653, 47.411822510145981 ], [ 8.647005108483757, 47.411893310145672 ], [ 8.646979142361074, 47.411959560890452 ] ] } },
{ "type": "Feature", "properties": { "name": "LV_200-11_0_3_line_30" }, "geometry": { "type": "LineString", "coordinates": [ [ 8.645974408474368, 47.413916710145138 ], [ 8.646225400180111, 47.413696709842704 ] ] } },
{ "type": "Feature", "properties": { "name": "LV_200-11_0_3_line_31" }, "geometry": { "type": "LineString", "coordinates": [ [ 8.645974408474368, 47.413916710145138 ], [ 8.646166508481993, 47.414040310147826 ], [ 8.646205308485976, 47.414058510149765 ], [ 8.646212851120666, 47.414062048683178 ] ] } },
{ "type": "Feature", "properties": { "name": "LV_200-11_0_3_line_32" }, "geometry": { "type": "LineString", "coordinates": [ [ 8.647541483827203, 47.411371732197509 ], [ 8.647567272427201, 47.411333497556207 ] ] } },
{ "type": "Feature", "properties": { "name": "LV_200-11_0_3_line_33" }, "geometry": { "type": "LineString", "coordinates": [ [ 8.647617108482267, 47.41113761014455 ], [ 8.647622708485523, 47.411198610147778 ], [ 8.647613208480877, 47.411251710142963 ], [ 8.647571108481651, 47.411327810144137 ], [ 8.647567272427201, 47.411333497556207 ] ] } },
{ "type": "Feature", "properties": { "name": "LV_200-11_0_3_line_34" }, "geometry": { "type": "LineString", "coordinates": [ [ 8.647420752325726, 47.411496352508998 ], [ 8.647422008480218, 47.411495310147892 ], [ 8.64752220848135, 47.411400310147727 ], [ 8.647541483827203, 47.411371732197509 ] ] } },
{ "type": "Feature", "properties": { "name": "LV_200-11_0_3_line_35" }, "geometry": { "type": "LineString", "coordinates": [ [ 8.647617108482267, 47.41113761014455 ], [ 8.647701408489672, 47.411183210141161 ], [ 8.647777608485503, 47.411129810146889 ], [ 8.64784478080394, 47.411094083484272 ] ] } },
{ "type": "Feature", "properties": { "name": "LV_200-11_0_3_line_36" }, "geometry": { "type": "LineString", "coordinates": [ [ 8.647831908489099, 47.411065410142449 ], [ 8.647732108481907, 47.411104610141244 ], [ 8.647617108482267, 47.41113761014455 ] ] } },
{ "type": "Feature", "properties": { "name": "LV_200-11_0_3_line_37" }, "geometry": { "type": "LineString", "coordinates": [ [ 8.647346295604079, 47.411558137084889 ], [ 8.647420752325726, 47.411496352508998 ] ] } },
{ "type": "Feature", "properties": { "name": "LV_200-11_0_3_line_38" }, "geometry": { "type": "LineString", "coordinates": [ [ 8.64784478080394, 47.411094083484272 ], [ 8.648037261160423, 47.410991709273482 ] ] } },
{ "type": "Feature", "properties": { "name": "LV_200-11_0_3_line_39" }, "geometry": { "type": "LineString", "coordinates": [ [ 8.647831908489099, 47.411065410142449 ], [ 8.647674535909431, 47.410931448669423 ] ] } },
{ "type": "Feature", "properties": { "name": "LV_200-11_0_3_line_40" }, "geometry": { "type": "LineString", "coordinates": [ [ 8.647346295604079, 47.411558137084889 ], [ 8.647344532665723, 47.411559599982105 ] ] } },
{ "type": "Feature", "properties": { "name": "LV_200-11_0_3_line_41" }, "geometry": { "type": "LineString", "coordinates": [ [ 8.647051797645462, 47.411064193352445 ], [ 8.647155480580505, 47.411088545586878 ] ] } },
{ "type": "Feature", "properties": { "name": "LV_200-11_0_3_line_42" }, "geometry": { "type": "LineString", "coordinates": [ [ 8.647045908485525, 47.411062810148294 ], [ 8.647051797645462, 47.411064193352445 ] ] } },
{ "type": "Feature", "properties": { "name": "LV_200-11_0_3_line_43" }, "geometry": { "type": "LineString", "coordinates": [ [ 8.648037261160423, 47.410991709273482 ], [ 8.648146308477946, 47.410933710145081 ], [ 8.64822835397927, 47.410890780148883 ] ] } },
{ "type": "Feature", "properties": { "name": "LV_200-11_0_3_line_44" }, "geometry": { "type": "LineString", "coordinates": [ [ 8.647674535909431, 47.410931448669423 ], [ 8.647612795792957, 47.410878892924977 ] ] } },
{ "type": "Feature", "properties": { "name": "LV_200-11_0_3_line_45" }, "geometry": { "type": "LineString", "coordinates": [ [ 8.647164713345271, 47.411708814193531 ], [ 8.647344532665723, 47.411559599982105 ] ] } },
{ "type": "Feature", "properties": { "name": "LV_200-11_0_3_line_46" }, "geometry": { "type": "LineString", "coordinates": [ [ 8.647045908485525, 47.411062810148294 ], [ 8.647174696952861, 47.410894261285783 ] ] } },
{ "type": "Feature", "properties": { "name": "LV_200-11_0_3_line_47" }, "geometry": { "type": "LineString", "coordinates": [ [ 8.647045908485525, 47.411062810148294 ], [ 8.646862808477456, 47.41099381014029 ], [ 8.646835227637499, 47.410979490138089 ] ] } },
{ "type": "Feature", "properties": { "name": "LV_200-11_0_3_line_48" }, "geometry": { "type": "LineString", "coordinates": [ [ 8.648917008488509, 47.410842110145154 ], [ 8.648845908486324, 47.410821410142624 ], [ 8.648724808481031, 47.410798410145219 ], [ 8.648559608484552, 47.410793310143042 ], [ 8.648418708478069, 47.410815410145396 ], [ 8.648273208486522, 47.410867310145676 ], [ 8.64822835397927, 47.410890780148883 ] ] } },
{ "type": "Feature", "properties": { "name": "LV_200-11_0_3_line_49" }, "geometry": { "type": "LineString", "coordinates": [ [ 8.647494208480239, 47.410800510139929 ], [ 8.647565708480579, 47.410838810143709 ], [ 8.647612795792957, 47.410878892924977 ] ] } },
{ "type": "Feature", "properties": { "name": "LV_200-11_0_3_line_50" }, "geometry": { "type": "LineString", "coordinates": [ [ 8.647365908488084, 47.410731710141015 ], [ 8.647301308480575, 47.410770110140135 ], [ 8.647231508477011, 47.410819910147907 ], [ 8.647174696952861, 47.410894261285783 ] ] } },
{ "type": "Feature", "properties": { "name": "LV_200-11_0_3_line_51" }, "geometry": { "type": "LineString", "coordinates": [ [ 8.647365908488084, 47.410731710141015 ], [ 8.647395829580589, 47.410747755158361 ] ] } },
{ "type": "Feature", "properties": { "name": "LV_200-11_0_3_line_52" }, "geometry": { "type": "LineString", "coordinates": [ [ 8.647365908488084, 47.410731710141015 ], [ 8.647190566929888, 47.410637794395235 ] ] } },
{ "type": "Feature", "properties": { "name": "LV_200-11_0_3_line_53" }, "geometry": { "type": "LineString", "coordinates": [ [ 8.647102519328961, 47.411764966622925 ], [ 8.647098392705805, 47.411769463066676 ] ] } },
{ "type": "Feature", "properties": { "name": "LV_200-11_0_3_line_54" }, "geometry": { "type": "LineString", "coordinates": [ [ 8.647164713345271, 47.411708814193531 ], [ 8.647120008478625, 47.411745910143857 ], [ 8.647102519328961, 47.411764966622925 ] ] } },
{ "type": "Feature", "properties": { "name": "LV_200-11_0_3_line_55" }, "geometry": { "type": "LineString", "coordinates": [ [ 8.647494208480239, 47.410800510139929 ], [ 8.647395829580589, 47.410747755158361 ] ] } },
{ "type": "Feature", "properties": { "name": "LV_200-11_0_3_line_56" }, "geometry": { "type": "LineString", "coordinates": [ [ 8.647190566929888, 47.410637794395235 ], [ 8.647146908488983, 47.410614410147005 ], [ 8.647142608477571, 47.410593110142671 ] ] } },
{ "type": "Feature", "properties": { "name": "LV_200-11_0_3_line_57" }, "geometry": { "type": "LineString", "coordinates": [ [ 8.648954538202574, 47.411198224127865 ], [ 8.64884360848937, 47.411279910146675 ], [ 8.64884360848937, 47.411279910146675 ] ] } },
{ "type": "Feature", "properties": { "name": "LV_200-11_0_3_line_58" }, "geometry": { "type": "LineString", "coordinates": [ [ 8.648954538202574, 47.411198224127865 ], [ 8.648980382092294, 47.411179193251698 ] ] } },
{ "type": "Feature", "properties": { "name": "LV_200-11_0_3_line_59" }, "geometry": { "type": "LineString", "coordinates": [ [ 8.64871160848327, 47.411427510142836 ], [ 8.648843608480187, 47.411329210139876 ], [ 8.64884360848937, 47.411279910146675 ] ] } },
{ "type": "Feature", "properties": { "name": "LV_200-11_0_3_line_60" }, "geometry": { "type": "LineString", "coordinates": [ [ 8.649265808480344, 47.410969010146985 ], [ 8.648980382092294, 47.411179193251698 ] ] } },
{ "type": "Feature", "properties": { "name": "LV_200-11_0_3_line_61" }, "geometry": { "type": "LineString", "coordinates": [ [ 8.64871160848327, 47.411427510142836 ], [ 8.648960361382011, 47.411549190520915 ] ] } },
{ "type": "Feature", "properties": { "name": "LV_200-11_0_3_line_62" }, "geometry": { "type": "LineString", "coordinates": [ [ 8.64871160848327, 47.411427510142836 ], [ 8.648608476915147, 47.41150417192663 ] ] } },
{ "type": "Feature", "properties": { "name": "LV_200-11_0_3_line_63" }, "geometry": { "type": "LineString", "coordinates": [ [ 8.649265808480344, 47.410969010146985 ], [ 8.648917008488509, 47.410842110145154 ] ] } },
{ "type": "Feature", "properties": { "name": "LV_200-11_0_3_line_64" }, "geometry": { "type": "LineString", "coordinates": [ [ 8.649265808480344, 47.410969010146985 ], [ 8.649354808483299, 47.411003510142557 ], [ 8.649375108482664, 47.411028610143894 ], [ 8.64938400848413, 47.411050110144487 ], [ 8.649379808489899, 47.411087210142107 ], [ 8.649434808486051, 47.411088410147379 ] ] } },
{ "type": "Feature", "properties": { "name": "LV_200-11_0_3_line_65" }, "geometry": { "type": "LineString", "coordinates": [ [ 8.649071408485716, 47.411603510141994 ], [ 8.648960361382011, 47.411549190520915 ] ] } },
{ "type": "Feature", "properties": { "name": "LV_200-11_0_3_line_66" }, "geometry": { "type": "LineString", "coordinates": [ [ 8.648497708489868, 47.411586510145028 ], [ 8.648608476915147, 47.41150417192663 ] ] } },
{ "type": "Feature", "properties": { "name": "LV_200-11_0_3_line_67" }, "geometry": { "type": "LineString", "coordinates": [ [ 8.648917008488509, 47.410842110145154 ], [ 8.648825108481395, 47.410918510141116 ], [ 8.648696184444825, 47.411008217063788 ] ] } },
{ "type": "Feature", "properties": { "name": "LV_200-11_0_3_line_68" }, "geometry": { "type": "LineString", "coordinates": [ [ 8.649434808486051, 47.411088410147379 ], [ 8.649412908480297, 47.411187810143588 ], [ 8.649393729279769, 47.411249371768633 ] ] } },
{ "type": "Feature", "properties": { "name": "LV_200-11_0_3_line_69" }, "geometry": { "type": "LineString", "coordinates": [ [ 8.649071408485716, 47.411603510141994 ], [ 8.649004508479589, 47.411682210147845 ], [ 8.648943768680871, 47.411723118499509 ] ] } },
{ "type": "Feature", "properties": { "name": "LV_200-11_0_3_line_70" }, "geometry": { "type": "LineString", "coordinates": [ [ 8.648696184444825, 47.411008217063788 ], [ 8.648508278043447, 47.411138963828037 ] ] } },
{ "type": "Feature", "properties": { "name": "LV_200-11_0_3_line_71" }, "geometry": { "type": "LineString", "coordinates": [ [ 8.648664499252606, 47.412101419092735 ], [ 8.648637516384115, 47.412115750060877 ] ] } },
{ "type": "Feature", "properties": { "name": "LV_200-11_0_3_line_72" }, "geometry": { "type": "LineString", "coordinates": [ [ 8.648733108480561, 47.412049510140683 ], [ 8.648680708486602, 47.412092810147023 ], [ 8.648664499252606, 47.412101419092735 ] ] } },
{ "type": "Feature", "properties": { "name": "LV_200-11_0_3_line_73" }, "geometry": { "type": "LineString", "coordinates": [ [ 8.648474211705453, 47.412191825303317 ], [ 8.648521608485906, 47.412177310140628 ], [ 8.648637516384115, 47.412115750060877 ] ] } },
{ "type": "Feature", "properties": { "name": "LV_200-11_0_3_line_74" }, "geometry": { "type": "LineString", "coordinates": [ [ 8.648733108480561, 47.412049510140683 ], [ 8.648827503015065, 47.411971611163267 ] ] } },
{ "type": "Feature", "properties": { "name": "LV_200-11_0_3_line_75" }, "geometry": { "type": "LineString", "coordinates": [ [ 8.648324708479819, 47.412237610145354 ], [ 8.648324708479819, 47.412237610145354 ], [ 8.648474211705453, 47.412191825303317 ] ] } },
{ "type": "Feature", "properties": { "name": "LV_200-11_0_3_line_76" }, "geometry": { "type": "LineString", "coordinates": [ [ 8.649082108483038, 47.411722610145688 ], [ 8.649021008486633, 47.411783310139562 ], [ 8.648940508480075, 47.411863210141888 ], [ 8.648906508490787, 47.41189891014497 ], [ 8.648873308486614, 47.411933810145371 ], [ 8.648827503015065, 47.411971611163267 ] ] } },
{ "type": "Feature", "properties": { "name": "LV_200-11_0_3_line_77" }, "geometry": { "type": "LineString", "coordinates": [ [ 8.648109408488011, 47.412329010140361 ], [ 8.648151108488891, 47.412304310144926 ], [ 8.648324708479819, 47.412237610145354 ] ] } },
{ "type": "Feature", "properties": { "name": "LV_200-11_0_3_line_78" }, "geometry": { "type": "LineString", "coordinates": [ [ 8.649082108483038, 47.411722610145688 ], [ 8.649055808482133, 47.411711510144464 ], [ 8.648971308487349, 47.411740910139805 ], [ 8.648941108486898, 47.411724910147313 ], [ 8.648943768680871, 47.411723118499509 ] ] } },
{ "type": "Feature", "properties": { "name": "LV_200-11_0_3_line_79" }, "geometry": { "type": "LineString", "coordinates": [ [ 8.648109408488011, 47.412329010140361 ], [ 8.648062608483237, 47.412320010147091 ] ] } },
{ "type": "Feature", "properties": { "name": "LV_200-11_0_3_line_80" }, "geometry": { "type": "LineString", "coordinates": [ [ 8.648062608483237, 47.412320010147091 ], [ 8.648062608483237, 47.412320010147091 ], [ 8.647984208479178, 47.412335210144789 ] ] } },
{ "type": "Feature", "properties": { "name": "LV_200-11_0_3_line_81" }, "geometry": { "type": "LineString", "coordinates": [ [ 8.647984208479178, 47.412335210144789 ], [ 8.647984208479178, 47.412335210144789 ], [ 8.64789689931035, 47.412393729749773 ] ] } },
{ "type": "Feature", "properties": { "name": "LV_200-11_0_3_line_82" }, "geometry": { "type": "LineString", "coordinates": [ [ 8.64789689931035, 47.412393729749773 ], [ 8.647863508488605, 47.412416110144314 ], [ 8.647735008487881, 47.412529510149049 ], [ 8.647710974138715, 47.41255595325871 ] ] } },
{ "type": "Feature", "properties": { "name": "LV_200-11_0_3_line_83" }, "geometry": { "type": "LineString", "coordinates": [ [ 8.64768467856733, 47.412584884192491 ], [ 8.647710974138715, 47.41255595325871 ] ] } },
{ "type": "Feature", "properties": { "name": "LV_200-11_0_3_line_84" }, "geometry": { "type": "LineString", "coordinates": [ [ 8.647151608480815, 47.413308210145075 ], [ 8.647073374852967, 47.413384881026445 ] ] } },
{ "type": "Feature", "properties": { "name": "LV_200-11_0_3_line_85" }, "geometry": { "type": "LineString", "coordinates": [ [ 8.647073374852967, 47.413384881026445 ], [ 8.646971408487014, 47.4134848101478 ], [ 8.64695646790855, 47.413503180748926 ] ] } },
{ "type": "Feature", "properties": { "name": "LV_200-11_0_3_line_86" }, "geometry": { "type": "LineString", "coordinates": [ [ 8.646536165036871, 47.413421730578165 ], [ 8.646490268185925, 47.413462574448786 ] ] } },
{ "type": "Feature", "properties": { "name": "LV_200-11_0_3_line_87" }, "geometry": { "type": "LineString", "coordinates": [ [ 8.646490268185925, 47.413462574448786 ], [ 8.64634290848312, 47.413593710144987 ], [ 8.646276685705832, 47.413651756542443 ] ] } },
{ "type": "Feature", "properties": { "name": "LV_200-11_0_3_line_88" }, "geometry": { "type": "LineString", "coordinates": [ [ 8.646733763738869, 47.413773825272074 ], [ 8.646823308484443, 47.413666910144165 ], [ 8.64695646790855, 47.413503180748926 ] ] } },
{ "type": "Feature", "properties": { "name": "LV_200-11_0_3_line_89" }, "geometry": { "type": "LineString", "coordinates": [ [ 8.646225400180111, 47.413696709842704 ], [ 8.646276685705832, 47.413651756542443 ] ] } },
{ "type": "Feature", "properties": { "name": "LV_200-11_0_3_line_90" }, "geometry": { "type": "LineString", "coordinates": [ [ 8.647142608477571, 47.410593110142671 ], [ 8.647142608477571, 47.410593110142671 ], [ 8.647199808480577, 47.410560210142791 ], [ 8.647267189862577, 47.410536826940046 ] ] } },
{ "type": "Feature", "properties": { "name": "LV_200-11_0_3_line_91" }, "geometry": { "type": "LineString", "coordinates": [ [ 8.647267189862577, 47.410536826940046 ], [ 8.647228308485053, 47.410204410146264 ] ] } },
{ "type": "Feature", "properties": { "name": "LV_200-11_0_3_line_92" }, "geometry": { "type": "LineString", "coordinates": [ [ 8.647228308485053, 47.410204410146264 ], [ 8.647147608486023, 47.410205010144189 ], [ 8.647062708484928, 47.410214310145157 ], [ 8.646971708482607, 47.410230410144109 ], [ 8.646889808480255, 47.410251210139769 ], [ 8.646874381228672, 47.410255535841515 ] ] } },
{ "type": "Feature", "properties": { "name": "LV_200-11_0_3_line_93" }, "geometry": { "type": "LineString", "coordinates": [ [ 8.647494208480239, 47.410800510139929 ], [ 8.647892084055751, 47.410613667881314 ] ] } },
{ "type": "Feature", "properties": { "name": "LV_200-12_0_4_line_0" }, "geometry": { "type": "LineString", "coordinates": [ [ 8.631844608464029, 47.418519210150848 ], [ 8.631884408461275, 47.418558110150869 ], [ 8.632066880241597, 47.418632035578149 ] ] } },
{ "type": "Feature", "properties": { "name": "LV_200-12_0_4_line_1" }, "geometry": { "type": "LineString", "coordinates": [ [ 8.632083108470653, 47.418638610152833 ], [ 8.632066880241597, 47.418632035578149 ] ] } },
{ "type": "Feature", "properties": { "name": "LV_200-12_0_4_line_2" }, "geometry": { "type": "LineString", "coordinates": [ [ 8.630937608468464, 47.4193159101509 ], [ 8.631063808465829, 47.41921731015492 ], [ 8.631171908470307, 47.419115210155617 ], [ 8.631335808467435, 47.418942410147771 ], [ 8.631404408460931, 47.41886991015425 ], [ 8.631731808459877, 47.418524710154195 ], [ 8.631769708468829, 47.418485610151045 ], [ 8.631819308460734, 47.418507910152449 ], [ 8.631844608464029, 47.418519210150848 ] ] } },
{ "type": "Feature", "properties": { "name": "LV_200-12_0_4_line_3" }, "geometry": { "type": "LineString", "coordinates": [ [ 8.631844608464029, 47.418519210150848 ], [ 8.631407079255489, 47.418122499618903 ] ] } },
{ "type": "Feature", "properties": { "name": "LV_200-12_0_4_line_4" }, "geometry": { "type": "LineString", "coordinates": [ [ 8.632083108470653, 47.418638610152833 ], [ 8.632152508463882, 47.418568910149666 ], [ 8.632246006244275, 47.418469614713842 ] ] } },
{ "type": "Feature", "properties": { "name": "LV_200-12_0_4_line_5" }, "geometry": { "type": "LineString", "coordinates": [ [ 8.632265808459808, 47.418712610155175 ], [ 8.632083108470653, 47.418638610152833 ] ] } },
{ "type": "Feature", "properties": { "name": "LV_200-12_0_4_line_6" }, "geometry": { "type": "LineString", "coordinates": [ [ 8.630937608468464, 47.4193159101509 ], [ 8.631128708458846, 47.419422310155824 ] ] } },
{ "type": "Feature", "properties": { "name": "LV_200-12_0_4_line_7" }, "geometry": { "type": "LineString", "coordinates": [ [ 8.630937608468464, 47.4193159101509 ], [ 8.63080206090479, 47.419400424270435 ] ] } },
{ "type": "Feature", "properties": { "name": "LV_200-12_0_4_line_8" }, "geometry": { "type": "LineString", "coordinates": [ [ 8.631310099173165, 47.418180815716255 ], [ 8.631363508466016, 47.418165010149927 ], [ 8.631407079255489, 47.418122499618903 ] ] } },
{ "type": "Feature", "properties": { "name": "LV_200-12_0_4_line_9" }, "geometry": { "type": "LineString", "coordinates": [ [ 8.632279908472645, 47.41843361015502 ], [ 8.632246006244275, 47.418469614713842 ] ] } },
{ "type": "Feature", "properties": { "name": "LV_200-12_0_4_line_10" }, "geometry": { "type": "LineString", "coordinates": [ [ 8.631128708458846, 47.419422310155824 ], [ 8.631645608469794, 47.419710110150781 ], [ 8.631686619546249, 47.419730647670917 ] ] } },
{ "type": "Feature", "properties": { "name": "LV_200-12_0_4_line_11" }, "geometry": { "type": "LineString", "coordinates": [ [ 8.630770808468309, 47.419419910148804 ], [ 8.63080206090479, 47.419400424270435 ] ] } },
{ "type": "Feature", "properties": { "name": "LV_200-12_0_4_line_12" }, "geometry": { "type": "LineString", "coordinates": [ [ 8.632279908472645, 47.41843361015502 ], [ 8.632261808468069, 47.418426310152974 ] ] } },
{ "type": "Feature", "properties": { "name": "LV_200-12_0_4_line_13" }, "geometry": { "type": "LineString", "coordinates": [ [ 8.631838308470568, 47.419806610151532 ], [ 8.631686619546249, 47.419730647670917 ] ] } },
{ "type": "Feature", "properties": { "name": "LV_200-12_0_4_line_14" }, "geometry": { "type": "LineString", "coordinates": [ [ 8.630770808468309, 47.419419910148804 ], [ 8.630819808460718, 47.419463210152628 ], [ 8.630825908469864, 47.419468610152002 ], [ 8.630854508460724, 47.419501710148545 ], [ 8.630873108461074, 47.419532510150709 ], [ 8.630883108462221, 47.41957551015409 ], [ 8.630884308460498, 47.419618710152456 ], [ 8.630867434926373, 47.419658575113317 ] ] } },
{ "type": "Feature", "properties": { "name": "LV_200-12_0_4_line_15" }, "geometry": { "type": "LineString", "coordinates": [ [ 8.632996859845646, 47.418703622436944 ], [ 8.632733170944968, 47.418967621485955 ] ] } },
{ "type": "Feature", "properties": { "name": "LV_200-12_0_4_line_16" }, "geometry": { "type": "LineString", "coordinates": [ [ 8.632539108463233, 47.41916191014802 ], [ 8.632539108463233, 47.41916191014802 ], [ 8.632733170944968, 47.418967621485955 ] ] } },
{ "type": "Feature", "properties": { "name": "LV_200-12_0_4_line_17" }, "geometry": { "type": "LineString", "coordinates": [ [ 8.633166672153646, 47.419110956293046 ], [ 8.633055914103235, 47.41923710561197 ] ] } },
{ "type": "Feature", "properties": { "name": "LV_200-12_0_4_line_18" }, "geometry": { "type": "LineString", "coordinates": [ [ 8.633166672153646, 47.419110956293046 ], [ 8.633211760910982, 47.419059601683848 ] ] } },
{ "type": "Feature", "properties": { "name": "LV_200-12_0_4_line_19" }, "geometry": { "type": "LineString", "coordinates": [ [ 8.633055914103235, 47.41923710561197 ], [ 8.633007293977558, 47.419292481896754 ] ] } },
{ "type": "Feature", "properties": { "name": "LV_200-12_0_4_line_20" }, "geometry": { "type": "LineString", "coordinates": [ [ 8.633345810122892, 47.418906923296575 ], [ 8.633211760910982, 47.419059601683848 ] ] } },
{ "type": "Feature", "properties": { "name": "LV_200-12_0_4_line_21" }, "geometry": { "type": "LineString", "coordinates": [ [ 8.63287240846442, 47.419446110151469 ], [ 8.633007293977558, 47.419292481896754 ] ] } },
{ "type": "Feature", "properties": { "name": "LV_200-12_0_4_line_22" }, "geometry": { "type": "LineString", "coordinates": [ [ 8.633345810122892, 47.418906923296575 ], [ 8.633416765842961, 47.418826106269776 ] ] } },
{ "type": "Feature", "properties": { "name": "LV_200-12_0_4_line_23" }, "geometry": { "type": "LineString", "coordinates": [ [ 8.63287240846442, 47.419446110151469 ], [ 8.632987908466667, 47.419481510147136 ], [ 8.633032761282317, 47.419500448936368 ] ] } },
{ "type": "Feature", "properties": { "name": "LV_200-12_0_4_line_24" }, "geometry": { "type": "LineString", "coordinates": [ [ 8.632194608466941, 47.42002691015275 ], [ 8.632223208461928, 47.419975910154406 ], [ 8.632264208465552, 47.419924410154437 ], [ 8.632327308467994, 47.419870710151542 ], [ 8.632830208465389, 47.419487410151042 ], [ 8.63287240846442, 47.419446110151469 ] ] } },
{ "type": "Feature", "properties": { "name": "LV_200-12_0_4_line_25" }, "geometry": { "type": "LineString", "coordinates": [ [ 8.63287240846442, 47.419446110151469 ], [ 8.632564908465174, 47.419315910154843 ], [ 8.632514608470785, 47.419266210151989 ], [ 8.632512908463177, 47.419214910154977 ], [ 8.632539108463233, 47.41916191014802 ] ] } },
{ "type": "Feature", "properties": { "name": "LV_200-12_0_4_line_26" }, "geometry": { "type": "LineString", "coordinates": [ [ 8.633416765842961, 47.418826106269776 ], [ 8.633542814189045, 47.418682539193497 ] ] } },
{ "type": "Feature", "properties": { "name": "LV_200-12_0_4_line_27" }, "geometry": { "type": "LineString", "coordinates": [ [ 8.633279255407706, 47.419618229142763 ], [ 8.63321700846992, 47.419583510153757 ], [ 8.633098508461146, 47.419528210153871 ], [ 8.633032761282317, 47.419500448936368 ] ] } },
{ "type": "Feature", "properties": { "name": "LV_200-12_0_4_line_28" }, "geometry": { "type": "LineString", "coordinates": [ [ 8.631838308470568, 47.419806610151532 ], [ 8.632082308469757, 47.419928610154592 ], [ 8.632105208464747, 47.419940110155331 ], [ 8.632223208461928, 47.419975910154406 ], [ 8.632194608466941, 47.42002691015275 ] ] } },
{ "type": "Feature", "properties": { "name": "LV_200-12_0_4_line_29" }, "geometry": { "type": "LineString", "coordinates": [ [ 8.632194608466941, 47.42002691015275 ], [ 8.632117548908901, 47.420139023702284 ] ] } },
{ "type": "Feature", "properties": { "name": "LV_200-12_0_4_line_30" }, "geometry": { "type": "LineString", "coordinates": [ [ 8.633564371787003, 47.418657985348077 ], [ 8.633542814189045, 47.418682539193497 ] ] } },
{ "type": "Feature", "properties": { "name": "LV_200-12_0_4_line_31" }, "geometry": { "type": "LineString", "coordinates": [ [ 8.633283200997711, 47.419620429838638 ], [ 8.633279255407706, 47.419618229142763 ] ] } },
{ "type": "Feature", "properties": { "name": "LV_200-12_0_4_line_32" }, "geometry": { "type": "LineString", "coordinates": [ [ 8.631838308470568, 47.419806610151532 ], [ 8.631723582806437, 47.419975022788137 ] ] } },
{ "type": "Feature", "properties": { "name": "LV_200-12_0_4_line_33" }, "geometry": { "type": "LineString", "coordinates": [ [ 8.632117548908901, 47.420139023702284 ], [ 8.632011100468519, 47.420293894142006 ] ] } },
{ "type": "Feature", "properties": { "name": "LV_200-12_0_4_line_34" }, "geometry": { "type": "LineString", "coordinates": [ [ 8.631723582806437, 47.419975022788137 ], [ 8.631719708463303, 47.419980710155521 ] ] } },
{ "type": "Feature", "properties": { "name": "LV_200-12_0_4_line_35" }, "geometry": { "type": "LineString", "coordinates": [ [ 8.632011100468519, 47.420293894142006 ], [ 8.631997219589714, 47.420314089171825 ] ] } },
{ "type": "Feature", "properties": { "name": "LV_200-12_0_4_line_36" }, "geometry": { "type": "LineString", "coordinates": [ [ 8.631719708463303, 47.419980710155521 ], [ 8.631611908468647, 47.419946510147277 ] ] } },
{ "type": "Feature", "properties": { "name": "LV_200-12_0_4_line_37" }, "geometry": { "type": "LineString", "coordinates": [ [ 8.631719708463303, 47.419980710155521 ], [ 8.631499308467152, 47.420304410155246 ] ] } },
{ "type": "Feature", "properties": { "name": "LV_200-12_0_4_line_38" }, "geometry": { "type": "LineString", "coordinates": [ [ 8.631499308467152, 47.420304410155246 ], [ 8.631435608460889, 47.420283410155427 ] ] } },
{ "type": "Feature", "properties": { "name": "LV_200-12_0_4_line_39" }, "geometry": { "type": "LineString", "coordinates": [ [ 8.631499308467152, 47.420304410155246 ], [ 8.631278508470889, 47.420628710152663 ] ] } },
{ "type": "Feature", "properties": { "name": "LV_200-12_0_4_line_40" }, "geometry": { "type": "LineString", "coordinates": [ [ 8.630867434926373, 47.419658575113317 ], [ 8.630867208464938, 47.419659110151628 ], [ 8.630767083119053, 47.419804798726304 ] ] } },
{ "type": "Feature", "properties": { "name": "LV_200-12_0_4_line_41" }, "geometry": { "type": "LineString", "coordinates": [ [ 8.630767083119053, 47.419804798726304 ], [ 8.630743708465928, 47.41983881015242 ], [ 8.630621047710779, 47.42001728549031 ] ] } },
{ "type": "Feature", "properties": { "name": "LV_200-12_0_4_line_42" }, "geometry": { "type": "LineString", "coordinates": [ [ 8.63102390847016, 47.421744710151074 ], [ 8.631124608461171, 47.421769210150885 ], [ 8.631505408464612, 47.421824910152154 ], [ 8.631593508464153, 47.421697610151107 ], [ 8.631586408470451, 47.421680810149184 ] ] } },
{ "type": "Feature", "properties": { "name": "LV_200-12_0_4_line_43" }, "geometry": { "type": "LineString", "coordinates": [ [ 8.63102390847016, 47.421744710151074 ], [ 8.631186508463882, 47.421501410153262 ], [ 8.631205455402085, 47.421473656223881 ] ] } },
{ "type": "Feature", "properties": { "name": "LV_200-12_0_4_line_44" }, "geometry": { "type": "LineString", "coordinates": [ [ 8.631586408470451, 47.421680810149184 ], [ 8.631714008463552, 47.421487810155391 ], [ 8.631664508459034, 47.421470910152429 ] ] } },
{ "type": "Feature", "properties": { "name": "LV_200-12_0_4_line_45" }, "geometry": { "type": "LineString", "coordinates": [ [ 8.631586408470451, 47.421680810149184 ], [ 8.631527108468495, 47.421674710149368 ] ] } },
{ "type": "Feature", "properties": { "name": "LV_200-12_0_4_line_46" }, "geometry": { "type": "LineString", "coordinates": [ [ 8.631205455402085, 47.421473656223881 ], [ 8.631324408462739, 47.421299410153708 ], [ 8.63140807476505, 47.421176760607338 ] ] } },
{ "type": "Feature", "properties": { "name": "LV_200-12_0_4_line_47" }, "geometry": { "type": "LineString", "coordinates": [ [ 8.630809008462817, 47.421318210149757 ], [ 8.630689908465081, 47.421278510152661 ] ] } },
{ "type": "Feature", "properties": { "name": "LV_200-12_0_4_line_48" }, "geometry": { "type": "LineString", "coordinates": [ [ 8.630809008462817, 47.421318210149757 ], [ 8.63094940846247, 47.421112010150651 ], [ 8.631059608461989, 47.420950110150727 ] ] } },
{ "type": "Feature", "properties": { "name": "LV_200-12_0_4_line_49" }, "geometry": { "type": "LineString", "coordinates": [ [ 8.631059608461989, 47.420950110150727 ], [ 8.630993108459117, 47.420927010153022 ] ] } },
{ "type": "Feature", "properties": { "name": "LV_200-12_0_4_line_50" }, "geometry": { "type": "LineString", "coordinates": [ [ 8.631278508470889, 47.420628710152663 ], [ 8.631059608461989, 47.420950110150727 ] ] } },
{ "type": "Feature", "properties": { "name": "LV_200-12_0_4_line_51" }, "geometry": { "type": "LineString", "coordinates": [ [ 8.630555808460105, 47.420112210152041 ], [ 8.630617708462724, 47.420129210152972 ], [ 8.630669108465638, 47.420061110149 ], [ 8.630746208470139, 47.420085710154268 ], [ 8.630727408463379, 47.420114410148692 ], [ 8.631011708468744, 47.420199810150827 ] ] } },
{ "type": "Feature", "properties": { "name": "LV_200-12_0_4_line_52" }, "geometry": { "type": "LineString", "coordinates": [ [ 8.630555808460105, 47.420112210152041 ], [ 8.630621047710779, 47.42001728549031 ] ] } },
{ "type": "Feature", "properties": { "name": "LV_200-12_0_4_line_53" }, "geometry": { "type": "LineString", "coordinates": [ [ 8.631011708468744, 47.420199810150827 ], [ 8.631102108467676, 47.420068410155608 ], [ 8.631052908469915, 47.420052710149996 ] ] } },
{ "type": "Feature", "properties": { "name": "LV_200-12_0_4_line_54" }, "geometry": { "type": "LineString", "coordinates": [ [ 8.631011708468744, 47.420199810150827 ], [ 8.630923408462662, 47.420328010154194 ] ] } },
{ "type": "Feature", "properties": { "name": "LV_200-12_0_4_line_55" }, "geometry": { "type": "LineString", "coordinates": [ [ 8.630440708468756, 47.420951710151002 ], [ 8.630448408469027, 47.420954010150673 ] ] } },
{ "type": "Feature", "properties": { "name": "LV_200-12_0_4_line_56" }, "geometry": { "type": "LineString", "coordinates": [ [ 8.630448408469027, 47.420954010150673 ], [ 8.630576208466454, 47.420759510152514 ], [ 8.630708808460833, 47.420570810148519 ] ] } },
{ "type": "Feature", "properties": { "name": "LV_200-12_0_4_line_57" }, "geometry": { "type": "LineString", "coordinates": [ [ 8.630397208467524, 47.421098210149843 ], [ 8.630481708467546, 47.420972910154894 ], [ 8.630444408457985, 47.42096011015164 ], [ 8.630448408469027, 47.420954010150673 ] ] } },
{ "type": "Feature", "properties": { "name": "LV_200-12_0_4_line_58" }, "geometry": { "type": "LineString", "coordinates": [ [ 8.630697408460527, 47.420567610151075 ], [ 8.630708808460833, 47.420570810148519 ] ] } },
{ "type": "Feature", "properties": { "name": "LV_200-12_0_4_line_59" }, "geometry": { "type": "LineString", "coordinates": [ [ 8.630708808460833, 47.420570810148519 ], [ 8.630749008467745, 47.420582510150091 ], [ 8.630836008460898, 47.420457710151318 ], [ 8.630923408462662, 47.420328010154194 ] ] } },
{ "type": "Feature", "properties": { "name": "LV_200-12_0_4_line_60" }, "geometry": { "type": "LineString", "coordinates": [ [ 8.630397208467524, 47.421098210149843 ], [ 8.630311680072289, 47.421225001296285 ] ] } },
{ "type": "Feature", "properties": { "name": "LV_200-12_0_4_line_61" }, "geometry": { "type": "LineString", "coordinates": [ [ 8.631278508470889, 47.420628710152663 ], [ 8.631165908469274, 47.420590710151288 ] ] } },
{ "type": "Feature", "properties": { "name": "LV_200-12_0_4_line_62" }, "geometry": { "type": "LineString", "coordinates": [ [ 8.630923408462662, 47.420328010154194 ], [ 8.630870308465401, 47.420310210154994 ] ] } },
{ "type": "Feature", "properties": { "name": "LV_200-12_0_4_line_63" }, "geometry": { "type": "LineString", "coordinates": [ [ 8.631527008459829, 47.421002410154294 ], [ 8.63140807476505, 47.421176760607338 ] ] } },
{ "type": "Feature", "properties": { "name": "LV_200-12_0_4_line_64" }, "geometry": { "type": "LineString", "coordinates": [ [ 8.631832403941923, 47.420554910936971 ], [ 8.631914483723454, 47.420434642660815 ] ] } },
{ "type": "Feature", "properties": { "name": "LV_200-12_0_4_line_65" }, "geometry": { "type": "LineString", "coordinates": [ [ 8.631832403941923, 47.420554910936971 ], [ 8.63175530411162, 47.420667881730289 ] ] } },
{ "type": "Feature", "properties": { "name": "LV_200-12_0_4_line_66" }, "geometry": { "type": "LineString", "coordinates": [ [ 8.631914483723454, 47.420434642660815 ], [ 8.63193620845966, 47.420402810153583 ], [ 8.631982908471365, 47.420334910153009 ], [ 8.631997219589714, 47.420314089171825 ] ] } },
{ "type": "Feature", "properties": { "name": "LV_200-12_0_4_line_67" }, "geometry": { "type": "LineString", "coordinates": [ [ 8.631652036171051, 47.420819194606729 ], [ 8.63175530411162, 47.420667881730289 ] ] } },
{ "type": "Feature", "properties": { "name": "LV_200-12_0_4_line_68" }, "geometry": { "type": "LineString", "coordinates": [ [ 8.631527008459829, 47.421002410154294 ], [ 8.63155060846684, 47.420967810150223 ], [ 8.631652036171051, 47.420819194606729 ] ] } },
{ "type": "Feature", "properties": { "name": "LV_200-12_0_4_line_69" }, "geometry": { "type": "LineString", "coordinates": [ [ 8.631527008459829, 47.421002410154294 ], [ 8.631832734489382, 47.421099607345859 ] ] } },
{ "type": "Feature", "properties": { "name": "LV_200-12_0_4_line_70" }, "geometry": { "type": "LineString", "coordinates": [ [ 8.631838908464786, 47.421237810151219 ], [ 8.631870008465643, 47.421247710147753 ], [ 8.631946608468136, 47.421135810148392 ], [ 8.631832734489382, 47.421099607345859 ] ] } },
{ "type": "Feature", "properties": { "name": "LV_200-3_0_4_line_0" }, "geometry": { "type": "LineString", "coordinates": [ [ 8.635481708469491, 47.417521110146268 ], [ 8.638072246894215, 47.416787968647235 ] ] } },
{ "type": "Feature", "properties": { "name": "LV_200-3_0_4_line_1" }, "geometry": { "type": "LineString", "coordinates": [ [ 8.635481708469491, 47.417521110146268 ], [ 8.635422308468311, 47.417487310147806 ] ] } },
{ "type": "Feature", "properties": { "name": "LV_200-3_0_4_line_2" }, "geometry": { "type": "LineString", "coordinates": [ [ 8.63514430847086, 47.417770410147547 ], [ 8.635233208465602, 47.417702110148952 ], [ 8.635239908465151, 47.417705810151539 ], [ 8.63537370846754, 47.417602510151035 ], [ 8.635379708475435, 47.417601610151323 ], [ 8.635481708469491, 47.417521110146268 ] ] } },
{ "type": "Feature", "properties": { "name": "LV_200-3_0_4_line_3" }, "geometry": { "type": "LineString", "coordinates": [ [ 8.63514430847086, 47.417770410147547 ], [ 8.635109508474736, 47.417749410152787 ] ] } },
{ "type": "Feature", "properties": { "name": "LV_200-3_0_4_line_4" }, "geometry": { "type": "LineString", "coordinates": [ [ 8.63514430847086, 47.417770410147547 ], [ 8.634979708471693, 47.417897710146164 ], [ 8.634960308468521, 47.417886110146107 ], [ 8.634949908465856, 47.417879510152908 ], [ 8.634915008470315, 47.417859110151149 ], [ 8.634898608467493, 47.417848510148957 ], [ 8.63488389717388, 47.417840239789882 ] ] } },
{ "type": "Feature", "properties": { "name": "LV_200-3_0_4_line_5" }, "geometry": { "type": "LineString", "coordinates": [ [ 8.629200408461163, 47.41246401015114 ], [ 8.629236108463889, 47.41242221014857 ], [ 8.629248208469285, 47.412401110153276 ], [ 8.629249508459493, 47.412361410153672 ], [ 8.629154708468594, 47.412312710154339 ], [ 8.628943308462839, 47.412220710147729 ], [ 8.629279044887635, 47.411825609195752 ] ] } },
{ "type": "Feature", "properties": { "name": "LV_200-3_0_4_line_6" }, "geometry": { "type": "LineString", "coordinates": [ [ 8.629200408461163, 47.41246401015114 ], [ 8.629301408461915, 47.412506610154423 ], [ 8.629667708467942, 47.412661710145663 ], [ 8.629740508471961, 47.412692310146795 ], [ 8.62997085883131, 47.412790114362174 ] ] } },
{ "type": "Feature", "properties": { "name": "LV_200-3_0_4_line_7" }, "geometry": { "type": "LineString", "coordinates": [ [ 8.629200408461163, 47.41246401015114 ], [ 8.629080283685147, 47.41241358969809 ] ] } },
{ "type": "Feature", "properties": { "name": "LV_200-3_0_4_line_8" }, "geometry": { "type": "LineString", "coordinates": [ [ 8.62997085883131, 47.412790114362174 ], [ 8.630065439574189, 47.412830272064674 ] ] } },
{ "type": "Feature", "properties": { "name": "LV_200-3_0_4_line_9" }, "geometry": { "type": "LineString", "coordinates": [ [ 8.628777265422917, 47.412286401658548 ], [ 8.629080283685147, 47.41241358969809 ] ] } },
{ "type": "Feature", "properties": { "name": "LV_200-3_0_4_line_10" }, "geometry": { "type": "LineString", "coordinates": [ [ 8.630860308462674, 47.413161610147789 ], [ 8.630188708464994, 47.412882610149317 ], [ 8.630065439574189, 47.412830272064674 ] ] } },
{ "type": "Feature", "properties": { "name": "LV_200-3_0_4_line_11" }, "geometry": { "type": "LineString", "coordinates": [ [ 8.628616105044623, 47.412218756086546 ], [ 8.628777265422917, 47.412286401658548 ] ] } },
{ "type": "Feature", "properties": { "name": "LV_200-3_0_4_line_12" }, "geometry": { "type": "LineString", "coordinates": [ [ 8.630860308462674, 47.413161610147789 ], [ 8.630766408463121, 47.41327611015079 ], [ 8.630597708464947, 47.413471710145494 ] ] } },
{ "type": "Feature", "properties": { "name": "LV_200-3_0_4_line_13" }, "geometry": { "type": "LineString", "coordinates": [ [ 8.628403008468126, 47.412129310145666 ], [ 8.628616105044623, 47.412218756086546 ] ] } },
{ "type": "Feature", "properties": { "name": "LV_200-3_0_4_line_14" }, "geometry": { "type": "LineString", "coordinates": [ [ 8.626916791476424, 47.414176501213547 ], [ 8.626874375604178, 47.414225527411887 ] ] } },
{ "type": "Feature", "properties": { "name": "LV_200-3_0_4_line_15" }, "geometry": { "type": "LineString", "coordinates": [ [ 8.626916791476424, 47.414176501213547 ], [ 8.626917908458587, 47.414175210149089 ], [ 8.626976308456195, 47.414107710151455 ], [ 8.627086408469049, 47.413976310155434 ], [ 8.627175908462158, 47.413883010150613 ], [ 8.627666008463647, 47.413527510151965 ], [ 8.627749008465852, 47.41345481015378 ], [ 8.627867308463006, 47.413306110146848 ], [ 8.627929908458327, 47.413150610153885 ], [ 8.627929908458327, 47.413150610153885 ] ] } },
{ "type": "Feature", "properties": { "name": "LV_200-3_0_4_line_16" }, "geometry": { "type": "LineString", "coordinates": [ [ 8.628209289274091, 47.412375583243275 ], [ 8.628136108463538, 47.412473010145909 ], [ 8.628045408465502, 47.412620510146709 ], [ 8.627998708458255, 47.412760510153369 ], [ 8.627929908458327, 47.413150610153885 ] ] } },
{ "type": "Feature", "properties": { "name": "LV_200-3_0_4_line_17" }, "geometry": { "type": "LineString", "coordinates": [ [ 8.628403008468126, 47.412129310145666 ], [ 8.628218808467958, 47.412362910152687 ], [ 8.628209289274091, 47.412375583243275 ] ] } },
{ "type": "Feature", "properties": { "name": "LV_200-3_0_4_line_18" }, "geometry": { "type": "LineString", "coordinates": [ [ 8.628403008468126, 47.412129310145666 ], [ 8.628666708465984, 47.411750010154464 ], [ 8.628854808467576, 47.41148431015398 ], [ 8.62892960846369, 47.411335810149211 ], [ 8.628963308460792, 47.411146610153267 ], [ 8.628959308464788, 47.410948510151535 ], [ 8.628931508468735, 47.410621410149993 ], [ 8.62892470846092, 47.410477110150048 ] ] } },
{ "type": "Feature", "properties": { "name": "LV_200-3_0_4_line_19" }, "geometry": { "type": "LineString", "coordinates": [ [ 8.62892470846092, 47.410477110150048 ], [ 8.629996787185613, 47.410655685916524 ] ] } },
{ "type": "Feature", "properties": { "name": "LV_200-3_0_4_line_20" }, "geometry": { "type": "LineString", "coordinates": [ [ 8.630597708464947, 47.413471710145494 ], [ 8.630817341556172, 47.413606869276592 ] ] } },
{ "type": "Feature", "properties": { "name": "LV_200-3_0_4_line_21" }, "geometry": { "type": "LineString", "coordinates": [ [ 8.630824536164859, 47.413783215385379 ], [ 8.630937008465452, 47.413680510148474 ], [ 8.630817341556172, 47.413606869276592 ] ] } },
{ "type": "Feature", "properties": { "name": "LV_200-3_0_4_line_22" }, "geometry": { "type": "LineString", "coordinates": [ [ 8.633077808472516, 47.414564510148686 ], [ 8.633333148556062, 47.414376543065529 ] ] } },
{ "type": "Feature", "properties": { "name": "LV_200-3_0_4_line_23" }, "geometry": { "type": "LineString", "coordinates": [ [ 8.633077808472516, 47.414564510148686 ], [ 8.633276444420444, 47.414688306329531 ] ] } },
{ "type": "Feature", "properties": { "name": "LV_200-3_0_4_line_24" }, "geometry": { "type": "LineString", "coordinates": [ [ 8.634619408475498, 47.415545510151567 ], [ 8.63359270847509, 47.414885410153254 ], [ 8.633276444420444, 47.414688306329531 ] ] } },
{ "type": "Feature", "properties": { "name": "LV_200-3_0_4_line_25" }, "geometry": { "type": "LineString", "coordinates": [ [ 8.634959008473189, 47.415763710152682 ], [ 8.634619408475498, 47.415545510151567 ] ] } },
{ "type": "Feature", "properties": { "name": "LV_200-3_0_4_line_26" }, "geometry": { "type": "LineString", "coordinates": [ [ 8.634237808467336, 47.416396210147639 ], [ 8.63417740847083, 47.416362010148561 ], [ 8.634234908473301, 47.416319410147793 ], [ 8.634563108465361, 47.416076010145424 ], [ 8.634762708475375, 47.41594351014939 ], [ 8.635000408467048, 47.415785710151276 ], [ 8.634959008473189, 47.415763710152682 ] ] } },
{ "type": "Feature", "properties": { "name": "LV_200-3_0_4_line_27" }, "geometry": { "type": "LineString", "coordinates": [ [ 8.634959008473189, 47.415763710152682 ], [ 8.634597308466661, 47.416020510149409 ], [ 8.634427438158262, 47.416144726527627 ] ] } },
{ "type": "Feature", "properties": { "name": "LV_200-3_0_4_line_28" }, "geometry": { "type": "LineString", "coordinates": [ [ 8.631515611800779, 47.410907829882724 ], [ 8.630734808472889, 47.410778310150768 ], [ 8.63027970847314, 47.410702810148209 ], [ 8.629996787185613, 47.410655685916524 ] ] } },
{ "type": "Feature", "properties": { "name": "LV_200-3_0_4_line_29" }, "geometry": { "type": "LineString", "coordinates": [ [ 8.630824536164859, 47.413783215385379 ], [ 8.630767408471474, 47.415356910151431 ] ] } },
{ "type": "Feature", "properties": { "name": "LV_200-3_0_4_line_30" }, "geometry": { "type": "LineString", "coordinates": [ [ 8.630767408471474, 47.415356910151431 ], [ 8.630651108463582, 47.415522310152099 ], [ 8.630469708470516, 47.41575901014857 ], [ 8.630357908462365, 47.415921410147391 ], [ 8.630258815949995, 47.416076679698968 ] ] } },
{ "type": "Feature", "properties": { "name": "LV_200-3_0_4_line_31" }, "geometry": { "type": "LineString", "coordinates": [ [ 8.631107608469655, 47.416805410148342 ], [ 8.630258815949995, 47.416076679698968 ] ] } },
{ "type": "Feature", "properties": { "name": "LV_200-3_0_4_line_32" }, "geometry": { "type": "LineString", "coordinates": [ [ 8.634237808467336, 47.416396210147639 ], [ 8.634061769324649, 47.416526658301365 ] ] } },
{ "type": "Feature", "properties": { "name": "LV_200-3_0_4_line_33" }, "geometry": { "type": "LineString", "coordinates": [ [ 8.634237808467336, 47.416396210147639 ], [ 8.634282708471613, 47.416362910152628 ], [ 8.634428108469596, 47.4162588101495 ], [ 8.634478692572879, 47.416222976248832 ] ] } },
{ "type": "Feature", "properties": { "name": "LV_200-3_0_4_line_34" }, "geometry": { "type": "LineString", "coordinates": [ [ 8.634427438158262, 47.416144726527627 ], [ 8.634314866921194, 47.416227042928796 ] ] } },
{ "type": "Feature", "properties": { "name": "LV_200-3_0_4_line_35" }, "geometry": { "type": "LineString", "coordinates": [ [ 8.634061769324649, 47.416526658301365 ], [ 8.633873308474529, 47.416666310146894 ], [ 8.633743970097614, 47.416765343981396 ] ] } },
{ "type": "Feature", "properties": { "name": "LV_200-3_0_4_line_36" }, "geometry": { "type": "LineString", "coordinates": [ [ 8.634478692572879, 47.416222976248832 ], [ 8.634547108467402, 47.416174510145375 ], [ 8.634816379083841, 47.415976942319787 ] ] } },
{ "type": "Feature", "properties": { "name": "LV_200-3_0_4_line_37" }, "geometry": { "type": "LineString", "coordinates": [ [ 8.633475278077482, 47.416970690375187 ], [ 8.633599308469188, 47.416876110147392 ], [ 8.633743970097614, 47.416765343981396 ] ] } },
{ "type": "Feature", "properties": { "name": "LV_200-3_0_4_line_38" }, "geometry": { "type": "LineString", "coordinates": [ [ 8.634611168464227, 47.416767786191969 ], [ 8.634591708473067, 47.416800110147918 ], [ 8.634536308474049, 47.416871310149659 ], [ 8.634475513571843, 47.416922877749826 ] ] } },
{ "type": "Feature", "properties": { "name": "LV_200-3_0_4_line_39" }, "geometry": { "type": "LineString", "coordinates": [ [ 8.634323583182962, 47.417048287762675 ], [ 8.634409808466135, 47.416978610154352 ], [ 8.634475513571843, 47.416922877749826 ] ] } },
{ "type": "Feature", "properties": { "name": "LV_200-3_0_4_line_40" }, "geometry": { "type": "LineString", "coordinates": [ [ 8.632930208465131, 47.417349110147391 ], [ 8.632577455869839, 47.417641087685304 ] ] } },
{ "type": "Feature", "properties": { "name": "LV_200-3_0_4_line_41" }, "geometry": { "type": "LineString", "coordinates": [ [ 8.632930208465131, 47.417349110147391 ], [ 8.632769394661356, 47.417247192636289 ] ] } },
{ "type": "Feature", "properties": { "name": "LV_200-3_0_4_line_42" }, "geometry": { "type": "LineString", "coordinates": [ [ 8.632456008466995, 47.417741610150593 ], [ 8.632577455869839, 47.417641087685304 ] ] } },
{ "type": "Feature", "properties": { "name": "LV_200-3_0_4_line_43" }, "geometry": { "type": "LineString", "coordinates": [ [ 8.632539641628249, 47.41710158307145 ], [ 8.632769394661356, 47.417247192636289 ] ] } },
{ "type": "Feature", "properties": { "name": "LV_200-3_0_4_line_44" }, "geometry": { "type": "LineString", "coordinates": [ [ 8.635134569662673, 47.415746569918909 ], [ 8.63489560846752, 47.415918810151794 ], [ 8.634816379083841, 47.415976942319787 ] ] } },
{ "type": "Feature", "properties": { "name": "LV_200-3_0_4_line_45" }, "geometry": { "type": "LineString", "coordinates": [ [ 8.632565208462967, 47.411121010144313 ], [ 8.631687308462419, 47.410936310148792 ], [ 8.631515611800779, 47.410907829882724 ] ] } },
{ "type": "Feature", "properties": { "name": "LV_200-3_0_4_line_46" }, "geometry": { "type": "LineString", "coordinates": [ [ 8.634154952103227, 47.417294264792595 ], [ 8.634018508462692, 47.417403310153425 ], [ 8.633966735789116, 47.417445818816233 ] ] } },
{ "type": "Feature", "properties": { "name": "LV_200-3_0_4_line_47" }, "geometry": { "type": "LineString", "coordinates": [ [ 8.634243108467304, 47.417223810152592 ], [ 8.634154952103227, 47.417294264792595 ] ] } },
{ "type": "Feature", "properties": { "name": "LV_200-3_0_4_line_48" }, "geometry": { "type": "LineString", "coordinates": [ [ 8.633773584571363, 47.417604407472851 ], [ 8.633966735789116, 47.417445818816233 ] ] } },
{ "type": "Feature", "properties": { "name": "LV_200-3_0_4_line_49" }, "geometry": { "type": "LineString", "coordinates": [ [ 8.634243108467304, 47.417223810152592 ], [ 8.634333608472504, 47.417273410149086 ] ] } },
{ "type": "Feature", "properties": { "name": "LV_200-3_0_4_line_50" }, "geometry": { "type": "LineString", "coordinates": [ [ 8.634243108467304, 47.417223810152592 ], [ 8.6342243084658, 47.417128510150469 ], [ 8.634323583182962, 47.417048287762675 ] ] } },
{ "type": "Feature", "properties": { "name": "LV_200-3_0_4_line_51" }, "geometry": { "type": "LineString", "coordinates": [ [ 8.633773584571363, 47.417604407472851 ], [ 8.633691782459762, 47.417671571496015 ] ] } },
{ "type": "Feature", "properties": { "name": "LV_200-3_0_4_line_52" }, "geometry": { "type": "LineString", "coordinates": [ [ 8.634333608472504, 47.417273410149086 ], [ 8.634412608467155, 47.417251410150797 ] ] } },
{ "type": "Feature", "properties": { "name": "LV_200-3_0_4_line_53" }, "geometry": { "type": "LineString", "coordinates": [ [ 8.634333608472504, 47.417273410149086 ], [ 8.634345208468737, 47.417279710145557 ], [ 8.63438320846261, 47.417301610147007 ], [ 8.634432308467282, 47.417390810147424 ], [ 8.634427908472762, 47.417412910151072 ], [ 8.634381007035286, 47.417450421992008 ] ] } },
{ "type": "Feature", "properties": { "name": "LV_200-3_0_4_line_54" }, "geometry": { "type": "LineString", "coordinates": [ [ 8.63356239811179, 47.417772429575145 ], [ 8.633670908464346, 47.417688710152952 ], [ 8.633691782459762, 47.417671571496015 ] ] } },
{ "type": "Feature", "properties": { "name": "LV_200-3_0_4_line_55" }, "geometry": { "type": "LineString", "coordinates": [ [ 8.634381007035286, 47.417450421992008 ], [ 8.634327508474335, 47.417493210152109 ], [ 8.634313808462601, 47.417492610153822 ], [ 8.634206077021261, 47.417583831174241 ] ] } },
{ "type": "Feature", "properties": { "name": "LV_200-3_0_4_line_56" }, "geometry": { "type": "LineString", "coordinates": [ [ 8.63333037196066, 47.417944054330533 ], [ 8.633409708466173, 47.417879210146488 ], [ 8.633450308464031, 47.417858910146442 ], [ 8.63356239811179, 47.417772429575145 ] ] } },
{ "type": "Feature", "properties": { "name": "LV_200-3_0_4_line_57" }, "geometry": { "type": "LineString", "coordinates": [ [ 8.634025091545908, 47.417768737632571 ], [ 8.634033908462806, 47.417761410150995 ], [ 8.634053208470181, 47.417756910151461 ], [ 8.63414430846815, 47.417681510146444 ], [ 8.634131108470822, 47.417647310152532 ], [ 8.634206077021261, 47.417583831174241 ] ] } },
{ "type": "Feature", "properties": { "name": "LV_200-3_0_4_line_58" }, "geometry": { "type": "LineString", "coordinates": [ [ 8.634025091545908, 47.417768737632571 ], [ 8.633803201489306, 47.417953143009974 ] ] } },
{ "type": "Feature", "properties": { "name": "LV_200-3_0_4_line_59" }, "geometry": { "type": "LineString", "coordinates": [ [ 8.633586004147132, 47.418133646755685 ], [ 8.633803201489306, 47.417953143009974 ] ] } },
{ "type": "Feature", "properties": { "name": "LV_200-3_0_4_line_60" }, "geometry": { "type": "LineString", "coordinates": [ [ 8.633469208467355, 47.418230710152088 ], [ 8.633586004147132, 47.418133646755685 ] ] } },
{ "type": "Feature", "properties": { "name": "LV_200-3_0_4_line_61" }, "geometry": { "type": "LineString", "coordinates": [ [ 8.633469208467355, 47.418230710152088 ], [ 8.633485808469905, 47.418238610148244 ], [ 8.633512908465448, 47.418250710154055 ], [ 8.633556908471437, 47.418250910151919 ], [ 8.63365310847426, 47.418237010154293 ], [ 8.633741308473393, 47.418239310150398 ], [ 8.633869508468429, 47.418311010153985 ], [ 8.633900008466462, 47.418323310148146 ] ] } },
{ "type": "Feature", "properties": { "name": "LV_200-3_0_4_line_62" }, "geometry": { "type": "LineString", "coordinates": [ [ 8.633469208467355, 47.418230710152088 ], [ 8.633302772306314, 47.418397346109693 ] ] } },
{ "type": "Feature", "properties": { "name": "LV_200-3_0_4_line_63" }, "geometry": { "type": "LineString", "coordinates": [ [ 8.633900008466462, 47.418323310148146 ], [ 8.633784315022972, 47.418437159322671 ] ] } },
{ "type": "Feature", "properties": { "name": "LV_200-3_0_4_line_64" }, "geometry": { "type": "LineString", "coordinates": [ [ 8.633900008466462, 47.418323310148146 ], [ 8.633988943422436, 47.418244759584496 ] ] } },
{ "type": "Feature", "properties": { "name": "LV_200-3_0_4_line_65" }, "geometry": { "type": "LineString", "coordinates": [ [ 8.633165008464168, 47.418078210149183 ], [ 8.633175408464533, 47.418070710148548 ], [ 8.63333037196066, 47.417944054330533 ] ] } },
{ "type": "Feature", "properties": { "name": "LV_200-3_0_4_line_66" }, "geometry": { "type": "LineString", "coordinates": [ [ 8.633165008464168, 47.418078210149183 ], [ 8.633080408468903, 47.418064710153892 ], [ 8.632911808470146, 47.41797991015283 ], [ 8.632871708461479, 47.417958910152237 ] ] } },
{ "type": "Feature", "properties": { "name": "LV_200-3_0_4_line_67" }, "geometry": { "type": "LineString", "coordinates": [ [ 8.632823808469118, 47.418000710155006 ], [ 8.632871708461479, 47.417958910152237 ] ] } },
{ "type": "Feature", "properties": { "name": "LV_200-3_0_4_line_68" }, "geometry": { "type": "LineString", "coordinates": [ [ 8.632871708461479, 47.417958910152237 ], [ 8.632653472131759, 47.417844844360836 ] ] } },
{ "type": "Feature", "properties": { "name": "LV_200-3_0_4_line_69" }, "geometry": { "type": "LineString", "coordinates": [ [ 8.632823808469118, 47.418000710155006 ], [ 8.632770708467918, 47.417973810147913 ], [ 8.632694308469951, 47.417961510152345 ], [ 8.632560395659741, 47.418104808211019 ] ] } },
{ "type": "Feature", "properties": { "name": "LV_200-3_0_4_line_70" }, "geometry": { "type": "LineString", "coordinates": [ [ 8.632499008467653, 47.417764110152341 ], [ 8.632653472131759, 47.417844844360836 ] ] } },
{ "type": "Feature", "properties": { "name": "LV_200-3_0_4_line_71" }, "geometry": { "type": "LineString", "coordinates": [ [ 8.632360208466952, 47.418286110153389 ], [ 8.632429208465693, 47.418213910147948 ], [ 8.632450308468039, 47.418222610148014 ], [ 8.632560395659741, 47.418104808211019 ] ] } },
{ "type": "Feature", "properties": { "name": "LV_200-3_0_4_line_72" }, "geometry": { "type": "LineString", "coordinates": [ [ 8.632499008467653, 47.417764110152341 ], [ 8.632456008466995, 47.417741610150593 ] ] } },
{ "type": "Feature", "properties": { "name": "LV_200-3_0_4_line_73" }, "geometry": { "type": "LineString", "coordinates": [ [ 8.632499008467653, 47.417764110152341 ], [ 8.63263220846815, 47.41763811014723 ], [ 8.63283052398678, 47.417468331341617 ] ] } },
{ "type": "Feature", "properties": { "name": "LV_200-3_0_4_line_74" }, "geometry": { "type": "LineString", "coordinates": [ [ 8.633784315022972, 47.418437159322671 ], [ 8.633729526012496, 47.418491074740714 ] ] } },
{ "type": "Feature", "properties": { "name": "LV_200-3_0_4_line_75" }, "geometry": { "type": "LineString", "coordinates": [ [ 8.633988943422436, 47.418244759584496 ], [ 8.634014942459419, 47.418221796239507 ] ] } },
{ "type": "Feature", "properties": { "name": "LV_200-3_0_4_line_76" }, "geometry": { "type": "LineString", "coordinates": [ [ 8.633180629640787, 47.417195585684148 ], [ 8.633195008467567, 47.41718441014973 ], [ 8.633475278077482, 47.416970690375187 ] ] } },
{ "type": "Feature", "properties": { "name": "LV_200-3_0_4_line_77" }, "geometry": { "type": "LineString", "coordinates": [ [ 8.633180629640787, 47.417195585684148 ], [ 8.632838608462828, 47.417461410148626 ], [ 8.63283052398678, 47.417468331341617 ] ] } },
{ "type": "Feature", "properties": { "name": "LV_200-3_0_4_line_78" }, "geometry": { "type": "LineString", "coordinates": [ [ 8.632456008466995, 47.417741610150593 ], [ 8.631989108468522, 47.417515510149109 ] ] } },
{ "type": "Feature", "properties": { "name": "LV_200-3_0_4_line_79" }, "geometry": { "type": "LineString", "coordinates": [ [ 8.631989108468522, 47.417515510149109 ], [ 8.631836437103114, 47.417680058211687 ] ] } },
{ "type": "Feature", "properties": { "name": "LV_200-3_0_4_line_80" }, "geometry": { "type": "LineString", "coordinates": [ [ 8.632074808470472, 47.418164410148982 ], [ 8.632110908470228, 47.418179810146555 ], [ 8.632360208466952, 47.418286110153389 ] ] } },
{ "type": "Feature", "properties": { "name": "LV_200-3_0_4_line_81" }, "geometry": { "type": "LineString", "coordinates": [ [ 8.632075942124043, 47.418163152784537 ], [ 8.632074808470472, 47.418164410148982 ] ] } },
{ "type": "Feature", "properties": { "name": "LV_200-3_0_4_line_82" }, "geometry": { "type": "LineString", "coordinates": [ [ 8.632360208466952, 47.418286110153389 ], [ 8.632397908466784, 47.418302210149399 ], [ 8.632547108460649, 47.418366410148927 ], [ 8.63259560846023, 47.418360410151642 ], [ 8.632651008471521, 47.418314310154578 ], [ 8.632680508472735, 47.418300910154187 ], [ 8.632701308469237, 47.418297110150824 ] ] } },
{ "type": "Feature", "properties": { "name": "LV_200-3_0_4_line_83" }, "geometry": { "type": "LineString", "coordinates": [ [ 8.632701308469237, 47.418297110150824 ], [ 8.632719608471362, 47.418296810146551 ], [ 8.632727308467826, 47.41829911015531 ] ] } },
{ "type": "Feature", "properties": { "name": "LV_200-3_0_4_line_84" }, "geometry": { "type": "LineString", "coordinates": [ [ 8.631803355072044, 47.417715713609681 ], [ 8.631836437103114, 47.417680058211687 ] ] } },
{ "type": "Feature", "properties": { "name": "LV_200-3_0_4_line_85" }, "geometry": { "type": "LineString", "coordinates": [ [ 8.631107608469655, 47.416805410148342 ], [ 8.631532881164622, 47.417071810400763 ] ] } },
{ "type": "Feature", "properties": { "name": "LV_200-3_0_4_line_86" }, "geometry": { "type": "LineString", "coordinates": [ [ 8.632284737930629, 47.416940032400895 ], [ 8.631532881164622, 47.417071810400763 ] ] } },
{ "type": "Feature", "properties": { "name": "LV_200-3_0_4_line_87" }, "geometry": { "type": "LineString", "coordinates": [ [ 8.632539641628249, 47.41710158307145 ], [ 8.632284737930629, 47.416940032400895 ] ] } },
{ "type": "Feature", "properties": { "name": "LV_200-3_0_4_line_88" }, "geometry": { "type": "LineString", "coordinates": [ [ 8.634028182506137, 47.418210102116511 ], [ 8.634014942459419, 47.418221796239507 ] ] } },
{ "type": "Feature", "properties": { "name": "LV_200-3_0_4_line_89" }, "geometry": { "type": "LineString", "coordinates": [ [ 8.634276201472845, 47.417991040839652 ], [ 8.634640556683152, 47.417669221991069 ] ] } },
{ "type": "Feature", "properties": { "name": "LV_200-3_0_4_line_90" }, "geometry": { "type": "LineString", "coordinates": [ [ 8.634276201472845, 47.417991040839652 ], [ 8.634208430746535, 47.418050899156967 ] ] } },
{ "type": "Feature", "properties": { "name": "LV_200-3_0_4_line_91" }, "geometry": { "type": "LineString", "coordinates": [ [ 8.634774708475431, 47.417557210147024 ], [ 8.634648608473341, 47.417662110148235 ], [ 8.634640556683152, 47.417669221991069 ] ] } },
{ "type": "Feature", "properties": { "name": "LV_200-3_0_4_line_92" }, "geometry": { "type": "LineString", "coordinates": [ [ 8.634208430746535, 47.418050899156967 ], [ 8.634028182506137, 47.418210102116511 ] ] } },
{ "type": "Feature", "properties": { "name": "LV_200-3_0_4_line_93" }, "geometry": { "type": "LineString", "coordinates": [ [ 8.634727908473128, 47.417688810152761 ], [ 8.634714208474454, 47.417681510151603 ], [ 8.634777908467054, 47.41760641014973 ], [ 8.634798708463318, 47.417579610152451 ], [ 8.634774708475431, 47.417557210147024 ] ] } },
{ "type": "Feature", "properties": { "name": "LV_200-3_0_4_line_94" }, "geometry": { "type": "LineString", "coordinates": [ [ 8.634727908473128, 47.417688810152761 ], [ 8.634684708472324, 47.417726010153757 ], [ 8.634704108470324, 47.417737110148565 ], [ 8.634801308474051, 47.417793810147266 ], [ 8.634863864816928, 47.417828978032937 ] ] } },
{ "type": "Feature", "properties": { "name": "LV_200-3_0_4_line_95" }, "geometry": { "type": "LineString", "coordinates": [ [ 8.63488389717388, 47.417840239789882 ], [ 8.634863864816928, 47.417828978032937 ] ] } },
{ "type": "Feature", "properties": { "name": "LV_200-3_0_4_line_96" }, "geometry": { "type": "LineString", "coordinates": [ [ 8.635134569662673, 47.415746569918909 ], [ 8.635275608475929, 47.415644910146497 ], [ 8.635501253654791, 47.415480692712507 ] ] } },
{ "type": "Feature", "properties": { "name": "LV_200-3_0_4_line_97" }, "geometry": { "type": "LineString", "coordinates": [ [ 8.63576961412415, 47.415285988592359 ], [ 8.635695108469989, 47.415339610148898 ], [ 8.635501253654791, 47.415480692712507 ] ] } },
{ "type": "Feature", "properties": { "name": "LV_200-3_0_4_line_98" }, "geometry": { "type": "LineString", "coordinates": [ [ 8.632108808470639, 47.41010341014951 ], [ 8.632271208471392, 47.410164810148736 ], [ 8.632583908463504, 47.410294110151092 ], [ 8.632779708466067, 47.410455710152434 ], [ 8.63283360846466, 47.410495310145663 ], [ 8.632805708473652, 47.410586810151244 ], [ 8.632633908463532, 47.411001310151512 ], [ 8.632601008475261, 47.411068210148947 ], [ 8.632565208462967, 47.411121010144313 ] ] } },
{ "type": "Feature", "properties": { "name": "LV_200-3_0_4_line_99" }, "geometry": { "type": "LineString", "coordinates": [ [ 8.632108808470639, 47.41010341014951 ], [ 8.63193740847238, 47.41048481014937 ], [ 8.631782500140586, 47.410455860342424 ] ] } },
{ "type": "Feature", "properties": { "name": "LV_200-3_0_4_line_100" }, "geometry": { "type": "LineString", "coordinates": [ [ 8.631722336139532, 47.41044461662527 ], [ 8.631782500140586, 47.410455860342424 ] ] } },
{ "type": "Feature", "properties": { "name": "LV_200-13_0_2_line_0" }, "geometry": { "type": "LineString", "coordinates": [ [ 8.629990608460041, 47.421701010148304 ], [ 8.63013401227461, 47.421488398735633 ] ] } },
{ "type": "Feature", "properties": { "name": "LV_200-13_0_2_line_1" }, "geometry": { "type": "LineString", "coordinates": [ [ 8.630459908466793, 47.421830910151343 ], [ 8.630108708457383, 47.42170971015436 ], [ 8.629990608460041, 47.421701010148304 ] ] } },
{ "type": "Feature", "properties": { "name": "LV_200-13_0_2_line_2" }, "geometry": { "type": "LineString", "coordinates": [ [ 8.629691908466645, 47.421719810153704 ], [ 8.629990608460041, 47.421701010148304 ] ] } },
{ "type": "Feature", "properties": { "name": "LV_200-13_0_2_line_3" }, "geometry": { "type": "LineString", "coordinates": [ [ 8.630459908466793, 47.421830910151343 ], [ 8.63059040846751, 47.421639310149239 ] ] } },
{ "type": "Feature", "properties": { "name": "LV_200-13_0_2_line_4" }, "geometry": { "type": "LineString", "coordinates": [ [ 8.630459908466793, 47.421830910151343 ], [ 8.630560728638699, 47.421864533309062 ] ] } },
{ "type": "Feature", "properties": { "name": "LV_200-13_0_2_line_5" }, "geometry": { "type": "LineString", "coordinates": [ [ 8.629691908466645, 47.421719810153704 ], [ 8.629696041621035, 47.421787110532811 ] ] } },
{ "type": "Feature", "properties": { "name": "LV_200-13_0_2_line_6" }, "geometry": { "type": "LineString", "coordinates": [ [ 8.63059040846751, 47.421639310149239 ], [ 8.630519608467127, 47.421617910149607 ] ] } },
{ "type": "Feature", "properties": { "name": "LV_200-13_0_2_line_7" }, "geometry": { "type": "LineString", "coordinates": [ [ 8.630874008463957, 47.421969010153148 ], [ 8.630560728638699, 47.421864533309062 ] ] } },
{ "type": "Feature", "properties": { "name": "LV_200-13_0_2_line_8" }, "geometry": { "type": "LineString", "coordinates": [ [ 8.629735808460776, 47.421954910152571 ], [ 8.629710408459268, 47.42186781015684 ], [ 8.629697208467663, 47.42180611015533 ], [ 8.629696041621035, 47.421787110532811 ] ] } },
{ "type": "Feature", "properties": { "name": "LV_200-13_0_2_line_9" }, "geometry": { "type": "LineString", "coordinates": [ [ 8.630874008463957, 47.421969010153148 ], [ 8.63102390847016, 47.421744710151074 ] ] } },
{ "type": "Feature", "properties": { "name": "LV_200-13_0_2_line_10" }, "geometry": { "type": "LineString", "coordinates": [ [ 8.630874008463957, 47.421969010153148 ], [ 8.630831308463621, 47.422033010150891 ], [ 8.631154408468305, 47.422138110154023 ], [ 8.631102208466446, 47.422215710150567 ] ] } },
{ "type": "Feature", "properties": { "name": "LV_200-13_0_2_line_11" }, "geometry": { "type": "LineString", "coordinates": [ [ 8.629081008461181, 47.422061310157403 ], [ 8.628725308460366, 47.422230510154584 ] ] } },
{ "type": "Feature", "properties": { "name": "LV_200-13_0_2_line_12" }, "geometry": { "type": "LineString", "coordinates": [ [ 8.628725308460366, 47.422230510154584 ], [ 8.629373508461999, 47.422810810157145 ], [ 8.629383408459219, 47.422819310156314 ], [ 8.629528408462061, 47.422744910153192 ], [ 8.629559408467562, 47.422713210153923 ], [ 8.629673508460241, 47.422663510152319 ], [ 8.629910308467897, 47.422633110153193 ] ] } },
{ "type": "Feature", "properties": { "name": "LV_200-13_0_2_line_13" }, "geometry": { "type": "LineString", "coordinates": [ [ 8.629902908459204, 47.422605010150264 ], [ 8.629910308467897, 47.422633110153193 ] ] } },
{ "type": "Feature", "properties": { "name": "LV_200-13_0_2_line_14" }, "geometry": { "type": "LineString", "coordinates": [ [ 8.629910308467897, 47.422633110153193 ], [ 8.629946809118987, 47.422771660953664 ] ] } },
{ "type": "Feature", "properties": { "name": "LV_200-13_0_2_line_15" }, "geometry": { "type": "LineString", "coordinates": [ [ 8.629735808460776, 47.421954910152571 ], [ 8.629756760689272, 47.422045818516217 ] ] } },
{ "type": "Feature", "properties": { "name": "LV_200-13_0_2_line_16" }, "geometry": { "type": "LineString", "coordinates": [ [ 8.630945508462515, 47.423119510149753 ], [ 8.630737108634708, 47.423122782626471 ] ] } },
{ "type": "Feature", "properties": { "name": "LV_200-13_0_2_line_17" }, "geometry": { "type": "LineString", "coordinates": [ [ 8.630945508462515, 47.423119510149753 ], [ 8.631043871474049, 47.422746072353583 ] ] } },
{ "type": "Feature", "properties": { "name": "LV_200-13_0_2_line_18" }, "geometry": { "type": "LineString", "coordinates": [ [ 8.630945508462515, 47.423119510149753 ], [ 8.630982108466386, 47.423122310152181 ], [ 8.631416608462862, 47.423155510155041 ] ] } },
{ "type": "Feature", "properties": { "name": "LV_200-13_0_2_line_19" }, "geometry": { "type": "LineString", "coordinates": [ [ 8.631052804228455, 47.42271215860557 ], [ 8.631043871474049, 47.422746072353583 ] ] } },
{ "type": "Feature", "properties": { "name": "LV_200-13_0_2_line_20" }, "geometry": { "type": "LineString", "coordinates": [ [ 8.631416608462862, 47.423155510155041 ], [ 8.631644755272488, 47.423175030984602 ] ] } },
{ "type": "Feature", "properties": { "name": "LV_200-13_0_2_line_21" }, "geometry": { "type": "LineString", "coordinates": [ [ 8.629902908459204, 47.422605010150264 ], [ 8.629885108458607, 47.422537310155427 ], [ 8.629857451317063, 47.422436407329883 ] ] } },
{ "type": "Feature", "properties": { "name": "LV_200-13_0_2_line_22" }, "geometry": { "type": "LineString", "coordinates": [ [ 8.631052804228455, 47.42271215860557 ], [ 8.631052868067563, 47.422711916274217 ] ] } },
{ "type": "Feature", "properties": { "name": "LV_200-13_0_2_line_23" }, "geometry": { "type": "LineString", "coordinates": [ [ 8.629823637737021, 47.42231304315829 ], [ 8.629857451317063, 47.422436407329883 ] ] } },
{ "type": "Feature", "properties": { "name": "LV_200-13_0_2_line_24" }, "geometry": { "type": "LineString", "coordinates": [ [ 8.631090008467211, 47.422570910148593 ], [ 8.631052868067563, 47.422711916274217 ] ] } },
{ "type": "Feature", "properties": { "name": "LV_200-13_0_2_line_25" }, "geometry": { "type": "LineString", "coordinates": [ [ 8.631090008467211, 47.422570910148593 ], [ 8.631113054618778, 47.422528449636154 ] ] } },
{ "type": "Feature", "properties": { "name": "LV_200-13_0_2_line_26" }, "geometry": { "type": "LineString", "coordinates": [ [ 8.631090008467211, 47.422570910148593 ], [ 8.630935008468597, 47.422447210154353 ], [ 8.630973908465778, 47.422426710148919 ], [ 8.631057308469243, 47.422404610155191 ], [ 8.631078708461414, 47.422389010149715 ], [ 8.631150808464945, 47.422252810151015 ], [ 8.631102208466446, 47.422215710150567 ] ] } },
{ "type": "Feature", "properties": { "name": "LV_200-13_0_2_line_27" }, "geometry": { "type": "LineString", "coordinates": [ [ 8.631113054618778, 47.422528449636154 ], [ 8.631223908458331, 47.422324210148616 ], [ 8.631275708461313, 47.42228061015323 ], [ 8.631379508461851, 47.42227071015148 ], [ 8.631471575345877, 47.42226938979897 ] ] } },
{ "type": "Feature", "properties": { "name": "LV_200-13_0_2_line_28" }, "geometry": { "type": "LineString", "coordinates": [ [ 8.631102208466446, 47.422215710150567 ], [ 8.631154408468305, 47.422138110154023 ], [ 8.631206808458982, 47.422058310153993 ] ] } },
{ "type": "Feature", "properties": { "name": "LV_200-13_0_2_line_29" }, "geometry": { "type": "LineString", "coordinates": [ [ 8.631049808469697, 47.42221731015016 ], [ 8.631102208466446, 47.422215710150567 ] ] } },
{ "type": "Feature", "properties": { "name": "LV_200-13_0_2_line_30" }, "geometry": { "type": "LineString", "coordinates": [ [ 8.631471575345877, 47.42226938979897 ], [ 8.631637480068678, 47.422267010335965 ] ] } },
{ "type": "Feature", "properties": { "name": "LV_200-13_0_2_line_31" }, "geometry": { "type": "LineString", "coordinates": [ [ 8.631206808458982, 47.422058310153993 ], [ 8.631190808460785, 47.422038810149026 ] ] } },
{ "type": "Feature", "properties": { "name": "LV_200-13_0_2_line_32" }, "geometry": { "type": "LineString", "coordinates": [ [ 8.629756760689272, 47.422045818516217 ], [ 8.629790408466798, 47.422191810148412 ], [ 8.629823637737021, 47.42231304315829 ] ] } },
{ "type": "Feature", "properties": { "name": "LV_200-8_1_4_line_0" }, "geometry": { "type": "LineString", "coordinates": [ [ 8.629458308462777, 47.420500510149409 ], [ 8.629231074067478, 47.420608893755066 ] ] } },
{ "type": "Feature", "properties": { "name": "LV_200-8_1_4_line_1" }, "geometry": { "type": "LineString", "coordinates": [ [ 8.629250808459357, 47.420752410154741 ], [ 8.629219508457751, 47.420614410153689 ], [ 8.629231074067478, 47.420608893755066 ] ] } },
{ "type": "Feature", "properties": { "name": "LV_200-8_1_4_line_2" }, "geometry": { "type": "LineString", "coordinates": [ [ 8.629458308462777, 47.420500510149409 ], [ 8.629392408461824, 47.420466410153601 ], [ 8.629285846151566, 47.420371341927016 ] ] } },
{ "type": "Feature", "properties": { "name": "LV_200-8_1_4_line_3" }, "geometry": { "type": "LineString", "coordinates": [ [ 8.629306808460413, 47.420782910149214 ], [ 8.629250808459357, 47.420752410154741 ] ] } },
{ "type": "Feature", "properties": { "name": "LV_200-8_1_4_line_4" }, "geometry": { "type": "LineString", "coordinates": [ [ 8.629163408462979, 47.420262110151597 ], [ 8.629285846151566, 47.420371341927016 ] ] } },
{ "type": "Feature", "properties": { "name": "LV_200-8_1_4_line_5" }, "geometry": { "type": "LineString", "coordinates": [ [ 8.629306808460413, 47.420782910149214 ], [ 8.629406808459583, 47.420754410149435 ], [ 8.629533708458615, 47.420748310148717 ], [ 8.629686808458633, 47.420782410150153 ], [ 8.629775208469125, 47.420820710156349 ], [ 8.629860445347786, 47.420845476655742 ] ] } },
{ "type": "Feature", "properties": { "name": "LV_200-8_1_4_line_6" }, "geometry": { "type": "LineString", "coordinates": [ [ 8.628717408458108, 47.420311310150652 ], [ 8.628782908465618, 47.420378310153872 ], [ 8.628859008460619, 47.420344210149629 ], [ 8.628977008463579, 47.420291410148529 ], [ 8.629127008459529, 47.420224410155257 ], [ 8.629163408462979, 47.420262110151597 ] ] } },
{ "type": "Feature", "properties": { "name": "LV_200-8_1_4_line_7" }, "geometry": { "type": "LineString", "coordinates": [ [ 8.630019908456884, 47.420891810149399 ], [ 8.629860445347786, 47.420845476655742 ] ] } },
{ "type": "Feature", "properties": { "name": "LV_200-8_1_4_line_8" }, "geometry": { "type": "LineString", "coordinates": [ [ 8.628717408458108, 47.420311310150652 ], [ 8.628634608466651, 47.420340110152189 ], [ 8.628605008458161, 47.420344910151243 ], [ 8.628574508464903, 47.420345210150657 ], [ 8.628545908465338, 47.420341210148251 ], [ 8.62851920846583, 47.420333410150469 ], [ 8.628495508463679, 47.420321910151792 ], [ 8.62843970845705, 47.420293910155529 ], [ 8.628395420391026, 47.420255557680875 ] ] } },
{ "type": "Feature", "properties": { "name": "LV_200-8_1_4_line_9" }, "geometry": { "type": "LineString", "coordinates": [ [ 8.628201508457318, 47.420353310152066 ], [ 8.628221108458405, 47.42038231015232 ], [ 8.628303608461769, 47.42035881014862 ], [ 8.628394108465764, 47.420316810151988 ], [ 8.628585208459519, 47.420475010155251 ], [ 8.628782908465618, 47.420378310153872 ], [ 8.628717408458108, 47.420311310150652 ] ] } },
{ "type": "Feature", "properties": { "name": "LV_200-8_1_4_line_10" }, "geometry": { "type": "LineString", "coordinates": [ [ 8.628717408458108, 47.420311310150652 ], [ 8.628943700740173, 47.42023419434026 ] ] } },
{ "type": "Feature", "properties": { "name": "LV_200-8_1_4_line_11" }, "geometry": { "type": "LineString", "coordinates": [ [ 8.629734608467793, 47.421327910151582 ], [ 8.629825308462971, 47.421178110156141 ], [ 8.630019908456884, 47.420891810149399 ] ] } },
{ "type": "Feature", "properties": { "name": "LV_200-8_1_4_line_12" }, "geometry": { "type": "LineString", "coordinates": [ [ 8.63019460845921, 47.420637710154928 ], [ 8.630019908456884, 47.420891810149399 ] ] } },
{ "type": "Feature", "properties": { "name": "LV_200-8_1_4_line_13" }, "geometry": { "type": "LineString", "coordinates": [ [ 8.628442108459316, 47.418584410154743 ], [ 8.628423708462186, 47.418523110152371 ], [ 8.628449208465179, 47.418422510149547 ], [ 8.628532708456294, 47.418394710154217 ], [ 8.629086208465541, 47.418683610156052 ] ] } },
{ "type": "Feature", "properties": { "name": "LV_200-8_1_4_line_14" }, "geometry": { "type": "LineString", "coordinates": [ [ 8.628740608457058, 47.419176410149511 ], [ 8.628743108466063, 47.419049910156197 ], [ 8.628794908465691, 47.418954310151562 ], [ 8.629086208465541, 47.418683610156052 ] ] } },
{ "type": "Feature", "properties": { "name": "LV_200-8_1_4_line_15" }, "geometry": { "type": "LineString", "coordinates": [ [ 8.629086208465541, 47.418683610156052 ], [ 8.629346108468791, 47.41843751015346 ], [ 8.629205308468723, 47.418366510149774 ] ] } },
{ "type": "Feature", "properties": { "name": "LV_200-8_1_4_line_16" }, "geometry": { "type": "LineString", "coordinates": [ [ 8.628740608457058, 47.419176410149511 ], [ 8.628743108466063, 47.419049910156197 ], [ 8.628883408462544, 47.419066410155317 ], [ 8.628935008466756, 47.419055410148943 ], [ 8.628984708464463, 47.419031410154481 ], [ 8.629064908461981, 47.418998010149416 ], [ 8.629507108460585, 47.419224810149508 ], [ 8.629586108466881, 47.419270010152012 ] ] } },
{ "type": "Feature", "properties": { "name": "LV_200-8_1_4_line_17" }, "geometry": { "type": "LineString", "coordinates": [ [ 8.628740608457058, 47.419176410149511 ], [ 8.628464808463326, 47.419253010152232 ] ] } },
{ "type": "Feature", "properties": { "name": "LV_200-8_1_4_line_18" }, "geometry": { "type": "LineString", "coordinates": [ [ 8.629205308468723, 47.418366510149774 ], [ 8.629035775310928, 47.418281055843913 ] ] } },
{ "type": "Feature", "properties": { "name": "LV_200-8_1_4_line_19" }, "geometry": { "type": "LineString", "coordinates": [ [ 8.628011108460287, 47.419968910154019 ], [ 8.628294208468223, 47.420167910150617 ], [ 8.628395420391026, 47.420255557680875 ] ] } },
{ "type": "Feature", "properties": { "name": "LV_200-8_1_4_line_20" }, "geometry": { "type": "LineString", "coordinates": [ [ 8.628201508457318, 47.420353310152066 ], [ 8.627974408462702, 47.420371110157241 ], [ 8.62790586732511, 47.420373729692571 ] ] } },
{ "type": "Feature", "properties": { "name": "LV_200-8_1_4_line_21" }, "geometry": { "type": "LineString", "coordinates": [ [ 8.628943700740173, 47.42023419434026 ], [ 8.629071008463193, 47.420190810153692 ], [ 8.629291008462834, 47.420097510151031 ], [ 8.629384552489755, 47.420051355095481 ] ] } },
{ "type": "Feature", "properties": { "name": "LV_200-8_1_4_line_22" }, "geometry": { "type": "LineString", "coordinates": [ [ 8.629942508464092, 47.418132010152256 ], [ 8.629844708462237, 47.41808401015269 ], [ 8.629764608467756, 47.418039610149648 ], [ 8.629637808457701, 47.417982610153565 ], [ 8.629500108458513, 47.41794001015549 ], [ 8.629369108469893, 47.417920010154475 ], [ 8.629249208457765, 47.41790491015395 ], [ 8.629080808469988, 47.417904710155028 ], [ 8.628947608465609, 47.41792211015359 ], [ 8.628816908459864, 47.417948210155046 ], [ 8.628678308467533, 47.417993010153147 ], [ 8.628552308465922, 47.418048810156165 ], [ 8.628105408455689, 47.418263810150762 ], [ 8.627958608461897, 47.418342310156113 ], [ 8.627810008459143, 47.418436610150579 ], [ 8.627704308460688, 47.418517010148882 ], [ 8.627623008468218, 47.41860021015232 ], [ 8.627423508467119, 47.418789710148914 ], [ 8.627242908464769, 47.418890310150012 ], [ 8.627093108466138, 47.418997610151209 ], [ 8.626972108466163, 47.41907861015391 ], [ 8.626804708457207, 47.419177010151515 ], [ 8.626663708459162, 47.41925851015219 ], [ 8.626386008458553, 47.419405710155033 ], [ 8.626172208465736, 47.419522310156488 ], [ 8.625939608456152, 47.419652810154645 ], [ 8.626001408460004, 47.419706810154977 ], [ 8.625989608465391, 47.419744510154246 ], [ 8.625992308454622, 47.419775510156676 ], [ 8.626005408460339, 47.419802910150153 ], [ 8.626028008455108, 47.419827310150815 ], [ 8.626496908455424, 47.420207310155405 ], [ 8.62658030845653, 47.420159810155681 ], [ 8.626636908465965, 47.420148010149148 ], [ 8.626750008459053, 47.420069510150746 ], [ 8.626859908454254, 47.420059510150089 ], [ 8.62694310845745, 47.420079910152495 ], [ 8.627454108462898, 47.419717910156237 ], [ 8.627499608461671, 47.419697910154092 ], [ 8.627596508458824, 47.419755410149243 ], [ 8.627817708464063, 47.419887410155063 ], [ 8.627979508455475, 47.419992710153153 ], [ 8.628011108460287, 47.419968910154019 ] ] } },
{ "type": "Feature", "properties": { "name": "LV_200-8_1_4_line_23" }, "geometry": { "type": "LineString", "coordinates": [ [ 8.629942508464092, 47.418132010152256 ], [ 8.630020618123677, 47.418190432165673 ] ] } },
{ "type": "Feature", "properties": { "name": "LV_200-8_1_4_line_24" }, "geometry": { "type": "LineString", "coordinates": [ [ 8.62790586732511, 47.420373729692571 ], [ 8.62745809445728, 47.420390841889308 ] ] } },
{ "type": "Feature", "properties": { "name": "LV_200-8_1_4_line_25" }, "geometry": { "type": "LineString", "coordinates": [ [ 8.629734608467793, 47.421327910151582 ], [ 8.629695708461607, 47.421316710152155 ], [ 8.629555008458688, 47.421276210151206 ], [ 8.629493108467644, 47.421246410148825 ], [ 8.629463588174715, 47.421224877084875 ] ] } },
{ "type": "Feature", "properties": { "name": "LV_200-8_1_4_line_26" }, "geometry": { "type": "LineString", "coordinates": [ [ 8.629257808459364, 47.41962241015338 ], [ 8.629590708457654, 47.419842610156508 ] ] } },
{ "type": "Feature", "properties": { "name": "LV_200-8_1_4_line_27" }, "geometry": { "type": "LineString", "coordinates": [ [ 8.629590708457654, 47.419842610156508 ], [ 8.629631808463952, 47.419817710149417 ], [ 8.629373508469456, 47.41964161014895 ], [ 8.629205808461746, 47.419529610148388 ], [ 8.629258408468072, 47.419492810155596 ], [ 8.629454708468769, 47.419363410152108 ], [ 8.629586108466881, 47.419270010152012 ] ] } },
{ "type": "Feature", "properties": { "name": "LV_200-8_1_4_line_28" }, "geometry": { "type": "LineString", "coordinates": [ [ 8.629590708457654, 47.419842610156508 ], [ 8.62960740845838, 47.419859510154538 ], [ 8.629617208457164, 47.419878710148929 ], [ 8.629619508467874, 47.419899010152214 ], [ 8.629610508463246, 47.419925610154188 ], [ 8.629588808468096, 47.419948610150826 ], [ 8.629457808464256, 47.420015210153338 ], [ 8.629384552489755, 47.420051355095481 ] ] } },
{ "type": "Feature", "properties": { "name": "LV_200-8_1_4_line_29" }, "geometry": { "type": "LineString", "coordinates": [ [ 8.629586108466881, 47.419270010152012 ], [ 8.629676408469923, 47.419241110152107 ], [ 8.629761508459824, 47.41919551015566 ], [ 8.629847808463293, 47.419127510155043 ] ] } },
{ "type": "Feature", "properties": { "name": "LV_200-8_1_4_line_30" }, "geometry": { "type": "LineString", "coordinates": [ [ 8.630429208462065, 47.420296410151089 ], [ 8.630182732190537, 47.420218635375868 ] ] } },
{ "type": "Feature", "properties": { "name": "LV_200-8_1_4_line_31" }, "geometry": { "type": "LineString", "coordinates": [ [ 8.630429208462065, 47.420296410151089 ], [ 8.630277094133705, 47.4205177091875 ] ] } },
{ "type": "Feature", "properties": { "name": "LV_200-8_1_4_line_32" }, "geometry": { "type": "LineString", "coordinates": [ [ 8.630182732190537, 47.420218635375868 ], [ 8.630037508466147, 47.420172810150348 ] ] } },
{ "type": "Feature", "properties": { "name": "LV_200-8_1_4_line_33" }, "geometry": { "type": "LineString", "coordinates": [ [ 8.63019460845921, 47.420637710154928 ], [ 8.630277094133705, 47.4205177091875 ] ] } },
{ "type": "Feature", "properties": { "name": "LV_200-8_1_4_line_34" }, "geometry": { "type": "LineString", "coordinates": [ [ 8.628275108460102, 47.419151410151336 ], [ 8.628464808463326, 47.419253010152232 ] ] } },
{ "type": "Feature", "properties": { "name": "LV_200-8_1_4_line_35" }, "geometry": { "type": "LineString", "coordinates": [ [ 8.628894539308124, 47.418209864509208 ], [ 8.629035775310928, 47.418281055843913 ] ] } },
{ "type": "Feature", "properties": { "name": "LV_200-8_1_4_line_36" }, "geometry": { "type": "LineString", "coordinates": [ [ 8.63010335100592, 47.420075226263087 ], [ 8.630037508466147, 47.420172810150348 ], [ 8.630037508466147, 47.420172810150348 ] ] } },
{ "type": "Feature", "properties": { "name": "LV_200-4_1_5_line_0" }, "geometry": { "type": "LineString", "coordinates": [ [ 8.636186151443038, 47.424606028264819 ], [ 8.636451027319266, 47.42464428603261 ] ] } },
{ "type": "Feature", "properties": { "name": "LV_200-4_1_5_line_1" }, "geometry": { "type": "LineString", "coordinates": [ [ 8.635916708469045, 47.424567110152935 ], [ 8.636186151443038, 47.424606028264819 ] ] } },
{ "type": "Feature", "properties": { "name": "LV_200-4_1_5_line_2" }, "geometry": { "type": "LineString", "coordinates": [ [ 8.635647908472446, 47.423737810150072 ], [ 8.63563400846156, 47.423941610150209 ], [ 8.635570508463001, 47.423980210151981 ], [ 8.635432341061737, 47.423976401087231 ] ] } },
{ "type": "Feature", "properties": { "name": "LV_200-4_1_5_line_3" }, "geometry": { "type": "LineString", "coordinates": [ [ 8.635647908472446, 47.423737810150072 ], [ 8.635533008461652, 47.423736710147431 ], [ 8.635454908472317, 47.423719110147211 ], [ 8.635365343140476, 47.423714070680084 ] ] } },
{ "type": "Feature", "properties": { "name": "LV_200-4_1_5_line_4" }, "geometry": { "type": "LineString", "coordinates": [ [ 8.63535234098585, 47.42397419553042 ], [ 8.635432341061737, 47.423976401087231 ] ] } },
{ "type": "Feature", "properties": { "name": "LV_200-4_1_5_line_5" }, "geometry": { "type": "LineString", "coordinates": [ [ 8.635057408469846, 47.424546610151758 ], [ 8.635075508462823, 47.424250110148982 ], [ 8.635150408471203, 47.424216010156165 ], [ 8.635166708461343, 47.423982410152092 ], [ 8.635306708470965, 47.423986810149422 ], [ 8.635331108473528, 47.423973610155933 ], [ 8.63535234098585, 47.42397419553042 ] ] } },
{ "type": "Feature", "properties": { "name": "LV_200-4_1_5_line_6" }, "geometry": { "type": "LineString", "coordinates": [ [ 8.634018208462512, 47.423066310153096 ], [ 8.634147608465071, 47.423055310154822 ], [ 8.634207208464698, 47.423048810148494 ], [ 8.634244412700786, 47.423038686401632 ] ] } },
{ "type": "Feature", "properties": { "name": "LV_200-4_1_5_line_7" }, "geometry": { "type": "LineString", "coordinates": [ [ 8.633918408470976, 47.422889110152333 ], [ 8.634024608462749, 47.422989710152834 ], [ 8.634018208462512, 47.423066310153096 ] ] } },
{ "type": "Feature", "properties": { "name": "LV_200-4_1_5_line_8" }, "geometry": { "type": "LineString", "coordinates": [ [ 8.633998808468458, 47.42335911015055 ], [ 8.634017908459976, 47.423069610152837 ], [ 8.634018208462512, 47.423066310153096 ] ] } },
{ "type": "Feature", "properties": { "name": "LV_200-4_1_5_line_9" }, "geometry": { "type": "LineString", "coordinates": [ [ 8.633918408470976, 47.422889110152333 ], [ 8.633882808467495, 47.422910510149528 ], [ 8.633776908460826, 47.42296811014851 ], [ 8.633769108552499, 47.422971840200752 ] ] } },
{ "type": "Feature", "properties": { "name": "LV_200-4_1_5_line_10" }, "geometry": { "type": "LineString", "coordinates": [ [ 8.633602708464542, 47.423326710155614 ], [ 8.633917408460922, 47.423348610154186 ], [ 8.633972908462548, 47.423355710151441 ], [ 8.633998808468458, 47.42335911015055 ] ] } },
{ "type": "Feature", "properties": { "name": "LV_200-4_1_5_line_11" }, "geometry": { "type": "LineString", "coordinates": [ [ 8.633998808468458, 47.42335911015055 ], [ 8.634032308463235, 47.423363410152781 ], [ 8.634133708472199, 47.423388310153079 ], [ 8.634259519701608, 47.423391386851222 ] ] } },
{ "type": "Feature", "properties": { "name": "LV_200-4_1_5_line_12" }, "geometry": { "type": "LineString", "coordinates": [ [ 8.633769108552499, 47.422971840200752 ], [ 8.633586408460122, 47.42305921015074 ], [ 8.633553252914949, 47.42307596241487 ] ] } },
{ "type": "Feature", "properties": { "name": "LV_200-4_1_5_line_13" }, "geometry": { "type": "LineString", "coordinates": [ [ 8.633602708464542, 47.423326710155614 ], [ 8.633575282529192, 47.423451037765922 ] ] } },
{ "type": "Feature", "properties": { "name": "LV_200-4_1_5_line_14" }, "geometry": { "type": "LineString", "coordinates": [ [ 8.633602708464542, 47.423326710155614 ], [ 8.63356961173916, 47.423324389419946 ] ] } },
{ "type": "Feature", "properties": { "name": "LV_200-4_1_5_line_15" }, "geometry": { "type": "LineString", "coordinates": [ [ 8.63390440846665, 47.423573210155936 ], [ 8.63376695289408, 47.42356760143592 ] ] } },
{ "type": "Feature", "properties": { "name": "LV_200-4_1_5_line_16" }, "geometry": { "type": "LineString", "coordinates": [ [ 8.63390440846665, 47.423573210155936 ], [ 8.63389402395185, 47.423734408726567 ] ] } },
{ "type": "Feature", "properties": { "name": "LV_200-4_1_5_line_17" }, "geometry": { "type": "LineString", "coordinates": [ [ 8.633749971110289, 47.423566908504007 ], [ 8.63376695289408, 47.42356760143592 ] ] } },
{ "type": "Feature", "properties": { "name": "LV_200-4_1_5_line_18" }, "geometry": { "type": "LineString", "coordinates": [ [ 8.633551508464587, 47.423558810148684 ], [ 8.633575282529192, 47.423451037765922 ] ] } },
{ "type": "Feature", "properties": { "name": "LV_200-4_1_5_line_19" }, "geometry": { "type": "LineString", "coordinates": [ [ 8.6332148084655, 47.423299510155047 ], [ 8.63356961173916, 47.423324389419946 ] ] } },
{ "type": "Feature", "properties": { "name": "LV_200-4_1_5_line_20" }, "geometry": { "type": "LineString", "coordinates": [ [ 8.6332148084655, 47.423299510155047 ], [ 8.633017378280838, 47.423285386933088 ] ] } },
{ "type": "Feature", "properties": { "name": "LV_200-4_1_5_line_21" }, "geometry": { "type": "LineString", "coordinates": [ [ 8.633551508464587, 47.423558810148684 ], [ 8.633749971110289, 47.423566908504007 ] ] } },
{ "type": "Feature", "properties": { "name": "LV_200-4_1_5_line_22" }, "geometry": { "type": "LineString", "coordinates": [ [ 8.633478308467328, 47.4237477101492 ], [ 8.633526008466861, 47.423748110147919 ], [ 8.63353560846261, 47.423558110150985 ], [ 8.633551508464587, 47.423558810148684 ] ] } },
{ "type": "Feature", "properties": { "name": "LV_200-4_1_5_line_23" }, "geometry": { "type": "LineString", "coordinates": [ [ 8.633478308467328, 47.4237477101492 ], [ 8.633240080137616, 47.423746136841586 ] ] } },
{ "type": "Feature", "properties": { "name": "LV_200-4_1_5_line_24" }, "geometry": { "type": "LineString", "coordinates": [ [ 8.633478308467328, 47.4237477101492 ], [ 8.633484247623802, 47.42386793817407 ] ] } },
{ "type": "Feature", "properties": { "name": "LV_200-4_1_5_line_25" }, "geometry": { "type": "LineString", "coordinates": [ [ 8.635926108463803, 47.425833410156059 ], [ 8.636126167593874, 47.425776705324246 ] ] } },
{ "type": "Feature", "properties": { "name": "LV_200-4_1_5_line_26" }, "geometry": { "type": "LineString", "coordinates": [ [ 8.635926108463803, 47.425833410156059 ], [ 8.636024700237733, 47.425988119491066 ] ] } },
{ "type": "Feature", "properties": { "name": "LV_200-4_1_5_line_27" }, "geometry": { "type": "LineString", "coordinates": [ [ 8.635786008468941, 47.425513310152276 ], [ 8.635832908464684, 47.425633610151728 ], [ 8.635819108463185, 47.425665310151423 ], [ 8.635926108463803, 47.425833410156059 ] ] } },
{ "type": "Feature", "properties": { "name": "LV_200-4_1_5_line_28" }, "geometry": { "type": "LineString", "coordinates": [ [ 8.636160608470943, 47.426099010155653 ], [ 8.636147308462677, 47.426071110154979 ], [ 8.63607280846651, 47.426063610154365 ], [ 8.636024700237733, 47.425988119491066 ] ] } },
{ "type": "Feature", "properties": { "name": "LV_200-4_1_5_line_29" }, "geometry": { "type": "LineString", "coordinates": [ [ 8.635573508469228, 47.42546911015512 ], [ 8.635786008468941, 47.425513310152276 ] ] } },
{ "type": "Feature", "properties": { "name": "LV_200-4_1_5_line_30" }, "geometry": { "type": "LineString", "coordinates": [ [ 8.635786008468941, 47.425513310152276 ], [ 8.63592295200475, 47.425504777899491 ] ] } },
{ "type": "Feature", "properties": { "name": "LV_200-4_1_5_line_31" }, "geometry": { "type": "LineString", "coordinates": [ [ 8.636160608470943, 47.426099010155653 ], [ 8.635862108467393, 47.426144910151862 ] ] } },
{ "type": "Feature", "properties": { "name": "LV_200-4_1_5_line_32" }, "geometry": { "type": "LineString", "coordinates": [ [ 8.635573508469228, 47.42546911015512 ], [ 8.635619208466428, 47.425358410154672 ], [ 8.635685525126554, 47.425182046914131 ] ] } },
{ "type": "Feature", "properties": { "name": "LV_200-4_1_5_line_33" }, "geometry": { "type": "LineString", "coordinates": [ [ 8.635862108467393, 47.426144910151862 ], [ 8.635795708466587, 47.426113910155387 ], [ 8.635599097342443, 47.426034190391071 ] ] } },
{ "type": "Feature", "properties": { "name": "LV_200-4_1_5_line_34" }, "geometry": { "type": "LineString", "coordinates": [ [ 8.635710140545811, 47.425116584078523 ], [ 8.635685525126554, 47.425182046914131 ] ] } },
{ "type": "Feature", "properties": { "name": "LV_200-4_1_5_line_35" }, "geometry": { "type": "LineString", "coordinates": [ [ 8.635355908466813, 47.42455001015427 ], [ 8.635389102879303, 47.424550381751672 ] ] } },
{ "type": "Feature", "properties": { "name": "LV_200-4_1_5_line_36" }, "geometry": { "type": "LineString", "coordinates": [ [ 8.635057408469846, 47.424546610151758 ], [ 8.635355908466813, 47.42455001015427 ] ] } },
{ "type": "Feature", "properties": { "name": "LV_200-4_1_5_line_37" }, "geometry": { "type": "LineString", "coordinates": [ [ 8.635916708469045, 47.424567110152935 ], [ 8.635808008471741, 47.424856310149444 ] ] } },
{ "type": "Feature", "properties": { "name": "LV_200-4_1_5_line_38" }, "geometry": { "type": "LineString", "coordinates": [ [ 8.635916708469045, 47.424567110152935 ], [ 8.635948762921654, 47.424480906119278 ] ] } },
{ "type": "Feature", "properties": { "name": "LV_200-4_1_5_line_39" }, "geometry": { "type": "LineString", "coordinates": [ [ 8.635808008471741, 47.424856310149444 ], [ 8.635710140545811, 47.425116584078523 ] ] } },
{ "type": "Feature", "properties": { "name": "LV_200-4_1_5_line_40" }, "geometry": { "type": "LineString", "coordinates": [ [ 8.635808008471741, 47.424856310149444 ], [ 8.635533708461116, 47.424857510153828 ], [ 8.635475808461601, 47.424814610149234 ] ] } },
{ "type": "Feature", "properties": { "name": "LV_200-4_1_5_line_41" }, "geometry": { "type": "LineString", "coordinates": [ [ 8.636121094650463, 47.424017449394128 ], [ 8.635948762921654, 47.424480906119278 ] ] } },
{ "type": "Feature", "properties": { "name": "LV_200-4_1_5_line_42" }, "geometry": { "type": "LineString", "coordinates": [ [ 8.635057408469846, 47.424546610151758 ], [ 8.634693108465473, 47.424542610155534 ] ] } },
{ "type": "Feature", "properties": { "name": "LV_200-4_1_5_line_43" }, "geometry": { "type": "LineString", "coordinates": [ [ 8.635328208461612, 47.424812110153631 ], [ 8.635475808461601, 47.424814610149234 ] ] } },
{ "type": "Feature", "properties": { "name": "LV_200-4_1_5_line_44" }, "geometry": { "type": "LineString", "coordinates": [ [ 8.634670408467622, 47.424542310152873 ], [ 8.634693108465473, 47.424542610155534 ] ] } },
{ "type": "Feature", "properties": { "name": "LV_200-4_1_5_line_45" }, "geometry": { "type": "LineString", "coordinates": [ [ 8.63527170846557, 47.424838810154029 ], [ 8.635306208463813, 47.424811810153159 ], [ 8.635328208461612, 47.424812110153631 ] ] } },
{ "type": "Feature", "properties": { "name": "LV_200-4_1_5_line_46" }, "geometry": { "type": "LineString", "coordinates": [ [ 8.63527170846557, 47.424838810154029 ], [ 8.634982208462892, 47.424837010152217 ], [ 8.634929808468213, 47.424812710155543 ] ] } },
{ "type": "Feature", "properties": { "name": "LV_200-4_1_5_line_47" }, "geometry": { "type": "LineString", "coordinates": [ [ 8.634670408467622, 47.424542310152873 ], [ 8.634668067080701, 47.424782482265279 ] ] } },
{ "type": "Feature", "properties": { "name": "LV_200-4_1_5_line_48" }, "geometry": { "type": "LineString", "coordinates": [ [ 8.634667808462282, 47.424809010150454 ], [ 8.634929808468213, 47.424812710155543 ] ] } },
{ "type": "Feature", "properties": { "name": "LV_200-4_1_5_line_49" }, "geometry": { "type": "LineString", "coordinates": [ [ 8.634659408470416, 47.425679010152912 ], [ 8.634452406597376, 47.425601642483009 ] ] } },
{ "type": "Feature", "properties": { "name": "LV_200-4_1_5_line_50" }, "geometry": { "type": "LineString", "coordinates": [ [ 8.634659408470416, 47.425679010152912 ], [ 8.634660108469427, 47.425605610151059 ] ] } },
{ "type": "Feature", "properties": { "name": "LV_200-4_1_5_line_51" }, "geometry": { "type": "LineString", "coordinates": [ [ 8.634358408460001, 47.425566510148414 ], [ 8.634452406597376, 47.425601642483009 ] ] } },
{ "type": "Feature", "properties": { "name": "LV_200-4_1_5_line_52" }, "geometry": { "type": "LineString", "coordinates": [ [ 8.634660108469427, 47.425605610151059 ], [ 8.634989361287785, 47.425625398534436 ] ] } },
{ "type": "Feature", "properties": { "name": "LV_200-4_1_5_line_53" }, "geometry": { "type": "LineString", "coordinates": [ [ 8.634662408468268, 47.425364010154247 ], [ 8.634660108469427, 47.425605610151059 ] ] } },
{ "type": "Feature", "properties": { "name": "LV_200-4_1_5_line_54" }, "geometry": { "type": "LineString", "coordinates": [ [ 8.6351434084626, 47.425116610153786 ], [ 8.635117308472628, 47.425135510156295 ], [ 8.635082808472317, 47.42522411014825 ], [ 8.635070608468794, 47.425381610150126 ] ] } },
{ "type": "Feature", "properties": { "name": "LV_200-4_1_5_line_55" }, "geometry": { "type": "LineString", "coordinates": [ [ 8.635070608468794, 47.425381610150126 ], [ 8.634953208466854, 47.425378910152538 ], [ 8.63491870846415, 47.425362210153871 ], [ 8.634836119571759, 47.425362790234942 ] ] } },
{ "type": "Feature", "properties": { "name": "LV_200-4_1_5_line_56" }, "geometry": { "type": "LineString", "coordinates": [ [ 8.6351434084626, 47.425116610153786 ], [ 8.634980808467022, 47.425115010148239 ], [ 8.63493670846791, 47.425085110153809 ] ] } },
{ "type": "Feature", "properties": { "name": "LV_200-4_1_5_line_57" }, "geometry": { "type": "LineString", "coordinates": [ [ 8.634662408468268, 47.425364010154247 ], [ 8.634836119571759, 47.425362790234942 ] ] } },
{ "type": "Feature", "properties": { "name": "LV_200-4_1_5_line_58" }, "geometry": { "type": "LineString", "coordinates": [ [ 8.633669166258807, 47.423975877864279 ], [ 8.633489408467025, 47.423972410151443 ], [ 8.633484247623802, 47.42386793817407 ] ] } },
{ "type": "Feature", "properties": { "name": "LV_200-4_1_5_line_59" }, "geometry": { "type": "LineString", "coordinates": [ [ 8.633878208466424, 47.423979910153044 ], [ 8.633669166258807, 47.423975877864279 ] ] } },
{ "type": "Feature", "properties": { "name": "LV_200-4_1_5_line_60" }, "geometry": { "type": "LineString", "coordinates": [ [ 8.633878208466424, 47.423979910153044 ], [ 8.633865208467133, 47.424003610151736 ] ] } },
{ "type": "Feature", "properties": { "name": "LV_200-4_1_5_line_61" }, "geometry": { "type": "LineString", "coordinates": [ [ 8.633606408472085, 47.424536210155154 ], [ 8.63362570847052, 47.424061210150306 ], [ 8.633862208459973, 47.424009110151736 ], [ 8.633865208467133, 47.424003610151736 ] ] } },
{ "type": "Feature", "properties": { "name": "LV_200-4_1_5_line_62" }, "geometry": { "type": "LineString", "coordinates": [ [ 8.633865208467133, 47.424003610151736 ], [ 8.63421810846223, 47.424002910153192 ] ] } },
{ "type": "Feature", "properties": { "name": "LV_200-4_1_5_line_63" }, "geometry": { "type": "LineString", "coordinates": [ [ 8.633606408472085, 47.424536210155154 ], [ 8.633609409952911, 47.424536216326551 ] ] } },
{ "type": "Feature", "properties": { "name": "LV_200-4_1_5_line_64" }, "geometry": { "type": "LineString", "coordinates": [ [ 8.634030108469677, 47.424537310151926 ], [ 8.633995808460412, 47.424537010150907 ], [ 8.633609409952911, 47.424536216326551 ] ] } },
{ "type": "Feature", "properties": { "name": "LV_200-4_1_5_line_65" }, "geometry": { "type": "LineString", "coordinates": [ [ 8.634667808462282, 47.424809010150454 ], [ 8.634668067080701, 47.424782482265279 ] ] } },
{ "type": "Feature", "properties": { "name": "LV_200-4_1_5_line_66" }, "geometry": { "type": "LineString", "coordinates": [ [ 8.634665208467176, 47.425081410149076 ], [ 8.63493670846791, 47.425085110153809 ] ] } },
{ "type": "Feature", "properties": { "name": "LV_200-4_1_5_line_67" }, "geometry": { "type": "LineString", "coordinates": [ [ 8.634667808462282, 47.424809010150454 ], [ 8.634666495530748, 47.42494656582987 ] ] } },
{ "type": "Feature", "properties": { "name": "LV_200-4_1_5_line_68" }, "geometry": { "type": "LineString", "coordinates": [ [ 8.634665208467176, 47.425081410149076 ], [ 8.634666495530748, 47.42494656582987 ] ] } },
{ "type": "Feature", "properties": { "name": "LV_200-4_1_5_line_69" }, "geometry": { "type": "LineString", "coordinates": [ [ 8.634030108469677, 47.424537310151926 ], [ 8.634185408463182, 47.424538510152296 ], [ 8.634178208464728, 47.424734410151515 ], [ 8.63432610846761, 47.424740410154783 ] ] } },
{ "type": "Feature", "properties": { "name": "LV_200-4_1_5_line_70" }, "geometry": { "type": "LineString", "coordinates": [ [ 8.63432610846761, 47.424740410154783 ], [ 8.634338591637736, 47.425059681034874 ] ] } },
{ "type": "Feature", "properties": { "name": "LV_200-4_1_5_line_71" }, "geometry": { "type": "LineString", "coordinates": [ [ 8.634346438259579, 47.425260365008555 ], [ 8.634338591637736, 47.425059681034874 ] ] } },
{ "type": "Feature", "properties": { "name": "LV_200-4_1_5_line_72" }, "geometry": { "type": "LineString", "coordinates": [ [ 8.634358408460001, 47.425566510148414 ], [ 8.634226708472214, 47.42551291014987 ] ] } },
{ "type": "Feature", "properties": { "name": "LV_200-4_1_5_line_73" }, "geometry": { "type": "LineString", "coordinates": [ [ 8.634358408460001, 47.425566510148414 ], [ 8.634346438259579, 47.425260365008555 ] ] } },
{ "type": "Feature", "properties": { "name": "LV_200-4_1_5_line_74" }, "geometry": { "type": "LineString", "coordinates": [ [ 8.634067808470572, 47.425512710151338 ], [ 8.634191908470209, 47.42556321014991 ], [ 8.634226708472214, 47.42551291014987 ] ] } },
{ "type": "Feature", "properties": { "name": "LV_200-4_1_5_line_75" }, "geometry": { "type": "LineString", "coordinates": [ [ 8.634226708472214, 47.42551291014987 ], [ 8.633939108471093, 47.425395910153547 ], [ 8.633406880991014, 47.425143740778246 ] ] } },
{ "type": "Feature", "properties": { "name": "LV_200-4_1_5_line_76" }, "geometry": { "type": "LineString", "coordinates": [ [ 8.634067808470572, 47.425512710151338 ], [ 8.633926714805694, 47.425666877059001 ] ] } },
{ "type": "Feature", "properties": { "name": "LV_200-4_1_5_line_77" }, "geometry": { "type": "LineString", "coordinates": [ [ 8.633677408463367, 47.425939310156139 ], [ 8.633791508458911, 47.425814610149253 ], [ 8.633926714805694, 47.425666877059001 ] ] } },
{ "type": "Feature", "properties": { "name": "LV_200-4_1_5_line_78" }, "geometry": { "type": "LineString", "coordinates": [ [ 8.633677408463367, 47.425939310156139 ], [ 8.63388582223182, 47.425970064042176 ] ] } },
{ "type": "Feature", "properties": { "name": "LV_200-4_1_5_line_79" }, "geometry": { "type": "LineString", "coordinates": [ [ 8.63388582223182, 47.425970064042176 ], [ 8.634182768747552, 47.426013881260367 ] ] } },
{ "type": "Feature", "properties": { "name": "LV_200-4_1_5_line_80" }, "geometry": { "type": "LineString", "coordinates": [ [ 8.634187708460491, 47.426014610149501 ], [ 8.634182768747552, 47.426013881260367 ] ] } },
{ "type": "Feature", "properties": { "name": "LV_200-4_1_5_line_81" }, "geometry": { "type": "LineString", "coordinates": [ [ 8.634187708460491, 47.426014610149501 ], [ 8.634420525354008, 47.426050311345605 ] ] } },
{ "type": "Feature", "properties": { "name": "LV_200-4_1_5_line_82" }, "geometry": { "type": "LineString", "coordinates": [ [ 8.634187708460491, 47.426014610149501 ], [ 8.634156948523708, 47.426119733783743 ] ] } },
{ "type": "Feature", "properties": { "name": "LV_200-4_1_5_line_83" }, "geometry": { "type": "LineString", "coordinates": [ [ 8.634420525354008, 47.426050311345605 ], [ 8.634595569977316, 47.426077153136511 ] ] } },
{ "type": "Feature", "properties": { "name": "LV_200-4_1_5_line_84" }, "geometry": { "type": "LineString", "coordinates": [ [ 8.634155044638016, 47.426126240379709 ], [ 8.634156948523708, 47.426119733783743 ] ] } },
{ "type": "Feature", "properties": { "name": "LV_200-4_1_5_line_85" }, "geometry": { "type": "LineString", "coordinates": [ [ 8.634595569977316, 47.426077153136511 ], [ 8.634706719281466, 47.426094196897225 ] ] } },
{ "type": "Feature", "properties": { "name": "LV_200-4_1_5_line_86" }, "geometry": { "type": "LineString", "coordinates": [ [ 8.634113498946935, 47.426211478348492 ], [ 8.634130708463854, 47.426209410156829 ], [ 8.634155044638016, 47.426126240379709 ] ] } },
{ "type": "Feature", "properties": { "name": "LV_200-4_1_5_line_87" }, "geometry": { "type": "LineString", "coordinates": [ [ 8.634113498946935, 47.426211478348492 ], [ 8.633907888786583, 47.426236187812684 ] ] } },
{ "type": "Feature", "properties": { "name": "LV_200-4_1_5_line_88" }, "geometry": { "type": "LineString", "coordinates": [ [ 8.634828262031631, 47.42611283427135 ], [ 8.634706719281466, 47.426094196897225 ] ] } },
{ "type": "Feature", "properties": { "name": "LV_200-4_1_5_line_89" }, "geometry": { "type": "LineString", "coordinates": [ [ 8.634965708459987, 47.426133910153311 ], [ 8.634828262031631, 47.42611283427135 ] ] } },
{ "type": "Feature", "properties": { "name": "LV_200-14_0_6_line_0" }, "geometry": { "type": "LineString", "coordinates": [ [ 8.632759614991224, 47.423265836130533 ], [ 8.632646748899573, 47.423257095438295 ] ] } },
{ "type": "Feature", "properties": { "name": "LV_200-14_0_6_line_1" }, "geometry": { "type": "LineString", "coordinates": [ [ 8.632759614991224, 47.423265836130533 ], [ 8.632900571118835, 47.423276752041168 ] ] } },
{ "type": "Feature", "properties": { "name": "LV_200-14_0_6_line_2" }, "geometry": { "type": "LineString", "coordinates": [ [ 8.632646748899573, 47.423257095438295 ], [ 8.632304376270337, 47.423230580372007 ] ] } },
{ "type": "Feature", "properties": { "name": "LV_200-14_0_6_line_3" }, "geometry": { "type": "LineString", "coordinates": [ [ 8.632301163254981, 47.42323033153037 ], [ 8.632304376270337, 47.423230580372007 ] ] } },
{ "type": "Feature", "properties": { "name": "LV_200-14_0_6_line_4" }, "geometry": { "type": "LineString", "coordinates": [ [ 8.632301163254981, 47.42323033153037 ], [ 8.632195008471149, 47.423222110151457 ], [ 8.632067168397437, 47.423211172512566 ] ] } },
{ "type": "Feature", "properties": { "name": "LV_200-14_0_6_line_5" }, "geometry": { "type": "LineString", "coordinates": [ [ 8.632042695365914, 47.423209078650665 ], [ 8.632067168397437, 47.423211172512566 ] ] } },
{ "type": "Feature", "properties": { "name": "LV_200-14_0_6_line_6" }, "geometry": { "type": "LineString", "coordinates": [ [ 8.631781144304453, 47.423186700561367 ], [ 8.632042695365914, 47.423209078650665 ] ] } },
{ "type": "Feature", "properties": { "name": "LV_200-14_0_6_line_7" }, "geometry": { "type": "LineString", "coordinates": [ [ 8.63176883339386, 47.423185647235471 ], [ 8.631781144304453, 47.423186700561367 ] ] } },
{ "type": "Feature", "properties": { "name": "LV_200-14_0_6_line_8" }, "geometry": { "type": "LineString", "coordinates": [ [ 8.631416608462862, 47.423155510155041 ], [ 8.63176883339386, 47.423185647235471 ] ] } },
{ "type": "Feature", "properties": { "name": "LV_200-14_0_6_line_9" }, "geometry": { "type": "LineString", "coordinates": [ [ 8.631416608462862, 47.423155510155041 ], [ 8.631339058712143, 47.423149584723788 ] ] } },
{ "type": "Feature", "properties": { "name": "LV_200-14_0_6_line_10" }, "geometry": { "type": "LineString", "coordinates": [ [ 8.631416608462862, 47.423155510155041 ], [ 8.631404808468123, 47.423352810152913 ], [ 8.631412930241101, 47.42338295711815 ] ] } },
{ "type": "Feature", "properties": { "name": "LV_200-14_0_6_line_11" }, "geometry": { "type": "LineString", "coordinates": [ [ 8.630982108466386, 47.423122310152181 ], [ 8.631339058712143, 47.423149584723788 ] ] } },
{ "type": "Feature", "properties": { "name": "LV_200-14_0_6_line_12" }, "geometry": { "type": "LineString", "coordinates": [ [ 8.630945508462515, 47.423119510149753 ], [ 8.630982108466386, 47.423122310152181 ] ] } },
{ "type": "Feature", "properties": { "name": "LV_200-14_0_6_line_13" }, "geometry": { "type": "LineString", "coordinates": [ [ 8.630982108466386, 47.423122310152181 ], [ 8.630983567923487, 47.423313753661404 ] ] } },
{ "type": "Feature", "properties": { "name": "LV_200-14_0_6_line_14" }, "geometry": { "type": "LineString", "coordinates": [ [ 8.630945508462515, 47.423119510149753 ], [ 8.630569039319878, 47.423125421510797 ] ] } },
{ "type": "Feature", "properties": { "name": "LV_200-14_0_6_line_15" }, "geometry": { "type": "LineString", "coordinates": [ [ 8.630983567923487, 47.423313753661404 ], [ 8.630983624179118, 47.423321132563153 ] ] } },
{ "type": "Feature", "properties": { "name": "LV_200-14_0_6_line_16" }, "geometry": { "type": "LineString", "coordinates": [ [ 8.629986708468936, 47.423090210155578 ], [ 8.630161108456194, 47.423096610156193 ], [ 8.630518808466082, 47.423126210155537 ], [ 8.630569039319878, 47.423125421510797 ] ] } },
{ "type": "Feature", "properties": { "name": "LV_200-14_0_6_line_17" }, "geometry": { "type": "LineString", "coordinates": [ [ 8.631060008462235, 47.42355261015598 ], [ 8.631029508464941, 47.423530910154895 ], [ 8.631007808463325, 47.423503410150758 ], [ 8.630984408466555, 47.423424010156815 ], [ 8.630983624179118, 47.423321132563153 ] ] } },
{ "type": "Feature", "properties": { "name": "LV_200-14_0_6_line_18" }, "geometry": { "type": "LineString", "coordinates": [ [ 8.629986708468936, 47.423090210155578 ], [ 8.629883108458412, 47.423150610154636 ], [ 8.629947908465285, 47.423195310156451 ], [ 8.629923708458488, 47.423251010155887 ], [ 8.629959008463327, 47.423304610150247 ], [ 8.630103108461716, 47.423426210149522 ], [ 8.630180908457032, 47.423478810155707 ] ] } },
{ "type": "Feature", "properties": { "name": "LV_200-14_0_6_line_19" }, "geometry": { "type": "LineString", "coordinates": [ [ 8.631049808467374, 47.423571610152059 ], [ 8.631060008462235, 47.42355261015598 ] ] } },
{ "type": "Feature", "properties": { "name": "LV_200-14_0_6_line_20" }, "geometry": { "type": "LineString", "coordinates": [ [ 8.632809933415469, 47.423785186560707 ], [ 8.633051948051421, 47.423779003766342 ] ] } },
{ "type": "Feature", "properties": { "name": "LV_200-14_0_6_line_21" }, "geometry": { "type": "LineString", "coordinates": [ [ 8.632781608471113, 47.423785910156134 ], [ 8.632809933415469, 47.423785186560707 ] ] } },
{ "type": "Feature", "properties": { "name": "LV_200-14_0_6_line_22" }, "geometry": { "type": "LineString", "coordinates": [ [ 8.632781608471113, 47.423785910156134 ], [ 8.632530250377268, 47.423792332426764 ] ] } },
{ "type": "Feature", "properties": { "name": "LV_200-14_0_6_line_23" }, "geometry": { "type": "LineString", "coordinates": [ [ 8.632781608471113, 47.423785910156134 ], [ 8.632787508458799, 47.423971910149923 ] ] } },
{ "type": "Feature", "properties": { "name": "LV_200-14_0_6_line_24" }, "geometry": { "type": "LineString", "coordinates": [ [ 8.632530250377268, 47.423792332426764 ], [ 8.632286467207729, 47.423798560631596 ] ] } },
{ "type": "Feature", "properties": { "name": "LV_200-14_0_6_line_25" }, "geometry": { "type": "LineString", "coordinates": [ [ 8.632787508458799, 47.423971910149923 ], [ 8.63276440845935, 47.424000510156276 ] ] } },
{ "type": "Feature", "properties": { "name": "LV_200-14_0_6_line_26" }, "geometry": { "type": "LineString", "coordinates": [ [ 8.632207657579006, 47.423800573964719 ], [ 8.632286467207729, 47.423798560631596 ] ] } },
{ "type": "Feature", "properties": { "name": "LV_200-14_0_6_line_27" }, "geometry": { "type": "LineString", "coordinates": [ [ 8.63243170846961, 47.424115010151247 ], [ 8.632618308468025, 47.424122810153364 ], [ 8.632647108460381, 47.424104610149421 ], [ 8.6327240084607, 47.424105910154267 ], [ 8.63276830846049, 47.424069410150139 ], [ 8.63276440845935, 47.424000510156276 ], [ 8.63276440845935, 47.424000510156276 ] ] } },
{ "type": "Feature", "properties": { "name": "LV_200-14_0_6_line_28" }, "geometry": { "type": "LineString", "coordinates": [ [ 8.631746745028321, 47.423812347693506 ], [ 8.631883390051485, 47.423808857369579 ] ] } },
{ "type": "Feature", "properties": { "name": "LV_200-14_0_6_line_29" }, "geometry": { "type": "LineString", "coordinates": [ [ 8.631591608457873, 47.423816310152787 ], [ 8.631746745028321, 47.423812347693506 ] ] } },
{ "type": "Feature", "properties": { "name": "LV_200-14_0_6_line_30" }, "geometry": { "type": "LineString", "coordinates": [ [ 8.631906591289381, 47.423808264732202 ], [ 8.631883390051485, 47.423808857369579 ] ] } },
{ "type": "Feature", "properties": { "name": "LV_200-14_0_6_line_31" }, "geometry": { "type": "LineString", "coordinates": [ [ 8.631591608457873, 47.423816310152787 ], [ 8.631585756284728, 47.423905696120556 ] ] } },
{ "type": "Feature", "properties": { "name": "LV_200-14_0_6_line_32" }, "geometry": { "type": "LineString", "coordinates": [ [ 8.631591608457873, 47.423816310152787 ], [ 8.631577908457475, 47.423752310150405 ], [ 8.631305008457534, 47.423805310152439 ], [ 8.631256508469189, 47.423796210151934 ], [ 8.631226508464826, 47.423786510149142 ] ] } },
{ "type": "Feature", "properties": { "name": "LV_200-14_0_6_line_33" }, "geometry": { "type": "LineString", "coordinates": [ [ 8.632048577106518, 47.42380463778926 ], [ 8.631906591289381, 47.423808264732202 ] ] } },
{ "type": "Feature", "properties": { "name": "LV_200-14_0_6_line_34" }, "geometry": { "type": "LineString", "coordinates": [ [ 8.631480608465774, 47.424156510151178 ], [ 8.631570808465179, 47.423969410154818 ], [ 8.63158430846523, 47.423927810150545 ], [ 8.631585756284728, 47.423905696120556 ] ] } },
{ "type": "Feature", "properties": { "name": "LV_200-14_0_6_line_35" }, "geometry": { "type": "LineString", "coordinates": [ [ 8.631226508464826, 47.423786510149142 ], [ 8.631248308468013, 47.423762410155021 ], [ 8.631273608458457, 47.423743810154583 ] ] } },
{ "type": "Feature", "properties": { "name": "LV_200-14_0_6_line_36" }, "geometry": { "type": "LineString", "coordinates": [ [ 8.631226508464826, 47.423786510149142 ], [ 8.631207508458175, 47.42378041015688 ], [ 8.631157308465601, 47.423751910152355 ], [ 8.631146542509684, 47.423741223176286 ] ] } },
{ "type": "Feature", "properties": { "name": "LV_200-14_0_6_line_37" }, "geometry": { "type": "LineString", "coordinates": [ [ 8.632207657579006, 47.423800573964719 ], [ 8.632048577106518, 47.42380463778926 ] ] } },
{ "type": "Feature", "properties": { "name": "LV_200-14_0_6_line_38" }, "geometry": { "type": "LineString", "coordinates": [ [ 8.631480608465774, 47.424156510151178 ], [ 8.631235221386763, 47.424036043635297 ] ] } },
{ "type": "Feature", "properties": { "name": "LV_200-14_0_6_line_39" }, "geometry": { "type": "LineString", "coordinates": [ [ 8.631444508458291, 47.424214110156235 ], [ 8.631480608465774, 47.424156510151178 ] ] } },
{ "type": "Feature", "properties": { "name": "LV_200-14_0_6_line_40" }, "geometry": { "type": "LineString", "coordinates": [ [ 8.631049808467374, 47.423571610152059 ], [ 8.631063908458493, 47.423598710156554 ], [ 8.631088408467058, 47.423665410157355 ], [ 8.631116408464518, 47.423711310156939 ], [ 8.631146542509684, 47.423741223176286 ] ] } },
{ "type": "Feature", "properties": { "name": "LV_200-14_0_6_line_41" }, "geometry": { "type": "LineString", "coordinates": [ [ 8.631444508458291, 47.424214110156235 ], [ 8.631622708462166, 47.424301510155807 ] ] } },
{ "type": "Feature", "properties": { "name": "LV_200-14_0_6_line_42" }, "geometry": { "type": "LineString", "coordinates": [ [ 8.631444508458291, 47.424214110156235 ], [ 8.631390208468297, 47.424305910150551 ], [ 8.631315928868643, 47.424489308931221 ] ] } },
{ "type": "Feature", "properties": { "name": "LV_200-14_0_6_line_43" }, "geometry": { "type": "LineString", "coordinates": [ [ 8.630885708463591, 47.423653610150311 ], [ 8.630900308460955, 47.423643110154607 ], [ 8.630918508463346, 47.423636010150851 ], [ 8.630968908464901, 47.423589310156764 ], [ 8.631049808467374, 47.423571610152059 ] ] } },
{ "type": "Feature", "properties": { "name": "LV_200-14_0_6_line_44" }, "geometry": { "type": "LineString", "coordinates": [ [ 8.63243170846961, 47.424115010151247 ], [ 8.63243227141094, 47.424127848332738 ] ] } },
{ "type": "Feature", "properties": { "name": "LV_200-14_0_6_line_45" }, "geometry": { "type": "LineString", "coordinates": [ [ 8.632432682002786, 47.424137211963291 ], [ 8.63243227141094, 47.424127848332738 ] ] } },
{ "type": "Feature", "properties": { "name": "LV_200-14_0_6_line_46" }, "geometry": { "type": "LineString", "coordinates": [ [ 8.632432682002786, 47.424137211963291 ], [ 8.632439408462432, 47.424290610154181 ], [ 8.632416308457849, 47.424317910149846 ], [ 8.632418028590145, 47.424342160606777 ] ] } },
{ "type": "Feature", "properties": { "name": "LV_200-14_0_6_line_47" }, "geometry": { "type": "LineString", "coordinates": [ [ 8.632431608458651, 47.424533610152942 ], [ 8.632418028590145, 47.424342160606777 ] ] } },
{ "type": "Feature", "properties": { "name": "LV_200-14_0_6_line_48" }, "geometry": { "type": "LineString", "coordinates": [ [ 8.632431608458651, 47.424533610152942 ], [ 8.632784774052556, 47.424534387148732 ] ] } },
{ "type": "Feature", "properties": { "name": "LV_200-14_0_6_line_49" }, "geometry": { "type": "LineString", "coordinates": [ [ 8.63222760846757, 47.424540710155611 ], [ 8.632431608458651, 47.424533610152942 ] ] } },
{ "type": "Feature", "properties": { "name": "LV_200-14_0_6_line_50" }, "geometry": { "type": "LineString", "coordinates": [ [ 8.63222760846757, 47.424540710155611 ], [ 8.632407608468183, 47.424633910151393 ] ] } },
{ "type": "Feature", "properties": { "name": "LV_200-14_0_6_line_51" }, "geometry": { "type": "LineString", "coordinates": [ [ 8.632178608459462, 47.424582410156518 ], [ 8.63222760846757, 47.424540710155611 ] ] } },
{ "type": "Feature", "properties": { "name": "LV_200-14_0_6_line_52" }, "geometry": { "type": "LineString", "coordinates": [ [ 8.632407608468183, 47.424633910151393 ], [ 8.632356008462166, 47.424678610151972 ], [ 8.632725908462142, 47.424873210154303 ] ] } },
{ "type": "Feature", "properties": { "name": "LV_200-14_0_6_line_53" }, "geometry": { "type": "LineString", "coordinates": [ [ 8.632407608468183, 47.424633910151393 ], [ 8.632660973263397, 47.424761368584178 ] ] } },
{ "type": "Feature", "properties": { "name": "LV_200-14_0_6_line_54" }, "geometry": { "type": "LineString", "coordinates": [ [ 8.632178608459462, 47.424582410156518 ], [ 8.632104979207492, 47.424545205123785 ] ] } },
{ "type": "Feature", "properties": { "name": "LV_200-14_0_6_line_55" }, "geometry": { "type": "LineString", "coordinates": [ [ 8.633074808460464, 47.425043210152658 ], [ 8.632725908462142, 47.424873210154303 ] ] } },
{ "type": "Feature", "properties": { "name": "LV_200-14_0_6_line_56" }, "geometry": { "type": "LineString", "coordinates": [ [ 8.632725908462142, 47.424873210154303 ], [ 8.632644208470483, 47.424937010148916 ], [ 8.632644208468946, 47.424979910152295 ], [ 8.632627608468278, 47.42499111015281 ], [ 8.632635908468908, 47.425038710155249 ], [ 8.632540708459583, 47.425049010149607 ] ] } },
{ "type": "Feature", "properties": { "name": "LV_200-14_0_6_line_57" }, "geometry": { "type": "LineString", "coordinates": [ [ 8.632995037492549, 47.424931144873291 ], [ 8.632930408470639, 47.424896910149911 ], [ 8.632660973263397, 47.424761368584178 ] ] } },
{ "type": "Feature", "properties": { "name": "LV_200-14_0_6_line_58" }, "geometry": { "type": "LineString", "coordinates": [ [ 8.631761701197362, 47.424301091580681 ], [ 8.631720375732625, 47.424279837488008 ] ] } },
{ "type": "Feature", "properties": { "name": "LV_200-14_0_6_line_59" }, "geometry": { "type": "LineString", "coordinates": [ [ 8.631668408469814, 47.424253110157416 ], [ 8.631720375732625, 47.424279837488008 ] ] } },
{ "type": "Feature", "properties": { "name": "LV_200-14_0_6_line_60" }, "geometry": { "type": "LineString", "coordinates": [ [ 8.631172008459966, 47.424847910149175 ], [ 8.631217508468698, 47.424732310149942 ], [ 8.631315928868643, 47.424489308931221 ] ] } },
{ "type": "Feature", "properties": { "name": "LV_200-14_0_6_line_61" }, "geometry": { "type": "LineString", "coordinates": [ [ 8.631172008459966, 47.424847910149175 ], [ 8.631090508460517, 47.424833610149541 ], [ 8.631017308461114, 47.424816010153634 ], [ 8.630951258968725, 47.424788045852083 ] ] } },
{ "type": "Feature", "properties": { "name": "LV_200-14_0_6_line_62" }, "geometry": { "type": "LineString", "coordinates": [ [ 8.631172008459966, 47.424847910149175 ], [ 8.631155708462662, 47.424961410157501 ], [ 8.631153808469387, 47.425054210153554 ], [ 8.631157008467026, 47.425107110156354 ], [ 8.631157311934684, 47.425112193379235 ] ] } },
{ "type": "Feature", "properties": { "name": "LV_200-14_0_6_line_63" }, "geometry": { "type": "LineString", "coordinates": [ [ 8.630287372003162, 47.424473171867753 ], [ 8.630830008458366, 47.424736710155038 ], [ 8.630951258968725, 47.424788045852083 ] ] } },
{ "type": "Feature", "properties": { "name": "LV_200-14_0_6_line_64" }, "geometry": { "type": "LineString", "coordinates": [ [ 8.63122310845851, 47.425459510157012 ], [ 8.631177008468244, 47.425281610151586 ], [ 8.631160608468948, 47.425167410156796 ], [ 8.631157311934684, 47.425112193379235 ] ] } },
{ "type": "Feature", "properties": { "name": "LV_200-14_0_6_line_65" }, "geometry": { "type": "LineString", "coordinates": [ [ 8.631622708462166, 47.424301510155807 ], [ 8.631668408469814, 47.424253110157416 ] ] } },
{ "type": "Feature", "properties": { "name": "LV_200-14_0_6_line_66" }, "geometry": { "type": "LineString", "coordinates": [ [ 8.630003408458858, 47.424334310153441 ], [ 8.630017308464927, 47.424342010155144 ], [ 8.630287372003162, 47.424473171867753 ] ] } },
{ "type": "Feature", "properties": { "name": "LV_200-14_0_6_line_67" }, "geometry": { "type": "LineString", "coordinates": [ [ 8.63122310845851, 47.425459510157012 ], [ 8.630799053128738, 47.425509553571906 ] ] } },
{ "type": "Feature", "properties": { "name": "LV_200-14_0_6_line_68" }, "geometry": { "type": "LineString", "coordinates": [ [ 8.630419508460182, 47.42375171014892 ], [ 8.630428008465799, 47.423745310148952 ], [ 8.630467608459888, 47.423715610151923 ], [ 8.630516108462951, 47.423741010150081 ], [ 8.630573308460459, 47.423693910152835 ] ] } },
{ "type": "Feature", "properties": { "name": "LV_200-14_0_6_line_69" }, "geometry": { "type": "LineString", "coordinates": [ [ 8.630573308460459, 47.423693910152835 ], [ 8.630347408462754, 47.423573110153995 ], [ 8.630325462615911, 47.423560940742945 ] ] } },
{ "type": "Feature", "properties": { "name": "LV_200-14_0_6_line_70" }, "geometry": { "type": "LineString", "coordinates": [ [ 8.630419508460182, 47.42375171014892 ], [ 8.630198608460464, 47.4239172101517 ], [ 8.63016790845861, 47.423940210152765 ] ] } },
{ "type": "Feature", "properties": { "name": "LV_200-14_0_6_line_71" }, "geometry": { "type": "LineString", "coordinates": [ [ 8.630180908457032, 47.423478810155707 ], [ 8.630197008468709, 47.423489710154989 ], [ 8.630325462615911, 47.423560940742945 ] ] } },
{ "type": "Feature", "properties": { "name": "LV_200-14_0_6_line_72" }, "geometry": { "type": "LineString", "coordinates": [ [ 8.63016790845861, 47.423940210152765 ], [ 8.630450824335336, 47.424089834961066 ] ] } },
{ "type": "Feature", "properties": { "name": "LV_200-14_0_6_line_73" }, "geometry": { "type": "LineString", "coordinates": [ [ 8.629772308459474, 47.424508510156471 ], [ 8.629778908456649, 47.42448341015583 ], [ 8.629798008461615, 47.424453810154631 ], [ 8.629795808458301, 47.424431610158123 ], [ 8.629868308467973, 47.424402910152551 ], [ 8.629915008464232, 47.424420910152072 ], [ 8.630003408458858, 47.424334310153441 ] ] } },
{ "type": "Feature", "properties": { "name": "LV_200-14_0_6_line_74" }, "geometry": { "type": "LineString", "coordinates": [ [ 8.629519208457749, 47.424081210155428 ], [ 8.62961630846358, 47.424129810152124 ], [ 8.629795308462395, 47.424219310156772 ], [ 8.629905208468182, 47.42428011015118 ], [ 8.630003408458858, 47.424334310153441 ] ] } },
{ "type": "Feature", "properties": { "name": "LV_200-14_0_6_line_75" }, "geometry": { "type": "LineString", "coordinates": [ [ 8.63073450021751, 47.42551717141297 ], [ 8.630799053128738, 47.425509553571906 ] ] } },
{ "type": "Feature", "properties": { "name": "LV_200-14_0_6_line_76" }, "geometry": { "type": "LineString", "coordinates": [ [ 8.630083208458121, 47.423550710155261 ], [ 8.630137808461216, 47.423510510157726 ], [ 8.630180908457032, 47.423478810155707 ] ] } },
{ "type": "Feature", "properties": { "name": "LV_200-14_0_6_line_77" }, "geometry": { "type": "LineString", "coordinates": [ [ 8.630083208458121, 47.423550710155261 ], [ 8.630177912618619, 47.42361161848018 ] ] } },
{ "type": "Feature", "properties": { "name": "LV_200-14_0_6_line_78" }, "geometry": { "type": "LineString", "coordinates": [ [ 8.629772308459474, 47.424508510156471 ], [ 8.62973120846711, 47.424545310156553 ] ] } },
{ "type": "Feature", "properties": { "name": "LV_200-14_0_6_line_79" }, "geometry": { "type": "LineString", "coordinates": [ [ 8.629519208457749, 47.424081210155428 ], [ 8.629369227006835, 47.424285907969804 ] ] } },
{ "type": "Feature", "properties": { "name": "LV_200-14_0_6_line_80" }, "geometry": { "type": "LineString", "coordinates": [ [ 8.62973120846711, 47.424545310156553 ], [ 8.629661008463593, 47.424523010151724 ] ] } },
{ "type": "Feature", "properties": { "name": "LV_200-14_0_6_line_81" }, "geometry": { "type": "LineString", "coordinates": [ [ 8.629621608465262, 47.4246775101536 ], [ 8.629636408464023, 47.424682310158062 ], [ 8.62973120846711, 47.424545310156553 ] ] } },
{ "type": "Feature", "properties": { "name": "LV_200-14_0_6_line_82" }, "geometry": { "type": "LineString", "coordinates": [ [ 8.629621608465262, 47.4246775101536 ], [ 8.629528908462666, 47.424646310155275 ] ] } },
{ "type": "Feature", "properties": { "name": "LV_200-14_0_6_line_83" }, "geometry": { "type": "LineString", "coordinates": [ [ 8.629621608465262, 47.4246775101536 ], [ 8.629636408464023, 47.424682310158062 ], [ 8.62976690845602, 47.424724310156563 ] ] } },
{ "type": "Feature", "properties": { "name": "LV_200-14_0_6_line_84" }, "geometry": { "type": "LineString", "coordinates": [ [ 8.629621608465262, 47.4246775101536 ], [ 8.629344508457947, 47.425056810154771 ], [ 8.629133831496722, 47.424985920307549 ] ] } },
{ "type": "Feature", "properties": { "name": "LV_200-14_0_6_line_85" }, "geometry": { "type": "LineString", "coordinates": [ [ 8.62976690845602, 47.424724310156563 ], [ 8.629855869984469, 47.424599517084594 ] ] } },
{ "type": "Feature", "properties": { "name": "LV_200-14_0_6_line_86" }, "geometry": { "type": "LineString", "coordinates": [ [ 8.62976690845602, 47.424724310156563 ], [ 8.630007008467494, 47.424823810151764 ] ] } },
{ "type": "Feature", "properties": { "name": "LV_200-14_0_6_line_87" }, "geometry": { "type": "LineString", "coordinates": [ [ 8.633074808460464, 47.425043210152658 ], [ 8.633327431164009, 47.425168116444496 ] ] } },
{ "type": "Feature", "properties": { "name": "LV_200-14_0_6_line_88" }, "geometry": { "type": "LineString", "coordinates": [ [ 8.63261792436481, 47.425393119173485 ], [ 8.632595508467469, 47.425273110157477 ], [ 8.63259350846873, 47.425262410154559 ], [ 8.632582108464948, 47.425201010148605 ], [ 8.63256000846601, 47.425172110153028 ], [ 8.632540708459583, 47.425049010149607 ] ] } },
{ "type": "Feature", "properties": { "name": "LV_200-14_0_6_line_89" }, "geometry": { "type": "LineString", "coordinates": [ [ 8.633677408463367, 47.425939310156139 ], [ 8.633658508468837, 47.425981210154049 ], [ 8.633634385649216, 47.426034529497876 ] ] } },
{ "type": "Feature", "properties": { "name": "LV_200-14_0_6_line_90" }, "geometry": { "type": "LineString", "coordinates": [ [ 8.633677408463367, 47.425939310156139 ], [ 8.633560423228463, 47.425924489170214 ] ] } },
{ "type": "Feature", "properties": { "name": "LV_200-14_0_6_line_91" }, "geometry": { "type": "LineString", "coordinates": [ [ 8.633629790361445, 47.426044686574862 ], [ 8.633634385649216, 47.426034529497876 ] ] } },
{ "type": "Feature", "properties": { "name": "LV_200-14_0_6_line_92" }, "geometry": { "type": "LineString", "coordinates": [ [ 8.63261792436481, 47.425393119173485 ], [ 8.632624908468006, 47.425430510156751 ], [ 8.632812590474662, 47.425414257747541 ] ] } },
{ "type": "Feature", "properties": { "name": "LV_200-14_0_6_line_93" }, "geometry": { "type": "LineString", "coordinates": [ [ 8.632067456243876, 47.426431978236806 ], [ 8.63212279733267, 47.42642914052643 ] ] } },
{ "type": "Feature", "properties": { "name": "LV_200-14_0_6_line_94" }, "geometry": { "type": "LineString", "coordinates": [ [ 8.632067456243876, 47.426431978236806 ], [ 8.631864008464433, 47.426442410151353 ], [ 8.631721451495322, 47.426449711159357 ] ] } },
{ "type": "Feature", "properties": { "name": "LV_200-14_0_6_line_95" }, "geometry": { "type": "LineString", "coordinates": [ [ 8.632346390411962, 47.42641767511644 ], [ 8.63212279733267, 47.42642914052643 ] ] } },
{ "type": "Feature", "properties": { "name": "LV_200-14_0_6_line_96" }, "geometry": { "type": "LineString", "coordinates": [ [ 8.631709051820064, 47.42645034619926 ], [ 8.631721451495322, 47.426449711159357 ] ] } },
{ "type": "Feature", "properties": { "name": "LV_200-14_0_6_line_97" }, "geometry": { "type": "LineString", "coordinates": [ [ 8.632369108459365, 47.426416510150453 ], [ 8.632346390411962, 47.42641767511644 ] ] } },
{ "type": "Feature", "properties": { "name": "LV_200-14_0_6_line_98" }, "geometry": { "type": "LineString", "coordinates": [ [ 8.631489108464374, 47.426461610157126 ], [ 8.631709051820064, 47.42645034619926 ] ] } },
{ "type": "Feature", "properties": { "name": "LV_200-14_0_6_line_99" }, "geometry": { "type": "LineString", "coordinates": [ [ 8.632369108459365, 47.426416510150453 ], [ 8.632463108465879, 47.426407510149261 ], [ 8.632538757511893, 47.426400296284491 ] ] } },
{ "type": "Feature", "properties": { "name": "LV_200-14_0_6_line_100" }, "geometry": { "type": "LineString", "coordinates": [ [ 8.632369108459365, 47.426416510150453 ], [ 8.632351408458714, 47.42622041015639 ] ] } },
{ "type": "Feature", "properties": { "name": "LV_200-14_0_6_line_101" }, "geometry": { "type": "LineString", "coordinates": [ [ 8.631489108464374, 47.426461610157126 ], [ 8.631515908467026, 47.426628710153388 ], [ 8.631305108468117, 47.426626810149969 ] ] } },
{ "type": "Feature", "properties": { "name": "LV_200-14_0_6_line_102" }, "geometry": { "type": "LineString", "coordinates": [ [ 8.632569199547405, 47.426397393333325 ], [ 8.632538757511893, 47.426400296284491 ] ] } },
{ "type": "Feature", "properties": { "name": "LV_200-14_0_6_line_103" }, "geometry": { "type": "LineString", "coordinates": [ [ 8.632327508467103, 47.426091710157053 ], [ 8.632351408458714, 47.42622041015639 ] ] } },
{ "type": "Feature", "properties": { "name": "LV_200-14_0_6_line_104" }, "geometry": { "type": "LineString", "coordinates": [ [ 8.632351408458714, 47.42622041015639 ], [ 8.632564188203556, 47.426193891144727 ] ] } },
{ "type": "Feature", "properties": { "name": "LV_200-14_0_6_line_105" }, "geometry": { "type": "LineString", "coordinates": [ [ 8.631305108468117, 47.426626810149969 ], [ 8.630881008458688, 47.426629910156166 ], [ 8.630667635696975, 47.426622844889501 ] ] } },
{ "type": "Feature", "properties": { "name": "LV_200-14_0_6_line_106" }, "geometry": { "type": "LineString", "coordinates": [ [ 8.631409708468686, 47.426180410150181 ], [ 8.631375208459113, 47.426046910149843 ] ] } },
{ "type": "Feature", "properties": { "name": "LV_200-14_0_6_line_107" }, "geometry": { "type": "LineString", "coordinates": [ [ 8.631409708468686, 47.426180410150181 ], [ 8.631660293899808, 47.426149736732938 ] ] } },
{ "type": "Feature", "properties": { "name": "LV_200-14_0_6_line_108" }, "geometry": { "type": "LineString", "coordinates": [ [ 8.631375208459113, 47.426046910149843 ], [ 8.631218908460603, 47.426071010155034 ], [ 8.631115108458447, 47.426205510155874 ], [ 8.630984808468533, 47.426245810152217 ] ] } },
{ "type": "Feature", "properties": { "name": "LV_200-14_0_6_line_109" }, "geometry": { "type": "LineString", "coordinates": [ [ 8.632060957342059, 47.42612321802973 ], [ 8.631852908468474, 47.426147810155548 ], [ 8.63180510846259, 47.426132010151505 ], [ 8.631660293899808, 47.426149736732938 ] ] } },
{ "type": "Feature", "properties": { "name": "LV_200-14_0_6_line_110" }, "geometry": { "type": "LineString", "coordinates": [ [ 8.630993608469202, 47.426287710157169 ], [ 8.630984808468533, 47.426245810152217 ] ] } },
{ "type": "Feature", "properties": { "name": "LV_200-14_0_6_line_111" }, "geometry": { "type": "LineString", "coordinates": [ [ 8.632327508467103, 47.426091710157053 ], [ 8.632060957342059, 47.42612321802973 ] ] } },
{ "type": "Feature", "properties": { "name": "LV_200-14_0_6_line_112" }, "geometry": { "type": "LineString", "coordinates": [ [ 8.630993608469202, 47.426287710157169 ], [ 8.630997237082813, 47.426337043158192 ] ] } },
{ "type": "Feature", "properties": { "name": "LV_200-14_0_6_line_113" }, "geometry": { "type": "LineString", "coordinates": [ [ 8.630993608469202, 47.426287710157169 ], [ 8.630858908466832, 47.42628471015535 ], [ 8.630750608461103, 47.426326510157828 ], [ 8.630660008463551, 47.426323510155683 ], [ 8.630589408461304, 47.426280210157962 ], [ 8.630499401772866, 47.426282629741301 ] ] } },
{ "type": "Feature", "properties": { "name": "LV_200-14_0_6_line_114" }, "geometry": { "type": "LineString", "coordinates": [ [ 8.633033408462479, 47.426135410151879 ], [ 8.632873653819869, 47.426155321303725 ] ] } },
{ "type": "Feature", "properties": { "name": "LV_200-14_0_6_line_115" }, "geometry": { "type": "LineString", "coordinates": [ [ 8.633033408462479, 47.426135410151879 ], [ 8.633017370058557, 47.426059984213396 ] ] } },
{ "type": "Feature", "properties": { "name": "LV_200-14_0_6_line_116" }, "geometry": { "type": "LineString", "coordinates": [ [ 8.632327508467103, 47.426091710157053 ], [ 8.632312608464458, 47.426040710148996 ] ] } },
{ "type": "Feature", "properties": { "name": "LV_200-14_0_6_line_117" }, "geometry": { "type": "LineString", "coordinates": [ [ 8.632994708466093, 47.425953410151763 ], [ 8.633017370058557, 47.426059984213396 ] ] } },
{ "type": "Feature", "properties": { "name": "LV_200-14_0_6_line_118" }, "geometry": { "type": "LineString", "coordinates": [ [ 8.632245608460636, 47.425826010155731 ], [ 8.632312608464458, 47.426040710148996 ] ] } },
{ "type": "Feature", "properties": { "name": "LV_200-14_0_6_line_119" }, "geometry": { "type": "LineString", "coordinates": [ [ 8.632312608464458, 47.426040710148996 ], [ 8.632542605512119, 47.426011273977181 ] ] } },
{ "type": "Feature", "properties": { "name": "LV_200-14_0_6_line_120" }, "geometry": { "type": "LineString", "coordinates": [ [ 8.633011608466449, 47.426355210153204 ], [ 8.632926608463729, 47.426363310157747 ], [ 8.63283206544128, 47.426372326059223 ] ] } },
{ "type": "Feature", "properties": { "name": "LV_200-14_0_6_line_121" }, "geometry": { "type": "LineString", "coordinates": [ [ 8.633011608466449, 47.426355210153204 ], [ 8.633029300225106, 47.426352757567408 ] ] } },
{ "type": "Feature", "properties": { "name": "LV_200-14_0_6_line_122" }, "geometry": { "type": "LineString", "coordinates": [ [ 8.63283206544128, 47.426372326059223 ], [ 8.632802850382614, 47.426375112081132 ] ] } },
{ "type": "Feature", "properties": { "name": "LV_200-14_0_6_line_123" }, "geometry": { "type": "LineString", "coordinates": [ [ 8.633198425645292, 47.426329311817788 ], [ 8.633029300225106, 47.426352757567408 ] ] } },
{ "type": "Feature", "properties": { "name": "LV_200-14_0_6_line_124" }, "geometry": { "type": "LineString", "coordinates": [ [ 8.632994708466093, 47.425953410151763 ], [ 8.633152705990131, 47.425933403244258 ] ] } },
{ "type": "Feature", "properties": { "name": "LV_200-14_0_6_line_125" }, "geometry": { "type": "LineString", "coordinates": [ [ 8.632994708466093, 47.425953410151763 ], [ 8.632844113758033, 47.425972684702373 ] ] } },
{ "type": "Feature", "properties": { "name": "LV_200-14_0_6_line_126" }, "geometry": { "type": "LineString", "coordinates": [ [ 8.632931408458647, 47.425734810150459 ], [ 8.632994708466093, 47.425953410151763 ] ] } },
{ "type": "Feature", "properties": { "name": "LV_200-14_0_6_line_127" }, "geometry": { "type": "LineString", "coordinates": [ [ 8.632245608460636, 47.425826010155731 ], [ 8.631867514234084, 47.425881475045806 ] ] } },
{ "type": "Feature", "properties": { "name": "LV_200-14_0_6_line_128" }, "geometry": { "type": "LineString", "coordinates": [ [ 8.632542605512119, 47.426011273977181 ], [ 8.632844113758033, 47.425972684702373 ] ] } },
{ "type": "Feature", "properties": { "name": "LV_200-14_0_6_line_129" }, "geometry": { "type": "LineString", "coordinates": [ [ 8.632569199547405, 47.426397393333325 ], [ 8.632802850382614, 47.426375112081132 ] ] } },
{ "type": "Feature", "properties": { "name": "LV_200-14_0_6_line_130" }, "geometry": { "type": "LineString", "coordinates": [ [ 8.633198425645292, 47.426329311817788 ], [ 8.633258446723881, 47.426320991065275 ] ] } },
{ "type": "Feature", "properties": { "name": "LV_200-14_0_6_line_131" }, "geometry": { "type": "LineString", "coordinates": [ [ 8.633490929595782, 47.426288781739885 ], [ 8.633430708463214, 47.42629711015045 ], [ 8.633258446723881, 47.426320991065275 ] ] } },
{ "type": "Feature", "properties": { "name": "LV_200-14_0_6_line_132" }, "geometry": { "type": "LineString", "coordinates": [ [ 8.633509008625108, 47.426286281451247 ], [ 8.633490929595782, 47.426288781739885 ] ] } },
{ "type": "Feature", "properties": { "name": "LV_200-14_0_6_line_133" }, "geometry": { "type": "LineString", "coordinates": [ [ 8.633628108470198, 47.426269810153919 ], [ 8.633509008625108, 47.426286281451247 ] ] } },
{ "type": "Feature", "properties": { "name": "LV_200-14_0_6_line_134" }, "geometry": { "type": "LineString", "coordinates": [ [ 8.633628108470198, 47.426269810153919 ], [ 8.633701502012748, 47.426260990219419 ] ] } },
{ "type": "Feature", "properties": { "name": "LV_200-14_0_6_line_135" }, "geometry": { "type": "LineString", "coordinates": [ [ 8.633628108470198, 47.426269810153919 ], [ 8.633606208462105, 47.42609681015356 ], [ 8.633629790361445, 47.426044686574862 ] ] } },
{ "type": "Feature", "properties": { "name": "LV_200-14_0_6_line_136" }, "geometry": { "type": "LineString", "coordinates": [ [ 8.632931408458647, 47.425734810150459 ], [ 8.633132908460411, 47.425710510154182 ], [ 8.633179408461441, 47.425670010157212 ], [ 8.633176857720981, 47.425555941181003 ] ] } },
{ "type": "Feature", "properties": { "name": "LV_200-14_0_6_line_137" }, "geometry": { "type": "LineString", "coordinates": [ [ 8.633023308458743, 47.425396010155431 ], [ 8.633174408467083, 47.425446410151551 ], [ 8.633176857720981, 47.425555941181003 ] ] } },
{ "type": "Feature", "properties": { "name": "LV_200-14_0_6_line_138" }, "geometry": { "type": "LineString", "coordinates": [ [ 8.633023308458743, 47.425396010155431 ], [ 8.632812590474662, 47.425414257747541 ] ] } },
{ "type": "Feature", "properties": { "name": "LV_200-14_0_6_line_139" }, "geometry": { "type": "LineString", "coordinates": [ [ 8.630507108456531, 47.425751210156662 ], [ 8.630436808461614, 47.425800010155321 ], [ 8.630181208456937, 47.425757610152097 ] ] } },
{ "type": "Feature", "properties": { "name": "LV_200-14_0_6_line_140" }, "geometry": { "type": "LineString", "coordinates": [ [ 8.630181105819196, 47.425757290056126 ], [ 8.630181208456937, 47.425757610152097 ] ] } },
{ "type": "Feature", "properties": { "name": "LV_200-14_0_6_line_141" }, "geometry": { "type": "LineString", "coordinates": [ [ 8.630507108456531, 47.425751210156662 ], [ 8.630468798188787, 47.425582410842388 ] ] } },
{ "type": "Feature", "properties": { "name": "LV_200-14_0_6_line_142" }, "geometry": { "type": "LineString", "coordinates": [ [ 8.630060808467427, 47.425583410156122 ], [ 8.630128008463611, 47.425591710149419 ], [ 8.630181105819196, 47.425757290056126 ] ] } },
{ "type": "Feature", "properties": { "name": "LV_200-14_0_6_line_143" }, "geometry": { "type": "LineString", "coordinates": [ [ 8.630468798188787, 47.425582410842388 ], [ 8.630461308455812, 47.425549410156194 ], [ 8.63073450021751, 47.42551717141297 ] ] } },
{ "type": "Feature", "properties": { "name": "LV_200-14_0_6_line_144" }, "geometry": { "type": "LineString", "coordinates": [ [ 8.62941410846374, 47.425974810154635 ], [ 8.629504608458786, 47.425978510153669 ] ] } },
{ "type": "Feature", "properties": { "name": "LV_200-14_0_6_line_145" }, "geometry": { "type": "LineString", "coordinates": [ [ 8.629504608458786, 47.425978510153669 ], [ 8.629398708463071, 47.425793010154962 ], [ 8.629449508456037, 47.425734710156355 ], [ 8.629506908455186, 47.425713810156168 ], [ 8.629548592854738, 47.425658440218925 ] ] } },
{ "type": "Feature", "properties": { "name": "LV_200-14_0_6_line_146" }, "geometry": { "type": "LineString", "coordinates": [ [ 8.62941410846374, 47.425974810154635 ], [ 8.629396508462991, 47.42622341015808 ], [ 8.629426128169111, 47.426254693305602 ] ] } },
{ "type": "Feature", "properties": { "name": "LV_200-14_0_6_line_147" }, "geometry": { "type": "LineString", "coordinates": [ [ 8.629653108463337, 47.425519610157316 ], [ 8.629548592854738, 47.425658440218925 ] ] } },
{ "type": "Feature", "properties": { "name": "LV_200-14_0_6_line_148" }, "geometry": { "type": "LineString", "coordinates": [ [ 8.630060808467427, 47.425583410156122 ], [ 8.630083608462057, 47.425450810154125 ] ] } },
{ "type": "Feature", "properties": { "name": "LV_200-14_0_6_line_149" }, "geometry": { "type": "LineString", "coordinates": [ [ 8.630060808467427, 47.425583410156122 ], [ 8.629688208459569, 47.425537210154438 ], [ 8.629653108463337, 47.425519610157316 ] ] } },
{ "type": "Feature", "properties": { "name": "LV_200-14_0_6_line_150" }, "geometry": { "type": "LineString", "coordinates": [ [ 8.629556408048678, 47.426288873098791 ], [ 8.629451708456395, 47.42628171015 ], [ 8.629426128169111, 47.426254693305602 ] ] } },
{ "type": "Feature", "properties": { "name": "LV_200-14_0_6_line_151" }, "geometry": { "type": "LineString", "coordinates": [ [ 8.629391808456296, 47.425438310151591 ], [ 8.629538008459223, 47.425461910153025 ], [ 8.629653108463337, 47.425519610157316 ] ] } },
{ "type": "Feature", "properties": { "name": "LV_200-14_0_6_line_152" }, "geometry": { "type": "LineString", "coordinates": [ [ 8.629938785523185, 47.426295694483827 ], [ 8.629844908459008, 47.426308610158387 ], [ 8.629556408048678, 47.426288873098791 ] ] } },
{ "type": "Feature", "properties": { "name": "LV_200-14_0_6_line_153" }, "geometry": { "type": "LineString", "coordinates": [ [ 8.630050408463211, 47.426295110152722 ], [ 8.629953208461206, 47.426293710157772 ], [ 8.629938785523185, 47.426295694483827 ] ] } },
{ "type": "Feature", "properties": { "name": "LV_200-14_0_6_line_154" }, "geometry": { "type": "LineString", "coordinates": [ [ 8.629391808456296, 47.425438310151591 ], [ 8.62932610846285, 47.425376610156114 ], [ 8.629290398648461, 47.425362253180339 ] ] } },
{ "type": "Feature", "properties": { "name": "LV_200-14_0_6_line_155" }, "geometry": { "type": "LineString", "coordinates": [ [ 8.630007008467494, 47.424823810151764 ], [ 8.629845808460646, 47.424988710152746 ] ] } },
{ "type": "Feature", "properties": { "name": "LV_200-14_0_6_line_156" }, "geometry": { "type": "LineString", "coordinates": [ [ 8.630007008467494, 47.424823810151764 ], [ 8.630136021654003, 47.424865666375823 ] ] } },
{ "type": "Feature", "properties": { "name": "LV_200-14_0_6_line_157" }, "geometry": { "type": "LineString", "coordinates": [ [ 8.629845808460646, 47.424988710152746 ], [ 8.629814508456002, 47.42497821015067 ] ] } },
{ "type": "Feature", "properties": { "name": "LV_200-14_0_6_line_158" }, "geometry": { "type": "LineString", "coordinates": [ [ 8.630205508456115, 47.424888210154286 ], [ 8.630136021654003, 47.424865666375823 ] ] } },
{ "type": "Feature", "properties": { "name": "LV_200-15_0_3_line_0" }, "geometry": { "type": "LineString", "coordinates": [ [ 8.629986708468936, 47.423090210155578 ], [ 8.630005808466535, 47.423030610152381 ], [ 8.630001408460922, 47.422978910155116 ] ] } },
{ "type": "Feature", "properties": { "name": "LV_200-15_0_3_line_1" }, "geometry": { "type": "LineString", "coordinates": [ [ 8.629986708468936, 47.423090210155578 ], [ 8.629883108458412, 47.423150610154636 ] ] } },
{ "type": "Feature", "properties": { "name": "LV_200-15_0_3_line_2" }, "geometry": { "type": "LineString", "coordinates": [ [ 8.629986708468936, 47.423090210155578 ], [ 8.630161108456194, 47.423096610156193 ], [ 8.630426866851927, 47.423118602009154 ] ] } },
{ "type": "Feature", "properties": { "name": "LV_200-15_0_3_line_3" }, "geometry": { "type": "LineString", "coordinates": [ [ 8.629883108458412, 47.423150610154636 ], [ 8.6297938084629, 47.423084910150017 ], [ 8.629771868675693, 47.423082855597052 ] ] } },
{ "type": "Feature", "properties": { "name": "LV_200-15_0_3_line_4" }, "geometry": { "type": "LineString", "coordinates": [ [ 8.629399408462032, 47.42326761015272 ], [ 8.629434808468318, 47.423265610157458 ], [ 8.629523308463215, 47.423260510149795 ], [ 8.629574708468418, 47.423251010151695 ], [ 8.629662408466992, 47.423230710153646 ], [ 8.629735108460897, 47.42321391015431 ], [ 8.629823408460059, 47.423188210149505 ], [ 8.629883108458412, 47.423150610154636 ] ] } },
{ "type": "Feature", "properties": { "name": "LV_200-15_0_3_line_5" }, "geometry": { "type": "LineString", "coordinates": [ [ 8.629883108458412, 47.423150610154636 ], [ 8.629947908465285, 47.423195310156451 ], [ 8.629923708458488, 47.423251010155887 ], [ 8.629959008463327, 47.423304610150247 ], [ 8.63002473412506, 47.423360073401199 ] ] } },
{ "type": "Feature", "properties": { "name": "LV_200-15_0_3_line_6" }, "geometry": { "type": "LineString", "coordinates": [ [ 8.629654708458569, 47.423050410150374 ], [ 8.629734008459041, 47.42307931015629 ], [ 8.629771868675693, 47.423082855597052 ] ] } },
{ "type": "Feature", "properties": { "name": "LV_200-15_0_3_line_7" }, "geometry": { "type": "LineString", "coordinates": [ [ 8.629316708458996, 47.423234810149424 ], [ 8.629399408462032, 47.42326761015272 ] ] } },
{ "type": "Feature", "properties": { "name": "LV_200-15_0_3_line_8" }, "geometry": { "type": "LineString", "coordinates": [ [ 8.629399408462032, 47.42326761015272 ], [ 8.629434808468318, 47.423265610157458 ], [ 8.629523308463215, 47.423260510149795 ], [ 8.629531108462777, 47.423296810151349 ], [ 8.629573908459239, 47.423306510151768 ], [ 8.629561908459916, 47.423346210149226 ], [ 8.629470208459431, 47.423476910156971 ], [ 8.629461008462314, 47.423513410157128 ] ] } },
{ "type": "Feature", "properties": { "name": "LV_200-15_0_3_line_9" }, "geometry": { "type": "LineString", "coordinates": [ [ 8.629399408462032, 47.42326761015272 ], [ 8.629167455355276, 47.423283071933106 ] ] } },
{ "type": "Feature", "properties": { "name": "LV_200-15_0_3_line_10" }, "geometry": { "type": "LineString", "coordinates": [ [ 8.629559408467562, 47.422713210153923 ], [ 8.629559408467562, 47.422713210153923 ], [ 8.629629040159976, 47.422682879805741 ] ] } },
{ "type": "Feature", "properties": { "name": "LV_200-15_0_3_line_11" }, "geometry": { "type": "LineString", "coordinates": [ [ 8.629383408459219, 47.422819310156314 ], [ 8.629528408462061, 47.422744910153192 ], [ 8.629559408467562, 47.422713210153923 ] ] } },
{ "type": "Feature", "properties": { "name": "LV_200-15_0_3_line_12" }, "geometry": { "type": "LineString", "coordinates": [ [ 8.629654708458569, 47.423050410150374 ], [ 8.629539261260001, 47.422952069721902 ] ] } },
{ "type": "Feature", "properties": { "name": "LV_200-15_0_3_line_13" }, "geometry": { "type": "LineString", "coordinates": [ [ 8.629383408459219, 47.422819310156314 ], [ 8.629539261260001, 47.422952069721902 ] ] } },
{ "type": "Feature", "properties": { "name": "LV_200-15_0_3_line_14" }, "geometry": { "type": "LineString", "coordinates": [ [ 8.629316708458996, 47.423234810149424 ], [ 8.629228634639713, 47.423239820659951 ] ] } },
{ "type": "Feature", "properties": { "name": "LV_200-15_0_3_line_15" }, "geometry": { "type": "LineString", "coordinates": [ [ 8.629461008462314, 47.423513410157128 ], [ 8.629456208457722, 47.423532610152989 ], [ 8.629442705940718, 47.423732037803447 ] ] } },
{ "type": "Feature", "properties": { "name": "LV_200-15_0_3_line_16" }, "geometry": { "type": "LineString", "coordinates": [ [ 8.628706308460703, 47.423313810153125 ], [ 8.629167455355276, 47.423283071933106 ] ] } },
{ "type": "Feature", "properties": { "name": "LV_200-15_0_3_line_17" }, "geometry": { "type": "LineString", "coordinates": [ [ 8.62820440846602, 47.422407310151598 ], [ 8.62804260846665, 47.422491010157607 ] ] } },
{ "type": "Feature", "properties": { "name": "LV_200-15_0_3_line_18" }, "geometry": { "type": "LineString", "coordinates": [ [ 8.62820440846602, 47.422407310151598 ], [ 8.628338108461705, 47.422511310152267 ], [ 8.62829630401853, 47.422534440446306 ] ] } },
{ "type": "Feature", "properties": { "name": "LV_200-15_0_3_line_19" }, "geometry": { "type": "LineString", "coordinates": [ [ 8.62778770845415, 47.422634410157571 ], [ 8.627956808458201, 47.422539310155649 ], [ 8.62804260846665, 47.422491010157607 ] ] } },
{ "type": "Feature", "properties": { "name": "LV_200-15_0_3_line_20" }, "geometry": { "type": "LineString", "coordinates": [ [ 8.62778770845415, 47.422634410157571 ], [ 8.627906508459379, 47.42284901015482 ], [ 8.627862004239764, 47.422863119393462 ] ] } },
{ "type": "Feature", "properties": { "name": "LV_200-15_0_3_line_21" }, "geometry": { "type": "LineString", "coordinates": [ [ 8.627460608453879, 47.422982010155671 ], [ 8.627516008465095, 47.422972810155343 ], [ 8.627862004239764, 47.422863119393462 ] ] } },
{ "type": "Feature", "properties": { "name": "LV_200-15_0_3_line_22" }, "geometry": { "type": "LineString", "coordinates": [ [ 8.627460608453879, 47.422982010155671 ], [ 8.627484608460509, 47.423013210151822 ], [ 8.627544108464605, 47.423000910155963 ], [ 8.627571808460708, 47.423042910152276 ], [ 8.627570908456653, 47.423072210155418 ], [ 8.627818508466076, 47.423446310150155 ] ] } },
{ "type": "Feature", "properties": { "name": "LV_200-15_0_3_line_23" }, "geometry": { "type": "LineString", "coordinates": [ [ 8.627818508466076, 47.423446310150155 ], [ 8.627759008453944, 47.423459510156029 ], [ 8.627585474092951, 47.423515629820223 ] ] } },
{ "type": "Feature", "properties": { "name": "LV_200-15_0_3_line_24" }, "geometry": { "type": "LineString", "coordinates": [ [ 8.627818508466076, 47.423446310150155 ], [ 8.627849208456835, 47.423492710149944 ], [ 8.628158308458712, 47.42339261015465 ] ] } },
{ "type": "Feature", "properties": { "name": "LV_200-15_0_3_line_25" }, "geometry": { "type": "LineString", "coordinates": [ [ 8.628856408465147, 47.423972110152597 ], [ 8.629014408460289, 47.423976510155683 ], [ 8.629137808462394, 47.42399381015052 ], [ 8.629355708459546, 47.424025510157385 ] ] } },
{ "type": "Feature", "properties": { "name": "LV_200-15_0_3_line_26" }, "geometry": { "type": "LineString", "coordinates": [ [ 8.629355708459546, 47.424025510157385 ], [ 8.629437108461193, 47.423814710153579 ], [ 8.629442705940718, 47.423732037803447 ] ] } },
{ "type": "Feature", "properties": { "name": "LV_200-15_0_3_line_27" }, "geometry": { "type": "LineString", "coordinates": [ [ 8.628158308458712, 47.42339261015465 ], [ 8.628295008462901, 47.423360810155657 ], [ 8.628444108460434, 47.423334810155268 ], [ 8.628545608457483, 47.423325810153258 ], [ 8.628599108457047, 47.423321010154929 ], [ 8.628706308460703, 47.423313810153125 ] ] } },
{ "type": "Feature", "properties": { "name": "LV_200-15_0_3_line_28" }, "geometry": { "type": "LineString", "coordinates": [ [ 8.627376808461033, 47.423583110155917 ], [ 8.627585474092951, 47.423515629820223 ] ] } },
{ "type": "Feature", "properties": { "name": "LV_200-15_0_3_line_29" }, "geometry": { "type": "LineString", "coordinates": [ [ 8.628158308458712, 47.42339261015465 ], [ 8.628218350683051, 47.42354943908321 ] ] } },
{ "type": "Feature", "properties": { "name": "LV_200-15_0_3_line_30" }, "geometry": { "type": "LineString", "coordinates": [ [ 8.628218350683051, 47.42354943908321 ], [ 8.628248508455261, 47.423628210152913 ] ] } },
{ "type": "Feature", "properties": { "name": "LV_200-15_0_3_line_31" }, "geometry": { "type": "LineString", "coordinates": [ [ 8.627376808461033, 47.423583110155917 ], [ 8.627238808465915, 47.423351510152393 ] ] } },
{ "type": "Feature", "properties": { "name": "LV_52-12_0_4_line_0" }, "geometry": { "type": "LineString", "coordinates": [ [ 8.637788456795459, 47.429705058387 ], [ 8.637415991662506, 47.429091516233775 ] ] } },
{ "type": "Feature", "properties": { "name": "LV_52-12_0_4_line_1" }, "geometry": { "type": "LineString", "coordinates": [ [ 8.637989008467338, 47.430035410154019 ], [ 8.637788456795459, 47.429705058387 ] ] } },
{ "type": "Feature", "properties": { "name": "LV_52-12_0_4_line_2" }, "geometry": { "type": "LineString", "coordinates": [ [ 8.637287108472856, 47.428879210155799 ], [ 8.637415991662506, 47.429091516233775 ] ] } },
{ "type": "Feature", "properties": { "name": "LV_52-12_0_4_line_3" }, "geometry": { "type": "LineString", "coordinates": [ [ 8.637989008467338, 47.430035410154019 ], [ 8.637001736745862, 47.429601036308256 ] ] } },
{ "type": "Feature", "properties": { "name": "LV_52-12_0_4_line_4" }, "geometry": { "type": "LineString", "coordinates": [ [ 8.638297208464421, 47.430467610157123 ], [ 8.637989008467338, 47.430035410154019 ] ] } },
{ "type": "Feature", "properties": { "name": "LV_52-12_0_4_line_5" }, "geometry": { "type": "LineString", "coordinates": [ [ 8.637287108472856, 47.428879210155799 ], [ 8.637084108464869, 47.428595910155678 ], [ 8.636951007382182, 47.428416500281237 ] ] } },
{ "type": "Feature", "properties": { "name": "LV_52-12_0_4_line_6" }, "geometry": { "type": "LineString", "coordinates": [ [ 8.637287108472856, 47.428879210155799 ], [ 8.637356008471176, 47.428863210148492 ], [ 8.637948557125975, 47.428592433467685 ] ] } },
{ "type": "Feature", "properties": { "name": "LV_52-12_0_4_line_7" }, "geometry": { "type": "LineString", "coordinates": [ [ 8.635356008471822, 47.429981610155508 ], [ 8.635547508459476, 47.429603710150303 ], [ 8.635625808460761, 47.429507110153637 ], [ 8.635759408467232, 47.429453910150592 ], [ 8.636628708465921, 47.42949951015116 ], [ 8.6368678084699, 47.429542110151559 ], [ 8.637001736745862, 47.429601036308256 ] ] } },
{ "type": "Feature", "properties": { "name": "LV_52-12_0_4_line_8" }, "geometry": { "type": "LineString", "coordinates": [ [ 8.638297208464421, 47.430467610157123 ], [ 8.638503608473894, 47.430256310156523 ], [ 8.638542808471717, 47.430205610157095 ], [ 8.638569108473831, 47.430156810153449 ], [ 8.638581208474347, 47.430115610155099 ], [ 8.638580208466005, 47.430079310155143 ], [ 8.6385691084689, 47.430046010151429 ], [ 8.638547708467474, 47.430015210152696 ], [ 8.638529924800121, 47.429997343339018 ] ] } },
{ "type": "Feature", "properties": { "name": "LV_52-12_0_4_line_9" }, "geometry": { "type": "LineString", "coordinates": [ [ 8.638297208464421, 47.430467610157123 ], [ 8.638331908471917, 47.430507210157081 ], [ 8.638333379213698, 47.430508684313523 ] ] } },
{ "type": "Feature", "properties": { "name": "LV_52-12_0_4_line_10" }, "geometry": { "type": "LineString", "coordinates": [ [ 8.638120608466162, 47.428513810148587 ], [ 8.637948557125975, 47.428592433467685 ] ] } },
{ "type": "Feature", "properties": { "name": "LV_52-12_0_4_line_11" }, "geometry": { "type": "LineString", "coordinates": [ [ 8.635356008471822, 47.429981610155508 ], [ 8.633395914848458, 47.429997963482151 ] ] } },
{ "type": "Feature", "properties": { "name": "LV_52-12_0_4_line_12" }, "geometry": { "type": "LineString", "coordinates": [ [ 8.635973808469876, 47.431529310153586 ], [ 8.635395808462031, 47.431226510157153 ], [ 8.635154108464441, 47.431086810158135 ], [ 8.635061908469805, 47.430844610150729 ], [ 8.635095908466583, 47.430504310157893 ], [ 8.635356008471822, 47.429981610155508 ] ] } },
{ "type": "Feature", "properties": { "name": "LV_52-12_0_4_line_13" }, "geometry": { "type": "LineString", "coordinates": [ [ 8.638671414695009, 47.430731448497646 ], [ 8.638621308463051, 47.430706910157312 ], [ 8.638548408466944, 47.430668410150716 ], [ 8.638481808464421, 47.43062791015479 ], [ 8.63842590846324, 47.430591210154937 ], [ 8.638375008469382, 47.430550410152179 ], [ 8.638333379213698, 47.430508684313523 ] ] } },
{ "type": "Feature", "properties": { "name": "LV_52-12_0_4_line_14" }, "geometry": { "type": "LineString", "coordinates": [ [ 8.638156708464791, 47.428496810155579 ], [ 8.638120608466162, 47.428513810148587 ] ] } },
{ "type": "Feature", "properties": { "name": "LV_52-12_0_4_line_15" }, "geometry": { "type": "LineString", "coordinates": [ [ 8.632992597561728, 47.430001324296668 ], [ 8.633395914848458, 47.429997963482151 ] ] } },
{ "type": "Feature", "properties": { "name": "LV_52-12_0_4_line_16" }, "geometry": { "type": "LineString", "coordinates": [ [ 8.635973808469876, 47.431529310153586 ], [ 8.634714308468396, 47.431923910158687 ], [ 8.634417608468725, 47.431972310153846 ], [ 8.634287292796872, 47.43196701372657 ] ] } },
{ "type": "Feature", "properties": { "name": "LV_52-12_0_4_line_17" }, "geometry": { "type": "LineString", "coordinates": [ [ 8.640346508474233, 47.431407110155192 ], [ 8.640296308465036, 47.431397610157092 ], [ 8.640262208470537, 47.431389210156823 ], [ 8.640224708464237, 47.431377510150583 ], [ 8.640193108469562, 47.43136611015597 ], [ 8.639691308466734, 47.431158810149832 ], [ 8.639099308468596, 47.430911810149901 ], [ 8.638947208464135, 47.430850810155739 ], [ 8.638822408470007, 47.430799010150018 ], [ 8.638708908465883, 47.430749810153799 ], [ 8.638671414695009, 47.430731448497646 ] ] } },
{ "type": "Feature", "properties": { "name": "LV_52-12_0_4_line_18" }, "geometry": { "type": "LineString", "coordinates": [ [ 8.638188808468975, 47.427566210152939 ], [ 8.638030408462653, 47.427503110151441 ], [ 8.63773120846955, 47.427363110150083 ], [ 8.637619945863161, 47.427298956452972 ] ] } },
{ "type": "Feature", "properties": { "name": "LV_52-12_0_4_line_19" }, "geometry": { "type": "LineString", "coordinates": [ [ 8.638188808468975, 47.427566210152939 ], [ 8.63814830847503, 47.427614210154374 ] ] } },
{ "type": "Feature", "properties": { "name": "LV_52-12_0_4_line_20" }, "geometry": { "type": "LineString", "coordinates": [ [ 8.638188808468975, 47.427566210152939 ], [ 8.63823881436565, 47.427583737522141 ] ] } },
{ "type": "Feature", "properties": { "name": "LV_52-12_0_4_line_21" }, "geometry": { "type": "LineString", "coordinates": [ [ 8.638750208469652, 47.427812010154383 ], [ 8.638602908464978, 47.427768010155319 ], [ 8.6384683084753, 47.427726510149725 ], [ 8.638302208469012, 47.427670710150842 ], [ 8.63814830847503, 47.427614210154374 ] ] } },
{ "type": "Feature", "properties": { "name": "LV_52-12_0_4_line_22" }, "geometry": { "type": "LineString", "coordinates": [ [ 8.63823881436565, 47.427583737522141 ], [ 8.638386808473731, 47.427635610156095 ], [ 8.638600208470759, 47.427707210151027 ], [ 8.638651735604496, 47.427722211312734 ] ] } },
{ "type": "Feature", "properties": { "name": "LV_52-12_0_4_line_23" }, "geometry": { "type": "LineString", "coordinates": [ [ 8.638750208469652, 47.427812010154383 ], [ 8.63857390846748, 47.428020510153509 ] ] } },
{ "type": "Feature", "properties": { "name": "LV_52-12_0_4_line_24" }, "geometry": { "type": "LineString", "coordinates": [ [ 8.638750208469652, 47.427812010154383 ], [ 8.639091808473738, 47.427906610150785 ], [ 8.639220280178964, 47.427940732091081 ] ] } },
{ "type": "Feature", "properties": { "name": "LV_52-12_0_4_line_25" }, "geometry": { "type": "LineString", "coordinates": [ [ 8.639158908472499, 47.427863310153128 ], [ 8.638871908465976, 47.427786310155312 ], [ 8.638651735604496, 47.427722211312734 ] ] } },
{ "type": "Feature", "properties": { "name": "LV_52-12_0_4_line_26" }, "geometry": { "type": "LineString", "coordinates": [ [ 8.63857390846748, 47.428020510153509 ], [ 8.638547990917079, 47.428049969690015 ] ] } },
{ "type": "Feature", "properties": { "name": "LV_52-12_0_4_line_27" }, "geometry": { "type": "LineString", "coordinates": [ [ 8.639623249956943, 47.428046715789975 ], [ 8.639434808464884, 47.427997710152894 ], [ 8.639220280178964, 47.427940732091081 ] ] } },
{ "type": "Feature", "properties": { "name": "LV_52-12_0_4_line_28" }, "geometry": { "type": "LineString", "coordinates": [ [ 8.639158908472499, 47.427863310153128 ], [ 8.639196508466457, 47.427839210148605 ], [ 8.639227708465931, 47.427822410153254 ] ] } },
{ "type": "Feature", "properties": { "name": "LV_52-12_0_4_line_29" }, "geometry": { "type": "LineString", "coordinates": [ [ 8.639227708465931, 47.427822410153254 ], [ 8.639227708465931, 47.427822410153254 ], [ 8.639275608466972, 47.427806010152139 ], [ 8.639584913222651, 47.427719545796627 ] ] } },
{ "type": "Feature", "properties": { "name": "LV_52-12_0_4_line_30" }, "geometry": { "type": "LineString", "coordinates": [ [ 8.641322708471003, 47.428387710152649 ], [ 8.641335708471805, 47.428390710151 ], [ 8.641663608478659, 47.428453510155478 ], [ 8.641637908474005, 47.42850221015518 ] ] } },
{ "type": "Feature", "properties": { "name": "LV_52-12_0_4_line_31" }, "geometry": { "type": "LineString", "coordinates": [ [ 8.641322708471003, 47.428387710152649 ], [ 8.641333208476032, 47.428373910153482 ], [ 8.641398608474145, 47.428288110155385 ], [ 8.641641139308161, 47.42833735472901 ] ] } },
{ "type": "Feature", "properties": { "name": "LV_52-12_0_4_line_32" }, "geometry": { "type": "LineString", "coordinates": [ [ 8.641637908474005, 47.42850221015518 ], [ 8.641346804079369, 47.42844116108153 ] ] } },
{ "type": "Feature", "properties": { "name": "LV_52-12_0_4_line_33" }, "geometry": { "type": "LineString", "coordinates": [ [ 8.641637908474005, 47.42850221015518 ], [ 8.641612708467978, 47.428556310154825 ], [ 8.641609708470723, 47.428601110149806 ], [ 8.641632608477172, 47.428608810155673 ], [ 8.641673908470757, 47.428622710151771 ] ] } },
{ "type": "Feature", "properties": { "name": "LV_52-12_0_4_line_34" }, "geometry": { "type": "LineString", "coordinates": [ [ 8.641970608475033, 47.428208710148105 ], [ 8.641926308469863, 47.428236410151889 ], [ 8.641858608471646, 47.428381510153464 ], [ 8.641641139308161, 47.42833735472901 ] ] } },
{ "type": "Feature", "properties": { "name": "LV_52-12_0_4_line_35" }, "geometry": { "type": "LineString", "coordinates": [ [ 8.641995508479095, 47.428303010154728 ], [ 8.642159808471069, 47.428259210148134 ], [ 8.64230210847434, 47.42822111014852 ], [ 8.642362989407403, 47.428201818666849 ] ] } },
{ "type": "Feature", "properties": { "name": "LV_52-12_0_4_line_36" }, "geometry": { "type": "LineString", "coordinates": [ [ 8.641970608475033, 47.428208710148105 ], [ 8.642031908475053, 47.428220510149202 ], [ 8.641995508479095, 47.428303010154728 ] ] } },
{ "type": "Feature", "properties": { "name": "LV_52-12_0_4_line_37" }, "geometry": { "type": "LineString", "coordinates": [ [ 8.642362989407403, 47.428201818666849 ], [ 8.642363691924853, 47.428201596062635 ] ] } },
{ "type": "Feature", "properties": { "name": "LV_52-12_0_4_line_38" }, "geometry": { "type": "LineString", "coordinates": [ [ 8.641970608475033, 47.428208710148105 ], [ 8.641908908477818, 47.428156510146962 ], [ 8.641756033112712, 47.428126371303094 ] ] } },
{ "type": "Feature", "properties": { "name": "LV_52-12_0_4_line_39" }, "geometry": { "type": "LineString", "coordinates": [ [ 8.641813408475475, 47.427742710152188 ], [ 8.641848508473505, 47.427788410155266 ], [ 8.641979108467952, 47.427925010147341 ], [ 8.642021708468505, 47.427980910152904 ], [ 8.642046008471343, 47.428022310152905 ], [ 8.642061108470244, 47.428061510152894 ], [ 8.642070608476059, 47.42809931015266 ], [ 8.642067808478872, 47.428139310150598 ], [ 8.642031908475053, 47.428220510149202 ], [ 8.641970608475033, 47.428208710148105 ] ] } },
{ "type": "Feature", "properties": { "name": "LV_52-12_0_4_line_40" }, "geometry": { "type": "LineString", "coordinates": [ [ 8.641673908470757, 47.428622710151771 ], [ 8.641660986573035, 47.428754262257804 ] ] } },
{ "type": "Feature", "properties": { "name": "LV_52-12_0_4_line_41" }, "geometry": { "type": "LineString", "coordinates": [ [ 8.641660708478545, 47.429042410152235 ], [ 8.64165500847642, 47.428997410150416 ], [ 8.641654408472636, 47.428837410149463 ], [ 8.641659508476067, 47.428769310148724 ], [ 8.641660986573035, 47.428754262257804 ] ] } },
{ "type": "Feature", "properties": { "name": "LV_52-12_0_4_line_42" }, "geometry": { "type": "LineString", "coordinates": [ [ 8.640404129238476, 47.428236924637027 ], [ 8.640537208475793, 47.428268510154346 ], [ 8.640915508466202, 47.428350710151491 ], [ 8.641346804079369, 47.42844116108153 ] ] } },
{ "type": "Feature", "properties": { "name": "LV_52-12_0_4_line_43" }, "geometry": { "type": "LineString", "coordinates": [ [ 8.641810508474817, 47.427496410150603 ], [ 8.641788608475471, 47.427557710149713 ], [ 8.641777608477049, 47.427609010150746 ], [ 8.641778908470149, 47.427650810148471 ], [ 8.64178970847399, 47.427696610147443 ], [ 8.641813408475475, 47.427742710152188 ] ] } },
{ "type": "Feature", "properties": { "name": "LV_52-12_0_4_line_44" }, "geometry": { "type": "LineString", "coordinates": [ [ 8.641810508474817, 47.427496410150603 ], [ 8.642244908475117, 47.427472510151716 ] ] } },
{ "type": "Feature", "properties": { "name": "LV_52-12_0_4_line_45" }, "geometry": { "type": "LineString", "coordinates": [ [ 8.643029191186352, 47.427950966891785 ], [ 8.642799308473723, 47.428017810152703 ], [ 8.642716708477153, 47.428047810149366 ], [ 8.642645908474874, 47.428078710153216 ], [ 8.642559708477641, 47.428122810146952 ], [ 8.642493808479685, 47.428152110154699 ], [ 8.642438708466848, 47.428174910149345 ], [ 8.642375008470523, 47.42819801014997 ], [ 8.642363691924853, 47.428201596062635 ] ] } },
{ "type": "Feature", "properties": { "name": "LV_52-12_0_4_line_46" }, "geometry": { "type": "LineString", "coordinates": [ [ 8.641676008470069, 47.429161610151013 ], [ 8.641660708478545, 47.429042410152235 ] ] } },
{ "type": "Feature", "properties": { "name": "LV_52-12_0_4_line_47" }, "geometry": { "type": "LineString", "coordinates": [ [ 8.641676008470069, 47.429161610151013 ], [ 8.641485308476213, 47.429178710154439 ] ] } },
{ "type": "Feature", "properties": { "name": "LV_52-12_0_4_line_48" }, "geometry": { "type": "LineString", "coordinates": [ [ 8.641485308476213, 47.429178710154439 ], [ 8.641485308476213, 47.429178710154439 ], [ 8.641426134067391, 47.429161675428851 ] ] } },
{ "type": "Feature", "properties": { "name": "LV_52-12_0_4_line_49" }, "geometry": { "type": "LineString", "coordinates": [ [ 8.64015000847332, 47.428176610152711 ], [ 8.640404129238476, 47.428236924637027 ] ] } },
{ "type": "Feature", "properties": { "name": "LV_52-12_0_4_line_50" }, "geometry": { "type": "LineString", "coordinates": [ [ 8.64015000847332, 47.428176610152711 ], [ 8.640077830381637, 47.428343635376052 ] ] } },
{ "type": "Feature", "properties": { "name": "LV_52-12_0_4_line_51" }, "geometry": { "type": "LineString", "coordinates": [ [ 8.64015000847332, 47.428176610152711 ], [ 8.639787808467638, 47.428089510153228 ], [ 8.639758463413672, 47.428081878827861 ] ] } },
{ "type": "Feature", "properties": { "name": "LV_52-12_0_4_line_52" }, "geometry": { "type": "LineString", "coordinates": [ [ 8.640054968195475, 47.428501853165457 ], [ 8.640070408477106, 47.428360810152334 ], [ 8.640077830381637, 47.428343635376052 ] ] } },
{ "type": "Feature", "properties": { "name": "LV_52-12_0_4_line_53" }, "geometry": { "type": "LineString", "coordinates": [ [ 8.639623249956943, 47.428046715789975 ], [ 8.639758463413672, 47.428081878827861 ] ] } },
{ "type": "Feature", "properties": { "name": "LV_52-12_0_4_line_54" }, "geometry": { "type": "LineString", "coordinates": [ [ 8.640054968195475, 47.428501853165457 ], [ 8.640035498562193, 47.428679702248836 ] ] } },
{ "type": "Feature", "properties": { "name": "LV_52-12_0_4_line_55" }, "geometry": { "type": "LineString", "coordinates": [ [ 8.640346508474233, 47.431407110155192 ], [ 8.640390808471153, 47.431312810153287 ], [ 8.640441408470126, 47.431219510150711 ], [ 8.640484808465599, 47.431154310150454 ], [ 8.640528208463701, 47.431097510153272 ], [ 8.64033460847234, 47.430985910148927 ], [ 8.640313208464216, 47.430913410152826 ] ] } },
{ "type": "Feature", "properties": { "name": "LV_52-12_0_4_line_56" }, "geometry": { "type": "LineString", "coordinates": [ [ 8.640313208464216, 47.430913410152826 ], [ 8.640000308471715, 47.430824410152667 ], [ 8.639858708467765, 47.430745110154056 ], [ 8.639863094388032, 47.43068626818701 ] ] } },
{ "type": "Feature", "properties": { "name": "LV_52-12_0_4_line_57" }, "geometry": { "type": "LineString", "coordinates": [ [ 8.639863094388032, 47.43068626818701 ], [ 8.639888043554487, 47.430351545470472 ] ] } },
{ "type": "Feature", "properties": { "name": "LV_52-12_0_4_line_58" }, "geometry": { "type": "LineString", "coordinates": [ [ 8.641375386957684, 47.429147066660782 ], [ 8.641426134067391, 47.429161675428851 ] ] } },
{ "type": "Feature", "properties": { "name": "LV_52-12_0_4_line_59" }, "geometry": { "type": "LineString", "coordinates": [ [ 8.641267862879065, 47.428935289576863 ], [ 8.641408750132138, 47.42897370671303 ] ] } },
{ "type": "Feature", "properties": { "name": "LV_52-12_0_4_line_60" }, "geometry": { "type": "LineString", "coordinates": [ [ 8.64108860846512, 47.428886410155641 ], [ 8.641267862879065, 47.428935289576863 ] ] } },
{ "type": "Feature", "properties": { "name": "LV_52-12_0_4_line_61" }, "geometry": { "type": "LineString", "coordinates": [ [ 8.64108860846512, 47.428886410155641 ], [ 8.641130708474289, 47.428814010147882 ], [ 8.641130708474289, 47.428814010147882 ] ] } },
{ "type": "Feature", "properties": { "name": "LV_52-12_0_4_line_62" }, "geometry": { "type": "LineString", "coordinates": [ [ 8.64108860846512, 47.428886410155641 ], [ 8.641025026429872, 47.428990660034394 ] ] } },
{ "type": "Feature", "properties": { "name": "LV_52-12_0_4_line_63" }, "geometry": { "type": "LineString", "coordinates": [ [ 8.63233650845982, 47.431887710156218 ], [ 8.634287292796872, 47.43196701372657 ] ] } },
{ "type": "Feature", "properties": { "name": "LV_52-12_0_4_line_64" }, "geometry": { "type": "LineString", "coordinates": [ [ 8.630273708463234, 47.431105910158031 ], [ 8.630719808455163, 47.431122210151138 ], [ 8.63117350845701, 47.431209210155302 ], [ 8.631463808458737, 47.431328910151827 ], [ 8.63233650845982, 47.431887710156218 ] ] } },
{ "type": "Feature", "properties": { "name": "LV_52-12_0_4_line_65" }, "geometry": { "type": "LineString", "coordinates": [ [ 8.630273708463234, 47.431105910158031 ], [ 8.630047708464621, 47.43110831015187 ] ] } },
{ "type": "Feature", "properties": { "name": "LV_52-12_0_4_line_66" }, "geometry": { "type": "LineString", "coordinates": [ [ 8.629969018671078, 47.431190743747521 ], [ 8.630047708464621, 47.43110831015187 ] ] } },
{ "type": "Feature", "properties": { "name": "LV_52-12_0_4_line_67" }, "geometry": { "type": "LineString", "coordinates": [ [ 8.629749208465221, 47.431421010159767 ], [ 8.629588508454024, 47.431494610151717 ], [ 8.629475108459845, 47.431519510157649 ], [ 8.629355408456574, 47.43152361015899 ], [ 8.629181808464624, 47.431447610155004 ], [ 8.628928033110453, 47.431308234484113 ] ] } },
{ "type": "Feature", "properties": { "name": "LV_52-12_0_4_line_68" }, "geometry": { "type": "LineString", "coordinates": [ [ 8.629749208465221, 47.431421010159767 ], [ 8.629923658986892, 47.431238261358928 ] ] } },
{ "type": "Feature", "properties": { "name": "LV_52-12_0_4_line_69" }, "geometry": { "type": "LineString", "coordinates": [ [ 8.629923658986892, 47.431238261358928 ], [ 8.629969018671078, 47.431190743747521 ] ] } },
{ "type": "Feature", "properties": { "name": "LV_52-12_0_4_line_70" }, "geometry": { "type": "LineString", "coordinates": [ [ 8.632992597561728, 47.430001324296668 ], [ 8.632991043307445, 47.430001337239339 ] ] } },
{ "type": "Feature", "properties": { "name": "LV_52-12_0_4_line_71" }, "geometry": { "type": "LineString", "coordinates": [ [ 8.640026608470716, 47.428760910152967 ], [ 8.640035498562193, 47.428679702248836 ] ] } },
{ "type": "Feature", "properties": { "name": "LV_52-12_0_4_line_72" }, "geometry": { "type": "LineString", "coordinates": [ [ 8.632991043307445, 47.430001337239339 ], [ 8.63285761931019, 47.430002448738513 ] ] } },
{ "type": "Feature", "properties": { "name": "LV_52-12_0_4_line_73" }, "geometry": { "type": "LineString", "coordinates": [ [ 8.640026608470716, 47.428760910152967 ], [ 8.640306408464397, 47.428886210149635 ] ] } },
{ "type": "Feature", "properties": { "name": "LV_52-12_0_4_line_74" }, "geometry": { "type": "LineString", "coordinates": [ [ 8.640328608473828, 47.428874710151213 ], [ 8.640306408464397, 47.428886210149635 ] ] } },
{ "type": "Feature", "properties": { "name": "LV_52-12_0_4_line_75" }, "geometry": { "type": "LineString", "coordinates": [ [ 8.638156708464791, 47.428496810155579 ], [ 8.63827077200777, 47.428366352997891 ] ] } },
{ "type": "Feature", "properties": { "name": "LV_52-12_0_4_line_76" }, "geometry": { "type": "LineString", "coordinates": [ [ 8.638451708465416, 47.428159410148282 ], [ 8.63827077200777, 47.428366352997891 ] ] } },
{ "type": "Feature", "properties": { "name": "LV_52-12_0_4_line_77" }, "geometry": { "type": "LineString", "coordinates": [ [ 8.637801008461949, 47.428256610156005 ], [ 8.637828734892333, 47.42827892329322 ] ] } },
{ "type": "Feature", "properties": { "name": "LV_52-12_0_4_line_78" }, "geometry": { "type": "LineString", "coordinates": [ [ 8.637549708463496, 47.427808610150159 ], [ 8.637462408462051, 47.427984010150261 ], [ 8.637801008461949, 47.428256610156005 ] ] } },
{ "type": "Feature", "properties": { "name": "LV_52-12_0_4_line_79" }, "geometry": { "type": "LineString", "coordinates": [ [ 8.637801008461949, 47.428256610156005 ], [ 8.637953508468781, 47.428075210156564 ] ] } },
{ "type": "Feature", "properties": { "name": "LV_52-12_0_4_line_80" }, "geometry": { "type": "LineString", "coordinates": [ [ 8.638451708465416, 47.428159410148282 ], [ 8.638212008467212, 47.428063410151196 ], [ 8.638158756764382, 47.428126561736896 ] ] } },
{ "type": "Feature", "properties": { "name": "LV_52-12_0_4_line_81" }, "geometry": { "type": "LineString", "coordinates": [ [ 8.638451708465416, 47.428159410148282 ], [ 8.638547990917079, 47.428049969690015 ] ] } },
{ "type": "Feature", "properties": { "name": "LV_52-12_0_4_line_82" }, "geometry": { "type": "LineString", "coordinates": [ [ 8.637549708463496, 47.427808610150159 ], [ 8.637347008464053, 47.427765610148072 ], [ 8.637292792120668, 47.427752581993957 ] ] } },
{ "type": "Feature", "properties": { "name": "LV_52-12_0_4_line_83" }, "geometry": { "type": "LineString", "coordinates": [ [ 8.637953508468781, 47.428075210156564 ], [ 8.638128269975493, 47.428136531599606 ] ] } },
{ "type": "Feature", "properties": { "name": "LV_52-12_0_4_line_84" }, "geometry": { "type": "LineString", "coordinates": [ [ 8.638128269975493, 47.428136531599606 ], [ 8.638145308465376, 47.428142510153286 ], [ 8.638158756764382, 47.428126561736896 ] ] } },
{ "type": "Feature", "properties": { "name": "LV_52-12_0_4_line_85" }, "geometry": { "type": "LineString", "coordinates": [ [ 8.641375386957684, 47.429147066660782 ], [ 8.641281304994516, 47.429119982851873 ] ] } },
{ "type": "Feature", "properties": { "name": "LV_52-12_0_4_line_86" }, "geometry": { "type": "LineString", "coordinates": [ [ 8.641231320832082, 47.429105593635747 ], [ 8.641281304994516, 47.429119982851873 ] ] } },
{ "type": "Feature", "properties": { "name": "LV_52-12_0_4_line_87" }, "geometry": { "type": "LineString", "coordinates": [ [ 8.641231320832082, 47.429105593635747 ], [ 8.64112434318262, 47.42907479729412 ] ] } },
{ "type": "Feature", "properties": { "name": "LV_52-12_0_4_line_88" }, "geometry": { "type": "LineString", "coordinates": [ [ 8.640996208472703, 47.429037910149127 ], [ 8.64112434318262, 47.42907479729412 ] ] } },
{ "type": "Feature", "properties": { "name": "LV_52-12_0_4_line_89" }, "geometry": { "type": "LineString", "coordinates": [ [ 8.640996208472703, 47.429037910149127 ], [ 8.641025026429872, 47.428990660034394 ] ] } },
{ "type": "Feature", "properties": { "name": "LV_52-12_0_4_line_90" }, "geometry": { "type": "LineString", "coordinates": [ [ 8.640996208472703, 47.429037910149127 ], [ 8.640922764924071, 47.429100744802795 ] ] } },
{ "type": "Feature", "properties": { "name": "LV_52-12_0_4_line_91" }, "geometry": { "type": "LineString", "coordinates": [ [ 8.640922764924071, 47.429100744802795 ], [ 8.640912223613219, 47.429109763408199 ] ] } },
{ "type": "Feature", "properties": { "name": "LV_52-12_0_4_line_92" }, "geometry": { "type": "LineString", "coordinates": [ [ 8.640911893157176, 47.429110046126041 ], [ 8.640912223613219, 47.429109763408199 ] ] } },
{ "type": "Feature", "properties": { "name": "LV_52-12_0_4_line_93" }, "geometry": { "type": "LineString", "coordinates": [ [ 8.640834908472113, 47.429175910149979 ], [ 8.640911893157176, 47.429110046126041 ] ] } },
{ "type": "Feature", "properties": { "name": "LV_52-12_0_4_line_94" }, "geometry": { "type": "LineString", "coordinates": [ [ 8.641022488954729, 47.428785199962313 ], [ 8.641130708474289, 47.428814010147882 ] ] } },
{ "type": "Feature", "properties": { "name": "LV_52-12_0_4_line_95" }, "geometry": { "type": "LineString", "coordinates": [ [ 8.640936508470961, 47.428762310155349 ], [ 8.640929956841982, 47.428736597244843 ] ] } },
{ "type": "Feature", "properties": { "name": "LV_52-12_0_4_line_96" }, "geometry": { "type": "LineString", "coordinates": [ [ 8.640936508470961, 47.428762310155349 ], [ 8.640936508470961, 47.428762310155349 ], [ 8.641022290264907, 47.428785147068147 ] ] } },
{ "type": "Feature", "properties": { "name": "LV_52-12_0_4_line_97" }, "geometry": { "type": "LineString", "coordinates": [ [ 8.640921908464657, 47.428705010147517 ], [ 8.640929956841982, 47.428736597244843 ] ] } },
{ "type": "Feature", "properties": { "name": "LV_52-12_0_4_line_98" }, "geometry": { "type": "LineString", "coordinates": [ [ 8.641022290264907, 47.428785147068147 ], [ 8.641022488954729, 47.428785199962313 ] ] } },
{ "type": "Feature", "properties": { "name": "LV_200-4_0_3_line_0" }, "geometry": { "type": "LineString", "coordinates": [ [ 8.640411308478715, 47.423926110154099 ], [ 8.640682739797818, 47.423905845441212 ] ] } },
{ "type": "Feature", "properties": { "name": "LV_200-4_0_3_line_1" }, "geometry": { "type": "LineString", "coordinates": [ [ 8.640411308478715, 47.423926110154099 ], [ 8.640330733412114, 47.423932124739785 ] ] } },
{ "type": "Feature", "properties": { "name": "LV_200-4_0_3_line_2" }, "geometry": { "type": "LineString", "coordinates": [ [ 8.640330733412114, 47.423932124739785 ], [ 8.640112471405548, 47.423948416791511 ] ] } },
{ "type": "Feature", "properties": { "name": "LV_200-4_0_3_line_3" }, "geometry": { "type": "LineString", "coordinates": [ [ 8.640112471405548, 47.423948416791511 ], [ 8.639745985913569, 47.423975771952868 ] ] } },
{ "type": "Feature", "properties": { "name": "LV_200-4_0_3_line_4" }, "geometry": { "type": "LineString", "coordinates": [ [ 8.639460399169696, 47.423997087859867 ], [ 8.639745985913569, 47.423975771952868 ] ] } },
{ "type": "Feature", "properties": { "name": "LV_200-4_0_3_line_5" }, "geometry": { "type": "LineString", "coordinates": [ [ 8.639460399169696, 47.423997087859867 ], [ 8.639069545325963, 47.424026259621364 ] ] } },
{ "type": "Feature", "properties": { "name": "LV_200-4_0_3_line_6" }, "geometry": { "type": "LineString", "coordinates": [ [ 8.638831708477181, 47.42404401014872 ], [ 8.639069545325963, 47.424026259621364 ] ] } },
{ "type": "Feature", "properties": { "name": "LV_200-4_0_3_line_7" }, "geometry": { "type": "LineString", "coordinates": [ [ 8.638831708477181, 47.42404401014872 ], [ 8.638758908469319, 47.423895210151642 ], [ 8.638716408477318, 47.423881110154333 ], [ 8.638595754785744, 47.423890184324307 ] ] } },
{ "type": "Feature", "properties": { "name": "LV_200-4_0_3_line_8" }, "geometry": { "type": "LineString", "coordinates": [ [ 8.638186063000207, 47.423920995651706 ], [ 8.638595754785744, 47.423890184324307 ] ] } },
{ "type": "Feature", "properties": { "name": "LV_200-4_0_3_line_9" }, "geometry": { "type": "LineString", "coordinates": [ [ 8.638186063000207, 47.423920995651706 ], [ 8.638147308463649, 47.423923910151686 ], [ 8.637881298093008, 47.423953628110816 ] ] } },
{ "type": "Feature", "properties": { "name": "LV_200-4_0_3_line_10" }, "geometry": { "type": "LineString", "coordinates": [ [ 8.637380157587135, 47.424015640253039 ], [ 8.637467008469194, 47.423999910147579 ], [ 8.637881298093008, 47.423953628110816 ] ] } },
{ "type": "Feature", "properties": { "name": "LV_200-4_0_3_line_11" }, "geometry": { "type": "LineString", "coordinates": [ [ 8.636951346330184, 47.424093303839726 ], [ 8.637380157587135, 47.424015640253039 ] ] } },
{ "type": "Feature", "properties": { "name": "LV_200-4_0_3_line_12" }, "geometry": { "type": "LineString", "coordinates": [ [ 8.636653308473653, 47.424093710155134 ], [ 8.636924808468846, 47.424098110146971 ], [ 8.636951346330184, 47.424093303839726 ] ] } },
{ "type": "Feature", "properties": { "name": "LV_200-4_0_3_line_13" }, "geometry": { "type": "LineString", "coordinates": [ [ 8.636605608464471, 47.423601410148969 ], [ 8.636653308473653, 47.424093710155134 ] ] } },
{ "type": "Feature", "properties": { "name": "LV_200-4_0_3_line_14" }, "geometry": { "type": "LineString", "coordinates": [ [ 8.636362908465554, 47.423424810148838 ], [ 8.636434008474689, 47.423424110147145 ], [ 8.636454208468052, 47.423428110154042 ], [ 8.63654300847262, 47.423463910147888 ], [ 8.636596908462716, 47.423530010147694 ], [ 8.636605608464471, 47.423601410148969 ] ] } },
{ "type": "Feature", "properties": { "name": "LV_200-4_0_3_line_15" }, "geometry": { "type": "LineString", "coordinates": [ [ 8.636605608464471, 47.423601410148969 ], [ 8.636717508466599, 47.423603610155759 ], [ 8.636814798360607, 47.423585448027815 ] ] } },
{ "type": "Feature", "properties": { "name": "LV_200-4_0_3_line_16" }, "geometry": { "type": "LineString", "coordinates": [ [ 8.63804310021543, 47.423404949485587 ], [ 8.637709308463949, 47.423447610149168 ], [ 8.637631279742429, 47.423457508031554 ] ] } },
{ "type": "Feature", "properties": { "name": "LV_200-4_0_3_line_17" }, "geometry": { "type": "LineString", "coordinates": [ [ 8.638382737784688, 47.423361540629479 ], [ 8.63804310021543, 47.423404949485587 ] ] } },
{ "type": "Feature", "properties": { "name": "LV_200-4_0_3_line_18" }, "geometry": { "type": "LineString", "coordinates": [ [ 8.637162833334735, 47.423520475915396 ], [ 8.637222108472997, 47.423509410149684 ], [ 8.637631279742429, 47.423457508031554 ] ] } },
{ "type": "Feature", "properties": { "name": "LV_200-4_0_3_line_19" }, "geometry": { "type": "LineString", "coordinates": [ [ 8.638382737784688, 47.423361540629479 ], [ 8.638426008468528, 47.423356010147813 ], [ 8.638513708472958, 47.423356610149881 ], [ 8.638783508464979, 47.42340681015132 ], [ 8.638910708470219, 47.423408210154619 ], [ 8.638910708470219, 47.423408210154619 ] ] } },
{ "type": "Feature", "properties": { "name": "LV_200-4_0_3_line_20" }, "geometry": { "type": "LineString", "coordinates": [ [ 8.637162833334735, 47.423520475915396 ], [ 8.636814798360607, 47.423585448027815 ] ] } },
{ "type": "Feature", "properties": { "name": "LV_200-4_0_3_line_21" }, "geometry": { "type": "LineString", "coordinates": [ [ 8.639037519700352, 47.423389775810762 ], [ 8.638910708470219, 47.423408210154619 ] ] } },
{ "type": "Feature", "properties": { "name": "LV_200-4_0_3_line_22" }, "geometry": { "type": "LineString", "coordinates": [ [ 8.639428008472764, 47.423333010154849 ], [ 8.639037519700352, 47.423389775810762 ] ] } },
{ "type": "Feature", "properties": { "name": "LV_200-4_0_3_line_23" }, "geometry": { "type": "LineString", "coordinates": [ [ 8.636362908465554, 47.423424810148838 ], [ 8.636398608469893, 47.423381810147326 ], [ 8.636576608469815, 47.422911910148983 ] ] } },
{ "type": "Feature", "properties": { "name": "LV_200-4_0_3_line_24" }, "geometry": { "type": "LineString", "coordinates": [ [ 8.636362908465554, 47.423424810148838 ], [ 8.636327408470601, 47.42348181015528 ], [ 8.636234407361844, 47.423733360761176 ] ] } },
{ "type": "Feature", "properties": { "name": "LV_200-4_0_3_line_25" }, "geometry": { "type": "LineString", "coordinates": [ [ 8.636362908465554, 47.423424810148838 ], [ 8.636227708467445, 47.42341821015026 ], [ 8.63621914395428, 47.423418123679888 ] ] } },
{ "type": "Feature", "properties": { "name": "LV_200-4_0_3_line_26" }, "geometry": { "type": "LineString", "coordinates": [ [ 8.636576608469815, 47.422911910148983 ], [ 8.636508008474655, 47.422900110150444 ], [ 8.63636238524145, 47.42288645202585 ] ] } },
{ "type": "Feature", "properties": { "name": "LV_200-4_0_3_line_27" }, "geometry": { "type": "LineString", "coordinates": [ [ 8.636845208473984, 47.422203010146518 ], [ 8.636660308470924, 47.422690910153889 ], [ 8.636576608469815, 47.422911910148983 ] ] } },
{ "type": "Feature", "properties": { "name": "LV_200-4_0_3_line_28" }, "geometry": { "type": "LineString", "coordinates": [ [ 8.636206808467771, 47.423808010149131 ], [ 8.636234407361844, 47.423733360761176 ] ] } },
{ "type": "Feature", "properties": { "name": "LV_200-4_0_3_line_29" }, "geometry": { "type": "LineString", "coordinates": [ [ 8.63621914395428, 47.423418123679888 ], [ 8.635975673113624, 47.42341566513101 ] ] } },
{ "type": "Feature", "properties": { "name": "LV_200-4_0_3_line_30" }, "geometry": { "type": "LineString", "coordinates": [ [ 8.640093015749294, 47.423240355633695 ], [ 8.64003780847484, 47.423244310152384 ], [ 8.639753116953536, 47.423285721113444 ] ] } },
{ "type": "Feature", "properties": { "name": "LV_200-4_0_3_line_31" }, "geometry": { "type": "LineString", "coordinates": [ [ 8.639428008472764, 47.423333010154849 ], [ 8.639753116953536, 47.423285721113444 ] ] } },
{ "type": "Feature", "properties": { "name": "LV_200-4_0_3_line_32" }, "geometry": { "type": "LineString", "coordinates": [ [ 8.640242732622985, 47.423222741485716 ], [ 8.640143908476849, 47.42323671015361 ], [ 8.640093015749294, 47.423240355633695 ] ] } },
{ "type": "Feature", "properties": { "name": "LV_200-4_0_3_line_33" }, "geometry": { "type": "LineString", "coordinates": [ [ 8.639428008472764, 47.423333010154849 ], [ 8.639438908466863, 47.423365910150217 ] ] } },
{ "type": "Feature", "properties": { "name": "LV_200-4_0_3_line_34" }, "geometry": { "type": "LineString", "coordinates": [ [ 8.639428008472764, 47.423333010154849 ], [ 8.638977708466163, 47.421909310146589 ] ] } },
{ "type": "Feature", "properties": { "name": "LV_200-4_0_3_line_35" }, "geometry": { "type": "LineString", "coordinates": [ [ 8.640242732622985, 47.423222741485716 ], [ 8.640361808465961, 47.423205910147786 ], [ 8.640481108473734, 47.423234510154536 ], [ 8.640532191933136, 47.423241005854763 ] ] } },
{ "type": "Feature", "properties": { "name": "LV_200-4_0_3_line_36" }, "geometry": { "type": "LineString", "coordinates": [ [ 8.638977708466163, 47.421909310146589 ], [ 8.639337199783832, 47.421486438304946 ] ] } },
{ "type": "Feature", "properties": { "name": "LV_200-4_0_3_line_37" }, "geometry": { "type": "LineString", "coordinates": [ [ 8.635743499964716, 47.423413320188146 ], [ 8.635828347115011, 47.423414177197841 ] ] } },
{ "type": "Feature", "properties": { "name": "LV_200-4_0_3_line_38" }, "geometry": { "type": "LineString", "coordinates": [ [ 8.635663308463863, 47.423412510151906 ], [ 8.635743499964716, 47.423413320188146 ] ] } },
{ "type": "Feature", "properties": { "name": "LV_200-4_0_3_line_39" }, "geometry": { "type": "LineString", "coordinates": [ [ 8.635975673113624, 47.42341566513101 ], [ 8.635828347115011, 47.423414177197841 ] ] } },
{ "type": "Feature", "properties": { "name": "LV_200-4_0_3_line_40" }, "geometry": { "type": "LineString", "coordinates": [ [ 8.635663308463863, 47.423412510151906 ], [ 8.6355010479301, 47.423412876151609 ] ] } },
{ "type": "Feature", "properties": { "name": "LV_200-4_0_3_line_41" }, "geometry": { "type": "LineString", "coordinates": [ [ 8.6355512219129, 47.42271701851412 ], [ 8.635520708466927, 47.422875810148113 ], [ 8.635482208470412, 47.422900510150086 ], [ 8.635305308461177, 47.422953910154291 ], [ 8.635264908462231, 47.422986410152014 ], [ 8.635264908462231, 47.422986410152014 ] ] } },
{ "type": "Feature", "properties": { "name": "LV_200-4_0_3_line_42" }, "geometry": { "type": "LineString", "coordinates": [ [ 8.634913208463416, 47.423088710151355 ], [ 8.635180308473624, 47.423086610151785 ], [ 8.63522460847301, 47.423067010154497 ], [ 8.635264908462231, 47.422986410152014 ] ] } },
{ "type": "Feature", "properties": { "name": "LV_200-4_0_3_line_43" }, "geometry": { "type": "LineString", "coordinates": [ [ 8.63493220846718, 47.422676710151876 ], [ 8.635189424552417, 47.422574473712075 ] ] } },
{ "type": "Feature", "properties": { "name": "LV_200-4_0_3_line_44" }, "geometry": { "type": "LineString", "coordinates": [ [ 8.63493220846718, 47.422676710151876 ], [ 8.634826508467215, 47.422544410149712 ], [ 8.634860908464217, 47.422531410152978 ], [ 8.634840308469268, 47.422504310153862 ] ] } },
{ "type": "Feature", "properties": { "name": "LV_200-4_0_3_line_45" }, "geometry": { "type": "LineString", "coordinates": [ [ 8.63493220846718, 47.422676710151876 ], [ 8.634802474258956, 47.422745186681432 ] ] } },
{ "type": "Feature", "properties": { "name": "LV_200-4_0_3_line_46" }, "geometry": { "type": "LineString", "coordinates": [ [ 8.634913208463416, 47.423088710151355 ], [ 8.63486480846548, 47.423042910155928 ], [ 8.634655808470526, 47.422845610152855 ] ] } },
{ "type": "Feature", "properties": { "name": "LV_200-4_0_3_line_47" }, "geometry": { "type": "LineString", "coordinates": [ [ 8.634913208463416, 47.423088710151355 ], [ 8.63491903840985, 47.423094209411374 ] ] } },
{ "type": "Feature", "properties": { "name": "LV_200-4_0_3_line_48" }, "geometry": { "type": "LineString", "coordinates": [ [ 8.634655808470526, 47.422845610152855 ], [ 8.634739908461022, 47.422778210151634 ], [ 8.634802474258956, 47.422745186681432 ] ] } },
{ "type": "Feature", "properties": { "name": "LV_200-4_0_3_line_49" }, "geometry": { "type": "LineString", "coordinates": [ [ 8.634655808470526, 47.422845610152855 ], [ 8.634565193735357, 47.422760012191951 ] ] } },
{ "type": "Feature", "properties": { "name": "LV_200-4_0_3_line_50" }, "geometry": { "type": "LineString", "coordinates": [ [ 8.635025184150534, 47.423263008085641 ], [ 8.635025208470745, 47.423262510149605 ], [ 8.634960808461992, 47.423133610154487 ], [ 8.63491903840985, 47.423094209411374 ] ] } },
{ "type": "Feature", "properties": { "name": "LV_200-4_0_3_line_51" }, "geometry": { "type": "LineString", "coordinates": [ [ 8.634372208465106, 47.422577710148232 ], [ 8.634565193735357, 47.422760012191951 ] ] } },
{ "type": "Feature", "properties": { "name": "LV_200-4_0_3_line_52" }, "geometry": { "type": "LineString", "coordinates": [ [ 8.639453008466912, 47.421350210148617 ], [ 8.639337199783832, 47.421486438304946 ] ] } },
{ "type": "Feature", "properties": { "name": "LV_200-4_0_3_line_53" }, "geometry": { "type": "LineString", "coordinates": [ [ 8.634372208465106, 47.422577710148232 ], [ 8.634413408465655, 47.422534310148755 ], [ 8.634471208461971, 47.422453610155152 ], [ 8.634517808464086, 47.422364910153085 ], [ 8.634576808463761, 47.422227310147079 ], [ 8.634652608466913, 47.422085310151736 ], [ 8.634670351340263, 47.42205250265188 ] ] } },
{ "type": "Feature", "properties": { "name": "LV_200-4_0_3_line_54" }, "geometry": { "type": "LineString", "coordinates": [ [ 8.635194608470874, 47.421397710152853 ], [ 8.635445781175557, 47.421529986039367 ] ] } },
{ "type": "Feature", "properties": { "name": "LV_200-4_0_3_line_55" }, "geometry": { "type": "LineString", "coordinates": [ [ 8.635445781175557, 47.421529986039367 ], [ 8.635589017852816, 47.421605418680635 ] ] } },
{ "type": "Feature", "properties": { "name": "LV_200-4_0_3_line_56" }, "geometry": { "type": "LineString", "coordinates": [ [ 8.635194608470874, 47.421397710152853 ], [ 8.635071108462689, 47.421495510149086 ], [ 8.635052899632599, 47.421512575197021 ] ] } },
{ "type": "Feature", "properties": { "name": "LV_200-4_0_3_line_57" }, "geometry": { "type": "LineString", "coordinates": [ [ 8.635589017852816, 47.421605418680635 ], [ 8.635670892160196, 47.421648535933492 ] ] } },
{ "type": "Feature", "properties": { "name": "LV_200-4_0_3_line_58" }, "geometry": { "type": "LineString", "coordinates": [ [ 8.636042408465194, 47.421807610152563 ], [ 8.635885808469022, 47.421750110147777 ], [ 8.63571280847067, 47.421670610153463 ], [ 8.635670892160196, 47.421648535933492 ] ] } },
{ "type": "Feature", "properties": { "name": "LV_200-4_0_3_line_59" }, "geometry": { "type": "LineString", "coordinates": [ [ 8.635897920171356, 47.42203808071099 ], [ 8.635904475883127, 47.422027623865709 ] ] } },
{ "type": "Feature", "properties": { "name": "LV_200-4_0_3_line_60" }, "geometry": { "type": "LineString", "coordinates": [ [ 8.636042408465194, 47.421807610152563 ], [ 8.635904475883127, 47.422027623865709 ] ] } },
{ "type": "Feature", "properties": { "name": "LV_200-4_0_3_line_61" }, "geometry": { "type": "LineString", "coordinates": [ [ 8.635806808467391, 47.422183410155228 ], [ 8.635897920171356, 47.42203808071099 ] ] } },
{ "type": "Feature", "properties": { "name": "LV_200-4_0_3_line_62" }, "geometry": { "type": "LineString", "coordinates": [ [ 8.636042408465194, 47.421807610152563 ], [ 8.636887208471256, 47.4220584101528 ], [ 8.636855008470922, 47.422177010149476 ], [ 8.636845208473984, 47.422203010146518 ] ] } },
{ "type": "Feature", "properties": { "name": "LV_200-4_0_3_line_63" }, "geometry": { "type": "LineString", "coordinates": [ [ 8.635806808467391, 47.422183410155228 ], [ 8.636054147918335, 47.422235928671604 ] ] } },
{ "type": "Feature", "properties": { "name": "LV_200-4_0_3_line_64" }, "geometry": { "type": "LineString", "coordinates": [ [ 8.635806808467391, 47.422183410155228 ], [ 8.635752331434105, 47.422167479261475 ] ] } },
{ "type": "Feature", "properties": { "name": "LV_200-4_0_3_line_65" }, "geometry": { "type": "LineString", "coordinates": [ [ 8.636845208473984, 47.422203010146518 ], [ 8.636686308463133, 47.422166810147012 ], [ 8.636663508470708, 47.422168310148315 ], [ 8.636612825009388, 47.422256557894265 ] ] } },
{ "type": "Feature", "properties": { "name": "LV_200-4_0_3_line_66" }, "geometry": { "type": "LineString", "coordinates": [ [ 8.635551708465659, 47.422108810149233 ], [ 8.635752331434105, 47.422167479261475 ] ] } },
{ "type": "Feature", "properties": { "name": "LV_200-4_0_3_line_67" }, "geometry": { "type": "LineString", "coordinates": [ [ 8.636609808463859, 47.422261810147177 ], [ 8.636612825009388, 47.422256557894265 ] ] } },
{ "type": "Feature", "properties": { "name": "LV_200-4_0_3_line_68" }, "geometry": { "type": "LineString", "coordinates": [ [ 8.63636238524145, 47.42288645202585 ], [ 8.636212189626708, 47.422872364852637 ] ] } },
{ "type": "Feature", "properties": { "name": "LV_200-4_0_3_line_69" }, "geometry": { "type": "LineString", "coordinates": [ [ 8.634670351340263, 47.42205250265188 ], [ 8.63472680846686, 47.421948110153622 ], [ 8.634810708461435, 47.421810910154072 ], [ 8.634838822097725, 47.421769264040428 ] ] } },
{ "type": "Feature", "properties": { "name": "LV_200-4_0_3_line_70" }, "geometry": { "type": "LineString", "coordinates": [ [ 8.635052899632599, 47.421512575197021 ], [ 8.634972408472446, 47.421588010152824 ], [ 8.634896508470904, 47.421683810147336 ], [ 8.634838822097725, 47.421769264040428 ] ] } },
{ "type": "Feature", "properties": { "name": "LV_200-4_0_3_line_71" }, "geometry": { "type": "LineString", "coordinates": [ [ 8.636206808467771, 47.423808010149131 ], [ 8.635911023147893, 47.423798027428646 ] ] } },
{ "type": "Feature", "properties": { "name": "LV_200-4_0_3_line_72" }, "geometry": { "type": "LineString", "coordinates": [ [ 8.636063408465992, 47.422858410148315 ], [ 8.636212189626708, 47.422872364852637 ] ] } },
{ "type": "Feature", "properties": { "name": "LV_200-16_0_6_line_0" }, "geometry": { "type": "LineString", "coordinates": [ [ 8.627149608457957, 47.424336410151632 ], [ 8.626927608456223, 47.424382510157585 ], [ 8.626914310767157, 47.424384294079474 ] ] } },
{ "type": "Feature", "properties": { "name": "LV_200-16_0_6_line_1" }, "geometry": { "type": "LineString", "coordinates": [ [ 8.627149608457957, 47.424336410151632 ], [ 8.627415808454753, 47.424271110158003 ], [ 8.627465876405486, 47.424258394222853 ] ] } },
{ "type": "Feature", "properties": { "name": "LV_200-16_0_6_line_2" }, "geometry": { "type": "LineString", "coordinates": [ [ 8.627015408459767, 47.424062910156508 ], [ 8.627149608457957, 47.424336410151632 ] ] } },
{ "type": "Feature", "properties": { "name": "LV_200-16_0_6_line_3" }, "geometry": { "type": "LineString", "coordinates": [ [ 8.627015408459767, 47.424062910156508 ], [ 8.626584108459115, 47.424161710154564 ] ] } },
{ "type": "Feature", "properties": { "name": "LV_200-16_0_6_line_4" }, "geometry": { "type": "LineString", "coordinates": [ [ 8.626510108462949, 47.424267610158687 ], [ 8.626553008459162, 47.424242110158865 ], [ 8.626532308463958, 47.424173610157155 ], [ 8.626584108459115, 47.424161710154564 ] ] } },
{ "type": "Feature", "properties": { "name": "LV_200-16_0_6_line_5" }, "geometry": { "type": "LineString", "coordinates": [ [ 8.627015408459767, 47.424062910156508 ], [ 8.627071367678925, 47.424050072225441 ] ] } },
{ "type": "Feature", "properties": { "name": "LV_200-16_0_6_line_6" }, "geometry": { "type": "LineString", "coordinates": [ [ 8.626510108462949, 47.424267610158687 ], [ 8.626300689534707, 47.424392039913386 ] ] } },
{ "type": "Feature", "properties": { "name": "LV_200-16_0_6_line_7" }, "geometry": { "type": "LineString", "coordinates": [ [ 8.626617908463865, 47.424456310153992 ], [ 8.626553008459162, 47.424242110158865 ], [ 8.626510108462949, 47.424267610158687 ] ] } },
{ "type": "Feature", "properties": { "name": "LV_200-16_0_6_line_8" }, "geometry": { "type": "LineString", "coordinates": [ [ 8.627667408461441, 47.424207210152467 ], [ 8.627465876405486, 47.424258394222853 ] ] } },
{ "type": "Feature", "properties": { "name": "LV_200-16_0_6_line_9" }, "geometry": { "type": "LineString", "coordinates": [ [ 8.627339708464756, 47.423988510154878 ], [ 8.627071367678925, 47.424050072225441 ] ] } },
{ "type": "Feature", "properties": { "name": "LV_200-16_0_6_line_10" }, "geometry": { "type": "LineString", "coordinates": [ [ 8.626617908463865, 47.424456310153992 ], [ 8.626981004712544, 47.424397905758475 ] ] } },
{ "type": "Feature", "properties": { "name": "LV_200-16_0_6_line_11" }, "geometry": { "type": "LineString", "coordinates": [ [ 8.627467308466152, 47.424290810150332 ], [ 8.627162308464079, 47.424362210152069 ], [ 8.627073608461819, 47.424383010152461 ], [ 8.626981004712544, 47.424397905758475 ] ] } },
{ "type": "Feature", "properties": { "name": "LV_200-16_0_6_line_12" }, "geometry": { "type": "LineString", "coordinates": [ [ 8.626095408458184, 47.424514010156116 ], [ 8.626300689534707, 47.424392039913386 ] ] } },
{ "type": "Feature", "properties": { "name": "LV_200-16_0_6_line_13" }, "geometry": { "type": "LineString", "coordinates": [ [ 8.626724808458915, 47.423458910151744 ], [ 8.62690030846586, 47.423721810155989 ] ] } },
{ "type": "Feature", "properties": { "name": "LV_200-16_0_6_line_14" }, "geometry": { "type": "LineString", "coordinates": [ [ 8.62690030846586, 47.423721810155989 ], [ 8.62672750846261, 47.42375571015242 ], [ 8.626620379017417, 47.423776869694542 ] ] } },
{ "type": "Feature", "properties": { "name": "LV_200-16_0_6_line_15" }, "geometry": { "type": "LineString", "coordinates": [ [ 8.62690030846586, 47.423721810155989 ], [ 8.627174875326196, 47.423641889338668 ] ] } },
{ "type": "Feature", "properties": { "name": "LV_200-16_0_6_line_16" }, "geometry": { "type": "LineString", "coordinates": [ [ 8.626724808458915, 47.423458910151744 ], [ 8.626952415336779, 47.423387271476841 ] ] } },
{ "type": "Feature", "properties": { "name": "LV_200-16_0_6_line_17" }, "geometry": { "type": "LineString", "coordinates": [ [ 8.626724808458915, 47.423458910151744 ], [ 8.626717708459154, 47.423448210158078 ], [ 8.626518616563477, 47.423503163547124 ] ] } },
{ "type": "Feature", "properties": { "name": "LV_200-16_0_6_line_18" }, "geometry": { "type": "LineString", "coordinates": [ [ 8.626620379017417, 47.423776869694542 ], [ 8.626389808452799, 47.423822410156063 ], [ 8.626142100226513, 47.423864871714365 ] ] } },
{ "type": "Feature", "properties": { "name": "LV_200-16_0_6_line_19" }, "geometry": { "type": "LineString", "coordinates": [ [ 8.627376808461033, 47.423583110155917 ], [ 8.627174875326196, 47.423641889338668 ] ] } },
{ "type": "Feature", "properties": { "name": "LV_200-16_0_6_line_20" }, "geometry": { "type": "LineString", "coordinates": [ [ 8.625825208452206, 47.424292010155419 ], [ 8.626095408458184, 47.424514010156116 ] ] } },
{ "type": "Feature", "properties": { "name": "LV_200-16_0_6_line_21" }, "geometry": { "type": "LineString", "coordinates": [ [ 8.625825208452206, 47.424292010155419 ], [ 8.625786369352047, 47.424315161062118 ] ] } },
{ "type": "Feature", "properties": { "name": "LV_200-16_0_6_line_22" }, "geometry": { "type": "LineString", "coordinates": [ [ 8.626095408458184, 47.424514010156116 ], [ 8.625917163045012, 47.424619947233687 ] ] } },
{ "type": "Feature", "properties": { "name": "LV_200-16_0_6_line_23" }, "geometry": { "type": "LineString", "coordinates": [ [ 8.625001108456242, 47.424126810152728 ], [ 8.624878108452814, 47.424182910153647 ], [ 8.624709608461133, 47.424282110159382 ], [ 8.624676008455971, 47.424322010152778 ], [ 8.624643808460995, 47.424301110156776 ], [ 8.624718108452209, 47.423584310152997 ] ] } },
{ "type": "Feature", "properties": { "name": "LV_200-16_0_6_line_24" }, "geometry": { "type": "LineString", "coordinates": [ [ 8.62546440845925, 47.423989210151689 ], [ 8.625361608460315, 47.424012510151123 ], [ 8.625165108464051, 47.424066610151748 ], [ 8.625001108456242, 47.424126810152728 ] ] } },
{ "type": "Feature", "properties": { "name": "LV_200-16_0_6_line_25" }, "geometry": { "type": "LineString", "coordinates": [ [ 8.625001108456242, 47.424126810152728 ], [ 8.625013032774831, 47.423984755255567 ] ] } },
{ "type": "Feature", "properties": { "name": "LV_200-16_0_6_line_26" }, "geometry": { "type": "LineString", "coordinates": [ [ 8.624718108452209, 47.423584310152997 ], [ 8.62474410845153, 47.423333110156044 ], [ 8.624681708455746, 47.423117810155603 ], [ 8.624266008454851, 47.423110010159256 ], [ 8.624265508462944, 47.422979810157493 ], [ 8.624292808461014, 47.422865610151455 ], [ 8.62449220845226, 47.422730610159036 ], [ 8.624632108451705, 47.422675810150409 ], [ 8.62505100845441, 47.422553310153901 ], [ 8.625144708462591, 47.422504410155106 ], [ 8.625401508453146, 47.422673110152445 ], [ 8.625502208453558, 47.422696810151173 ] ] } },
{ "type": "Feature", "properties": { "name": "LV_200-16_0_6_line_27" }, "geometry": { "type": "LineString", "coordinates": [ [ 8.624718108452209, 47.423584310152997 ], [ 8.624646108463438, 47.423472310157358 ], [ 8.624647008461661, 47.423419010153026 ], [ 8.624625908455616, 47.423418310158276 ], [ 8.624625908455616, 47.423418310158276 ] ] } },
{ "type": "Feature", "properties": { "name": "LV_200-16_0_6_line_28" }, "geometry": { "type": "LineString", "coordinates": [ [ 8.62546440845925, 47.423989210151689 ], [ 8.625668435904851, 47.42395125607127 ] ] } },
{ "type": "Feature", "properties": { "name": "LV_200-16_0_6_line_29" }, "geometry": { "type": "LineString", "coordinates": [ [ 8.625013032774831, 47.423984755255567 ], [ 8.625031429330235, 47.42376559466905 ] ] } },
{ "type": "Feature", "properties": { "name": "LV_200-16_0_6_line_30" }, "geometry": { "type": "LineString", "coordinates": [ [ 8.625697208463759, 47.423184710158232 ], [ 8.625453108459224, 47.42276261015656 ], [ 8.625450708458576, 47.422722010151695 ], [ 8.625502208453558, 47.422696810151173 ] ] } },
{ "type": "Feature", "properties": { "name": "LV_200-16_0_6_line_31" }, "geometry": { "type": "LineString", "coordinates": [ [ 8.624642315874109, 47.423249577305398 ], [ 8.624626908463737, 47.423333810151398 ], [ 8.624625908455616, 47.423418310158276 ] ] } },
{ "type": "Feature", "properties": { "name": "LV_200-16_0_6_line_32" }, "geometry": { "type": "LineString", "coordinates": [ [ 8.627376808461033, 47.423583110155917 ], [ 8.627759008453944, 47.423459510156029 ], [ 8.627818508466076, 47.423446310150155 ], [ 8.627849208456835, 47.423492710149944 ], [ 8.628158308458712, 47.42339261015465 ] ] } },
{ "type": "Feature", "properties": { "name": "LV_200-16_0_6_line_33" }, "geometry": { "type": "LineString", "coordinates": [ [ 8.628158308458712, 47.42339261015465 ], [ 8.628248508455261, 47.423628210152913 ], [ 8.628282708466813, 47.423690310149574 ], [ 8.628355308462302, 47.423818210150053 ], [ 8.628366231578717, 47.423826250136607 ] ] } },
{ "type": "Feature", "properties": { "name": "LV_200-16_0_6_line_34" }, "geometry": { "type": "LineString", "coordinates": [ [ 8.628366231578717, 47.423826250136607 ], [ 8.628448508458989, 47.423886810156759 ], [ 8.628528613400865, 47.42394578351977 ] ] } },
{ "type": "Feature", "properties": { "name": "LV_200-16_0_6_line_35" }, "geometry": { "type": "LineString", "coordinates": [ [ 8.627667408461441, 47.424207210152467 ], [ 8.627943708464441, 47.424134210149774 ], [ 8.62798411721842, 47.424125505297027 ] ] } },
{ "type": "Feature", "properties": { "name": "LV_200-16_0_6_line_36" }, "geometry": { "type": "LineString", "coordinates": [ [ 8.627339708464756, 47.423988510154878 ], [ 8.627544708460197, 47.423941510152673 ], [ 8.627601608462477, 47.423928510151974 ] ] } },
{ "type": "Feature", "properties": { "name": "LV_200-16_0_6_line_37" }, "geometry": { "type": "LineString", "coordinates": [ [ 8.6268467084639, 47.424965810155847 ], [ 8.626808608463886, 47.424978610153786 ], [ 8.626867508462606, 47.425077310159104 ], [ 8.626920008462333, 47.425125710152599 ] ] } },
{ "type": "Feature", "properties": { "name": "LV_200-16_0_6_line_38" }, "geometry": { "type": "LineString", "coordinates": [ [ 8.6268467084639, 47.424965810155847 ], [ 8.627183151948737, 47.424853304175386 ] ] } },
{ "type": "Feature", "properties": { "name": "LV_200-16_0_6_line_39" }, "geometry": { "type": "LineString", "coordinates": [ [ 8.627124308453018, 47.425303010151353 ], [ 8.627039208461827, 47.425235610156776 ], [ 8.626920008462333, 47.425125710152599 ] ] } },
{ "type": "Feature", "properties": { "name": "LV_200-16_0_6_line_40" }, "geometry": { "type": "LineString", "coordinates": [ [ 8.626920008462333, 47.425125710152599 ], [ 8.626668201289318, 47.425237655003777 ] ] } },
{ "type": "Feature", "properties": { "name": "LV_200-16_0_6_line_41" }, "geometry": { "type": "LineString", "coordinates": [ [ 8.627213195975045, 47.424843257450313 ], [ 8.627183151948737, 47.424853304175386 ] ] } },
{ "type": "Feature", "properties": { "name": "LV_200-16_0_6_line_42" }, "geometry": { "type": "LineString", "coordinates": [ [ 8.627124308453018, 47.425303010151353 ], [ 8.62701219188474, 47.425458197911304 ] ] } },
{ "type": "Feature", "properties": { "name": "LV_200-16_0_6_line_43" }, "geometry": { "type": "LineString", "coordinates": [ [ 8.62725800846539, 47.42540281015836 ], [ 8.627234808461724, 47.425390510154948 ], [ 8.627124308453018, 47.425303010151353 ] ] } },
{ "type": "Feature", "properties": { "name": "LV_200-16_0_6_line_44" }, "geometry": { "type": "LineString", "coordinates": [ [ 8.626359008462913, 47.42537511015874 ], [ 8.626668201289318, 47.425237655003777 ] ] } },
{ "type": "Feature", "properties": { "name": "LV_200-16_0_6_line_45" }, "geometry": { "type": "LineString", "coordinates": [ [ 8.627467308466152, 47.424290810150332 ], [ 8.627679708466088, 47.424232510152144 ], [ 8.627927908461331, 47.424170110157441 ] ] } },
{ "type": "Feature", "properties": { "name": "LV_200-16_0_6_line_46" }, "geometry": { "type": "LineString", "coordinates": [ [ 8.627467308466152, 47.424290810150332 ], [ 8.62756321368262, 47.424451291780031 ] ] } },
{ "type": "Feature", "properties": { "name": "LV_200-16_0_6_line_47" }, "geometry": { "type": "LineString", "coordinates": [ [ 8.625909508458978, 47.423906410158459 ], [ 8.626130208454331, 47.423866910151133 ], [ 8.626142100226513, 47.423864871714365 ] ] } },
{ "type": "Feature", "properties": { "name": "LV_200-16_0_6_line_48" }, "geometry": { "type": "LineString", "coordinates": [ [ 8.628856408465147, 47.423972110152597 ], [ 8.628787208457663, 47.424276610157364 ], [ 8.628773460085624, 47.424303190149722 ] ] } },
{ "type": "Feature", "properties": { "name": "LV_200-16_0_6_line_49" }, "geometry": { "type": "LineString", "coordinates": [ [ 8.628856408465147, 47.423972110152597 ], [ 8.628682208467293, 47.42398861015154 ], [ 8.628604308466404, 47.42400151015547 ] ] } },
{ "type": "Feature", "properties": { "name": "LV_200-16_0_6_line_50" }, "geometry": { "type": "LineString", "coordinates": [ [ 8.628569808457474, 47.424696910151091 ], [ 8.628773460085624, 47.424303190149722 ] ] } },
{ "type": "Feature", "properties": { "name": "LV_200-16_0_6_line_51" }, "geometry": { "type": "LineString", "coordinates": [ [ 8.628604308466404, 47.42400151015547 ], [ 8.628516108454965, 47.424016210154406 ], [ 8.628419408467286, 47.4240708101552 ], [ 8.628224208454863, 47.424118910151265 ], [ 8.62811360846667, 47.424097610158434 ], [ 8.62798411721842, 47.424125505297027 ] ] } },
{ "type": "Feature", "properties": { "name": "LV_200-16_0_6_line_52" }, "geometry": { "type": "LineString", "coordinates": [ [ 8.628604308466404, 47.42400151015547 ], [ 8.628528613400865, 47.42394578351977 ] ] } },
{ "type": "Feature", "properties": { "name": "LV_200-16_0_6_line_53" }, "geometry": { "type": "LineString", "coordinates": [ [ 8.625303508463681, 47.424984710154199 ], [ 8.62550160846291, 47.425051710154804 ] ] } },
{ "type": "Feature", "properties": { "name": "LV_200-16_0_6_line_54" }, "geometry": { "type": "LineString", "coordinates": [ [ 8.625303508463681, 47.424984710154199 ], [ 8.625546033056747, 47.424840581772159 ] ] } },
{ "type": "Feature", "properties": { "name": "LV_200-16_0_6_line_55" }, "geometry": { "type": "LineString", "coordinates": [ [ 8.625652408455002, 47.425102610158731 ], [ 8.62550160846291, 47.425051710154804 ] ] } },
{ "type": "Feature", "properties": { "name": "LV_200-16_0_6_line_56" }, "geometry": { "type": "LineString", "coordinates": [ [ 8.62550160846291, 47.425051710154804 ], [ 8.625389954074327, 47.425200803276496 ] ] } },
{ "type": "Feature", "properties": { "name": "LV_200-16_0_6_line_57" }, "geometry": { "type": "LineString", "coordinates": [ [ 8.625741008457984, 47.424724710153228 ], [ 8.625546033056747, 47.424840581772159 ] ] } },
{ "type": "Feature", "properties": { "name": "LV_200-16_0_6_line_58" }, "geometry": { "type": "LineString", "coordinates": [ [ 8.626575208456854, 47.426007110157911 ], [ 8.626965735363813, 47.426120076502762 ] ] } },
{ "type": "Feature", "properties": { "name": "LV_200-16_0_6_line_59" }, "geometry": { "type": "LineString", "coordinates": [ [ 8.626575208456854, 47.426007110157911 ], [ 8.62676600779854, 47.425777115400344 ] ] } },
{ "type": "Feature", "properties": { "name": "LV_200-16_0_6_line_60" }, "geometry": { "type": "LineString", "coordinates": [ [ 8.627354055145512, 47.426223509729205 ], [ 8.627243108453664, 47.426200310157533 ], [ 8.626965735363813, 47.426120076502762 ] ] } },
{ "type": "Feature", "properties": { "name": "LV_200-16_0_6_line_61" }, "geometry": { "type": "LineString", "coordinates": [ [ 8.626888208457682, 47.425629810155613 ], [ 8.62676600779854, 47.425777115400344 ] ] } },
{ "type": "Feature", "properties": { "name": "LV_200-16_0_6_line_62" }, "geometry": { "type": "LineString", "coordinates": [ [ 8.625464008452161, 47.424507310155576 ], [ 8.625378896999083, 47.424558175312328 ] ] } },
{ "type": "Feature", "properties": { "name": "LV_200-16_0_6_line_63" }, "geometry": { "type": "LineString", "coordinates": [ [ 8.625464008452161, 47.424507310155576 ], [ 8.625741008457984, 47.424724710153228 ] ] } },
{ "type": "Feature", "properties": { "name": "LV_200-16_0_6_line_64" }, "geometry": { "type": "LineString", "coordinates": [ [ 8.625848408453042, 47.424660810153419 ], [ 8.625917163045012, 47.424619947233687 ] ] } },
{ "type": "Feature", "properties": { "name": "LV_200-16_0_6_line_65" }, "geometry": { "type": "LineString", "coordinates": [ [ 8.625909508458978, 47.423906410158459 ], [ 8.625668435904851, 47.42395125607127 ] ] } },
{ "type": "Feature", "properties": { "name": "LV_200-16_0_6_line_66" }, "geometry": { "type": "LineString", "coordinates": [ [ 8.625031429330235, 47.42376559466905 ], [ 8.625055430927665, 47.423479657806389 ] ] } },
{ "type": "Feature", "properties": { "name": "LV_200-16_0_6_line_67" }, "geometry": { "type": "LineString", "coordinates": [ [ 8.628709308466414, 47.425186510156394 ], [ 8.628911208454548, 47.424911010157025 ] ] } },
{ "type": "Feature", "properties": { "name": "LV_200-16_0_6_line_68" }, "geometry": { "type": "LineString", "coordinates": [ [ 8.628911208454548, 47.424911010157025 ], [ 8.629149717165223, 47.424585496331865 ] ] } },
{ "type": "Feature", "properties": { "name": "LV_200-16_0_6_line_69" }, "geometry": { "type": "LineString", "coordinates": [ [ 8.628709308466414, 47.425186510156394 ], [ 8.628447180151888, 47.425089557290825 ] ] } },
{ "type": "Feature", "properties": { "name": "LV_200-16_0_6_line_70" }, "geometry": { "type": "LineString", "coordinates": [ [ 8.628709308466414, 47.425186510156394 ], [ 8.62854609466484, 47.425409274057984 ] ] } },
{ "type": "Feature", "properties": { "name": "LV_200-16_0_6_line_71" }, "geometry": { "type": "LineString", "coordinates": [ [ 8.62850450846013, 47.424682010153973 ], [ 8.628569808457474, 47.424696910151091 ] ] } },
{ "type": "Feature", "properties": { "name": "LV_200-16_0_6_line_72" }, "geometry": { "type": "LineString", "coordinates": [ [ 8.627601608462477, 47.423928510151974 ], [ 8.627571608458556, 47.423867710152784 ] ] } },
{ "type": "Feature", "properties": { "name": "LV_200-16_0_6_line_73" }, "geometry": { "type": "LineString", "coordinates": [ [ 8.627274708457469, 47.425370710158397 ], [ 8.627553016032213, 47.425513723983464 ] ] } },
{ "type": "Feature", "properties": { "name": "LV_200-16_0_6_line_74" }, "geometry": { "type": "LineString", "coordinates": [ [ 8.627949308459652, 47.425668610157601 ], [ 8.627827508457354, 47.42562641015099 ], [ 8.627563108465194, 47.425518910151574 ], [ 8.627553016032213, 47.425513723983464 ] ] } },
{ "type": "Feature", "properties": { "name": "LV_200-16_0_6_line_75" }, "geometry": { "type": "LineString", "coordinates": [ [ 8.62725800846539, 47.42540281015836 ], [ 8.627274708457469, 47.425370710158397 ] ] } },
{ "type": "Feature", "properties": { "name": "LV_200-16_0_6_line_76" }, "geometry": { "type": "LineString", "coordinates": [ [ 8.627949308459652, 47.425668610157601 ], [ 8.628130708453808, 47.425724710156992 ], [ 8.628286208466641, 47.425763910157499 ], [ 8.628268808459147, 47.425787710150132 ] ] } },
{ "type": "Feature", "properties": { "name": "LV_200-16_0_6_line_77" }, "geometry": { "type": "LineString", "coordinates": [ [ 8.62725800846539, 47.42540281015836 ], [ 8.627513608455388, 47.425538810152815 ], [ 8.627650625532299, 47.425592714825086 ] ] } },
{ "type": "Feature", "properties": { "name": "LV_200-16_0_6_line_78" }, "geometry": { "type": "LineString", "coordinates": [ [ 8.628268808459147, 47.425787710150132 ], [ 8.628286208466641, 47.425763910157499 ], [ 8.628405708457791, 47.425600910157627 ], [ 8.628433308459432, 47.425563210155786 ] ] } },
{ "type": "Feature", "properties": { "name": "LV_200-16_0_6_line_79" }, "geometry": { "type": "LineString", "coordinates": [ [ 8.628268808459147, 47.425787710150132 ], [ 8.628357308454996, 47.425792310151955 ] ] } },
{ "type": "Feature", "properties": { "name": "LV_200-16_0_6_line_80" }, "geometry": { "type": "LineString", "coordinates": [ [ 8.628854008455097, 47.425505510158295 ], [ 8.628433308459432, 47.425563210155786 ] ] } },
{ "type": "Feature", "properties": { "name": "LV_200-16_0_6_line_81" }, "geometry": { "type": "LineString", "coordinates": [ [ 8.628433308459432, 47.425563210155786 ], [ 8.62854609466484, 47.425409274057984 ] ] } },
{ "type": "Feature", "properties": { "name": "LV_200-16_0_6_line_82" }, "geometry": { "type": "LineString", "coordinates": [ [ 8.628357308454996, 47.425792310151955 ], [ 8.628192450928186, 47.426012186138202 ] ] } },
{ "type": "Feature", "properties": { "name": "LV_200-16_0_6_line_83" }, "geometry": { "type": "LineString", "coordinates": [ [ 8.628854008455097, 47.425505510158295 ], [ 8.628925108455364, 47.425589010155676 ] ] } },
{ "type": "Feature", "properties": { "name": "LV_200-16_0_6_line_84" }, "geometry": { "type": "LineString", "coordinates": [ [ 8.628854008455097, 47.425505510158295 ], [ 8.628933108456355, 47.425412010154055 ], [ 8.629005508458009, 47.425387510150664 ], [ 8.629036543450166, 47.425362391761965 ] ] } },
{ "type": "Feature", "properties": { "name": "LV_200-16_0_6_line_85" }, "geometry": { "type": "LineString", "coordinates": [ [ 8.626888208457682, 47.425629810155613 ], [ 8.62701219188474, 47.425458197911304 ] ] } },
{ "type": "Feature", "properties": { "name": "LV_200-16_0_6_line_86" }, "geometry": { "type": "LineString", "coordinates": [ [ 8.628447180151888, 47.425089557290825 ], [ 8.628436508455234, 47.425085610152188 ], [ 8.628263508458836, 47.425106410154463 ], [ 8.628124008458913, 47.425161810153568 ], [ 8.628008742944505, 47.425168503822924 ] ] } },
{ "type": "Feature", "properties": { "name": "LV_200-16_0_6_line_87" }, "geometry": { "type": "LineString", "coordinates": [ [ 8.628018408455176, 47.426244310153741 ], [ 8.628192450928186, 47.426012186138202 ] ] } },
{ "type": "Feature", "properties": { "name": "LV_200-16_0_6_line_88" }, "geometry": { "type": "LineString", "coordinates": [ [ 8.625741008457984, 47.424724710153228 ], [ 8.625848408453042, 47.424660810153419 ] ] } },
{ "type": "Feature", "properties": { "name": "LV_200-16_0_6_line_89" }, "geometry": { "type": "LineString", "coordinates": [ [ 8.625652408455002, 47.425102610158731 ], [ 8.625888006791412, 47.424966051575836 ] ] } },
{ "type": "Feature", "properties": { "name": "LV_200-16_0_6_line_90" }, "geometry": { "type": "LineString", "coordinates": [ [ 8.625652408455002, 47.425102610158731 ], [ 8.625869208456175, 47.425175810152417 ] ] } },
{ "type": "Feature", "properties": { "name": "LV_200-16_0_6_line_91" }, "geometry": { "type": "LineString", "coordinates": [ [ 8.62789340846245, 47.424909510154272 ], [ 8.628081100040509, 47.424850163678805 ] ] } },
{ "type": "Feature", "properties": { "name": "LV_200-16_0_6_line_92" }, "geometry": { "type": "LineString", "coordinates": [ [ 8.62789340846245, 47.424909510154272 ], [ 8.627741965875718, 47.424958451659833 ] ] } },
{ "type": "Feature", "properties": { "name": "LV_200-16_0_6_line_93" }, "geometry": { "type": "LineString", "coordinates": [ [ 8.62789340846245, 47.424909510154272 ], [ 8.627735682497324, 47.424642275035893 ] ] } },
{ "type": "Feature", "properties": { "name": "LV_200-16_0_6_line_94" }, "geometry": { "type": "LineString", "coordinates": [ [ 8.627732019545979, 47.424636068873198 ], [ 8.627735682497324, 47.424642275035893 ] ] } },
{ "type": "Feature", "properties": { "name": "LV_200-16_0_6_line_95" }, "geometry": { "type": "LineString", "coordinates": [ [ 8.627732019545979, 47.424636068873198 ], [ 8.627654608460247, 47.424504910150276 ], [ 8.627654608460247, 47.424504910150276 ] ] } },
{ "type": "Feature", "properties": { "name": "LV_200-16_0_6_line_96" }, "geometry": { "type": "LineString", "coordinates": [ [ 8.627654608460247, 47.424504910150276 ], [ 8.627602308459778, 47.424516710151636 ], [ 8.62756321368262, 47.424451291780031 ] ] } },
{ "type": "Feature", "properties": { "name": "LV_200-16_0_6_line_97" }, "geometry": { "type": "LineString", "coordinates": [ [ 8.626359008462913, 47.42537511015874 ], [ 8.62646260845316, 47.425424610157989 ], [ 8.626554608462746, 47.425468910156951 ] ] } },
{ "type": "Feature", "properties": { "name": "LV_200-16_0_6_line_98" }, "geometry": { "type": "LineString", "coordinates": [ [ 8.626554608462746, 47.425468910156951 ], [ 8.626399143798883, 47.425650912349525 ] ] } },
{ "type": "Feature", "properties": { "name": "LV_200-16_0_6_line_99" }, "geometry": { "type": "LineString", "coordinates": [ [ 8.626359008462913, 47.42537511015874 ], [ 8.626225108459078, 47.425311210155648 ] ] } },
{ "type": "Feature", "properties": { "name": "LV_200-16_0_6_line_100" }, "geometry": { "type": "LineString", "coordinates": [ [ 8.626052708454624, 47.425237810154371 ], [ 8.626116608458865, 47.425259410159022 ], [ 8.626225108459078, 47.425311210155648 ] ] } },
{ "type": "Feature", "properties": { "name": "LV_200-16_0_6_line_101" }, "geometry": { "type": "LineString", "coordinates": [ [ 8.626225108459078, 47.425311210155648 ], [ 8.626043136525116, 47.425524667858397 ] ] } },
{ "type": "Feature", "properties": { "name": "LV_200-16_0_6_line_102" }, "geometry": { "type": "LineString", "coordinates": [ [ 8.628018408455176, 47.426244310153741 ], [ 8.628160408461648, 47.426295610150248 ], [ 8.628474208462492, 47.426274710150444 ], [ 8.628471608458174, 47.42624751015709 ], [ 8.628501250172498, 47.426245870932931 ] ] } },
{ "type": "Feature", "properties": { "name": "LV_200-16_0_6_line_103" }, "geometry": { "type": "LineString", "coordinates": [ [ 8.626052708454624, 47.425237810154371 ], [ 8.625869208456175, 47.425175810152417 ] ] } },
{ "type": "Feature", "properties": { "name": "LV_200-16_0_6_line_104" }, "geometry": { "type": "LineString", "coordinates": [ [ 8.626052708454624, 47.425237810154371 ], [ 8.626188492571446, 47.425159063390439 ] ] } },
{ "type": "Feature", "properties": { "name": "LV_200-16_0_6_line_105" }, "geometry": { "type": "LineString", "coordinates": [ [ 8.625869208456175, 47.425175810152417 ], [ 8.625695597282881, 47.425393662065332 ] ] } },
{ "type": "Feature", "properties": { "name": "LV_200-16_0_6_line_106" }, "geometry": { "type": "LineString", "coordinates": [ [ 8.626377357516327, 47.425049532225849 ], [ 8.626188492571446, 47.425159063390439 ] ] } },
{ "type": "Feature", "properties": { "name": "LV_200-16_0_6_line_107" }, "geometry": { "type": "LineString", "coordinates": [ [ 8.626086308451812, 47.424851110153817 ], [ 8.625888006791412, 47.424966051575836 ] ] } },
{ "type": "Feature", "properties": { "name": "LV_200-16_0_6_line_108" }, "geometry": { "type": "LineString", "coordinates": [ [ 8.626086308451812, 47.424851110153817 ], [ 8.626321990928522, 47.424714595276455 ] ] } },
{ "type": "Feature", "properties": { "name": "LV_200-16_0_6_line_109" }, "geometry": { "type": "LineString", "coordinates": [ [ 8.625909508458978, 47.423906410158459 ], [ 8.62583250845595, 47.423709510150601 ], [ 8.625744008462846, 47.423670510155304 ], [ 8.625741459032549, 47.423669566944412 ] ] } },
{ "type": "Feature", "properties": { "name": "LV_200-16_0_6_line_110" }, "geometry": { "type": "LineString", "coordinates": [ [ 8.625741459032549, 47.423669566944412 ], [ 8.625540208457668, 47.423595110154864 ], [ 8.625483058613144, 47.42364778371477 ] ] } },
{ "type": "Feature", "properties": { "name": "LV_200-16_0_6_line_111" }, "geometry": { "type": "LineString", "coordinates": [ [ 8.625055430927665, 47.423479657806389 ], [ 8.625063308454507, 47.42338581015796 ], [ 8.625049808455298, 47.42329081015663 ], [ 8.625024496498762, 47.42320943861283 ] ] } },
{ "type": "Feature", "properties": { "name": "LV_54-8_0_5_line_0" }, "geometry": { "type": "LineString", "coordinates": [ [ 8.620271772020628, 47.42736222039705 ], [ 8.620374808450576, 47.427580310156806 ], [ 8.620443530787748, 47.427724900796164 ] ] } },
{ "type": "Feature", "properties": { "name": "LV_54-8_0_5_line_1" }, "geometry": { "type": "LineString", "coordinates": [ [ 8.620271772020628, 47.42736222039705 ], [ 8.620264510303871, 47.427346849990357 ] ] } },
{ "type": "Feature", "properties": { "name": "LV_54-8_0_5_line_2" }, "geometry": { "type": "LineString", "coordinates": [ [ 8.620628308449337, 47.428098810155589 ], [ 8.620606608454542, 47.428068010157695 ], [ 8.620443530787748, 47.427724900796164 ] ] } },
{ "type": "Feature", "properties": { "name": "LV_54-8_0_5_line_3" }, "geometry": { "type": "LineString", "coordinates": [ [ 8.619971908453987, 47.426727510158052 ], [ 8.620264510303871, 47.427346849990357 ] ] } },
{ "type": "Feature", "properties": { "name": "LV_54-8_0_5_line_4" }, "geometry": { "type": "LineString", "coordinates": [ [ 8.620628308449337, 47.428098810155589 ], [ 8.620979862337029, 47.428033945134985 ] ] } },
{ "type": "Feature", "properties": { "name": "LV_54-8_0_5_line_5" }, "geometry": { "type": "LineString", "coordinates": [ [ 8.619971908453987, 47.426727510158052 ], [ 8.620135308449544, 47.426680110154678 ], [ 8.6201128084519, 47.426627310161301 ], [ 8.620560408456292, 47.426500710160788 ], [ 8.620792408447862, 47.426457310158597 ], [ 8.621036208450798, 47.426436510158283 ] ] } },
{ "type": "Feature", "properties": { "name": "LV_54-8_0_5_line_6" }, "geometry": { "type": "LineString", "coordinates": [ [ 8.621338408456864, 47.428139310153391 ], [ 8.621232008451519, 47.428030110157309 ], [ 8.621215808458324, 47.427990410159701 ], [ 8.620979862337029, 47.428033945134985 ] ] } },
{ "type": "Feature", "properties": { "name": "LV_54-8_0_5_line_7" }, "geometry": { "type": "LineString", "coordinates": [ [ 8.621036208450798, 47.426436510158283 ], [ 8.621190808453495, 47.426448910152587 ] ] } },
{ "type": "Feature", "properties": { "name": "LV_54-8_0_5_line_8" }, "geometry": { "type": "LineString", "coordinates": [ [ 8.621363908446838, 47.428165610157642 ], [ 8.621338408456864, 47.428139310153391 ] ] } },
{ "type": "Feature", "properties": { "name": "LV_54-8_0_5_line_9" }, "geometry": { "type": "LineString", "coordinates": [ [ 8.621338408456864, 47.428139310153391 ], [ 8.621162426559781, 47.428253751206711 ] ] } },
{ "type": "Feature", "properties": { "name": "LV_54-8_0_5_line_10" }, "geometry": { "type": "LineString", "coordinates": [ [ 8.621190808453495, 47.426448910152587 ], [ 8.621963108458356, 47.426502710159497 ] ] } },
{ "type": "Feature", "properties": { "name": "LV_54-8_0_5_line_11" }, "geometry": { "type": "LineString", "coordinates": [ [ 8.621190808453495, 47.426448910152587 ], [ 8.621171108454558, 47.42655551015266 ], [ 8.621141108454545, 47.426688110156476 ], [ 8.621166508458748, 47.42676451016024 ], [ 8.621309508457671, 47.426823810155973 ], [ 8.621341708452645, 47.426911210157023 ], [ 8.621291008446477, 47.427034410153709 ], [ 8.62131640844982, 47.427124910154305 ], [ 8.62144780845207, 47.427249710153227 ], [ 8.621554176764231, 47.427262111855526 ] ] } },
{ "type": "Feature", "properties": { "name": "LV_54-8_0_5_line_12" }, "geometry": { "type": "LineString", "coordinates": [ [ 8.621363908446838, 47.428165610157642 ], [ 8.62164094307246, 47.428003957480534 ] ] } },
{ "type": "Feature", "properties": { "name": "LV_54-8_0_5_line_13" }, "geometry": { "type": "LineString", "coordinates": [ [ 8.622086808457242, 47.428485910159431 ], [ 8.622332908457404, 47.428670910155446 ] ] } },
{ "type": "Feature", "properties": { "name": "LV_54-8_0_5_line_14" }, "geometry": { "type": "LineString", "coordinates": [ [ 8.622332908457404, 47.428670910155446 ], [ 8.622543388162315, 47.428537723470534 ] ] } },
{ "type": "Feature", "properties": { "name": "LV_54-8_0_5_line_15" }, "geometry": { "type": "LineString", "coordinates": [ [ 8.622086808457242, 47.428485910159431 ], [ 8.62219460425592, 47.428414550819454 ] ] } },
{ "type": "Feature", "properties": { "name": "LV_54-8_0_5_line_16" }, "geometry": { "type": "LineString", "coordinates": [ [ 8.622414608453695, 47.42826891015725 ], [ 8.62219460425592, 47.428414550819454 ] ] } },
{ "type": "Feature", "properties": { "name": "LV_54-8_0_5_line_17" }, "geometry": { "type": "LineString", "coordinates": [ [ 8.621873408455038, 47.427868310158836 ], [ 8.62164094307246, 47.428003957480534 ] ] } },
{ "type": "Feature", "properties": { "name": "LV_54-8_0_5_line_18" }, "geometry": { "type": "LineString", "coordinates": [ [ 8.622119308454504, 47.428109010158238 ], [ 8.621886710105683, 47.428246542738101 ] ] } },
{ "type": "Feature", "properties": { "name": "LV_54-8_0_5_line_19" }, "geometry": { "type": "LineString", "coordinates": [ [ 8.622414608453695, 47.42826891015725 ], [ 8.622153208458295, 47.42814221015616 ], [ 8.622119308454504, 47.428109010158238 ] ] } },
{ "type": "Feature", "properties": { "name": "LV_54-8_0_5_line_20" }, "geometry": { "type": "LineString", "coordinates": [ [ 8.621873408455038, 47.427868310158836 ], [ 8.622119308454504, 47.428109010158238 ] ] } },
{ "type": "Feature", "properties": { "name": "LV_54-8_0_5_line_21" }, "geometry": { "type": "LineString", "coordinates": [ [ 8.621873408455038, 47.427868310158836 ], [ 8.621711408452844, 47.42770971015517 ], [ 8.621574827030466, 47.427555302792648 ] ] } },
{ "type": "Feature", "properties": { "name": "LV_54-8_0_5_line_22" }, "geometry": { "type": "LineString", "coordinates": [ [ 8.621334751877203, 47.427326544086647 ], [ 8.621550508456362, 47.427527810160974 ], [ 8.621574827030466, 47.427555302792648 ] ] } },
{ "type": "Feature", "properties": { "name": "LV_54-8_0_5_line_23" }, "geometry": { "type": "LineString", "coordinates": [ [ 8.621963108458356, 47.426502710159497 ], [ 8.621843108459274, 47.426979810160766 ], [ 8.622194808448249, 47.427343010160193 ] ] } },
{ "type": "Feature", "properties": { "name": "LV_54-8_0_5_line_24" }, "geometry": { "type": "LineString", "coordinates": [ [ 8.622947608449275, 47.426522510154726 ], [ 8.622850608457883, 47.426551210155452 ], [ 8.622720408451187, 47.426553110152255 ], [ 8.621963108458356, 47.426502710159497 ] ] } },
{ "type": "Feature", "properties": { "name": "LV_54-8_0_5_line_25" }, "geometry": { "type": "LineString", "coordinates": [ [ 8.621554176764231, 47.427262111855526 ], [ 8.621581608457269, 47.427265310157473 ], [ 8.621646108450038, 47.427313710153314 ], [ 8.621648408450563, 47.427449410157827 ], [ 8.621759108447103, 47.427583610155729 ], [ 8.621908701516663, 47.427607811726908 ] ] } },
{ "type": "Feature", "properties": { "name": "LV_54-8_0_5_line_26" }, "geometry": { "type": "LineString", "coordinates": [ [ 8.622194808448249, 47.427343010160193 ], [ 8.622194808448249, 47.427343010160193 ], [ 8.622243104987188, 47.427455184401019 ] ] } },
{ "type": "Feature", "properties": { "name": "LV_54-8_0_5_line_27" }, "geometry": { "type": "LineString", "coordinates": [ [ 8.622947608449275, 47.426522510154726 ], [ 8.623002708452079, 47.426465810153601 ], [ 8.623202147075233, 47.425930725744259 ] ] } },
{ "type": "Feature", "properties": { "name": "LV_54-8_0_5_line_28" }, "geometry": { "type": "LineString", "coordinates": [ [ 8.622947608449275, 47.426522510154726 ], [ 8.623094208449245, 47.426582910155055 ] ] } },
{ "type": "Feature", "properties": { "name": "LV_54-8_0_5_line_29" }, "geometry": { "type": "LineString", "coordinates": [ [ 8.621908701516663, 47.427607811726908 ], [ 8.621922908450594, 47.4276101101525 ], [ 8.621989708457036, 47.427655310158777 ], [ 8.622001308455641, 47.427772310154666 ], [ 8.622098108454695, 47.427901810152669 ], [ 8.622140258106382, 47.427934524602378 ] ] } },
{ "type": "Feature", "properties": { "name": "LV_54-8_0_5_line_30" }, "geometry": { "type": "LineString", "coordinates": [ [ 8.622736846879061, 47.42777034253249 ], [ 8.622736508458132, 47.427769710159708 ], [ 8.622319108447636, 47.427631710154614 ], [ 8.622243104987188, 47.427455184401019 ] ] } },
{ "type": "Feature", "properties": { "name": "LV_54-8_0_5_line_31" }, "geometry": { "type": "LineString", "coordinates": [ [ 8.622795108459066, 47.427879210152355 ], [ 8.622736846879061, 47.42777034253249 ] ] } },
{ "type": "Feature", "properties": { "name": "LV_54-5_0_4_line_0" }, "geometry": { "type": "LineString", "coordinates": [ [ 8.621576482988134, 47.431595886174996 ], [ 8.621544408449209, 47.431587610159347 ], [ 8.621365468776677, 47.431569481391314 ] ] } },
{ "type": "Feature", "properties": { "name": "LV_54-5_0_4_line_1" }, "geometry": { "type": "LineString", "coordinates": [ [ 8.621856008448308, 47.431668010157871 ], [ 8.621576482988134, 47.431595886174996 ] ] } },
{ "type": "Feature", "properties": { "name": "LV_54-5_0_4_line_2" }, "geometry": { "type": "LineString", "coordinates": [ [ 8.621365468776677, 47.431569481391314 ], [ 8.621247308453258, 47.431557510158129 ], [ 8.621072767333787, 47.431518901622596 ] ] } },
{ "type": "Feature", "properties": { "name": "LV_54-5_0_4_line_3" }, "geometry": { "type": "LineString", "coordinates": [ [ 8.621856008448308, 47.431668010157871 ], [ 8.621983208457195, 47.431700910160828 ] ] } },
{ "type": "Feature", "properties": { "name": "LV_54-5_0_4_line_4" }, "geometry": { "type": "LineString", "coordinates": [ [ 8.621902008454366, 47.431181610153914 ], [ 8.622011408451957, 47.43127931015745 ], [ 8.621856008448308, 47.431668010157871 ] ] } },
{ "type": "Feature", "properties": { "name": "LV_54-5_0_4_line_5" }, "geometry": { "type": "LineString", "coordinates": [ [ 8.621983208457195, 47.431700910160828 ], [ 8.621882106769744, 47.43188214017249 ] ] } },
{ "type": "Feature", "properties": { "name": "LV_54-5_0_4_line_6" }, "geometry": { "type": "LineString", "coordinates": [ [ 8.621983208457195, 47.431700910160828 ], [ 8.622097341035799, 47.43171962950133 ] ] } },
{ "type": "Feature", "properties": { "name": "LV_54-5_0_4_line_7" }, "geometry": { "type": "LineString", "coordinates": [ [ 8.622028908457695, 47.431095010161293 ], [ 8.621958908457474, 47.431164510157146 ], [ 8.621902008454366, 47.431181610153914 ] ] } },
{ "type": "Feature", "properties": { "name": "LV_54-5_0_4_line_8" }, "geometry": { "type": "LineString", "coordinates": [ [ 8.621882106769744, 47.43188214017249 ], [ 8.621880035747639, 47.431885852583108 ] ] } },
{ "type": "Feature", "properties": { "name": "LV_54-5_0_4_line_9" }, "geometry": { "type": "LineString", "coordinates": [ [ 8.622028908457695, 47.431095010161293 ], [ 8.622049608454024, 47.431082510153878 ], [ 8.62221087782876, 47.430984835824468 ] ] } },
{ "type": "Feature", "properties": { "name": "LV_54-5_0_4_line_10" }, "geometry": { "type": "LineString", "coordinates": [ [ 8.622028908457695, 47.431095010161293 ], [ 8.621947720585716, 47.431026472785284 ] ] } },
{ "type": "Feature", "properties": { "name": "LV_54-5_0_4_line_11" }, "geometry": { "type": "LineString", "coordinates": [ [ 8.621779308458228, 47.432066410156686 ], [ 8.621880035747639, 47.431885852583108 ] ] } },
{ "type": "Feature", "properties": { "name": "LV_54-5_0_4_line_12" }, "geometry": { "type": "LineString", "coordinates": [ [ 8.62237882062637, 47.430883119041177 ], [ 8.62221087782876, 47.430984835824468 ] ] } },
{ "type": "Feature", "properties": { "name": "LV_54-5_0_4_line_13" }, "geometry": { "type": "LineString", "coordinates": [ [ 8.621806208450291, 47.430907010162393 ], [ 8.621947720585716, 47.431026472785284 ] ] } },
{ "type": "Feature", "properties": { "name": "LV_54-5_0_4_line_14" }, "geometry": { "type": "LineString", "coordinates": [ [ 8.620840422015435, 47.431815319556868 ], [ 8.620887688175683, 47.431827960395722 ] ] } },
{ "type": "Feature", "properties": { "name": "LV_54-5_0_4_line_15" }, "geometry": { "type": "LineString", "coordinates": [ [ 8.620840422015435, 47.431815319556868 ], [ 8.62045191102459, 47.431711415395526 ] ] } },
{ "type": "Feature", "properties": { "name": "LV_54-5_0_4_line_16" }, "geometry": { "type": "LineString", "coordinates": [ [ 8.620887688175683, 47.431827960395722 ], [ 8.621183936058298, 47.431907188218879 ] ] } },
{ "type": "Feature", "properties": { "name": "LV_54-5_0_4_line_17" }, "geometry": { "type": "LineString", "coordinates": [ [ 8.620346261678465, 47.431683160026878 ], [ 8.62045191102459, 47.431711415395526 ] ] } },
{ "type": "Feature", "properties": { "name": "LV_54-5_0_4_line_18" }, "geometry": { "type": "LineString", "coordinates": [ [ 8.621779308458228, 47.432066410156686 ], [ 8.621183936058298, 47.431907188218879 ] ] } },
{ "type": "Feature", "properties": { "name": "LV_54-5_0_4_line_19" }, "geometry": { "type": "LineString", "coordinates": [ [ 8.620346261678465, 47.431683160026878 ], [ 8.62029664353844, 47.43166988986043 ] ] } },
{ "type": "Feature", "properties": { "name": "LV_54-5_0_4_line_20" }, "geometry": { "type": "LineString", "coordinates": [ [ 8.621845008450356, 47.432451310160651 ], [ 8.621911208457258, 47.432309410155732 ], [ 8.621790408456148, 47.432169310159601 ], [ 8.621779308458228, 47.432066410156686 ] ] } },
{ "type": "Feature", "properties": { "name": "LV_54-5_0_4_line_21" }, "geometry": { "type": "LineString", "coordinates": [ [ 8.619997431990166, 47.431584916414522 ], [ 8.620180808445774, 47.431638910154938 ], [ 8.62029664353844, 47.43166988986043 ] ] } },
{ "type": "Feature", "properties": { "name": "LV_54-5_0_4_line_22" }, "geometry": { "type": "LineString", "coordinates": [ [ 8.621845008450356, 47.432451310160651 ], [ 8.621428308445015, 47.432337010158108 ] ] } },
{ "type": "Feature", "properties": { "name": "LV_54-5_0_4_line_23" }, "geometry": { "type": "LineString", "coordinates": [ [ 8.619997431990166, 47.431584916414522 ], [ 8.619900063469142, 47.431556246851855 ] ] } },
{ "type": "Feature", "properties": { "name": "LV_54-5_0_4_line_24" }, "geometry": { "type": "LineString", "coordinates": [ [ 8.619620472138982, 47.431473922295595 ], [ 8.619374208443679, 47.431401410160717 ], [ 8.619293690775297, 47.431391439664615 ] ] } },
{ "type": "Feature", "properties": { "name": "LV_54-5_0_4_line_25" }, "geometry": { "type": "LineString", "coordinates": [ [ 8.61878550845339, 47.431328510156284 ], [ 8.619293690775297, 47.431391439664615 ] ] } },
{ "type": "Feature", "properties": { "name": "LV_54-5_0_4_line_26" }, "geometry": { "type": "LineString", "coordinates": [ [ 8.619620472138982, 47.431473922295595 ], [ 8.619900063469142, 47.431556246851855 ] ] } },
{ "type": "Feature", "properties": { "name": "LV_54-5_0_4_line_27" }, "geometry": { "type": "LineString", "coordinates": [ [ 8.61878550845339, 47.431328510156284 ], [ 8.618635491553858, 47.431263429611072 ] ] } },
{ "type": "Feature", "properties": { "name": "LV_54-5_0_4_line_28" }, "geometry": { "type": "LineString", "coordinates": [ [ 8.618635491553858, 47.431263429611072 ], [ 8.618367948977843, 47.431147363028508 ] ] } },
{ "type": "Feature", "properties": { "name": "LV_54-5_0_4_line_29" }, "geometry": { "type": "LineString", "coordinates": [ [ 8.618135676937575, 47.431046596753241 ], [ 8.618367948977843, 47.431147363028508 ] ] } },
{ "type": "Feature", "properties": { "name": "LV_54-5_0_4_line_30" }, "geometry": { "type": "LineString", "coordinates": [ [ 8.617801708448287, 47.430901710158452 ], [ 8.618135676937575, 47.431046596753241 ] ] } },
{ "type": "Feature", "properties": { "name": "LV_54-5_0_4_line_31" }, "geometry": { "type": "LineString", "coordinates": [ [ 8.617801708448287, 47.430901710158452 ], [ 8.61765850844345, 47.430837110160439 ], [ 8.617782508451064, 47.430813010160961 ], [ 8.618127408445419, 47.430810710155932 ] ] } },
{ "type": "Feature", "properties": { "name": "LV_54-5_0_4_line_32" }, "geometry": { "type": "LineString", "coordinates": [ [ 8.618127408445419, 47.430810710155932 ], [ 8.618374244664057, 47.430813643743136 ] ] } },
{ "type": "Feature", "properties": { "name": "LV_54-5_0_4_line_33" }, "geometry": { "type": "LineString", "coordinates": [ [ 8.61880716210344, 47.430818787590269 ], [ 8.618374244664057, 47.430813643743136 ] ] } },
{ "type": "Feature", "properties": { "name": "LV_54-5_0_4_line_34" }, "geometry": { "type": "LineString", "coordinates": [ [ 8.62074485921806, 47.431150846937165 ], [ 8.620600657358414, 47.431124816715219 ] ] } },
{ "type": "Feature", "properties": { "name": "LV_54-5_0_4_line_35" }, "geometry": { "type": "LineString", "coordinates": [ [ 8.620367731636913, 47.431082770299518 ], [ 8.620600657358414, 47.431124816715219 ] ] } },
{ "type": "Feature", "properties": { "name": "LV_54-5_0_4_line_36" }, "geometry": { "type": "LineString", "coordinates": [ [ 8.620367731636913, 47.431082770299518 ], [ 8.620276986940725, 47.431066389436879 ] ] } },
{ "type": "Feature", "properties": { "name": "LV_54-5_0_4_line_37" }, "geometry": { "type": "LineString", "coordinates": [ [ 8.620107230404916, 47.431023530745357 ], [ 8.62020120844482, 47.43105271015898 ], [ 8.620276986940725, 47.431066389436879 ] ] } },
{ "type": "Feature", "properties": { "name": "LV_54-5_0_4_line_38" }, "geometry": { "type": "LineString", "coordinates": [ [ 8.620107230404916, 47.431023530745357 ], [ 8.619973266564909, 47.430981935868857 ] ] } },
{ "type": "Feature", "properties": { "name": "LV_54-5_0_4_line_39" }, "geometry": { "type": "LineString", "coordinates": [ [ 8.62237882062637, 47.430883119041177 ], [ 8.622476883595164, 47.430823725613052 ] ] } },
{ "type": "Feature", "properties": { "name": "LV_54-5_0_4_line_40" }, "geometry": { "type": "LineString", "coordinates": [ [ 8.621806208450291, 47.430907010162393 ], [ 8.621708314346805, 47.430833976631391 ] ] } },
{ "type": "Feature", "properties": { "name": "LV_54-5_0_4_line_41" }, "geometry": { "type": "LineString", "coordinates": [ [ 8.621806208450291, 47.430907010162393 ], [ 8.621896308451504, 47.430852910155572 ], [ 8.62206281181442, 47.43075099345927 ] ] } },
{ "type": "Feature", "properties": { "name": "LV_54-5_0_4_line_42" }, "geometry": { "type": "LineString", "coordinates": [ [ 8.619973266564909, 47.430981935868857 ], [ 8.619796885421348, 47.430927170380954 ] ] } },
{ "type": "Feature", "properties": { "name": "LV_54-5_0_4_line_43" }, "geometry": { "type": "LineString", "coordinates": [ [ 8.619687735833041, 47.430880527356251 ], [ 8.619761908453601, 47.430916310156128 ], [ 8.619796885421348, 47.430927170380954 ] ] } },
{ "type": "Feature", "properties": { "name": "LV_54-5_0_4_line_44" }, "geometry": { "type": "LineString", "coordinates": [ [ 8.619448908450568, 47.430765310158726 ], [ 8.619687735833041, 47.430880527356251 ] ] } },
{ "type": "Feature", "properties": { "name": "LV_54-5_0_4_line_45" }, "geometry": { "type": "LineString", "coordinates": [ [ 8.619448908450568, 47.430765310158726 ], [ 8.619344808456111, 47.430811310159648 ], [ 8.619314208446671, 47.430824810154483 ], [ 8.619314208446671, 47.430824810154483 ] ] } },
{ "type": "Feature", "properties": { "name": "LV_54-5_0_4_line_46" }, "geometry": { "type": "LineString", "coordinates": [ [ 8.619448908450568, 47.430765310158726 ], [ 8.619398491228388, 47.430732013738243 ] ] } },
{ "type": "Feature", "properties": { "name": "LV_54-5_0_4_line_47" }, "geometry": { "type": "LineString", "coordinates": [ [ 8.619314208446671, 47.430824810154483 ], [ 8.61914184075531, 47.430822763066622 ] ] } },
{ "type": "Feature", "properties": { "name": "LV_54-5_0_4_line_48" }, "geometry": { "type": "LineString", "coordinates": [ [ 8.619398491228388, 47.430732013738243 ], [ 8.619092203163474, 47.430529734383867 ] ] } },
{ "type": "Feature", "properties": { "name": "LV_54-5_0_4_line_49" }, "geometry": { "type": "LineString", "coordinates": [ [ 8.618991736457469, 47.430820980178467 ], [ 8.61914184075531, 47.430822763066622 ] ] } },
{ "type": "Feature", "properties": { "name": "LV_54-5_0_4_line_50" }, "geometry": { "type": "LineString", "coordinates": [ [ 8.619092203163474, 47.430529734383867 ], [ 8.618853974985981, 47.430372401628212 ] ] } },
{ "type": "Feature", "properties": { "name": "LV_54-5_0_4_line_51" }, "geometry": { "type": "LineString", "coordinates": [ [ 8.618991736457469, 47.430820980178467 ], [ 8.61880716210344, 47.430818787590269 ] ] } },
{ "type": "Feature", "properties": { "name": "LV_54-5_0_4_line_52" }, "geometry": { "type": "LineString", "coordinates": [ [ 8.618853974985981, 47.430372401628212 ], [ 8.618842040034423, 47.430364519399674 ] ] } },
{ "type": "Feature", "properties": { "name": "LV_54-5_0_4_line_53" }, "geometry": { "type": "LineString", "coordinates": [ [ 8.61863810813878, 47.430229835705347 ], [ 8.618842040034423, 47.430364519399674 ] ] } },
{ "type": "Feature", "properties": { "name": "LV_54-5_0_4_line_54" }, "geometry": { "type": "LineString", "coordinates": [ [ 8.620423987299551, 47.428938311295873 ], [ 8.620805309682698, 47.429228408022077 ] ] } },
{ "type": "Feature", "properties": { "name": "LV_54-5_0_4_line_55" }, "geometry": { "type": "LineString", "coordinates": [ [ 8.620167108445765, 47.428737010153903 ], [ 8.620422408448633, 47.428937110159673 ], [ 8.620423987299551, 47.428938311295873 ] ] } },
{ "type": "Feature", "properties": { "name": "LV_54-5_0_4_line_56" }, "geometry": { "type": "LineString", "coordinates": [ [ 8.621013691774344, 47.429386935931944 ], [ 8.620805309682698, 47.429228408022077 ] ] } },
{ "type": "Feature", "properties": { "name": "LV_54-5_0_4_line_57" }, "geometry": { "type": "LineString", "coordinates": [ [ 8.620167108445765, 47.428737010153903 ], [ 8.620006495826912, 47.42861105170001 ] ] } },
{ "type": "Feature", "properties": { "name": "LV_54-5_0_4_line_58" }, "geometry": { "type": "LineString", "coordinates": [ [ 8.621207808454873, 47.429534610158818 ], [ 8.621013691774344, 47.429386935931944 ] ] } },
{ "type": "Feature", "properties": { "name": "LV_54-5_0_4_line_59" }, "geometry": { "type": "LineString", "coordinates": [ [ 8.619716308447472, 47.428387610159099 ], [ 8.619847308451613, 47.4284862101592 ], [ 8.620006495826912, 47.42861105170001 ] ] } },
{ "type": "Feature", "properties": { "name": "LV_54-5_0_4_line_60" }, "geometry": { "type": "LineString", "coordinates": [ [ 8.621357108455513, 47.429647210157007 ], [ 8.621207808454873, 47.429534610158818 ] ] } },
{ "type": "Feature", "properties": { "name": "LV_54-5_0_4_line_61" }, "geometry": { "type": "LineString", "coordinates": [ [ 8.62106500844577, 47.429487910153284 ], [ 8.621161108448961, 47.429561910157879 ], [ 8.621207808454873, 47.429534610158818 ] ] } },
{ "type": "Feature", "properties": { "name": "LV_54-5_0_4_line_62" }, "geometry": { "type": "LineString", "coordinates": [ [ 8.619671608449487, 47.428421810155903 ], [ 8.619716308447472, 47.428387610159099 ] ] } },
{ "type": "Feature", "properties": { "name": "LV_54-5_0_4_line_63" }, "geometry": { "type": "LineString", "coordinates": [ [ 8.620810408455229, 47.428356510161116 ], [ 8.620626176232047, 47.428465481020453 ] ] } },
{ "type": "Feature", "properties": { "name": "LV_54-5_0_4_line_64" }, "geometry": { "type": "LineString", "coordinates": [ [ 8.620810408455229, 47.428356510161116 ], [ 8.620628308449337, 47.428098810155589 ] ] } },
{ "type": "Feature", "properties": { "name": "LV_54-5_0_4_line_65" }, "geometry": { "type": "LineString", "coordinates": [ [ 8.620810408455229, 47.428356510161116 ], [ 8.62090060845162, 47.42842401016113 ] ] } },
{ "type": "Feature", "properties": { "name": "LV_54-5_0_4_line_66" }, "geometry": { "type": "LineString", "coordinates": [ [ 8.621357108455513, 47.429647210157007 ], [ 8.62143610845111, 47.429766310154811 ] ] } },
{ "type": "Feature", "properties": { "name": "LV_54-5_0_4_line_67" }, "geometry": { "type": "LineString", "coordinates": [ [ 8.621357108455513, 47.429647210157007 ], [ 8.621422108449655, 47.429604910153969 ], [ 8.621464608457723, 47.429580410154543 ], [ 8.621507608449633, 47.429555610154708 ], [ 8.62153880844861, 47.429537610161006 ], [ 8.621566032969017, 47.429519915863573 ] ] } },
{ "type": "Feature", "properties": { "name": "LV_54-5_0_4_line_68" }, "geometry": { "type": "LineString", "coordinates": [ [ 8.62106500844577, 47.429487910153284 ], [ 8.620977808456722, 47.429420810158319 ], [ 8.6209369570165, 47.429389360191379 ] ] } },
{ "type": "Feature", "properties": { "name": "LV_54-5_0_4_line_69" }, "geometry": { "type": "LineString", "coordinates": [ [ 8.62106500844577, 47.429487910153284 ], [ 8.620888408455986, 47.429592910154078 ], [ 8.620878508453206, 47.429727710156818 ], [ 8.620764872730582, 47.429806386539433 ] ] } },
{ "type": "Feature", "properties": { "name": "LV_54-5_0_4_line_70" }, "geometry": { "type": "LineString", "coordinates": [ [ 8.619671608449487, 47.428421810155903 ], [ 8.61952350844845, 47.428545210158795 ], [ 8.619414708452325, 47.428635910153886 ] ] } },
{ "type": "Feature", "properties": { "name": "LV_54-5_0_4_line_71" }, "geometry": { "type": "LineString", "coordinates": [ [ 8.620628308449337, 47.428098810155589 ], [ 8.620606608454542, 47.428068010157695 ], [ 8.620606086106502, 47.428066911184175 ] ] } },
{ "type": "Feature", "properties": { "name": "LV_54-5_0_4_line_72" }, "geometry": { "type": "LineString", "coordinates": [ [ 8.62090060845162, 47.42842401016113 ], [ 8.621104095087956, 47.428576361948494 ] ] } },
{ "type": "Feature", "properties": { "name": "LV_54-5_0_4_line_73" }, "geometry": { "type": "LineString", "coordinates": [ [ 8.622574508450672, 47.430770710157418 ], [ 8.622529908447369, 47.430791610159154 ], [ 8.622476883595164, 47.430823725613052 ] ] } },
{ "type": "Feature", "properties": { "name": "LV_54-5_0_4_line_74" }, "geometry": { "type": "LineString", "coordinates": [ [ 8.622574508450672, 47.430770710157418 ], [ 8.623340181283433, 47.430521402796764 ] ] } },
{ "type": "Feature", "properties": { "name": "LV_54-5_0_4_line_75" }, "geometry": { "type": "LineString", "coordinates": [ [ 8.623575208457593, 47.430670110161643 ], [ 8.623340181283433, 47.430521402796764 ] ] } },
{ "type": "Feature", "properties": { "name": "LV_54-5_0_4_line_76" }, "geometry": { "type": "LineString", "coordinates": [ [ 8.622335908454147, 47.430595110155856 ], [ 8.622426308453148, 47.430541810155411 ] ] } },
{ "type": "Feature", "properties": { "name": "LV_54-5_0_4_line_77" }, "geometry": { "type": "LineString", "coordinates": [ [ 8.622335908454147, 47.430595110155856 ], [ 8.622327608447563, 47.430588910154277 ], [ 8.62221380734483, 47.430658568565697 ] ] } },
{ "type": "Feature", "properties": { "name": "LV_54-5_0_4_line_78" }, "geometry": { "type": "LineString", "coordinates": [ [ 8.622426308453148, 47.430541810155411 ], [ 8.622317001200724, 47.430457141071336 ] ] } },
{ "type": "Feature", "properties": { "name": "LV_54-5_0_4_line_79" }, "geometry": { "type": "LineString", "coordinates": [ [ 8.62221380734483, 47.430658568565697 ], [ 8.62206281181442, 47.43075099345927 ] ] } },
{ "type": "Feature", "properties": { "name": "LV_54-5_0_4_line_80" }, "geometry": { "type": "LineString", "coordinates": [ [ 8.622175008457265, 47.430350010160538 ], [ 8.622195608449806, 47.430363110159554 ], [ 8.622317001200724, 47.430457141071336 ] ] } },
{ "type": "Feature", "properties": { "name": "LV_54-5_0_4_line_81" }, "geometry": { "type": "LineString", "coordinates": [ [ 8.623397808450076, 47.431104910161828 ], [ 8.623258426551702, 47.431223140064738 ] ] } },
{ "type": "Feature", "properties": { "name": "LV_54-5_0_4_line_82" }, "geometry": { "type": "LineString", "coordinates": [ [ 8.623397808450076, 47.431104910161828 ], [ 8.623575208457593, 47.430670110161643 ] ] } },
{ "type": "Feature", "properties": { "name": "LV_54-5_0_4_line_83" }, "geometry": { "type": "LineString", "coordinates": [ [ 8.623258426551702, 47.431223140064738 ], [ 8.623036725551291, 47.431411195260083 ] ] } },
{ "type": "Feature", "properties": { "name": "LV_54-5_0_4_line_84" }, "geometry": { "type": "LineString", "coordinates": [ [ 8.619414708452325, 47.428635910153886 ], [ 8.619748653280194, 47.428886056644622 ] ] } },
{ "type": "Feature", "properties": { "name": "LV_54-5_0_4_line_85" }, "geometry": { "type": "LineString", "coordinates": [ [ 8.619825767737611, 47.428943819929948 ], [ 8.619748653280194, 47.428886056644622 ] ] } },
{ "type": "Feature", "properties": { "name": "LV_54-5_0_4_line_86" }, "geometry": { "type": "LineString", "coordinates": [ [ 8.621121808449217, 47.430396410153733 ], [ 8.620903952782385, 47.430233929433598 ] ] } },
{ "type": "Feature", "properties": { "name": "LV_54-5_0_4_line_87" }, "geometry": { "type": "LineString", "coordinates": [ [ 8.621121808449217, 47.430396410153733 ], [ 8.620908508333581, 47.43052500428216 ] ] } },
{ "type": "Feature", "properties": { "name": "LV_54-5_0_4_line_88" }, "geometry": { "type": "LineString", "coordinates": [ [ 8.620822808450578, 47.430173410159128 ], [ 8.620903952782385, 47.430233929433598 ] ] } },
{ "type": "Feature", "properties": { "name": "LV_54-5_0_4_line_89" }, "geometry": { "type": "LineString", "coordinates": [ [ 8.620693046844625, 47.430654900407951 ], [ 8.620908508333581, 47.43052500428216 ] ] } },
{ "type": "Feature", "properties": { "name": "LV_54-5_0_4_line_90" }, "geometry": { "type": "LineString", "coordinates": [ [ 8.62143610845111, 47.429766310154811 ], [ 8.621448018574821, 47.429781088024079 ] ] } },
{ "type": "Feature", "properties": { "name": "LV_54-5_0_4_line_91" }, "geometry": { "type": "LineString", "coordinates": [ [ 8.621694620015557, 47.429436341784914 ], [ 8.621566032969017, 47.429519915863573 ] ] } },
{ "type": "Feature", "properties": { "name": "LV_54-5_0_4_line_92" }, "geometry": { "type": "LineString", "coordinates": [ [ 8.621716008447395, 47.430050410161016 ], [ 8.621533708457761, 47.429887410159068 ], [ 8.621448018574821, 47.429781088024079 ] ] } },
{ "type": "Feature", "properties": { "name": "LV_54-5_0_4_line_93" }, "geometry": { "type": "LineString", "coordinates": [ [ 8.6209369570165, 47.429389360191379 ], [ 8.620687108448465, 47.429197010159129 ], [ 8.620614208641241, 47.429141513222788 ] ] } },
{ "type": "Feature", "properties": { "name": "LV_54-5_0_4_line_94" }, "geometry": { "type": "LineString", "coordinates": [ [ 8.620539808446601, 47.42996221015914 ], [ 8.620764872730582, 47.429806386539433 ] ] } },
{ "type": "Feature", "properties": { "name": "LV_54-5_0_4_line_95" }, "geometry": { "type": "LineString", "coordinates": [ [ 8.621716008447395, 47.430050410161016 ], [ 8.621828808455572, 47.430129610157813 ], [ 8.621885608453328, 47.430165810161782 ] ] } },
{ "type": "Feature", "properties": { "name": "LV_54-5_0_4_line_96" }, "geometry": { "type": "LineString", "coordinates": [ [ 8.621885608453328, 47.430165810161782 ], [ 8.621754149295727, 47.430243642349119 ] ] } },
{ "type": "Feature", "properties": { "name": "LV_54-5_0_4_line_97" }, "geometry": { "type": "LineString", "coordinates": [ [ 8.621885608453328, 47.430165810161782 ], [ 8.622175008457265, 47.430350010160538 ] ] } },
{ "type": "Feature", "properties": { "name": "LV_54-5_0_4_line_98" }, "geometry": { "type": "LineString", "coordinates": [ [ 8.621694620015557, 47.429436341784914 ], [ 8.621842680977373, 47.429340110291832 ] ] } },
{ "type": "Feature", "properties": { "name": "LV_54-5_0_4_line_99" }, "geometry": { "type": "LineString", "coordinates": [ [ 8.620539808446601, 47.42996221015914 ], [ 8.620800163241148, 47.430156510359573 ] ] } },
{ "type": "Feature", "properties": { "name": "LV_54-5_0_4_line_100" }, "geometry": { "type": "LineString", "coordinates": [ [ 8.620539808446601, 47.42996221015914 ], [ 8.620282650968061, 47.430117794441749 ] ] } },
{ "type": "Feature", "properties": { "name": "LV_54-5_0_4_line_101" }, "geometry": { "type": "LineString", "coordinates": [ [ 8.621979805966172, 47.430461024198806 ], [ 8.621870108458372, 47.430523410160404 ], [ 8.621828208458854, 47.430532510160809 ], [ 8.621724480254935, 47.430592640365582 ] ] } },
{ "type": "Feature", "properties": { "name": "LV_54-5_0_4_line_102" }, "geometry": { "type": "LineString", "coordinates": [ [ 8.622175008457265, 47.430350010160538 ], [ 8.621979805966172, 47.430461024198806 ] ] } },
{ "type": "Feature", "properties": { "name": "LV_54-5_0_4_line_103" }, "geometry": { "type": "LineString", "coordinates": [ [ 8.621754149295727, 47.430243642349119 ], [ 8.621668908450586, 47.43029411016046 ], [ 8.621586508449209, 47.430304110158382 ], [ 8.621479984508067, 47.430368237606054 ] ] } },
{ "type": "Feature", "properties": { "name": "LV_54-5_0_4_line_104" }, "geometry": { "type": "LineString", "coordinates": [ [ 8.621497108447903, 47.428870610158725 ], [ 8.621104095087956, 47.428576361948494 ] ] } },
{ "type": "Feature", "properties": { "name": "LV_54-5_0_4_line_105" }, "geometry": { "type": "LineString", "coordinates": [ [ 8.621747508459245, 47.429058110153584 ], [ 8.621497108447903, 47.428870610158725 ] ] } },
{ "type": "Feature", "properties": { "name": "LV_54-5_0_4_line_106" }, "geometry": { "type": "LineString", "coordinates": [ [ 8.621497108447903, 47.428870610158725 ], [ 8.621772545206586, 47.428711558178861 ] ] } },
{ "type": "Feature", "properties": { "name": "LV_54-5_0_4_line_107" }, "geometry": { "type": "LineString", "coordinates": [ [ 8.620822808450578, 47.430173410159128 ], [ 8.62044040611099, 47.430408187549261 ] ] } },
{ "type": "Feature", "properties": { "name": "LV_54-5_0_4_line_108" }, "geometry": { "type": "LineString", "coordinates": [ [ 8.620822808450578, 47.430173410159128 ], [ 8.620800163241148, 47.430156510359573 ] ] } },
{ "type": "Feature", "properties": { "name": "LV_54-5_0_4_line_109" }, "geometry": { "type": "LineString", "coordinates": [ [ 8.620225180967402, 47.430540324378718 ], [ 8.62044040611099, 47.430408187549261 ] ] } },
{ "type": "Feature", "properties": { "name": "LV_54-5_0_4_line_110" }, "geometry": { "type": "LineString", "coordinates": [ [ 8.620148908457489, 47.430198710162344 ], [ 8.620282650968061, 47.430117794441749 ] ] } },
{ "type": "Feature", "properties": { "name": "LV_54-5_0_4_line_111" }, "geometry": { "type": "LineString", "coordinates": [ [ 8.620148908457489, 47.430198710162344 ], [ 8.619991799564081, 47.43029381095787 ] ] } },
{ "type": "Feature", "properties": { "name": "LV_54-5_0_4_line_112" }, "geometry": { "type": "LineString", "coordinates": [ [ 8.620148908457489, 47.430198710162344 ], [ 8.619819908445267, 47.429944210162198 ] ] } },
{ "type": "Feature", "properties": { "name": "LV_54-5_0_4_line_113" }, "geometry": { "type": "LineString", "coordinates": [ [ 8.619819908445267, 47.429944210162198 ], [ 8.619951939378678, 47.429863179272509 ] ] } },
{ "type": "Feature", "properties": { "name": "LV_54-5_0_4_line_114" }, "geometry": { "type": "LineString", "coordinates": [ [ 8.619819908445267, 47.429944210162198 ], [ 8.619801808456412, 47.429955310153829 ] ] } },
{ "type": "Feature", "properties": { "name": "LV_54-5_0_4_line_115" }, "geometry": { "type": "LineString", "coordinates": [ [ 8.61977672372597, 47.430423999286539 ], [ 8.619991799564081, 47.43029381095787 ] ] } },
{ "type": "Feature", "properties": { "name": "LV_54-5_0_4_line_116" }, "geometry": { "type": "LineString", "coordinates": [ [ 8.622981645037928, 47.431483769359048 ], [ 8.622966208457038, 47.431471010157168 ], [ 8.623036725551291, 47.431411195260083 ] ] } },
{ "type": "Feature", "properties": { "name": "LV_54-5_0_4_line_117" }, "geometry": { "type": "LineString", "coordinates": [ [ 8.619825767737611, 47.428943819929948 ], [ 8.620051995187001, 47.429113276645424 ] ] } },
{ "type": "Feature", "properties": { "name": "LV_54-5_0_4_line_118" }, "geometry": { "type": "LineString", "coordinates": [ [ 8.62317867881573, 47.431481645671767 ], [ 8.623049808456487, 47.431540110157684 ], [ 8.622981645037928, 47.431483769359048 ] ] } },
{ "type": "Feature", "properties": { "name": "LV_54-5_0_4_line_119" }, "geometry": { "type": "LineString", "coordinates": [ [ 8.621993308450472, 47.429242210156595 ], [ 8.621842680977373, 47.429340110291832 ] ] } },
{ "type": "Feature", "properties": { "name": "LV_54-5_0_4_line_120" }, "geometry": { "type": "LineString", "coordinates": [ [ 8.621993308450472, 47.429242210156595 ], [ 8.621774272671288, 47.429078156187359 ] ] } },
{ "type": "Feature", "properties": { "name": "LV_54-5_0_4_line_121" }, "geometry": { "type": "LineString", "coordinates": [ [ 8.621993308450472, 47.429242210156595 ], [ 8.622302242662277, 47.429062078546011 ] ] } },
{ "type": "Feature", "properties": { "name": "LV_54-5_0_4_line_122" }, "geometry": { "type": "LineString", "coordinates": [ [ 8.621747508459245, 47.429058110153584 ], [ 8.621774272671288, 47.429078156187359 ] ] } },
{ "type": "Feature", "properties": { "name": "LV_54-5_0_4_line_123" }, "geometry": { "type": "LineString", "coordinates": [ [ 8.622612608448183, 47.428881110154343 ], [ 8.622302242662277, 47.429062078546011 ] ] } },
{ "type": "Feature", "properties": { "name": "LV_54-5_0_4_line_124" }, "geometry": { "type": "LineString", "coordinates": [ [ 8.621747508459245, 47.429058110153584 ], [ 8.622022738320712, 47.428886245935807 ] ] } },
{ "type": "Feature", "properties": { "name": "LV_54-5_0_4_line_125" }, "geometry": { "type": "LineString", "coordinates": [ [ 8.622612608448183, 47.428881110154343 ], [ 8.622826330997201, 47.428756497724144 ] ] } },
{ "type": "Feature", "properties": { "name": "LV_54-5_0_4_line_126" }, "geometry": { "type": "LineString", "coordinates": [ [ 8.621983408456753, 47.428579710157841 ], [ 8.621966408453531, 47.428599610158592 ], [ 8.621772545206586, 47.428711558178861 ] ] } },
{ "type": "Feature", "properties": { "name": "LV_54-5_0_4_line_127" }, "geometry": { "type": "LineString", "coordinates": [ [ 8.621983408456753, 47.428579710157841 ], [ 8.621775908454, 47.428438810153956 ], [ 8.621660308449512, 47.428380410157224 ] ] } },
{ "type": "Feature", "properties": { "name": "LV_54-5_0_4_line_128" }, "geometry": { "type": "LineString", "coordinates": [ [ 8.621660308449512, 47.428380410157224 ], [ 8.621590308457451, 47.428365010155439 ], [ 8.621556398843561, 47.428335144660075 ] ] } },
{ "type": "Feature", "properties": { "name": "LV_54-5_0_4_line_129" }, "geometry": { "type": "LineString", "coordinates": [ [ 8.619801808456412, 47.429955310153829 ], [ 8.619641055167115, 47.430053952765434 ] ] } },
{ "type": "Feature", "properties": { "name": "LV_54-5_0_4_line_130" }, "geometry": { "type": "LineString", "coordinates": [ [ 8.619425542258721, 47.430186196458969 ], [ 8.619641055167115, 47.430053952765434 ] ] } },
{ "type": "Feature", "properties": { "name": "LV_52-15_0_5_line_0" }, "geometry": { "type": "LineString", "coordinates": [ [ 8.643522408479658, 47.428120110149813 ], [ 8.643688763795556, 47.427729116570966 ] ] } },
{ "type": "Feature", "properties": { "name": "LV_52-15_0_5_line_1" }, "geometry": { "type": "LineString", "coordinates": [ [ 8.643489808468454, 47.428237810154513 ], [ 8.643522408479658, 47.428120110149813 ] ] } },
{ "type": "Feature", "properties": { "name": "LV_52-15_0_5_line_2" }, "geometry": { "type": "LineString", "coordinates": [ [ 8.643489808468454, 47.428237810154513 ], [ 8.643111372816847, 47.428187323801978 ] ] } },
{ "type": "Feature", "properties": { "name": "LV_52-15_0_5_line_3" }, "geometry": { "type": "LineString", "coordinates": [ [ 8.643881008477495, 47.42853181014658 ], [ 8.644003508469096, 47.428446210154064 ], [ 8.643865308479954, 47.428252910152089 ], [ 8.643790508469166, 47.428277910152879 ], [ 8.643489808468454, 47.428237810154513 ] ] } },
{ "type": "Feature", "properties": { "name": "LV_52-15_0_5_line_4" }, "geometry": { "type": "LineString", "coordinates": [ [ 8.64285960847619, 47.428658210147731 ], [ 8.642976308467954, 47.428254810149241 ], [ 8.643317608474694, 47.4283000101493 ] ] } },
{ "type": "Feature", "properties": { "name": "LV_52-15_0_5_line_5" }, "geometry": { "type": "LineString", "coordinates": [ [ 8.64285960847619, 47.428658210147731 ], [ 8.642841308471199, 47.42872161014887 ], [ 8.643034308467932, 47.428753910149631 ], [ 8.643007608473386, 47.428827310147526 ], [ 8.642984808474806, 47.428877810147107 ] ] } },
{ "type": "Feature", "properties": { "name": "LV_52-15_0_5_line_6" }, "geometry": { "type": "LineString", "coordinates": [ [ 8.642984808474806, 47.428877810147107 ], [ 8.643133408476199, 47.428915910151183 ] ] } },
{ "type": "Feature", "properties": { "name": "LV_52-15_0_5_line_7" }, "geometry": { "type": "LineString", "coordinates": [ [ 8.642984808474806, 47.428877810147107 ], [ 8.642964208473174, 47.428912810151999 ], [ 8.642934908474347, 47.428953810151441 ], [ 8.642897808474913, 47.428996010148786 ], [ 8.642855808469802, 47.429037410153917 ], [ 8.642807208474073, 47.429083310148201 ], [ 8.642742308468813, 47.429131910149806 ], [ 8.642644408466191, 47.429196810147218 ], [ 8.642539808476958, 47.429274710155532 ], [ 8.642455008475572, 47.429351610153617 ], [ 8.642434255232443, 47.429376087547354 ] ] } },
{ "type": "Feature", "properties": { "name": "LV_52-15_0_5_line_8" }, "geometry": { "type": "LineString", "coordinates": [ [ 8.642984808474806, 47.428877810147107 ], [ 8.642851408478181, 47.428842410151546 ], [ 8.642820408478205, 47.428798910154683 ], [ 8.642813008469394, 47.428792710150674 ], [ 8.642804708475563, 47.428787510147501 ], [ 8.642792908468879, 47.428782110148838 ], [ 8.642766808477633, 47.428771910147326 ], [ 8.642721908473369, 47.42875881015356 ], [ 8.642681908467166, 47.428750210153389 ], [ 8.642636008472886, 47.428741610150787 ], [ 8.642617717637769, 47.428738299280397 ] ] } },
{ "type": "Feature", "properties": { "name": "LV_52-15_0_5_line_9" }, "geometry": { "type": "LineString", "coordinates": [ [ 8.643881008477495, 47.42853181014658 ], [ 8.643751008477794, 47.428622310150296 ], [ 8.643708808472534, 47.428658410150568 ], [ 8.643687408469029, 47.428688710149054 ], [ 8.643670808474186, 47.428720710151367 ] ] } },
{ "type": "Feature", "properties": { "name": "LV_52-15_0_5_line_10" }, "geometry": { "type": "LineString", "coordinates": [ [ 8.643168008477518, 47.428895710155544 ], [ 8.643150008469634, 47.428856810150677 ], [ 8.643138008477655, 47.428831110146739 ], [ 8.643154808467111, 47.428772310153612 ], [ 8.643292608478591, 47.428788810151367 ], [ 8.643528108470671, 47.428744710151008 ], [ 8.64365050847946, 47.428758410151183 ], [ 8.643670808474186, 47.428720710151367 ] ] } },
{ "type": "Feature", "properties": { "name": "LV_52-15_0_5_line_11" }, "geometry": { "type": "LineString", "coordinates": [ [ 8.643670808474186, 47.428720710151367 ], [ 8.643808708473754, 47.428729110147223 ], [ 8.643875808476032, 47.428731010154443 ], [ 8.64417560847601, 47.428734410151662 ], [ 8.644384108546143, 47.428734062883684 ] ] } },
{ "type": "Feature", "properties": { "name": "LV_52-15_0_5_line_12" }, "geometry": { "type": "LineString", "coordinates": [ [ 8.643881008477495, 47.42853181014658 ], [ 8.643958708471674, 47.428530510154012 ] ] } },
{ "type": "Feature", "properties": { "name": "LV_52-15_0_5_line_13" }, "geometry": { "type": "LineString", "coordinates": [ [ 8.643168008477518, 47.428895710155544 ], [ 8.643193708473138, 47.428887310154828 ], [ 8.643227808479503, 47.428882010149209 ], [ 8.643268108468309, 47.428878710151132 ], [ 8.64379500847485, 47.42891481014918 ], [ 8.643821206986811, 47.428915682098101 ] ] } },
{ "type": "Feature", "properties": { "name": "LV_52-15_0_5_line_14" }, "geometry": { "type": "LineString", "coordinates": [ [ 8.643168008477518, 47.428895710155544 ], [ 8.643149708476551, 47.428905610153251 ], [ 8.643133408476199, 47.428915910151183 ] ] } },
{ "type": "Feature", "properties": { "name": "LV_52-15_0_5_line_15" }, "geometry": { "type": "LineString", "coordinates": [ [ 8.642093808469667, 47.429803410152651 ], [ 8.642197608475174, 47.429673410150983 ], [ 8.642389808477839, 47.429428510155027 ], [ 8.642434255232443, 47.429376087547354 ] ] } },
{ "type": "Feature", "properties": { "name": "LV_52-15_0_5_line_16" }, "geometry": { "type": "LineString", "coordinates": [ [ 8.642278938954753, 47.428676975440986 ], [ 8.642617717637769, 47.428738299280397 ] ] } },
{ "type": "Feature", "properties": { "name": "LV_52-15_0_5_line_17" }, "geometry": { "type": "LineString", "coordinates": [ [ 8.641676008470069, 47.429161610151013 ], [ 8.641665704922243, 47.429081336792137 ] ] } },
{ "type": "Feature", "properties": { "name": "LV_52-15_0_5_line_18" }, "geometry": { "type": "LineString", "coordinates": [ [ 8.641676008470069, 47.429161610151013 ], [ 8.641711008470812, 47.429289810148049 ], [ 8.641746938373108, 47.429371272970684 ] ] } },
{ "type": "Feature", "properties": { "name": "LV_52-15_0_5_line_19" }, "geometry": { "type": "LineString", "coordinates": [ [ 8.641746938373108, 47.429371272970684 ], [ 8.641747778777292, 47.429373178377183 ] ] } },
{ "type": "Feature", "properties": { "name": "LV_52-15_0_5_line_20" }, "geometry": { "type": "LineString", "coordinates": [ [ 8.642093808469667, 47.429803410152651 ], [ 8.642150008470004, 47.429823310155776 ] ] } },
{ "type": "Feature", "properties": { "name": "LV_52-15_0_5_line_21" }, "geometry": { "type": "LineString", "coordinates": [ [ 8.642093808469667, 47.429803410152651 ], [ 8.641989408471284, 47.429763710152962 ], [ 8.641927908471859, 47.429737610151591 ], [ 8.641870908473107, 47.429711810150444 ] ] } },
{ "type": "Feature", "properties": { "name": "LV_52-15_0_5_line_22" }, "geometry": { "type": "LineString", "coordinates": [ [ 8.645305908476626, 47.429726110155059 ], [ 8.645259552820688, 47.429791564941958 ] ] } },
{ "type": "Feature", "properties": { "name": "LV_52-15_0_5_line_23" }, "geometry": { "type": "LineString", "coordinates": [ [ 8.64518600848084, 47.429895410148504 ], [ 8.645259552820688, 47.429791564941958 ] ] } },
{ "type": "Feature", "properties": { "name": "LV_52-15_0_5_line_24" }, "geometry": { "type": "LineString", "coordinates": [ [ 8.645305908476626, 47.429726110155059 ], [ 8.645578208480734, 47.429818010152587 ], [ 8.645529608478279, 47.429886710147827 ], [ 8.645559408471126, 47.429896410151102 ], [ 8.645494437459249, 47.429992226716401 ] ] } },
{ "type": "Feature", "properties": { "name": "LV_52-15_0_5_line_25" }, "geometry": { "type": "LineString", "coordinates": [ [ 8.645216808469714, 47.429515310147238 ], [ 8.645187308469485, 47.429528110152269 ], [ 8.645337108468651, 47.429683610151251 ], [ 8.645305908476626, 47.429726110155059 ] ] } },
{ "type": "Feature", "properties": { "name": "LV_52-15_0_5_line_26" }, "geometry": { "type": "LineString", "coordinates": [ [ 8.64518600848084, 47.429895410148504 ], [ 8.645106599431841, 47.430009067450193 ] ] } },
{ "type": "Feature", "properties": { "name": "LV_52-15_0_5_line_27" }, "geometry": { "type": "LineString", "coordinates": [ [ 8.645216808469714, 47.429515310147238 ], [ 8.645360308469993, 47.429446810149919 ], [ 8.645422708474252, 47.429417810147179 ], [ 8.6454079084768, 47.429397310150662 ], [ 8.645405908472352, 47.429374610150894 ], [ 8.645416908471063, 47.429353010149285 ], [ 8.645439208471897, 47.429335910148431 ], [ 8.64545430847504, 47.429330910146533 ] ] } },
{ "type": "Feature", "properties": { "name": "LV_52-15_0_5_line_28" }, "geometry": { "type": "LineString", "coordinates": [ [ 8.645216808469714, 47.429515310147238 ], [ 8.645367508474612, 47.429669510152955 ], [ 8.645438564219392, 47.429693766186162 ] ] } },
{ "type": "Feature", "properties": { "name": "LV_52-15_0_5_line_29" }, "geometry": { "type": "LineString", "coordinates": [ [ 8.644992208472445, 47.429614210151023 ], [ 8.645187308469485, 47.429528110152269 ], [ 8.645216808469714, 47.429515310147238 ] ] } },
{ "type": "Feature", "properties": { "name": "LV_52-15_0_5_line_30" }, "geometry": { "type": "LineString", "coordinates": [ [ 8.645049208479181, 47.43009121015367 ], [ 8.645106599431841, 47.430009067450193 ] ] } },
{ "type": "Feature", "properties": { "name": "LV_52-15_0_5_line_31" }, "geometry": { "type": "LineString", "coordinates": [ [ 8.644992208472445, 47.429614210151023 ], [ 8.644839821823012, 47.429679465775344 ] ] } },
{ "type": "Feature", "properties": { "name": "LV_52-15_0_5_line_32" }, "geometry": { "type": "LineString", "coordinates": [ [ 8.644992208472445, 47.429614210151023 ], [ 8.644898096148582, 47.429509053147406 ] ] } },
{ "type": "Feature", "properties": { "name": "LV_52-15_0_5_line_33" }, "geometry": { "type": "LineString", "coordinates": [ [ 8.644705208480094, 47.429737110149524 ], [ 8.644839821823012, 47.429679465775344 ] ] } },
{ "type": "Feature", "properties": { "name": "LV_52-15_0_5_line_34" }, "geometry": { "type": "LineString", "coordinates": [ [ 8.644787708478248, 47.429385710152495 ], [ 8.644898096148582, 47.429509053147406 ] ] } },
{ "type": "Feature", "properties": { "name": "LV_52-15_0_5_line_35" }, "geometry": { "type": "LineString", "coordinates": [ [ 8.64545430847504, 47.429330910146533 ], [ 8.645399408470579, 47.429269010150662 ], [ 8.645390140624542, 47.429186477800286 ] ] } },
{ "type": "Feature", "properties": { "name": "LV_52-15_0_5_line_36" }, "geometry": { "type": "LineString", "coordinates": [ [ 8.64545430847504, 47.429330910146533 ], [ 8.645469508476944, 47.42932591015132 ], [ 8.645503208470398, 47.42932451014881 ], [ 8.645535108475061, 47.429332010147633 ], [ 8.645560308473049, 47.429347110153294 ], [ 8.645707908482244, 47.429274110150601 ], [ 8.645725908477964, 47.42924391015265 ] ] } },
{ "type": "Feature", "properties": { "name": "LV_52-15_0_5_line_37" }, "geometry": { "type": "LineString", "coordinates": [ [ 8.645049208479181, 47.43009121015367 ], [ 8.644948142373847, 47.430225157627206 ] ] } },
{ "type": "Feature", "properties": { "name": "LV_52-15_0_5_line_38" }, "geometry": { "type": "LineString", "coordinates": [ [ 8.644380508479788, 47.429670510151787 ], [ 8.644422908469405, 47.429673610150722 ], [ 8.644456208473764, 47.429677610150101 ], [ 8.644490108478115, 47.429684010150929 ], [ 8.644525208476702, 47.429694110154259 ], [ 8.64455990847029, 47.429707910151848 ], [ 8.644600208470633, 47.429728910150246 ], [ 8.644624208480957, 47.429743110152451 ], [ 8.644650508478442, 47.429761410152913 ], [ 8.644705208480094, 47.429737110149524 ] ] } },
{ "type": "Feature", "properties": { "name": "LV_52-15_0_5_line_39" }, "geometry": { "type": "LineString", "coordinates": [ [ 8.644380508479788, 47.429670510151787 ], [ 8.644476208472458, 47.429591410148944 ], [ 8.644480968142767, 47.42955101265931 ] ] } },
{ "type": "Feature", "properties": { "name": "LV_52-15_0_5_line_40" }, "geometry": { "type": "LineString", "coordinates": [ [ 8.644380508479788, 47.429670510151787 ], [ 8.644352260407883, 47.429669120924835 ] ] } },
{ "type": "Feature", "properties": { "name": "LV_52-15_0_5_line_41" }, "geometry": { "type": "LineString", "coordinates": [ [ 8.644970808478563, 47.430629810149334 ], [ 8.645079308477108, 47.430477810149483 ], [ 8.645118808473386, 47.430488510152124 ], [ 8.645163614705583, 47.430428501046308 ] ] } },
{ "type": "Feature", "properties": { "name": "LV_52-15_0_5_line_42" }, "geometry": { "type": "LineString", "coordinates": [ [ 8.644970808478563, 47.430629810149334 ], [ 8.644695208471182, 47.430538110147431 ] ] } },
{ "type": "Feature", "properties": { "name": "LV_52-15_0_5_line_43" }, "geometry": { "type": "LineString", "coordinates": [ [ 8.644810975071463, 47.429313151653204 ], [ 8.64485390846942, 47.429358710146872 ], [ 8.644787708478248, 47.429385710152495 ], [ 8.644787708478248, 47.429385710152495 ] ] } },
{ "type": "Feature", "properties": { "name": "LV_52-15_0_5_line_44" }, "geometry": { "type": "LineString", "coordinates": [ [ 8.645371645857248, 47.429021776761736 ], [ 8.645390140624542, 47.429186477800286 ] ] } },
{ "type": "Feature", "properties": { "name": "LV_52-15_0_5_line_45" }, "geometry": { "type": "LineString", "coordinates": [ [ 8.645725908477964, 47.42924391015265 ], [ 8.645941208477003, 47.429322110153251 ], [ 8.645988808474728, 47.429310610150438 ] ] } },
{ "type": "Feature", "properties": { "name": "LV_52-15_0_5_line_46" }, "geometry": { "type": "LineString", "coordinates": [ [ 8.645725908477964, 47.42924391015265 ], [ 8.645743926719069, 47.429211426439394 ] ] } },
{ "type": "Feature", "properties": { "name": "LV_52-15_0_5_line_47" }, "geometry": { "type": "LineString", "coordinates": [ [ 8.645988808474728, 47.429310610150438 ], [ 8.645903081258194, 47.429422850892223 ] ] } },
{ "type": "Feature", "properties": { "name": "LV_52-15_0_5_line_48" }, "geometry": { "type": "LineString", "coordinates": [ [ 8.645988808474728, 47.429310610150438 ], [ 8.646027047522859, 47.429300908777201 ] ] } },
{ "type": "Feature", "properties": { "name": "LV_52-15_0_5_line_49" }, "geometry": { "type": "LineString", "coordinates": [ [ 8.645743926719069, 47.429211426439394 ], [ 8.64583869682621, 47.429040571886816 ] ] } },
{ "type": "Feature", "properties": { "name": "LV_52-15_0_5_line_50" }, "geometry": { "type": "LineString", "coordinates": [ [ 8.644856108480925, 47.430317510147923 ], [ 8.644874008480299, 47.430323410153555 ], [ 8.644948142373847, 47.430225157627206 ] ] } },
{ "type": "Feature", "properties": { "name": "LV_52-15_0_5_line_51" }, "geometry": { "type": "LineString", "coordinates": [ [ 8.644488729156784, 47.429485141286477 ], [ 8.644480968142767, 47.42955101265931 ] ] } },
{ "type": "Feature", "properties": { "name": "LV_52-15_0_5_line_52" }, "geometry": { "type": "LineString", "coordinates": [ [ 8.644652708470989, 47.430523910152765 ], [ 8.644695208471182, 47.430538110147431 ] ] } },
{ "type": "Feature", "properties": { "name": "LV_52-15_0_5_line_53" }, "geometry": { "type": "LineString", "coordinates": [ [ 8.644695208471182, 47.430538110147431 ], [ 8.644774401419527, 47.430429533888443 ] ] } },
{ "type": "Feature", "properties": { "name": "LV_52-15_0_5_line_54" }, "geometry": { "type": "LineString", "coordinates": [ [ 8.644856108480925, 47.430317510147923 ], [ 8.644564808475579, 47.430217910154489 ] ] } },
{ "type": "Feature", "properties": { "name": "LV_52-15_0_5_line_55" }, "geometry": { "type": "LineString", "coordinates": [ [ 8.644856108480925, 47.430317510147923 ], [ 8.644774401419527, 47.430429533888443 ] ] } },
{ "type": "Feature", "properties": { "name": "LV_52-15_0_5_line_56" }, "geometry": { "type": "LineString", "coordinates": [ [ 8.644503932620079, 47.429356101961623 ], [ 8.644488729156784, 47.429485141286477 ] ] } },
{ "type": "Feature", "properties": { "name": "LV_52-15_0_5_line_57" }, "geometry": { "type": "LineString", "coordinates": [ [ 8.644564808475579, 47.430217910154489 ], [ 8.644579505743323, 47.430200861336132 ] ] } },
{ "type": "Feature", "properties": { "name": "LV_52-15_0_5_line_58" }, "geometry": { "type": "LineString", "coordinates": [ [ 8.643297268419266, 47.430715098997688 ], [ 8.643475611648544, 47.43083521959413 ] ] } },
{ "type": "Feature", "properties": { "name": "LV_52-15_0_5_line_59" }, "geometry": { "type": "LineString", "coordinates": [ [ 8.643288219622571, 47.430709004283486 ], [ 8.643297268419266, 47.430715098997688 ] ] } },
{ "type": "Feature", "properties": { "name": "LV_52-15_0_5_line_60" }, "geometry": { "type": "LineString", "coordinates": [ [ 8.64362020847909, 47.430932610150485 ], [ 8.643475611648544, 47.43083521959413 ] ] } },
{ "type": "Feature", "properties": { "name": "LV_52-15_0_5_line_61" }, "geometry": { "type": "LineString", "coordinates": [ [ 8.643288219622571, 47.430709004283486 ], [ 8.643076808473042, 47.430566610154024 ], [ 8.643059748702006, 47.43055595045351 ] ] } },
{ "type": "Feature", "properties": { "name": "LV_52-15_0_5_line_62" }, "geometry": { "type": "LineString", "coordinates": [ [ 8.64362020847909, 47.430932610150485 ], [ 8.643760008470171, 47.430829310150159 ], [ 8.643860008468023, 47.430755310149493 ] ] } },
{ "type": "Feature", "properties": { "name": "LV_52-15_0_5_line_63" }, "geometry": { "type": "LineString", "coordinates": [ [ 8.64362020847909, 47.430932610150485 ], [ 8.643495208467716, 47.431029810151877 ], [ 8.643443049291411, 47.43107269922583 ] ] } },
{ "type": "Feature", "properties": { "name": "LV_52-15_0_5_line_64" }, "geometry": { "type": "LineString", "coordinates": [ [ 8.64290620847601, 47.430466010149573 ], [ 8.642949308476455, 47.430489410147693 ], [ 8.64299630847928, 47.430516310153251 ], [ 8.643059748702006, 47.43055595045351 ] ] } },
{ "type": "Feature", "properties": { "name": "LV_52-15_0_5_line_65" }, "geometry": { "type": "LineString", "coordinates": [ [ 8.643860008468023, 47.430755310149493 ], [ 8.643906972512241, 47.430723030298601 ] ] } },
{ "type": "Feature", "properties": { "name": "LV_52-15_0_5_line_66" }, "geometry": { "type": "LineString", "coordinates": [ [ 8.643365408469684, 47.431136610151604 ], [ 8.643406308474457, 47.431102910153584 ], [ 8.643443049291411, 47.43107269922583 ] ] } },
{ "type": "Feature", "properties": { "name": "LV_52-15_0_5_line_67" }, "geometry": { "type": "LineString", "coordinates": [ [ 8.64290620847601, 47.430466010149573 ], [ 8.64309810846926, 47.430319610151599 ], [ 8.643185908473844, 47.430245410152445 ], [ 8.643270508477663, 47.430168510153472 ] ] } },
{ "type": "Feature", "properties": { "name": "LV_52-15_0_5_line_68" }, "geometry": { "type": "LineString", "coordinates": [ [ 8.64290620847601, 47.430466010149573 ], [ 8.642796608468775, 47.430554210153666 ], [ 8.642709691751824, 47.430624186797019 ] ] } },
{ "type": "Feature", "properties": { "name": "LV_52-15_0_5_line_69" }, "geometry": { "type": "LineString", "coordinates": [ [ 8.644110408478793, 47.430590210153397 ], [ 8.643934208478711, 47.430704310155676 ], [ 8.643906972512241, 47.430723030298601 ] ] } },
{ "type": "Feature", "properties": { "name": "LV_52-15_0_5_line_70" }, "geometry": { "type": "LineString", "coordinates": [ [ 8.643365408469684, 47.431136610151604 ], [ 8.643340561649934, 47.431158967197398 ] ] } },
{ "type": "Feature", "properties": { "name": "LV_52-15_0_5_line_71" }, "geometry": { "type": "LineString", "coordinates": [ [ 8.643365408469684, 47.431136610151604 ], [ 8.643446809577268, 47.431297065445278 ] ] } },
{ "type": "Feature", "properties": { "name": "LV_52-15_0_5_line_72" }, "geometry": { "type": "LineString", "coordinates": [ [ 8.644150408467542, 47.431181310152866 ], [ 8.644304908471035, 47.431234410148186 ], [ 8.644353808474479, 47.431250810152122 ] ] } },
{ "type": "Feature", "properties": { "name": "LV_52-15_0_5_line_73" }, "geometry": { "type": "LineString", "coordinates": [ [ 8.644150408467542, 47.431181310152866 ], [ 8.644244404557623, 47.431051783771146 ] ] } },
{ "type": "Feature", "properties": { "name": "LV_52-15_0_5_line_74" }, "geometry": { "type": "LineString", "coordinates": [ [ 8.644353808474479, 47.431250810152122 ], [ 8.644368208469642, 47.431255710150502 ], [ 8.644512808474971, 47.431304310150509 ], [ 8.644528708475972, 47.431283310149183 ], [ 8.644558708479307, 47.431243110151328 ], [ 8.644577408475438, 47.431218210152849 ], [ 8.64455540847308, 47.431211410151015 ] ] } },
{ "type": "Feature", "properties": { "name": "LV_52-15_0_5_line_75" }, "geometry": { "type": "LineString", "coordinates": [ [ 8.64432950847803, 47.430934510148745 ], [ 8.644244404557623, 47.431051783771146 ] ] } },
{ "type": "Feature", "properties": { "name": "LV_52-15_0_5_line_76" }, "geometry": { "type": "LineString", "coordinates": [ [ 8.644258508475779, 47.431645510152556 ], [ 8.644131755360672, 47.431817178019507 ] ] } },
{ "type": "Feature", "properties": { "name": "LV_52-15_0_5_line_77" }, "geometry": { "type": "LineString", "coordinates": [ [ 8.644258508475779, 47.431645510152556 ], [ 8.644363214177336, 47.431504999801994 ] ] } },
{ "type": "Feature", "properties": { "name": "LV_52-15_0_5_line_78" }, "geometry": { "type": "LineString", "coordinates": [ [ 8.644023708478676, 47.431963510149686 ], [ 8.644131755360672, 47.431817178019507 ] ] } },
{ "type": "Feature", "properties": { "name": "LV_52-15_0_5_line_79" }, "geometry": { "type": "LineString", "coordinates": [ [ 8.643270508477663, 47.430168510153472 ], [ 8.643301708472526, 47.430138410153802 ], [ 8.643331308467433, 47.430109610154908 ] ] } },
{ "type": "Feature", "properties": { "name": "LV_52-15_0_5_line_80" }, "geometry": { "type": "LineString", "coordinates": [ [ 8.643270508477663, 47.430168510153472 ], [ 8.643437530031036, 47.430262804680964 ] ] } },
{ "type": "Feature", "properties": { "name": "LV_52-15_0_5_line_81" }, "geometry": { "type": "LineString", "coordinates": [ [ 8.644110552917997, 47.430590114774041 ], [ 8.644110408478793, 47.430590210153397 ] ] } },
{ "type": "Feature", "properties": { "name": "LV_52-15_0_5_line_82" }, "geometry": { "type": "LineString", "coordinates": [ [ 8.64432950847803, 47.430934510148745 ], [ 8.644400508473137, 47.430820110148204 ] ] } },
{ "type": "Feature", "properties": { "name": "LV_52-15_0_5_line_83" }, "geometry": { "type": "LineString", "coordinates": [ [ 8.644470808475718, 47.430725110147847 ], [ 8.644400508473137, 47.430820110148204 ] ] } },
{ "type": "Feature", "properties": { "name": "LV_52-15_0_5_line_84" }, "geometry": { "type": "LineString", "coordinates": [ [ 8.643340561649934, 47.431158967197398 ], [ 8.643268608469103, 47.431223710150732 ], [ 8.643145001493876, 47.431339235870198 ] ] } },
{ "type": "Feature", "properties": { "name": "LV_52-15_0_5_line_85" }, "geometry": { "type": "LineString", "coordinates": [ [ 8.643446809577268, 47.431297065445278 ], [ 8.643541615548241, 47.431483942700432 ] ] } },
{ "type": "Feature", "properties": { "name": "LV_52-15_0_5_line_86" }, "geometry": { "type": "LineString", "coordinates": [ [ 8.64455540847308, 47.431211410151015 ], [ 8.644647592115485, 47.431082314566019 ] ] } },
{ "type": "Feature", "properties": { "name": "LV_52-15_0_5_line_87" }, "geometry": { "type": "LineString", "coordinates": [ [ 8.644745208476472, 47.430945610153991 ], [ 8.644647592115485, 47.431082314566019 ] ] } },
{ "type": "Feature", "properties": { "name": "LV_52-15_0_5_line_88" }, "geometry": { "type": "LineString", "coordinates": [ [ 8.644023708478676, 47.431963510149686 ], [ 8.643876993452487, 47.432164475305939 ] ] } },
{ "type": "Feature", "properties": { "name": "LV_52-15_0_5_line_89" }, "geometry": { "type": "LineString", "coordinates": [ [ 8.643193408476662, 47.432212210151853 ], [ 8.643245708477645, 47.432200910149412 ], [ 8.643284708478888, 47.432147810151598 ], [ 8.643416208473987, 47.431968610156311 ] ] } },
{ "type": "Feature", "properties": { "name": "LV_52-15_0_5_line_90" }, "geometry": { "type": "LineString", "coordinates": [ [ 8.643416208473987, 47.431968610156311 ], [ 8.643347375401875, 47.431825903046331 ] ] } },
{ "type": "Feature", "properties": { "name": "LV_52-15_0_5_line_91" }, "geometry": { "type": "LineString", "coordinates": [ [ 8.643193408476662, 47.432212210151853 ], [ 8.643155758989506, 47.432135867576264 ] ] } },
{ "type": "Feature", "properties": { "name": "LV_52-15_0_5_line_92" }, "geometry": { "type": "LineString", "coordinates": [ [ 8.643216408478152, 47.432259410155247 ], [ 8.643193408476662, 47.432212210151853 ] ] } },
{ "type": "Feature", "properties": { "name": "LV_52-15_0_5_line_93" }, "geometry": { "type": "LineString", "coordinates": [ [ 8.643768408479504, 47.432313210154135 ], [ 8.643876993452487, 47.432164475305939 ] ] } },
{ "type": "Feature", "properties": { "name": "LV_52-15_0_5_line_94" }, "geometry": { "type": "LineString", "coordinates": [ [ 8.643331308467433, 47.430109610154908 ], [ 8.643478408468519, 47.429964610150165 ], [ 8.643487070664207, 47.429956065893897 ] ] } },
{ "type": "Feature", "properties": { "name": "LV_52-15_0_5_line_95" }, "geometry": { "type": "LineString", "coordinates": [ [ 8.643331308467433, 47.430109610154908 ], [ 8.642794203564733, 47.429901127041177 ] ] } },
{ "type": "Feature", "properties": { "name": "LV_52-15_0_5_line_96" }, "geometry": { "type": "LineString", "coordinates": [ [ 8.643437530031036, 47.430262804680964 ], [ 8.643449794495798, 47.430269728745458 ] ] } },
{ "type": "Feature", "properties": { "name": "LV_52-15_0_5_line_97" }, "geometry": { "type": "LineString", "coordinates": [ [ 8.641945808471219, 47.430077610152807 ], [ 8.641791808468422, 47.430272910149071 ] ] } },
{ "type": "Feature", "properties": { "name": "LV_52-15_0_5_line_98" }, "geometry": { "type": "LineString", "coordinates": [ [ 8.641945808471219, 47.430077610152807 ], [ 8.642086425824642, 47.429902492965283 ] ] } },
{ "type": "Feature", "properties": { "name": "LV_52-15_0_5_line_99" }, "geometry": { "type": "LineString", "coordinates": [ [ 8.641791808468422, 47.430272910149071 ], [ 8.641723118805624, 47.430359972112562 ] ] } },
{ "type": "Feature", "properties": { "name": "LV_52-15_0_5_line_100" }, "geometry": { "type": "LineString", "coordinates": [ [ 8.641726908468179, 47.430247810149993 ], [ 8.641791808468422, 47.430272910149071 ] ] } },
{ "type": "Feature", "properties": { "name": "LV_52-15_0_5_line_101" }, "geometry": { "type": "LineString", "coordinates": [ [ 8.642150008470004, 47.429823310155776 ], [ 8.642086425824642, 47.429902492965283 ] ] } },
{ "type": "Feature", "properties": { "name": "LV_52-15_0_5_line_102" }, "geometry": { "type": "LineString", "coordinates": [ [ 8.643122708469733, 47.431360110153506 ], [ 8.643134008472142, 47.43134951015287 ], [ 8.643145001493876, 47.431339235870198 ] ] } },
{ "type": "Feature", "properties": { "name": "LV_52-15_0_5_line_103" }, "geometry": { "type": "LineString", "coordinates": [ [ 8.643768408479504, 47.432313210154135 ], [ 8.643635897043312, 47.432492181650382 ] ] } },
{ "type": "Feature", "properties": { "name": "LV_52-15_0_5_line_104" }, "geometry": { "type": "LineString", "coordinates": [ [ 8.643521408467702, 47.432646810152733 ], [ 8.643635897043312, 47.432492181650382 ] ] } },
{ "type": "Feature", "properties": { "name": "LV_52-15_0_5_line_105" }, "geometry": { "type": "LineString", "coordinates": [ [ 8.643155758989506, 47.432135867576264 ], [ 8.643055062183137, 47.431931681598122 ] ] } },
{ "type": "Feature", "properties": { "name": "LV_52-15_0_5_line_106" }, "geometry": { "type": "LineString", "coordinates": [ [ 8.643216408478152, 47.432259410155247 ], [ 8.643275656041345, 47.4323886777157 ] ] } },
{ "type": "Feature", "properties": { "name": "LV_52-15_0_5_line_107" }, "geometry": { "type": "LineString", "coordinates": [ [ 8.642968908474401, 47.431521710155543 ], [ 8.643122708469733, 47.431360110153506 ] ] } },
{ "type": "Feature", "properties": { "name": "LV_52-15_0_5_line_108" }, "geometry": { "type": "LineString", "coordinates": [ [ 8.644470808475718, 47.430725110147847 ], [ 8.644503908475533, 47.430734010151298 ], [ 8.644579053516196, 47.430627908412504 ] ] } },
{ "type": "Feature", "properties": { "name": "LV_52-15_0_5_line_109" }, "geometry": { "type": "LineString", "coordinates": [ [ 8.644745208476472, 47.430945610153991 ], [ 8.644817733857934, 47.430844087942297 ] ] } },
{ "type": "Feature", "properties": { "name": "LV_52-15_0_5_line_110" }, "geometry": { "type": "LineString", "coordinates": [ [ 8.644652708470989, 47.430523910152765 ], [ 8.644579053516196, 47.430627908412504 ] ] } },
{ "type": "Feature", "properties": { "name": "LV_52-15_0_5_line_111" }, "geometry": { "type": "LineString", "coordinates": [ [ 8.644110552917997, 47.430590114774041 ], [ 8.644157508478042, 47.430559110148536 ], [ 8.644197508475846, 47.43053331015043 ], [ 8.644249808467558, 47.430497610148791 ], [ 8.644299508479206, 47.4304597101493 ], [ 8.644328293501234, 47.430436704159305 ] ] } },
{ "type": "Feature", "properties": { "name": "LV_52-15_0_5_line_112" }, "geometry": { "type": "LineString", "coordinates": [ [ 8.644652708470989, 47.430523910152765 ], [ 8.644351808472321, 47.430417910149266 ] ] } },
{ "type": "Feature", "properties": { "name": "LV_52-15_0_5_line_113" }, "geometry": { "type": "LineString", "coordinates": [ [ 8.642369108470563, 47.430898310149139 ], [ 8.642628660459094, 47.431041903982354 ] ] } },
{ "type": "Feature", "properties": { "name": "LV_52-15_0_5_line_114" }, "geometry": { "type": "LineString", "coordinates": [ [ 8.642369108470563, 47.430898310149139 ], [ 8.642245408474295, 47.431000810154977 ] ] } },
{ "type": "Feature", "properties": { "name": "LV_52-15_0_5_line_115" }, "geometry": { "type": "LineString", "coordinates": [ [ 8.642057308472463, 47.431159710155519 ], [ 8.642157808468347, 47.431074810148452 ], [ 8.642245408474295, 47.431000810154977 ] ] } },
{ "type": "Feature", "properties": { "name": "LV_52-15_0_5_line_116" }, "geometry": { "type": "LineString", "coordinates": [ [ 8.642245408474295, 47.431000810154977 ], [ 8.641997590423198, 47.430813059116737 ] ] } },
{ "type": "Feature", "properties": { "name": "LV_52-15_0_5_line_117" }, "geometry": { "type": "LineString", "coordinates": [ [ 8.642057308472463, 47.431159710155519 ], [ 8.642329206191475, 47.431279083840082 ] ] } },
{ "type": "Feature", "properties": { "name": "LV_52-15_0_5_line_118" }, "geometry": { "type": "LineString", "coordinates": [ [ 8.641581208472946, 47.430499310147866 ], [ 8.641799808466919, 47.430643910153854 ], [ 8.641887708473273, 47.430729810149799 ], [ 8.641997590423198, 47.430813059116737 ] ] } },
{ "type": "Feature", "properties": { "name": "LV_52-15_0_5_line_119" }, "geometry": { "type": "LineString", "coordinates": [ [ 8.643573908474011, 47.429870410151686 ], [ 8.643487070664207, 47.429956065893897 ] ] } },
{ "type": "Feature", "properties": { "name": "LV_52-15_0_5_line_120" }, "geometry": { "type": "LineString", "coordinates": [ [ 8.643685682844753, 47.430402902005362 ], [ 8.643449794495798, 47.430269728745458 ] ] } },
{ "type": "Feature", "properties": { "name": "LV_52-15_0_5_line_121" }, "geometry": { "type": "LineString", "coordinates": [ [ 8.641581208472946, 47.430499310147866 ], [ 8.641615508475651, 47.430474610152743 ], [ 8.641700208472495, 47.430389010156048 ], [ 8.641723118805624, 47.430359972112562 ] ] } },
{ "type": "Feature", "properties": { "name": "LV_52-15_0_5_line_122" }, "geometry": { "type": "LineString", "coordinates": [ [ 8.641726908468179, 47.430247810149993 ], [ 8.641653208466124, 47.430222310153759 ], [ 8.641674708474168, 47.430195010155472 ], [ 8.641690817858327, 47.430178160898912 ] ] } },
{ "type": "Feature", "properties": { "name": "LV_52-15_0_5_line_123" }, "geometry": { "type": "LineString", "coordinates": [ [ 8.642150008470004, 47.429823310155776 ], [ 8.642249308475005, 47.429692610152074 ] ] } },
{ "type": "Feature", "properties": { "name": "LV_52-15_0_5_line_124" }, "geometry": { "type": "LineString", "coordinates": [ [ 8.641870908473107, 47.429711810150444 ], [ 8.641879308478332, 47.429684610154837 ], [ 8.641877608469894, 47.429663010155572 ], [ 8.641871108475749, 47.429642010152754 ], [ 8.641852144074303, 47.429601201322413 ] ] } },
{ "type": "Feature", "properties": { "name": "LV_52-15_0_5_line_125" }, "geometry": { "type": "LineString", "coordinates": [ [ 8.641870908473107, 47.429711810150444 ], [ 8.64184010847759, 47.429742910151639 ] ] } },
{ "type": "Feature", "properties": { "name": "LV_52-15_0_5_line_126" }, "geometry": { "type": "LineString", "coordinates": [ [ 8.642406708475487, 47.43131311015641 ], [ 8.642329206191475, 47.431279083840082 ] ] } },
{ "type": "Feature", "properties": { "name": "LV_52-15_0_5_line_127" }, "geometry": { "type": "LineString", "coordinates": [ [ 8.641581208472946, 47.430499310147866 ], [ 8.641392894831833, 47.430634770034835 ] ] } },
{ "type": "Feature", "properties": { "name": "LV_52-15_0_5_line_128" }, "geometry": { "type": "LineString", "coordinates": [ [ 8.641531408472487, 47.430477710151855 ], [ 8.641581208472946, 47.430499310147866 ] ] } },
{ "type": "Feature", "properties": { "name": "LV_52-15_0_5_line_129" }, "geometry": { "type": "LineString", "coordinates": [ [ 8.643573908474011, 47.429870410151686 ], [ 8.643748955895781, 47.429959855246352 ] ] } },
{ "type": "Feature", "properties": { "name": "LV_52-15_0_5_line_130" }, "geometry": { "type": "LineString", "coordinates": [ [ 8.643685682844753, 47.430402902005362 ], [ 8.643688708472551, 47.430404610153083 ] ] } },
{ "type": "Feature", "properties": { "name": "LV_52-15_0_5_line_131" }, "geometry": { "type": "LineString", "coordinates": [ [ 8.642249308475005, 47.429692610152074 ], [ 8.642395373177056, 47.429511141954428 ] ] } },
{ "type": "Feature", "properties": { "name": "LV_52-15_0_5_line_132" }, "geometry": { "type": "LineString", "coordinates": [ [ 8.641852144074303, 47.429601201322413 ], [ 8.641806381256504, 47.429502725656093 ] ] } },
{ "type": "Feature", "properties": { "name": "LV_52-15_0_5_line_133" }, "geometry": { "type": "LineString", "coordinates": [ [ 8.641531408472487, 47.430477710151855 ], [ 8.641441708474558, 47.430546210154823 ], [ 8.641428567658963, 47.430554035596536 ] ] } },
{ "type": "Feature", "properties": { "name": "LV_52-15_0_5_line_134" }, "geometry": { "type": "LineString", "coordinates": [ [ 8.641490468241113, 47.430932406062112 ], [ 8.641501908474529, 47.43093921014875 ] ] } },
{ "type": "Feature", "properties": { "name": "LV_52-15_0_5_line_135" }, "geometry": { "type": "LineString", "coordinates": [ [ 8.641326007528081, 47.430834682390781 ], [ 8.641433308474719, 47.430898410151997 ], [ 8.641490468241113, 47.430932406062112 ] ] } },
{ "type": "Feature", "properties": { "name": "LV_52-15_0_5_line_136" }, "geometry": { "type": "LineString", "coordinates": [ [ 8.642406708475487, 47.43131311015641 ], [ 8.642174769368479, 47.431591612479146 ] ] } },
{ "type": "Feature", "properties": { "name": "LV_52-15_0_5_line_137" }, "geometry": { "type": "LineString", "coordinates": [ [ 8.642406708475487, 47.43131311015641 ], [ 8.642438708475272, 47.431326510153504 ], [ 8.642486508475656, 47.431316310154173 ], [ 8.642747416852236, 47.431427402187801 ] ] } },
{ "type": "Feature", "properties": { "name": "LV_52-15_0_5_line_138" }, "geometry": { "type": "LineString", "coordinates": [ [ 8.641136608471495, 47.430758610148935 ], [ 8.641366008465109, 47.430654110152382 ], [ 8.641392894831833, 47.430634770034835 ] ] } },
{ "type": "Feature", "properties": { "name": "LV_52-15_0_5_line_139" }, "geometry": { "type": "LineString", "coordinates": [ [ 8.643263808473833, 47.432996810148062 ], [ 8.643398008092182, 47.432814474367852 ] ] } },
{ "type": "Feature", "properties": { "name": "LV_52-15_0_5_line_140" }, "geometry": { "type": "LineString", "coordinates": [ [ 8.643521408467702, 47.432646810152733 ], [ 8.643398008092182, 47.432814474367852 ] ] } },
{ "type": "Feature", "properties": { "name": "LV_52-15_0_5_line_141" }, "geometry": { "type": "LineString", "coordinates": [ [ 8.643263808473833, 47.432996810148062 ], [ 8.643289708477608, 47.433011410154634 ], [ 8.643294508475419, 47.433099510152708 ], [ 8.643200709810536, 47.433212106676599 ] ] } },
{ "type": "Feature", "properties": { "name": "LV_52-15_0_5_line_142" }, "geometry": { "type": "LineString", "coordinates": [ [ 8.643223208477044, 47.432547610153094 ], [ 8.643521408467702, 47.432646810152733 ] ] } },
{ "type": "Feature", "properties": { "name": "LV_52-15_0_5_line_143" }, "geometry": { "type": "LineString", "coordinates": [ [ 8.643223208477044, 47.432547610153094 ], [ 8.643298908472131, 47.432439410147957 ], [ 8.643275656041345, 47.4323886777157 ] ] } },
{ "type": "Feature", "properties": { "name": "LV_52-15_0_5_line_144" }, "geometry": { "type": "LineString", "coordinates": [ [ 8.643112508473802, 47.432705710148213 ], [ 8.643223208477044, 47.432547610153094 ] ] } },
{ "type": "Feature", "properties": { "name": "LV_52-15_0_5_line_145" }, "geometry": { "type": "LineString", "coordinates": [ [ 8.643112508473802, 47.432705710148213 ], [ 8.643030208475047, 47.432674010149128 ], [ 8.643025289471924, 47.432664542907098 ] ] } },
{ "type": "Feature", "properties": { "name": "LV_52-15_0_5_line_146" }, "geometry": { "type": "LineString", "coordinates": [ [ 8.643025289471924, 47.432664542907098 ], [ 8.642900425829998, 47.432424226004443 ] ] } },
{ "type": "Feature", "properties": { "name": "LV_52-15_0_5_line_147" }, "geometry": { "type": "LineString", "coordinates": [ [ 8.642217608472169, 47.432262710149423 ], [ 8.642266308467544, 47.43225571015676 ], [ 8.642306008472588, 47.432244010155351 ], [ 8.642339608467728, 47.432228510153564 ], [ 8.642367808472477, 47.432210110155943 ], [ 8.642393008467604, 47.432190110148724 ], [ 8.642422408466784, 47.432162110154678 ], [ 8.642453308470454, 47.432126810155047 ], [ 8.642566937748683, 47.431992569060817 ] ] } },
{ "type": "Feature", "properties": { "name": "LV_52-15_0_5_line_148" }, "geometry": { "type": "LineString", "coordinates": [ [ 8.642217608472169, 47.432262710149423 ], [ 8.642170108465123, 47.432266110149648 ], [ 8.642125108465869, 47.432264010156288 ], [ 8.642084308476313, 47.432258210155645 ], [ 8.642040308467365, 47.432247810151743 ], [ 8.641737804456179, 47.432164282985063 ] ] } },
{ "type": "Feature", "properties": { "name": "LV_52-15_0_5_line_149" }, "geometry": { "type": "LineString", "coordinates": [ [ 8.642647908476119, 47.431896910147969 ], [ 8.642566937748683, 47.431992569060817 ] ] } },
{ "type": "Feature", "properties": { "name": "LV_52-15_0_5_line_150" }, "geometry": { "type": "LineString", "coordinates": [ [ 8.641705308472632, 47.432155310149795 ], [ 8.641737804456179, 47.432164282985063 ] ] } },
{ "type": "Feature", "properties": { "name": "LV_52-15_0_5_line_151" }, "geometry": { "type": "LineString", "coordinates": [ [ 8.642857708475518, 47.432342010152439 ], [ 8.642900425829998, 47.432424226004443 ] ] } },
{ "type": "Feature", "properties": { "name": "LV_52-15_0_5_line_152" }, "geometry": { "type": "LineString", "coordinates": [ [ 8.641448308464405, 47.432731510150546 ], [ 8.641022169248993, 47.432612532408506 ] ] } },
{ "type": "Feature", "properties": { "name": "LV_52-15_0_5_line_153" }, "geometry": { "type": "LineString", "coordinates": [ [ 8.641448308464405, 47.432731510150546 ], [ 8.641353108468211, 47.43247961015043 ], [ 8.641175717363552, 47.432431652181151 ] ] } },
{ "type": "Feature", "properties": { "name": "LV_52-15_0_5_line_154" }, "geometry": { "type": "LineString", "coordinates": [ [ 8.641007155257272, 47.432608340477543 ], [ 8.641022169248993, 47.432612532408506 ] ] } },
{ "type": "Feature", "properties": { "name": "LV_52-15_0_5_line_155" }, "geometry": { "type": "LineString", "coordinates": [ [ 8.642647908476119, 47.431896910147969 ], [ 8.642794972962751, 47.432208914825807 ] ] } },
{ "type": "Feature", "properties": { "name": "LV_52-15_0_5_line_156" }, "geometry": { "type": "LineString", "coordinates": [ [ 8.641705308472632, 47.432155310149795 ], [ 8.641873639988084, 47.431953190382316 ] ] } },
{ "type": "Feature", "properties": { "name": "LV_52-15_0_5_line_157" }, "geometry": { "type": "LineString", "coordinates": [ [ 8.642857708475518, 47.432342010152439 ], [ 8.642794972962751, 47.432208914825807 ] ] } },
{ "type": "Feature", "properties": { "name": "LV_52-15_0_5_line_158" }, "geometry": { "type": "LineString", "coordinates": [ [ 8.642894208471541, 47.431605510156352 ], [ 8.643028858517916, 47.431878547348845 ] ] } },
{ "type": "Feature", "properties": { "name": "LV_52-15_0_5_line_159" }, "geometry": { "type": "LineString", "coordinates": [ [ 8.642968908474401, 47.431521710155543 ], [ 8.642905908475209, 47.431592410155787 ], [ 8.642894208471541, 47.431605510156352 ] ] } },
{ "type": "Feature", "properties": { "name": "LV_52-15_0_5_line_160" }, "geometry": { "type": "LineString", "coordinates": [ [ 8.643028858517916, 47.431878547348845 ], [ 8.643055062183137, 47.431931681598122 ] ] } },
{ "type": "Feature", "properties": { "name": "LV_52-15_0_5_line_161" }, "geometry": { "type": "LineString", "coordinates": [ [ 8.642968908474401, 47.431521710155543 ], [ 8.642747416852236, 47.431427402187801 ] ] } },
{ "type": "Feature", "properties": { "name": "LV_52-15_0_5_line_162" }, "geometry": { "type": "LineString", "coordinates": [ [ 8.64381494739197, 47.42999357519728 ], [ 8.644035639722585, 47.430106342679899 ] ] } },
{ "type": "Feature", "properties": { "name": "LV_52-15_0_5_line_163" }, "geometry": { "type": "LineString", "coordinates": [ [ 8.64381494739197, 47.42999357519728 ], [ 8.643748955895781, 47.429959855246352 ] ] } },
{ "type": "Feature", "properties": { "name": "LV_52-15_0_5_line_164" }, "geometry": { "type": "LineString", "coordinates": [ [ 8.644028308474546, 47.430219610149393 ], [ 8.644120708473855, 47.430149810148301 ], [ 8.644035639722585, 47.430106342679899 ] ] } },
{ "type": "Feature", "properties": { "name": "LV_52-15_0_5_line_165" }, "geometry": { "type": "LineString", "coordinates": [ [ 8.643777708478702, 47.429528810155126 ], [ 8.643778508469021, 47.429504910149412 ], [ 8.643781008469382, 47.429480310149998 ], [ 8.643786208479401, 47.429456710154412 ], [ 8.643794708472676, 47.429428810148544 ], [ 8.643805608477729, 47.429403110150318 ], [ 8.643820508468615, 47.429374710152885 ], [ 8.643843508473164, 47.429336910152294 ] ] } },
{ "type": "Feature", "properties": { "name": "LV_52-15_0_5_line_166" }, "geometry": { "type": "LineString", "coordinates": [ [ 8.643777708478702, 47.429528810155126 ], [ 8.643554008471904, 47.42943331014888 ], [ 8.643475908475372, 47.429524210150817 ] ] } },
{ "type": "Feature", "properties": { "name": "LV_52-15_0_5_line_167" }, "geometry": { "type": "LineString", "coordinates": [ [ 8.643843508473164, 47.429336910152294 ], [ 8.643932208531803, 47.42919854834453 ] ] } },
{ "type": "Feature", "properties": { "name": "LV_52-15_0_5_line_168" }, "geometry": { "type": "LineString", "coordinates": [ [ 8.643843508473164, 47.429336910152294 ], [ 8.643660279381303, 47.429267906738488 ] ] } },
{ "type": "Feature", "properties": { "name": "LV_52-15_0_5_line_169" }, "geometry": { "type": "LineString", "coordinates": [ [ 8.643475908475372, 47.429524210150817 ], [ 8.643475908475372, 47.429524210150817 ], [ 8.643281540195117, 47.429446002797761 ] ] } },
{ "type": "Feature", "properties": { "name": "LV_52-15_0_5_line_170" }, "geometry": { "type": "LineString", "coordinates": [ [ 8.643932208531803, 47.42919854834453 ], [ 8.643964010723325, 47.429148940430878 ] ] } },
{ "type": "Feature", "properties": { "name": "LV_52-15_0_5_line_171" }, "geometry": { "type": "LineString", "coordinates": [ [ 8.643660279381303, 47.429267906738488 ], [ 8.643491408468428, 47.429204310148997 ], [ 8.64354810116401, 47.42911612156427 ] ] } },
{ "type": "Feature", "properties": { "name": "LV_52-15_0_5_line_172" }, "geometry": { "type": "LineString", "coordinates": [ [ 8.643278407489772, 47.429444742292851 ], [ 8.643281540195117, 47.429446002797761 ] ] } },
{ "type": "Feature", "properties": { "name": "LV_52-15_0_5_line_173" }, "geometry": { "type": "LineString", "coordinates": [ [ 8.644158461514653, 47.429466844066532 ], [ 8.644149719767414, 47.429532653029902 ] ] } },
{ "type": "Feature", "properties": { "name": "LV_52-15_0_5_line_174" }, "geometry": { "type": "LineString", "coordinates": [ [ 8.644175945103177, 47.429335224953562 ], [ 8.644158461514653, 47.429466844066532 ] ] } },
{ "type": "Feature", "properties": { "name": "LV_52-15_0_5_line_175" }, "geometry": { "type": "LineString", "coordinates": [ [ 8.644351808472321, 47.430417910149266 ], [ 8.644328293501234, 47.430436704159305 ] ] } },
{ "type": "Feature", "properties": { "name": "LV_52-15_0_5_line_176" }, "geometry": { "type": "LineString", "coordinates": [ [ 8.644696908476975, 47.429192110150076 ], [ 8.644810975071463, 47.429313151653204 ] ] } },
{ "type": "Feature", "properties": { "name": "LV_52-15_0_5_line_177" }, "geometry": { "type": "LineString", "coordinates": [ [ 8.639337708463231, 47.433642310149764 ], [ 8.63952990846477, 47.433312910155138 ], [ 8.639676629666402, 47.433026567261734 ] ] } },
{ "type": "Feature", "properties": { "name": "LV_52-15_0_5_line_178" }, "geometry": { "type": "LineString", "coordinates": [ [ 8.639789708467051, 47.432875310152149 ], [ 8.639684908473889, 47.43301041015166 ], [ 8.639676629666402, 47.433026567261734 ] ] } },
{ "type": "Feature", "properties": { "name": "LV_52-15_0_5_line_179" }, "geometry": { "type": "LineString", "coordinates": [ [ 8.639337708463231, 47.433642310149764 ], [ 8.639280508463823, 47.43362551015619 ] ] } },
{ "type": "Feature", "properties": { "name": "LV_52-15_0_5_line_180" }, "geometry": { "type": "LineString", "coordinates": [ [ 8.639337708463231, 47.433642310149764 ], [ 8.640872182410346, 47.434122759873766 ] ] } },
{ "type": "Feature", "properties": { "name": "LV_52-15_0_5_line_181" }, "geometry": { "type": "LineString", "coordinates": [ [ 8.639789708467051, 47.432875310152149 ], [ 8.639903661428404, 47.432682394213607 ] ] } },
{ "type": "Feature", "properties": { "name": "LV_52-15_0_5_line_182" }, "geometry": { "type": "LineString", "coordinates": [ [ 8.639721708469835, 47.432862110157473 ], [ 8.639789708467051, 47.432875310152149 ] ] } },
{ "type": "Feature", "properties": { "name": "LV_52-15_0_5_line_183" }, "geometry": { "type": "LineString", "coordinates": [ [ 8.639280508463823, 47.43362551015619 ], [ 8.639201008468749, 47.433760210154873 ], [ 8.638954508471837, 47.434177610155309 ], [ 8.638905542680218, 47.434259831887076 ] ] } },
{ "type": "Feature", "properties": { "name": "LV_52-15_0_5_line_184" }, "geometry": { "type": "LineString", "coordinates": [ [ 8.640872182410346, 47.434122759873766 ], [ 8.641227333173882, 47.43423395479865 ] ] } },
{ "type": "Feature", "properties": { "name": "LV_52-15_0_5_line_185" }, "geometry": { "type": "LineString", "coordinates": [ [ 8.639721708469835, 47.432862110157473 ], [ 8.639230477351825, 47.432916760977157 ] ] } },
{ "type": "Feature", "properties": { "name": "LV_52-15_0_5_line_186" }, "geometry": { "type": "LineString", "coordinates": [ [ 8.639721708469835, 47.432862110157473 ], [ 8.639745108474182, 47.432825210153183 ], [ 8.639768308463914, 47.432787010156126 ], [ 8.639807430646073, 47.432721336206079 ] ] } },
{ "type": "Feature", "properties": { "name": "LV_52-15_0_5_line_187" }, "geometry": { "type": "LineString", "coordinates": [ [ 8.638905542680218, 47.434259831887076 ], [ 8.638892026660809, 47.434282527509453 ] ] } },
{ "type": "Feature", "properties": { "name": "LV_52-15_0_5_line_188" }, "geometry": { "type": "LineString", "coordinates": [ [ 8.64125642192829, 47.434243062193765 ], [ 8.641227333173882, 47.43423395479865 ] ] } },
{ "type": "Feature", "properties": { "name": "LV_52-15_0_5_line_189" }, "geometry": { "type": "LineString", "coordinates": [ [ 8.639963487777184, 47.432459363130846 ], [ 8.639807430646073, 47.432721336206079 ] ] } },
{ "type": "Feature", "properties": { "name": "LV_52-15_0_5_line_190" }, "geometry": { "type": "LineString", "coordinates": [ [ 8.64125642192829, 47.434243062193765 ], [ 8.641430008474652, 47.434297410156375 ], [ 8.641539641568444, 47.434326808455218 ] ] } },
{ "type": "Feature", "properties": { "name": "LV_52-15_0_5_line_191" }, "geometry": { "type": "LineString", "coordinates": [ [ 8.640201708466419, 47.432177810148715 ], [ 8.640436908464059, 47.432231910150968 ] ] } },
{ "type": "Feature", "properties": { "name": "LV_52-15_0_5_line_192" }, "geometry": { "type": "LineString", "coordinates": [ [ 8.640201708466419, 47.432177810148715 ], [ 8.640135508466795, 47.432161610157515 ] ] } },
{ "type": "Feature", "properties": { "name": "LV_52-15_0_5_line_193" }, "geometry": { "type": "LineString", "coordinates": [ [ 8.640436908464059, 47.432231910150968 ], [ 8.640551108463873, 47.432481010148777 ], [ 8.640811593917752, 47.432553739160468 ] ] } },
{ "type": "Feature", "properties": { "name": "LV_52-15_0_5_line_194" }, "geometry": { "type": "LineString", "coordinates": [ [ 8.640135508466795, 47.432161610157515 ], [ 8.640089508467085, 47.432247810153477 ], [ 8.639963487777184, 47.432459363130846 ] ] } },
{ "type": "Feature", "properties": { "name": "LV_52-15_0_5_line_195" }, "geometry": { "type": "LineString", "coordinates": [ [ 8.640135508466795, 47.432161610157515 ], [ 8.640139809135334, 47.43215169205444 ] ] } },
{ "type": "Feature", "properties": { "name": "LV_52-15_0_5_line_196" }, "geometry": { "type": "LineString", "coordinates": [ [ 8.641722008465546, 47.434375710149247 ], [ 8.641539641568444, 47.434326808455218 ] ] } },
{ "type": "Feature", "properties": { "name": "LV_52-15_0_5_line_197" }, "geometry": { "type": "LineString", "coordinates": [ [ 8.640811593917752, 47.432553739160468 ], [ 8.641007155257272, 47.432608340477543 ] ] } },
{ "type": "Feature", "properties": { "name": "LV_52-15_0_5_line_198" }, "geometry": { "type": "LineString", "coordinates": [ [ 8.640201808474366, 47.43200871015074 ], [ 8.640139809135334, 47.43215169205444 ] ] } },
{ "type": "Feature", "properties": { "name": "LV_52-15_0_5_line_199" }, "geometry": { "type": "LineString", "coordinates": [ [ 8.640214308471112, 47.431980510151426 ], [ 8.640201808474366, 47.43200871015074 ] ] } },
{ "type": "Feature", "properties": { "name": "LV_52-15_0_5_line_200" }, "geometry": { "type": "LineString", "coordinates": [ [ 8.640214308471112, 47.431980510151426 ], [ 8.640250908476242, 47.431879510152612 ], [ 8.64026560847239, 47.431828910154096 ], [ 8.640276308472831, 47.4317731101508 ], [ 8.640286808465262, 47.431643510157016 ], [ 8.640297608471773, 47.431558710153965 ], [ 8.64031760847066, 47.431485010156393 ], [ 8.640346508474233, 47.431407110155192 ] ] } },
{ "type": "Feature", "properties": { "name": "LV_52-15_0_5_line_201" }, "geometry": { "type": "LineString", "coordinates": [ [ 8.640214308471112, 47.431980510151426 ], [ 8.640011638044067, 47.431904354526651 ] ] } },
{ "type": "Feature", "properties": { "name": "LV_52-15_0_5_line_202" }, "geometry": { "type": "LineString", "coordinates": [ [ 8.640346508474233, 47.431407110155192 ], [ 8.640296308465036, 47.431397610157092 ], [ 8.640262208470537, 47.431389210156823 ], [ 8.640224708464237, 47.431377510150583 ], [ 8.640193108469562, 47.43136611015597 ], [ 8.640097146207466, 47.431326467207228 ] ] } },
{ "type": "Feature", "properties": { "name": "LV_52-15_0_5_line_203" }, "geometry": { "type": "LineString", "coordinates": [ [ 8.640346508474233, 47.431407110155192 ], [ 8.640390808471153, 47.431312810153287 ], [ 8.640431830149739, 47.431237171377752 ] ] } },
{ "type": "Feature", "properties": { "name": "LV_52-15_0_5_line_204" }, "geometry": { "type": "LineString", "coordinates": [ [ 8.640375008474274, 47.431500210154738 ], [ 8.640346508474233, 47.431407110155192 ] ] } },
{ "type": "Feature", "properties": { "name": "LV_52-15_0_5_line_205" }, "geometry": { "type": "LineString", "coordinates": [ [ 8.640011638044067, 47.431904354526651 ], [ 8.639751682031941, 47.431806672360629 ] ] } },
{ "type": "Feature", "properties": { "name": "LV_52-15_0_5_line_206" }, "geometry": { "type": "LineString", "coordinates": [ [ 8.640375008474274, 47.431500210154738 ], [ 8.640436803715771, 47.431345898157964 ] ] } },
{ "type": "Feature", "properties": { "name": "LV_52-15_0_5_line_207" }, "geometry": { "type": "LineString", "coordinates": [ [ 8.640097146207466, 47.431326467207228 ], [ 8.639823996266138, 47.431213625547514 ] ] } },
{ "type": "Feature", "properties": { "name": "LV_52-15_0_5_line_208" }, "geometry": { "type": "LineString", "coordinates": [ [ 8.640528208463701, 47.431097510153272 ], [ 8.640484808465599, 47.431154310150454 ], [ 8.640441408470126, 47.431219510150711 ], [ 8.640431830149739, 47.431237171377752 ] ] } },
{ "type": "Feature", "properties": { "name": "LV_52-15_0_5_line_209" }, "geometry": { "type": "LineString", "coordinates": [ [ 8.644175945103177, 47.429335224953562 ], [ 8.644184684101258, 47.42926943617914 ] ] } },
{ "type": "Feature", "properties": { "name": "LV_52-15_0_5_line_210" }, "geometry": { "type": "LineString", "coordinates": [ [ 8.644513408478986, 47.429224110146357 ], [ 8.644516208479335, 47.429251910149745 ], [ 8.644503932620079, 47.429356101961623 ] ] } },
{ "type": "Feature", "properties": { "name": "LV_52-15_0_5_line_211" }, "geometry": { "type": "LineString", "coordinates": [ [ 8.644193308478691, 47.429204510154158 ], [ 8.644184684101258, 47.42926943617914 ] ] } },
{ "type": "Feature", "properties": { "name": "LV_52-15_0_5_line_212" }, "geometry": { "type": "LineString", "coordinates": [ [ 8.64449850847299, 47.429102610146991 ], [ 8.644513408478986, 47.429224110146357 ] ] } },
{ "type": "Feature", "properties": { "name": "LV_52-15_0_5_line_213" }, "geometry": { "type": "LineString", "coordinates": [ [ 8.644513408478986, 47.429224110146357 ], [ 8.644387871205387, 47.429216423497913 ] ] } },
{ "type": "Feature", "properties": { "name": "LV_52-15_0_5_line_214" }, "geometry": { "type": "LineString", "coordinates": [ [ 8.645791138372594, 47.429569414386563 ], [ 8.645903081258194, 47.429422850892223 ] ] } },
{ "type": "Feature", "properties": { "name": "LV_52-15_0_5_line_215" }, "geometry": { "type": "LineString", "coordinates": [ [ 8.646236365360249, 47.42911962791792 ], [ 8.646096808476237, 47.429283210149109 ], [ 8.646027047522859, 47.429300908777201 ] ] } },
{ "type": "Feature", "properties": { "name": "LV_52-15_0_5_line_216" }, "geometry": { "type": "LineString", "coordinates": [ [ 8.641136608471495, 47.430758610148935 ], [ 8.641301808475831, 47.430820310149407 ], [ 8.641326007528081, 47.430834682390781 ] ] } },
{ "type": "Feature", "properties": { "name": "LV_52-15_0_5_line_217" }, "geometry": { "type": "LineString", "coordinates": [ [ 8.641136608471495, 47.430758610148935 ], [ 8.641066808474546, 47.43074511015552 ] ] } },
{ "type": "Feature", "properties": { "name": "LV_52-15_0_5_line_218" }, "geometry": { "type": "LineString", "coordinates": [ [ 8.63944312922027, 47.431690728037502 ], [ 8.639751682031941, 47.431806672360629 ] ] } },
{ "type": "Feature", "properties": { "name": "LV_52-15_0_5_line_219" }, "geometry": { "type": "LineString", "coordinates": [ [ 8.639736647792157, 47.43117754056609 ], [ 8.639823996266138, 47.431213625547514 ] ] } },
{ "type": "Feature", "properties": { "name": "LV_52-15_0_5_line_220" }, "geometry": { "type": "LineString", "coordinates": [ [ 8.640528208463701, 47.431097510153272 ], [ 8.64033460847234, 47.430985910148927 ], [ 8.640313208464216, 47.430913410152826 ] ] } },
{ "type": "Feature", "properties": { "name": "LV_52-15_0_5_line_221" }, "geometry": { "type": "LineString", "coordinates": [ [ 8.641066808474546, 47.43074511015552 ], [ 8.640912696961022, 47.430659889588384 ] ] } },
{ "type": "Feature", "properties": { "name": "LV_52-15_0_5_line_222" }, "geometry": { "type": "LineString", "coordinates": [ [ 8.640752108467913, 47.430902510156372 ], [ 8.64094960847382, 47.430802910151307 ], [ 8.641066808474546, 47.43074511015552 ] ] } },
{ "type": "Feature", "properties": { "name": "LV_52-15_0_5_line_223" }, "geometry": { "type": "LineString", "coordinates": [ [ 8.640791608471336, 47.430928310153732 ], [ 8.640752108467913, 47.430902510156372 ] ] } },
{ "type": "Feature", "properties": { "name": "LV_52-15_0_5_line_224" }, "geometry": { "type": "LineString", "coordinates": [ [ 8.640791608471336, 47.430928310153732 ], [ 8.640649108465009, 47.431033610152802 ], [ 8.640614169574787, 47.431071093776843 ] ] } },
{ "type": "Feature", "properties": { "name": "LV_52-15_0_5_line_225" }, "geometry": { "type": "LineString", "coordinates": [ [ 8.640752108467913, 47.430902510156372 ], [ 8.640625418109309, 47.430832323984269 ] ] } },
{ "type": "Feature", "properties": { "name": "LV_52-15_0_5_line_226" }, "geometry": { "type": "LineString", "coordinates": [ [ 8.640732955244218, 47.430559653082689 ], [ 8.640773308477138, 47.43058281015648 ], [ 8.640912696961022, 47.430659889588384 ] ] } },
{ "type": "Feature", "properties": { "name": "LV_52-15_0_5_line_227" }, "geometry": { "type": "LineString", "coordinates": [ [ 8.640402108475556, 47.430708610148962 ], [ 8.640625418109309, 47.430832323984269 ] ] } },
{ "type": "Feature", "properties": { "name": "LV_52-15_0_5_line_228" }, "geometry": { "type": "LineString", "coordinates": [ [ 8.640313208464216, 47.430913410152826 ], [ 8.640071987716315, 47.430844798403079 ] ] } },
{ "type": "Feature", "properties": { "name": "LV_52-15_0_5_line_229" }, "geometry": { "type": "LineString", "coordinates": [ [ 8.640313208464216, 47.430913410152826 ], [ 8.640336792175944, 47.430859080249348 ] ] } },
{ "type": "Feature", "properties": { "name": "LV_52-15_0_5_line_230" }, "geometry": { "type": "LineString", "coordinates": [ [ 8.640402108475556, 47.430708610148962 ], [ 8.640336792175944, 47.430859080249348 ] ] } },
{ "type": "Feature", "properties": { "name": "LV_52-15_0_5_line_231" }, "geometry": { "type": "LineString", "coordinates": [ [ 8.641747778777292, 47.429373178377183 ], [ 8.641777608474932, 47.429440810152308 ], [ 8.641806381256504, 47.429502725656093 ] ] } },
{ "type": "Feature", "properties": { "name": "LV_52-15_0_5_line_232" }, "geometry": { "type": "LineString", "coordinates": [ [ 8.643079008475341, 47.42936451015219 ], [ 8.643278407489772, 47.429444742292851 ] ] } },
{ "type": "Feature", "properties": { "name": "LV_52-15_0_5_line_233" }, "geometry": { "type": "LineString", "coordinates": [ [ 8.643079008475341, 47.42936451015219 ], [ 8.643036875476003, 47.42941349238049 ] ] } },
{ "type": "Feature", "properties": { "name": "LV_52-15_0_5_line_234" }, "geometry": { "type": "LineString", "coordinates": [ [ 8.643079008475341, 47.42936451015219 ], [ 8.643175582503266, 47.429252254010379 ] ] } },
{ "type": "Feature", "properties": { "name": "LV_52-15_0_5_line_235" }, "geometry": { "type": "LineString", "coordinates": [ [ 8.644193308478691, 47.429204510154158 ], [ 8.644134808468305, 47.429159110152341 ], [ 8.643984608468408, 47.429116810147441 ], [ 8.643964010723325, 47.429148940430878 ] ] } },
{ "type": "Feature", "properties": { "name": "LV_52-15_0_5_line_236" }, "geometry": { "type": "LineString", "coordinates": [ [ 8.643567908480184, 47.429085310153503 ], [ 8.64354810116401, 47.42911612156427 ] ] } },
{ "type": "Feature", "properties": { "name": "LV_52-15_0_5_line_237" }, "geometry": { "type": "LineString", "coordinates": [ [ 8.644193308478691, 47.429204510154158 ], [ 8.644338812904804, 47.429213419620659 ] ] } },
{ "type": "Feature", "properties": { "name": "LV_52-15_0_5_line_238" }, "geometry": { "type": "LineString", "coordinates": [ [ 8.639736647792157, 47.43117754056609 ], [ 8.639691308466734, 47.431158810149832 ], [ 8.639487828806782, 47.431073912991067 ] ] } },
{ "type": "Feature", "properties": { "name": "LV_52-15_0_5_line_239" }, "geometry": { "type": "LineString", "coordinates": [ [ 8.639284208468139, 47.43163101015562 ], [ 8.63944312922027, 47.431690728037502 ] ] } },
{ "type": "Feature", "properties": { "name": "LV_52-15_0_5_line_240" }, "geometry": { "type": "LineString", "coordinates": [ [ 8.641722008465546, 47.434375710149247 ], [ 8.642391941653798, 47.434493724526952 ] ] } },
{ "type": "Feature", "properties": { "name": "LV_52-15_0_5_line_241" }, "geometry": { "type": "LineString", "coordinates": [ [ 8.642980608466377, 47.434603810149305 ], [ 8.642549108469209, 47.434521410150865 ], [ 8.642391941653798, 47.434493724526952 ] ] } },
{ "type": "Feature", "properties": { "name": "LV_52-15_0_5_line_242" }, "geometry": { "type": "LineString", "coordinates": [ [ 8.642980608466377, 47.434603810149305 ], [ 8.642514820532847, 47.435025043816992 ] ] } },
{ "type": "Feature", "properties": { "name": "LV_52-15_0_5_line_243" }, "geometry": { "type": "LineString", "coordinates": [ [ 8.644338812904804, 47.429213419620659 ], [ 8.644387871205387, 47.429216423497913 ] ] } },
{ "type": "Feature", "properties": { "name": "LV_54-12_0_4_line_0" }, "geometry": { "type": "LineString", "coordinates": [ [ 8.618963421721427, 47.416348081949479 ], [ 8.618829011064582, 47.416452279163209 ] ] } },
{ "type": "Feature", "properties": { "name": "LV_54-12_0_4_line_1" }, "geometry": { "type": "LineString", "coordinates": [ [ 8.619109408459526, 47.416234910155474 ], [ 8.618963421721427, 47.416348081949479 ] ] } },
{ "type": "Feature", "properties": { "name": "LV_54-12_0_4_line_2" }, "geometry": { "type": "LineString", "coordinates": [ [ 8.618829011064582, 47.416452279163209 ], [ 8.618502694838496, 47.416705242150087 ] ] } },
{ "type": "Feature", "properties": { "name": "LV_54-12_0_4_line_3" }, "geometry": { "type": "LineString", "coordinates": [ [ 8.619109408459526, 47.416234910155474 ], [ 8.619268702142277, 47.416353126066305 ] ] } },
{ "type": "Feature", "properties": { "name": "LV_54-12_0_4_line_4" }, "geometry": { "type": "LineString", "coordinates": [ [ 8.61847280845587, 47.416728410154974 ], [ 8.618502694838496, 47.416705242150087 ] ] } },
{ "type": "Feature", "properties": { "name": "LV_54-12_0_4_line_5" }, "geometry": { "type": "LineString", "coordinates": [ [ 8.619595215127376, 47.416595437356307 ], [ 8.619268702142277, 47.416353126066305 ] ] } },
{ "type": "Feature", "properties": { "name": "LV_54-12_0_4_line_6" }, "geometry": { "type": "LineString", "coordinates": [ [ 8.61847280845587, 47.416728410154974 ], [ 8.618570144488414, 47.416839186102216 ] ] } },
{ "type": "Feature", "properties": { "name": "LV_54-12_0_4_line_7" }, "geometry": { "type": "LineString", "coordinates": [ [ 8.61847280845587, 47.416728410154974 ], [ 8.618295191872054, 47.416875068384726 ] ] } },
{ "type": "Feature", "properties": { "name": "LV_54-12_0_4_line_8" }, "geometry": { "type": "LineString", "coordinates": [ [ 8.619603926101908, 47.416601901890324 ], [ 8.619595215127376, 47.416595437356307 ] ] } },
{ "type": "Feature", "properties": { "name": "LV_54-12_0_4_line_9" }, "geometry": { "type": "LineString", "coordinates": [ [ 8.618570144488414, 47.416839186102216 ], [ 8.618663444819283, 47.416945368601262 ] ] } },
{ "type": "Feature", "properties": { "name": "LV_54-12_0_4_line_10" }, "geometry": { "type": "LineString", "coordinates": [ [ 8.61804518501321, 47.417081497521615 ], [ 8.618295191872054, 47.416875068384726 ] ] } },
{ "type": "Feature", "properties": { "name": "LV_54-12_0_4_line_11" }, "geometry": { "type": "LineString", "coordinates": [ [ 8.619603926101908, 47.416601901890324 ], [ 8.61961664156283, 47.416611338196333 ] ] } },
{ "type": "Feature", "properties": { "name": "LV_54-12_0_4_line_12" }, "geometry": { "type": "LineString", "coordinates": [ [ 8.61775675894147, 47.416541689821514 ], [ 8.617971382827662, 47.416365797358523 ] ] } },
{ "type": "Feature", "properties": { "name": "LV_54-12_0_4_line_13" }, "geometry": { "type": "LineString", "coordinates": [ [ 8.617583708457767, 47.416683510152076 ], [ 8.61775675894147, 47.416541689821514 ] ] } },
{ "type": "Feature", "properties": { "name": "LV_54-12_0_4_line_14" }, "geometry": { "type": "LineString", "coordinates": [ [ 8.618359508457141, 47.416341010150603 ], [ 8.61814670844792, 47.416222110152709 ], [ 8.617971382827662, 47.416365797358523 ] ] } },
{ "type": "Feature", "properties": { "name": "LV_54-12_0_4_line_15" }, "geometry": { "type": "LineString", "coordinates": [ [ 8.617907708455563, 47.41719501015433 ], [ 8.617583708457767, 47.416683510152076 ] ] } },
{ "type": "Feature", "properties": { "name": "LV_54-12_0_4_line_16" }, "geometry": { "type": "LineString", "coordinates": [ [ 8.617907708455563, 47.41719501015433 ], [ 8.617932450717907, 47.417174580834747 ] ] } },
{ "type": "Feature", "properties": { "name": "LV_54-12_0_4_line_17" }, "geometry": { "type": "LineString", "coordinates": [ [ 8.617907708455563, 47.41719501015433 ], [ 8.617695108452367, 47.417470310157945 ] ] } },
{ "type": "Feature", "properties": { "name": "LV_54-12_0_4_line_18" }, "geometry": { "type": "LineString", "coordinates": [ [ 8.61804518501321, 47.417081497521615 ], [ 8.617932450717907, 47.417174580834747 ] ] } },
{ "type": "Feature", "properties": { "name": "LV_54-12_0_4_line_19" }, "geometry": { "type": "LineString", "coordinates": [ [ 8.617695108452367, 47.417470310157945 ], [ 8.61777940845117, 47.417614710158318 ], [ 8.617835018660202, 47.417724399431286 ] ] } },
{ "type": "Feature", "properties": { "name": "LV_54-12_0_4_line_20" }, "geometry": { "type": "LineString", "coordinates": [ [ 8.618016708458326, 47.418086010158369 ], [ 8.617931908455438, 47.417915510159318 ], [ 8.617835018660202, 47.417724399431286 ] ] } },
{ "type": "Feature", "properties": { "name": "LV_54-12_0_4_line_21" }, "geometry": { "type": "LineString", "coordinates": [ [ 8.618016708458326, 47.418086010158369 ], [ 8.618101508452231, 47.418065210151504 ] ] } },
{ "type": "Feature", "properties": { "name": "LV_54-12_0_4_line_22" }, "geometry": { "type": "LineString", "coordinates": [ [ 8.618663444819283, 47.416945368601262 ], [ 8.618674232969793, 47.416957646256066 ] ] } },
{ "type": "Feature", "properties": { "name": "LV_54-12_0_4_line_23" }, "geometry": { "type": "LineString", "coordinates": [ [ 8.618807057676156, 47.417108809382199 ], [ 8.618674232969793, 47.416957646256066 ] ] } },
{ "type": "Feature", "properties": { "name": "LV_54-12_0_4_line_24" }, "geometry": { "type": "LineString", "coordinates": [ [ 8.619743808453766, 47.416705710158425 ], [ 8.61961664156283, 47.416611338196333 ] ] } },
{ "type": "Feature", "properties": { "name": "LV_54-12_0_4_line_25" }, "geometry": { "type": "LineString", "coordinates": [ [ 8.619743808453766, 47.416705710158425 ], [ 8.619824544325137, 47.416769452772158 ] ] } },
{ "type": "Feature", "properties": { "name": "LV_54-12_0_4_line_26" }, "geometry": { "type": "LineString", "coordinates": [ [ 8.619743808453766, 47.416705710158425 ], [ 8.619893978329491, 47.416593964013813 ] ] } },
{ "type": "Feature", "properties": { "name": "LV_54-12_0_4_line_27" }, "geometry": { "type": "LineString", "coordinates": [ [ 8.619073966322761, 47.418181340739906 ], [ 8.619140257590331, 47.4181303574737 ] ] } },
{ "type": "Feature", "properties": { "name": "LV_54-12_0_4_line_28" }, "geometry": { "type": "LineString", "coordinates": [ [ 8.619237535209535, 47.418055542991482 ], [ 8.619140257590331, 47.4181303574737 ] ] } },
{ "type": "Feature", "properties": { "name": "LV_54-12_0_4_line_29" }, "geometry": { "type": "LineString", "coordinates": [ [ 8.619465708460149, 47.417880110156219 ], [ 8.619400108459903, 47.417930510158399 ], [ 8.619237535209535, 47.418055542991482 ] ] } },
{ "type": "Feature", "properties": { "name": "LV_54-12_0_4_line_30" }, "geometry": { "type": "LineString", "coordinates": [ [ 8.619465708460149, 47.417880110156219 ], [ 8.61931305295821, 47.417697203430357 ] ] } },
{ "type": "Feature", "properties": { "name": "LV_54-12_0_4_line_31" }, "geometry": { "type": "LineString", "coordinates": [ [ 8.61931305295821, 47.417697203430357 ], [ 8.619226800139627, 47.417593857530917 ] ] } },
{ "type": "Feature", "properties": { "name": "LV_54-12_0_4_line_32" }, "geometry": { "type": "LineString", "coordinates": [ [ 8.619104408455023, 47.417447210153924 ], [ 8.619226800139627, 47.417593857530917 ] ] } },
{ "type": "Feature", "properties": { "name": "LV_54-12_0_4_line_33" }, "geometry": { "type": "LineString", "coordinates": [ [ 8.619842716921186, 47.417588021502389 ], [ 8.620039849749279, 47.417435290360835 ] ] } },
{ "type": "Feature", "properties": { "name": "LV_54-12_0_4_line_34" }, "geometry": { "type": "LineString", "coordinates": [ [ 8.620346108457353, 47.417198010153108 ], [ 8.620039849749279, 47.417435290360835 ] ] } },
{ "type": "Feature", "properties": { "name": "LV_54-12_0_4_line_35" }, "geometry": { "type": "LineString", "coordinates": [ [ 8.618807057676156, 47.417108809382199 ], [ 8.618893645060608, 47.41720735089018 ] ] } },
{ "type": "Feature", "properties": { "name": "LV_54-12_0_4_line_36" }, "geometry": { "type": "LineString", "coordinates": [ [ 8.618958302497111, 47.417280934550618 ], [ 8.618893645060608, 47.41720735089018 ] ] } },
{ "type": "Feature", "properties": { "name": "LV_54-12_0_4_line_37" }, "geometry": { "type": "LineString", "coordinates": [ [ 8.619049382531763, 47.417384588150348 ], [ 8.618958302497111, 47.417280934550618 ] ] } },
{ "type": "Feature", "properties": { "name": "LV_54-12_0_4_line_38" }, "geometry": { "type": "LineString", "coordinates": [ [ 8.619049382531763, 47.417384588150348 ], [ 8.619104408455023, 47.417447210153924 ], [ 8.619104408455023, 47.417447210153924 ] ] } },
{ "type": "Feature", "properties": { "name": "LV_54-12_0_4_line_39" }, "geometry": { "type": "LineString", "coordinates": [ [ 8.620295888113255, 47.4162695458716 ], [ 8.620294579231649, 47.416270618944111 ] ] } },
{ "type": "Feature", "properties": { "name": "LV_54-12_0_4_line_40" }, "geometry": { "type": "LineString", "coordinates": [ [ 8.620294579231649, 47.416270618944111 ], [ 8.620154899119663, 47.416385134127857 ] ] } },
{ "type": "Feature", "properties": { "name": "LV_54-12_0_4_line_41" }, "geometry": { "type": "LineString", "coordinates": [ [ 8.620117992662705, 47.416415391364282 ], [ 8.620154899119663, 47.416385134127857 ] ] } },
{ "type": "Feature", "properties": { "name": "LV_54-12_0_4_line_42" }, "geometry": { "type": "LineString", "coordinates": [ [ 8.620096512470052, 47.416433001578589 ], [ 8.620117992662705, 47.416415391364282 ] ] } },
{ "type": "Feature", "properties": { "name": "LV_54-12_0_4_line_43" }, "geometry": { "type": "LineString", "coordinates": [ [ 8.620096512470052, 47.416433001578589 ], [ 8.619961108459444, 47.416544010150311 ], [ 8.619893978329491, 47.416593964013813 ] ] } },
{ "type": "Feature", "properties": { "name": "LV_54-12_0_4_line_44" }, "geometry": { "type": "LineString", "coordinates": [ [ 8.620346108457353, 47.417198010153108 ], [ 8.620574508452352, 47.41737071015779 ] ] } },
{ "type": "Feature", "properties": { "name": "LV_54-12_0_4_line_45" }, "geometry": { "type": "LineString", "coordinates": [ [ 8.620346108457353, 47.417198010153108 ], [ 8.620277808458225, 47.417127310155138 ], [ 8.620220073632945, 47.417081728200429 ] ] } },
{ "type": "Feature", "properties": { "name": "LV_54-12_0_4_line_46" }, "geometry": { "type": "LineString", "coordinates": [ [ 8.620020147364134, 47.416923884492491 ], [ 8.619824544325137, 47.416769452772158 ] ] } },
{ "type": "Feature", "properties": { "name": "LV_54-12_0_4_line_47" }, "geometry": { "type": "LineString", "coordinates": [ [ 8.620020147364134, 47.416923884492491 ], [ 8.620102971153447, 47.41698927483349 ] ] } },
{ "type": "Feature", "properties": { "name": "LV_54-12_0_4_line_48" }, "geometry": { "type": "LineString", "coordinates": [ [ 8.620102971153447, 47.41698927483349 ], [ 8.620220073632945, 47.417081728200429 ] ] } },
{ "type": "Feature", "properties": { "name": "LV_54-12_0_4_line_49" }, "geometry": { "type": "LineString", "coordinates": [ [ 8.620574508452352, 47.41737071015779 ], [ 8.620834847362952, 47.417174766981525 ] ] } },
{ "type": "Feature", "properties": { "name": "LV_54-15_0_5_line_0" }, "geometry": { "type": "LineString", "coordinates": [ [ 8.614491811314558, 47.423459767095515 ], [ 8.614477808451722, 47.423475710157469 ], [ 8.614459034337338, 47.423490602719149 ] ] } },
{ "type": "Feature", "properties": { "name": "LV_54-15_0_5_line_1" }, "geometry": { "type": "LineString", "coordinates": [ [ 8.6145875084478, 47.423350810156933 ], [ 8.614491811314558, 47.423459767095515 ] ] } },
{ "type": "Feature", "properties": { "name": "LV_54-15_0_5_line_2" }, "geometry": { "type": "LineString", "coordinates": [ [ 8.614350866331199, 47.423550541185691 ], [ 8.614406708446799, 47.42353211015628 ], [ 8.614459034337338, 47.423490602719149 ] ] } },
{ "type": "Feature", "properties": { "name": "LV_54-15_0_5_line_3" }, "geometry": { "type": "LineString", "coordinates": [ [ 8.6145875084478, 47.423350810156933 ], [ 8.614269275542155, 47.423231284121556 ] ] } },
{ "type": "Feature", "properties": { "name": "LV_54-15_0_5_line_4" }, "geometry": { "type": "LineString", "coordinates": [ [ 8.614350866331199, 47.423550541185691 ], [ 8.614244008443816, 47.423585810161335 ], [ 8.614169747086352, 47.423606346366675 ] ] } },
{ "type": "Feature", "properties": { "name": "LV_54-15_0_5_line_5" }, "geometry": { "type": "LineString", "coordinates": [ [ 8.614030608447809, 47.42314171016131 ], [ 8.614124508442199, 47.423176910161978 ], [ 8.614269275542155, 47.423231284121556 ] ] } },
{ "type": "Feature", "properties": { "name": "LV_54-15_0_5_line_6" }, "geometry": { "type": "LineString", "coordinates": [ [ 8.614030608447809, 47.42314171016131 ], [ 8.6141362084539, 47.422994910160575 ], [ 8.614177708452216, 47.422881510153495 ] ] } },
{ "type": "Feature", "properties": { "name": "LV_54-15_0_5_line_7" }, "geometry": { "type": "LineString", "coordinates": [ [ 8.614030608447809, 47.42314171016131 ], [ 8.613921308448564, 47.423276710160799 ], [ 8.613696908441808, 47.423471610156255 ] ] } },
{ "type": "Feature", "properties": { "name": "LV_54-15_0_5_line_8" }, "geometry": { "type": "LineString", "coordinates": [ [ 8.614177708452216, 47.422881510153495 ], [ 8.614556109824365, 47.422885796858303 ] ] } },
{ "type": "Feature", "properties": { "name": "LV_54-15_0_5_line_9" }, "geometry": { "type": "LineString", "coordinates": [ [ 8.614177708452216, 47.422881510153495 ], [ 8.614179508447323, 47.422752810161171 ], [ 8.614171408450128, 47.422683010160455 ], [ 8.614152408453077, 47.422624510156702 ], [ 8.614150497374117, 47.422619925117061 ] ] } },
{ "type": "Feature", "properties": { "name": "LV_54-15_0_5_line_10" }, "geometry": { "type": "LineString", "coordinates": [ [ 8.613696908441808, 47.423471610156255 ], [ 8.613647312849622, 47.423504288401638 ] ] } },
{ "type": "Feature", "properties": { "name": "LV_54-15_0_5_line_11" }, "geometry": { "type": "LineString", "coordinates": [ [ 8.613696908441808, 47.423471610156255 ], [ 8.613752850520081, 47.423602316252762 ] ] } },
{ "type": "Feature", "properties": { "name": "LV_54-15_0_5_line_12" }, "geometry": { "type": "LineString", "coordinates": [ [ 8.613897208445101, 47.423937510158858 ], [ 8.613878158890996, 47.423893428840444 ] ] } },
{ "type": "Feature", "properties": { "name": "LV_54-15_0_5_line_13" }, "geometry": { "type": "LineString", "coordinates": [ [ 8.613803908440868, 47.423721610161721 ], [ 8.613878158890996, 47.423893428840444 ] ] } },
{ "type": "Feature", "properties": { "name": "LV_54-15_0_5_line_14" }, "geometry": { "type": "LineString", "coordinates": [ [ 8.613897208445101, 47.423937510158858 ], [ 8.613664608442427, 47.424027710160445 ], [ 8.613559402715625, 47.424074982639915 ] ] } },
{ "type": "Feature", "properties": { "name": "LV_54-15_0_5_line_15" }, "geometry": { "type": "LineString", "coordinates": [ [ 8.613803908440868, 47.423721610161721 ], [ 8.613752850520081, 47.423602316252762 ] ] } },
{ "type": "Feature", "properties": { "name": "LV_54-15_0_5_line_16" }, "geometry": { "type": "LineString", "coordinates": [ [ 8.613341708446558, 47.424159010156636 ], [ 8.613514608442916, 47.424095110157864 ], [ 8.613559402715625, 47.424074982639915 ] ] } },
{ "type": "Feature", "properties": { "name": "LV_54-15_0_5_line_17" }, "geometry": { "type": "LineString", "coordinates": [ [ 8.613341708446558, 47.424159010156636 ], [ 8.613009408440508, 47.424098210158895 ], [ 8.612938608444452, 47.424121410157561 ] ] } },
{ "type": "Feature", "properties": { "name": "LV_54-15_0_5_line_18" }, "geometry": { "type": "LineString", "coordinates": [ [ 8.612938608444452, 47.424121410157561 ], [ 8.612970508446798, 47.424162210155401 ], [ 8.613022849002949, 47.424220325226422 ] ] } },
{ "type": "Feature", "properties": { "name": "LV_54-15_0_5_line_19" }, "geometry": { "type": "LineString", "coordinates": [ [ 8.612760808447737, 47.423893910154398 ], [ 8.612938608444452, 47.424121410157561 ] ] } },
{ "type": "Feature", "properties": { "name": "LV_54-15_0_5_line_20" }, "geometry": { "type": "LineString", "coordinates": [ [ 8.613555608452314, 47.422862610153636 ], [ 8.613401508451936, 47.422763710160943 ] ] } },
{ "type": "Feature", "properties": { "name": "LV_54-15_0_5_line_21" }, "geometry": { "type": "LineString", "coordinates": [ [ 8.613555608452314, 47.422862610153636 ], [ 8.613597608447101, 47.42281781015533 ], [ 8.613597608446991, 47.422768310157601 ], [ 8.613648408446668, 47.422746210154699 ], [ 8.613654141146991, 47.422730410289901 ] ] } },
{ "type": "Feature", "properties": { "name": "LV_54-15_0_5_line_22" }, "geometry": { "type": "LineString", "coordinates": [ [ 8.613401508451936, 47.422763710160943 ], [ 8.613267308447837, 47.422856610156465 ], [ 8.61326150844569, 47.423009210159805 ] ] } },
{ "type": "Feature", "properties": { "name": "LV_54-15_0_5_line_23" }, "geometry": { "type": "LineString", "coordinates": [ [ 8.613401508451936, 47.422763710160943 ], [ 8.613331108441706, 47.422718510161921 ], [ 8.613065647395269, 47.42257376348558 ] ] } },
{ "type": "Feature", "properties": { "name": "LV_54-15_0_5_line_24" }, "geometry": { "type": "LineString", "coordinates": [ [ 8.613654141146991, 47.422730410289901 ], [ 8.613660708440385, 47.422712310154466 ], [ 8.613636808448371, 47.42268531016078 ], [ 8.61363900844556, 47.422650010159586 ], [ 8.613768887000514, 47.422590188141974 ] ] } },
{ "type": "Feature", "properties": { "name": "LV_54-15_0_5_line_25" }, "geometry": { "type": "LineString", "coordinates": [ [ 8.614102908451752, 47.422521210161122 ], [ 8.614127608452133, 47.422565010153328 ], [ 8.614150497374117, 47.422619925117061 ] ] } },
{ "type": "Feature", "properties": { "name": "LV_54-15_0_5_line_26" }, "geometry": { "type": "LineString", "coordinates": [ [ 8.614102908451752, 47.422521210161122 ], [ 8.613967608446046, 47.422558210160169 ], [ 8.613852208449543, 47.422551810158964 ], [ 8.613768887000514, 47.422590188141974 ] ] } },
{ "type": "Feature", "properties": { "name": "LV_54-15_0_5_line_27" }, "geometry": { "type": "LineString", "coordinates": [ [ 8.614102908451752, 47.422521210161122 ], [ 8.61404481391687, 47.422424326372081 ] ] } },
{ "type": "Feature", "properties": { "name": "LV_54-15_0_5_line_28" }, "geometry": { "type": "LineString", "coordinates": [ [ 8.61394130845396, 47.4222517101582 ], [ 8.61404481391687, 47.422424326372081 ] ] } },
{ "type": "Feature", "properties": { "name": "LV_54-15_0_5_line_29" }, "geometry": { "type": "LineString", "coordinates": [ [ 8.613065647395269, 47.42257376348558 ], [ 8.613059320219918, 47.422570313472647 ] ] } },
{ "type": "Feature", "properties": { "name": "LV_54-15_0_5_line_30" }, "geometry": { "type": "LineString", "coordinates": [ [ 8.61394130845396, 47.4222517101582 ], [ 8.613730408445859, 47.421900210156018 ], [ 8.613668008445263, 47.421807510159667 ] ] } },
{ "type": "Feature", "properties": { "name": "LV_54-15_0_5_line_31" }, "geometry": { "type": "LineString", "coordinates": [ [ 8.613059320219918, 47.422570313472647 ], [ 8.61294450844942, 47.422507710154022 ], [ 8.612779542385118, 47.42244063496841 ] ] } },
{ "type": "Feature", "properties": { "name": "LV_54-15_0_5_line_32" }, "geometry": { "type": "LineString", "coordinates": [ [ 8.613668008445263, 47.421807510159667 ], [ 8.613404352938163, 47.421878739829019 ] ] } },
{ "type": "Feature", "properties": { "name": "LV_54-15_0_5_line_33" }, "geometry": { "type": "LineString", "coordinates": [ [ 8.61263136555592, 47.422380385944507 ], [ 8.612779542385118, 47.42244063496841 ] ] } },
{ "type": "Feature", "properties": { "name": "LV_54-15_0_5_line_34" }, "geometry": { "type": "LineString", "coordinates": [ [ 8.612544608442867, 47.422345110155703 ], [ 8.61263136555592, 47.422380385944507 ] ] } },
{ "type": "Feature", "properties": { "name": "LV_54-15_0_5_line_35" }, "geometry": { "type": "LineString", "coordinates": [ [ 8.612322308441611, 47.422269710161977 ], [ 8.612503708441714, 47.422331210159264 ], [ 8.612544608442867, 47.422345110155703 ] ] } },
{ "type": "Feature", "properties": { "name": "LV_54-15_0_5_line_36" }, "geometry": { "type": "LineString", "coordinates": [ [ 8.612322308441611, 47.422269710161977 ], [ 8.611937698318169, 47.422132627010555 ] ] } },
{ "type": "Feature", "properties": { "name": "LV_54-15_0_5_line_37" }, "geometry": { "type": "LineString", "coordinates": [ [ 8.612322308441611, 47.422269710161977 ], [ 8.612290208452336, 47.422310710154939 ], [ 8.612002408448351, 47.422561610160962 ], [ 8.611997685215774, 47.422565473966159 ] ] } },
{ "type": "Feature", "properties": { "name": "LV_54-15_0_5_line_38" }, "geometry": { "type": "LineString", "coordinates": [ [ 8.611937698318169, 47.422132627010555 ], [ 8.611717408451602, 47.422054110160644 ], [ 8.611571568979871, 47.421991329160896 ] ] } },
{ "type": "Feature", "properties": { "name": "LV_54-15_0_5_line_39" }, "geometry": { "type": "LineString", "coordinates": [ [ 8.611904231233755, 47.422641923381263 ], [ 8.611997685215774, 47.422565473966159 ] ] } },
{ "type": "Feature", "properties": { "name": "LV_54-15_0_5_line_40" }, "geometry": { "type": "LineString", "coordinates": [ [ 8.613296008453343, 47.421908010160315 ], [ 8.613404352938163, 47.421878739829019 ] ] } },
{ "type": "Feature", "properties": { "name": "LV_54-15_0_5_line_41" }, "geometry": { "type": "LineString", "coordinates": [ [ 8.613296008453343, 47.421908010160315 ], [ 8.612957821559565, 47.421637304195634 ] ] } },
{ "type": "Feature", "properties": { "name": "LV_54-15_0_5_line_42" }, "geometry": { "type": "LineString", "coordinates": [ [ 8.613296008453343, 47.421908010160315 ], [ 8.613020544259374, 47.421986795945493 ] ] } },
{ "type": "Feature", "properties": { "name": "LV_54-15_0_5_line_43" }, "geometry": { "type": "LineString", "coordinates": [ [ 8.612957821559565, 47.421637304195634 ], [ 8.612355336282951, 47.421290980754719 ] ] } },
{ "type": "Feature", "properties": { "name": "LV_54-15_0_5_line_44" }, "geometry": { "type": "LineString", "coordinates": [ [ 8.613017895157785, 47.421987553620255 ], [ 8.613020544259374, 47.421986795945493 ] ] } },
{ "type": "Feature", "properties": { "name": "LV_54-15_0_5_line_45" }, "geometry": { "type": "LineString", "coordinates": [ [ 8.612083308451099, 47.42132991015491 ], [ 8.612355336282951, 47.421290980754719 ] ] } },
{ "type": "Feature", "properties": { "name": "LV_54-15_0_5_line_46" }, "geometry": { "type": "LineString", "coordinates": [ [ 8.611565223824435, 47.424002470084638 ], [ 8.611641808442625, 47.423913510159629 ], [ 8.61166750844102, 47.423830310158955 ], [ 8.61165638345798, 47.423801047551414 ] ] } },
{ "type": "Feature", "properties": { "name": "LV_54-15_0_5_line_47" }, "geometry": { "type": "LineString", "coordinates": [ [ 8.611368370998987, 47.424171600816528 ], [ 8.611412208439264, 47.42418021015704 ], [ 8.611565223824435, 47.424002470084638 ] ] } },
{ "type": "Feature", "properties": { "name": "LV_54-15_0_5_line_48" }, "geometry": { "type": "LineString", "coordinates": [ [ 8.611368370998987, 47.424171600816528 ], [ 8.611324223817029, 47.424162930627993 ] ] } },
{ "type": "Feature", "properties": { "name": "LV_54-15_0_5_line_49" }, "geometry": { "type": "LineString", "coordinates": [ [ 8.61099620843803, 47.424098510160505 ], [ 8.611324223817029, 47.424162930627993 ] ] } },
{ "type": "Feature", "properties": { "name": "LV_54-15_0_5_line_50" }, "geometry": { "type": "LineString", "coordinates": [ [ 8.611220608443299, 47.423597710159527 ], [ 8.611409750189566, 47.423630985251251 ] ] } },
{ "type": "Feature", "properties": { "name": "LV_54-15_0_5_line_51" }, "geometry": { "type": "LineString", "coordinates": [ [ 8.611220608443299, 47.423597710159527 ], [ 8.611248527137944, 47.423529978577037 ] ] } },
{ "type": "Feature", "properties": { "name": "LV_54-15_0_5_line_52" }, "geometry": { "type": "LineString", "coordinates": [ [ 8.611220608443299, 47.423597710159527 ], [ 8.611197308438964, 47.42364001016324 ], [ 8.611039308439048, 47.423716510160318 ] ] } },
{ "type": "Feature", "properties": { "name": "LV_54-15_0_5_line_53" }, "geometry": { "type": "LineString", "coordinates": [ [ 8.61099620843803, 47.424098510160505 ], [ 8.610901031030048, 47.424318679857031 ] ] } },
{ "type": "Feature", "properties": { "name": "LV_54-15_0_5_line_54" }, "geometry": { "type": "LineString", "coordinates": [ [ 8.61099620843803, 47.424098510160505 ], [ 8.611079508441309, 47.423905810161401 ], [ 8.611080037913037, 47.423841281311276 ] ] } },
{ "type": "Feature", "properties": { "name": "LV_54-15_0_5_line_55" }, "geometry": { "type": "LineString", "coordinates": [ [ 8.611248527137944, 47.423529978577037 ], [ 8.611329527730645, 47.423333467738843 ] ] } },
{ "type": "Feature", "properties": { "name": "LV_54-15_0_5_line_56" }, "geometry": { "type": "LineString", "coordinates": [ [ 8.610652908450076, 47.423566210158505 ], [ 8.61078590844936, 47.423584010158464 ], [ 8.610941308446149, 47.423639410159765 ], [ 8.611039308439048, 47.423716510160318 ] ] } },
{ "type": "Feature", "properties": { "name": "LV_54-15_0_5_line_57" }, "geometry": { "type": "LineString", "coordinates": [ [ 8.611039308439048, 47.423716510160318 ], [ 8.611080308446567, 47.423808310156787 ], [ 8.611080037913037, 47.423841281311276 ] ] } },
{ "type": "Feature", "properties": { "name": "LV_54-15_0_5_line_58" }, "geometry": { "type": "LineString", "coordinates": [ [ 8.610901031030048, 47.424318679857031 ], [ 8.610882257975693, 47.424362106510969 ] ] } },
{ "type": "Feature", "properties": { "name": "LV_54-15_0_5_line_59" }, "geometry": { "type": "LineString", "coordinates": [ [ 8.612181964679438, 47.424219485952619 ], [ 8.612095108438631, 47.424291110154556 ], [ 8.611938108438265, 47.424456710159468 ], [ 8.61192177789262, 47.424480327461701 ] ] } },
{ "type": "Feature", "properties": { "name": "LV_54-15_0_5_line_60" }, "geometry": { "type": "LineString", "coordinates": [ [ 8.61187590844369, 47.42455061015648 ], [ 8.611906508443361, 47.424502410156798 ], [ 8.61192177789262, 47.424480327461701 ] ] } },
{ "type": "Feature", "properties": { "name": "LV_54-15_0_5_line_61" }, "geometry": { "type": "LineString", "coordinates": [ [ 8.61187590844369, 47.42455061015648 ], [ 8.611780308450289, 47.424701310162781 ] ] } },
{ "type": "Feature", "properties": { "name": "LV_54-15_0_5_line_62" }, "geometry": { "type": "LineString", "coordinates": [ [ 8.61187590844369, 47.42455061015648 ], [ 8.612055108450429, 47.424605010156448 ], [ 8.612187808438714, 47.424676310159114 ], [ 8.612281708444835, 47.424788610156668 ], [ 8.612327408446538, 47.424839410160217 ], [ 8.612352665772219, 47.424869109773397 ] ] } },
{ "type": "Feature", "properties": { "name": "LV_54-15_0_5_line_63" }, "geometry": { "type": "LineString", "coordinates": [ [ 8.611780308450289, 47.424701310162781 ], [ 8.611264408442452, 47.424609710156822 ] ] } },
{ "type": "Feature", "properties": { "name": "LV_54-15_0_5_line_64" }, "geometry": { "type": "LineString", "coordinates": [ [ 8.611780308450289, 47.424701310162781 ], [ 8.61171270844874, 47.424967510159938 ], [ 8.611703685754449, 47.425075024535658 ] ] } },
{ "type": "Feature", "properties": { "name": "LV_54-15_0_5_line_65" }, "geometry": { "type": "LineString", "coordinates": [ [ 8.61242670845014, 47.424958710155188 ], [ 8.612407008442315, 47.424933010163002 ], [ 8.612352665772219, 47.424869109773397 ] ] } },
{ "type": "Feature", "properties": { "name": "LV_54-15_0_5_line_66" }, "geometry": { "type": "LineString", "coordinates": [ [ 8.611264408442452, 47.424609710156822 ], [ 8.610818654637521, 47.424525860370984 ] ] } },
{ "type": "Feature", "properties": { "name": "LV_54-15_0_5_line_67" }, "geometry": { "type": "LineString", "coordinates": [ [ 8.611264408442452, 47.424609710156822 ], [ 8.61119068052658, 47.424821993102967 ] ] } },
{ "type": "Feature", "properties": { "name": "LV_54-15_0_5_line_68" }, "geometry": { "type": "LineString", "coordinates": [ [ 8.61168283630442, 47.425323464950026 ], [ 8.611703685754449, 47.425075024535658 ] ] } },
{ "type": "Feature", "properties": { "name": "LV_54-15_0_5_line_69" }, "geometry": { "type": "LineString", "coordinates": [ [ 8.612324608444382, 47.425086210160231 ], [ 8.612263008445927, 47.425019110162637 ], [ 8.61242670845014, 47.424958710155188 ] ] } },
{ "type": "Feature", "properties": { "name": "LV_54-15_0_5_line_70" }, "geometry": { "type": "LineString", "coordinates": [ [ 8.612760808447737, 47.423893910154398 ], [ 8.612968656626782, 47.423817263489525 ] ] } },
{ "type": "Feature", "properties": { "name": "LV_54-15_0_5_line_71" }, "geometry": { "type": "LineString", "coordinates": [ [ 8.609190208443911, 47.423865110160854 ], [ 8.60897645515767, 47.423913177572736 ] ] } },
{ "type": "Feature", "properties": { "name": "LV_54-15_0_5_line_72" }, "geometry": { "type": "LineString", "coordinates": [ [ 8.608875808442765, 47.423935810162284 ], [ 8.60897645515767, 47.423913177572736 ] ] } },
{ "type": "Feature", "properties": { "name": "LV_54-15_0_5_line_73" }, "geometry": { "type": "LineString", "coordinates": [ [ 8.609190208443911, 47.423865110160854 ], [ 8.609036408445792, 47.423619210159565 ] ] } },
{ "type": "Feature", "properties": { "name": "LV_54-15_0_5_line_74" }, "geometry": { "type": "LineString", "coordinates": [ [ 8.609190208443911, 47.423865110160854 ], [ 8.609390132269716, 47.423817823620674 ] ] } },
{ "type": "Feature", "properties": { "name": "LV_54-15_0_5_line_75" }, "geometry": { "type": "LineString", "coordinates": [ [ 8.609036408445792, 47.423619210159565 ], [ 8.609600008445344, 47.42350951016266 ] ] } },
{ "type": "Feature", "properties": { "name": "LV_54-15_0_5_line_76" }, "geometry": { "type": "LineString", "coordinates": [ [ 8.609553808444954, 47.42377911016122 ], [ 8.609390132269716, 47.423817823620674 ] ] } },
{ "type": "Feature", "properties": { "name": "LV_54-15_0_5_line_77" }, "geometry": { "type": "LineString", "coordinates": [ [ 8.609600008445344, 47.42350951016266 ], [ 8.609890508445019, 47.423506610163606 ], [ 8.610108806114269, 47.423509188102692 ] ] } },
{ "type": "Feature", "properties": { "name": "LV_54-15_0_5_line_78" }, "geometry": { "type": "LineString", "coordinates": [ [ 8.610109337388415, 47.423509194377061 ], [ 8.610108806114269, 47.423509188102692 ] ] } },
{ "type": "Feature", "properties": { "name": "LV_54-15_0_5_line_79" }, "geometry": { "type": "LineString", "coordinates": [ [ 8.608162108443649, 47.423872510155753 ], [ 8.608377427702736, 47.423810129244863 ] ] } },
{ "type": "Feature", "properties": { "name": "LV_54-15_0_5_line_80" }, "geometry": { "type": "LineString", "coordinates": [ [ 8.608162108443649, 47.423872510155753 ], [ 8.608055185306069, 47.423704571432353 ] ] } },
{ "type": "Feature", "properties": { "name": "LV_54-15_0_5_line_81" }, "geometry": { "type": "LineString", "coordinates": [ [ 8.608162108443649, 47.423872510155753 ], [ 8.60810556881699, 47.423888815628636 ] ] } },
{ "type": "Feature", "properties": { "name": "LV_54-15_0_5_line_82" }, "geometry": { "type": "LineString", "coordinates": [ [ 8.609773194880416, 47.424041576552121 ], [ 8.609443391167618, 47.424067345601365 ] ] } },
{ "type": "Feature", "properties": { "name": "LV_54-15_0_5_line_83" }, "geometry": { "type": "LineString", "coordinates": [ [ 8.609867709362053, 47.424241725685036 ], [ 8.609884108448364, 47.424032910159191 ], [ 8.609773194880416, 47.424041576552121 ] ] } },
{ "type": "Feature", "properties": { "name": "LV_54-15_0_5_line_84" }, "geometry": { "type": "LineString", "coordinates": [ [ 8.609855608440387, 47.424395810158423 ], [ 8.609867709362053, 47.424241725685036 ] ] } },
{ "type": "Feature", "properties": { "name": "LV_54-15_0_5_line_85" }, "geometry": { "type": "LineString", "coordinates": [ [ 8.609855608440387, 47.424395810158423 ], [ 8.610050308440963, 47.424402010163256 ], [ 8.609994908448575, 47.424526410156503 ], [ 8.609978708438803, 47.424629710159017 ] ] } },
{ "type": "Feature", "properties": { "name": "LV_54-15_0_5_line_86" }, "geometry": { "type": "LineString", "coordinates": [ [ 8.609855608440387, 47.424395810158423 ], [ 8.609524108442955, 47.424385310156133 ], [ 8.609519695785567, 47.424385886745014 ] ] } },
{ "type": "Feature", "properties": { "name": "LV_54-15_0_5_line_87" }, "geometry": { "type": "LineString", "coordinates": [ [ 8.609978708438803, 47.424629710159017 ], [ 8.609962908444203, 47.424627510160271 ] ] } },
{ "type": "Feature", "properties": { "name": "LV_54-15_0_5_line_88" }, "geometry": { "type": "LineString", "coordinates": [ [ 8.609978708438803, 47.424629710159017 ], [ 8.610102215380453, 47.4246479690256 ] ] } },
{ "type": "Feature", "properties": { "name": "LV_54-15_0_5_line_89" }, "geometry": { "type": "LineString", "coordinates": [ [ 8.609962908444203, 47.424627510160271 ], [ 8.609844966841726, 47.424625244149354 ] ] } },
{ "type": "Feature", "properties": { "name": "LV_54-15_0_5_line_90" }, "geometry": { "type": "LineString", "coordinates": [ [ 8.609962908444203, 47.424627510160271 ], [ 8.609937196737327, 47.424744872865979 ] ] } },
{ "type": "Feature", "properties": { "name": "LV_54-15_0_5_line_91" }, "geometry": { "type": "LineString", "coordinates": [ [ 8.610102215380453, 47.4246479690256 ], [ 8.610234967739085, 47.424667594535798 ] ] } },
{ "type": "Feature", "properties": { "name": "LV_54-15_0_5_line_92" }, "geometry": { "type": "LineString", "coordinates": [ [ 8.608867708440018, 47.424234610157392 ], [ 8.608893946069912, 47.42432364629159 ] ] } },
{ "type": "Feature", "properties": { "name": "LV_54-15_0_5_line_93" }, "geometry": { "type": "LineString", "coordinates": [ [ 8.609021508436353, 47.424145910161933 ], [ 8.6089503084401, 47.424155510161064 ], [ 8.608867708440018, 47.424234610157392 ] ] } },
{ "type": "Feature", "properties": { "name": "LV_54-15_0_5_line_94" }, "geometry": { "type": "LineString", "coordinates": [ [ 8.608934808435894, 47.424462310161012 ], [ 8.608893946069912, 47.42432364629159 ] ] } },
{ "type": "Feature", "properties": { "name": "LV_54-15_0_5_line_95" }, "geometry": { "type": "LineString", "coordinates": [ [ 8.608934808435894, 47.424462310161012 ], [ 8.608750114759882, 47.42448644347467 ] ] } },
{ "type": "Feature", "properties": { "name": "LV_54-15_0_5_line_96" }, "geometry": { "type": "LineString", "coordinates": [ [ 8.608709047535253, 47.424491809548087 ], [ 8.608750114759882, 47.42448644347467 ] ] } },
{ "type": "Feature", "properties": { "name": "LV_54-15_0_5_line_97" }, "geometry": { "type": "LineString", "coordinates": [ [ 8.608709047535253, 47.424491809548087 ], [ 8.608332833796272, 47.424540967026559 ] ] } },
{ "type": "Feature", "properties": { "name": "LV_54-15_0_5_line_98" }, "geometry": { "type": "LineString", "coordinates": [ [ 8.610652908450076, 47.423566210158505 ], [ 8.610751325413643, 47.423476324993416 ] ] } },
{ "type": "Feature", "properties": { "name": "LV_54-15_0_5_line_99" }, "geometry": { "type": "LineString", "coordinates": [ [ 8.610652908450076, 47.423566210158505 ], [ 8.610587407602823, 47.423557454729583 ] ] } },
{ "type": "Feature", "properties": { "name": "LV_54-15_0_5_line_100" }, "geometry": { "type": "LineString", "coordinates": [ [ 8.610881808444908, 47.423237810160686 ], [ 8.610799408449497, 47.423432410160096 ], [ 8.610751325413643, 47.423476324993416 ] ] } },
{ "type": "Feature", "properties": { "name": "LV_54-15_0_5_line_101" }, "geometry": { "type": "LineString", "coordinates": [ [ 8.610109337388415, 47.423509194377061 ], [ 8.610237708444226, 47.423510710163271 ], [ 8.610587407602823, 47.423557454729583 ] ] } },
{ "type": "Feature", "properties": { "name": "LV_54-15_0_5_line_102" }, "geometry": { "type": "LineString", "coordinates": [ [ 8.610812008443554, 47.424524610159473 ], [ 8.610882257975693, 47.424362106510969 ] ] } },
{ "type": "Feature", "properties": { "name": "LV_54-15_0_5_line_103" }, "geometry": { "type": "LineString", "coordinates": [ [ 8.61140055889336, 47.423167536149222 ], [ 8.611390308450854, 47.423186010158723 ], [ 8.611329527730645, 47.423333467738843 ] ] } },
{ "type": "Feature", "properties": { "name": "LV_54-15_0_5_line_104" }, "geometry": { "type": "LineString", "coordinates": [ [ 8.610958626051007, 47.423189667403385 ], [ 8.610881808444908, 47.423237810160686 ], [ 8.610881808444908, 47.423237810160686 ] ] } },
{ "type": "Feature", "properties": { "name": "LV_54-15_0_5_line_105" }, "geometry": { "type": "LineString", "coordinates": [ [ 8.610812008443554, 47.424524610159473 ], [ 8.610818654637521, 47.424525860370984 ] ] } },
{ "type": "Feature", "properties": { "name": "LV_54-15_0_5_line_106" }, "geometry": { "type": "LineString", "coordinates": [ [ 8.61119068052658, 47.424821993102967 ], [ 8.611185355721011, 47.424837324630353 ] ] } },
{ "type": "Feature", "properties": { "name": "LV_54-15_0_5_line_107" }, "geometry": { "type": "LineString", "coordinates": [ [ 8.61168283630442, 47.425323464950026 ], [ 8.611668708449145, 47.425491810155776 ], [ 8.611661526253958, 47.4255504355394 ] ] } },
{ "type": "Feature", "properties": { "name": "LV_54-15_0_5_line_108" }, "geometry": { "type": "LineString", "coordinates": [ [ 8.612324608444382, 47.425086210160231 ], [ 8.612403808448063, 47.425190710162106 ], [ 8.61235020843872, 47.425308710162447 ], [ 8.612438208443997, 47.425406910156873 ], [ 8.612452984651183, 47.425425016746537 ] ] } },
{ "type": "Feature", "properties": { "name": "LV_54-15_0_5_line_109" }, "geometry": { "type": "LineString", "coordinates": [ [ 8.60831475640898, 47.424543329048419 ], [ 8.608332833796272, 47.424540967026559 ] ] } },
{ "type": "Feature", "properties": { "name": "LV_54-15_0_5_line_110" }, "geometry": { "type": "LineString", "coordinates": [ [ 8.608040908443623, 47.424579110155591 ], [ 8.60831475640898, 47.424543329048419 ] ] } },
{ "type": "Feature", "properties": { "name": "LV_54-15_0_5_line_111" }, "geometry": { "type": "LineString", "coordinates": [ [ 8.608040908443623, 47.424579110155591 ], [ 8.608085933628558, 47.424867024625136 ] ] } },
{ "type": "Feature", "properties": { "name": "LV_54-15_0_5_line_112" }, "geometry": { "type": "LineString", "coordinates": [ [ 8.608040908443623, 47.424579110155591 ], [ 8.608009902834295, 47.424518319702422 ] ] } },
{ "type": "Feature", "properties": { "name": "LV_54-15_0_5_line_113" }, "geometry": { "type": "LineString", "coordinates": [ [ 8.608124652470378, 47.425114610550558 ], [ 8.608085933628558, 47.424867024625136 ] ] } },
{ "type": "Feature", "properties": { "name": "LV_54-15_0_5_line_114" }, "geometry": { "type": "LineString", "coordinates": [ [ 8.607908808439742, 47.424320110162647 ], [ 8.608009902834295, 47.424518319702422 ] ] } },
{ "type": "Feature", "properties": { "name": "LV_54-15_0_5_line_115" }, "geometry": { "type": "LineString", "coordinates": [ [ 8.608124652470378, 47.425114610550558 ], [ 8.608160705970786, 47.425345150922077 ] ] } },
{ "type": "Feature", "properties": { "name": "LV_54-15_0_5_line_116" }, "geometry": { "type": "LineString", "coordinates": [ [ 8.607908808439742, 47.424320110162647 ], [ 8.607650566625603, 47.424386512572518 ] ] } },
{ "type": "Feature", "properties": { "name": "LV_54-15_0_5_line_117" }, "geometry": { "type": "LineString", "coordinates": [ [ 8.607908808439742, 47.424320110162647 ], [ 8.607718608441671, 47.424000410163053 ] ] } },
{ "type": "Feature", "properties": { "name": "LV_54-15_0_5_line_118" }, "geometry": { "type": "LineString", "coordinates": [ [ 8.608202517168131, 47.425600838321422 ], [ 8.608177808440285, 47.425454510158794 ], [ 8.608160705970786, 47.425345150922077 ] ] } },
{ "type": "Feature", "properties": { "name": "LV_54-15_0_5_line_119" }, "geometry": { "type": "LineString", "coordinates": [ [ 8.607718608441671, 47.424000410163053 ], [ 8.60810556881699, 47.423888815628636 ] ] } },
{ "type": "Feature", "properties": { "name": "LV_54-15_0_5_line_120" }, "geometry": { "type": "LineString", "coordinates": [ [ 8.610991108444416, 47.423169310154478 ], [ 8.610958626051007, 47.423189667403385 ] ] } },
{ "type": "Feature", "properties": { "name": "LV_54-15_0_5_line_121" }, "geometry": { "type": "LineString", "coordinates": [ [ 8.61140055889336, 47.423167536149222 ], [ 8.611409234556298, 47.423151900342312 ] ] } },
{ "type": "Feature", "properties": { "name": "LV_54-15_0_5_line_122" }, "geometry": { "type": "LineString", "coordinates": [ [ 8.608055185306069, 47.423704571432353 ], [ 8.607996508443813, 47.423612410157091 ], [ 8.607945618710433, 47.423556912872549 ] ] } },
{ "type": "Feature", "properties": { "name": "LV_54-15_0_5_line_123" }, "geometry": { "type": "LineString", "coordinates": [ [ 8.609593063414412, 47.42501282878581 ], [ 8.609671273001151, 47.425010218273137 ] ] } },
{ "type": "Feature", "properties": { "name": "LV_54-15_0_5_line_124" }, "geometry": { "type": "LineString", "coordinates": [ [ 8.609452808440116, 47.425017510162292 ], [ 8.609593063414412, 47.42501282878581 ] ] } },
{ "type": "Feature", "properties": { "name": "LV_54-15_0_5_line_125" }, "geometry": { "type": "LineString", "coordinates": [ [ 8.609821308445905, 47.425005210158062 ], [ 8.609671273001151, 47.425010218273137 ] ] } },
{ "type": "Feature", "properties": { "name": "LV_54-15_0_5_line_126" }, "geometry": { "type": "LineString", "coordinates": [ [ 8.609452808440116, 47.425017510162292 ], [ 8.609367508443212, 47.425020310161614 ], [ 8.609365608443312, 47.424993910158058 ], [ 8.609233136952808, 47.425004655565246 ] ] } },
{ "type": "Feature", "properties": { "name": "LV_54-15_0_5_line_127" }, "geometry": { "type": "LineString", "coordinates": [ [ 8.609821308445905, 47.425005210158062 ], [ 8.609919308438833, 47.425003010161234 ], [ 8.61003616249549, 47.425017961699204 ] ] } },
{ "type": "Feature", "properties": { "name": "LV_54-15_0_5_line_128" }, "geometry": { "type": "LineString", "coordinates": [ [ 8.609838608441967, 47.424814110163467 ], [ 8.609821308445905, 47.425005210158062 ] ] } },
{ "type": "Feature", "properties": { "name": "LV_54-15_0_5_line_129" }, "geometry": { "type": "LineString", "coordinates": [ [ 8.609233136952808, 47.425004655565246 ], [ 8.608862318876286, 47.42503473359826 ] ] } },
{ "type": "Feature", "properties": { "name": "LV_54-15_0_5_line_130" }, "geometry": { "type": "LineString", "coordinates": [ [ 8.610190508441658, 47.42503771015982 ], [ 8.61003616249549, 47.425017961699204 ] ] } },
{ "type": "Feature", "properties": { "name": "LV_54-15_0_5_line_131" }, "geometry": { "type": "LineString", "coordinates": [ [ 8.609838608441967, 47.424814110163467 ], [ 8.609920908443105, 47.424818810163153 ], [ 8.609923408439943, 47.424807810156253 ] ] } },
{ "type": "Feature", "properties": { "name": "LV_54-15_0_5_line_132" }, "geometry": { "type": "LineString", "coordinates": [ [ 8.609838608441967, 47.424814110163467 ], [ 8.609697825599088, 47.424806051589364 ] ] } },
{ "type": "Feature", "properties": { "name": "LV_54-15_0_5_line_133" }, "geometry": { "type": "LineString", "coordinates": [ [ 8.609316421058502, 47.425238432378613 ], [ 8.609283501846127, 47.425240759118836 ] ] } },
{ "type": "Feature", "properties": { "name": "LV_54-15_0_5_line_134" }, "geometry": { "type": "LineString", "coordinates": [ [ 8.609283501846127, 47.425240759118836 ], [ 8.608931291457276, 47.425265652833083 ] ] } },
{ "type": "Feature", "properties": { "name": "LV_54-15_0_5_line_135" }, "geometry": { "type": "LineString", "coordinates": [ [ 8.608698533471348, 47.425141339732519 ], [ 8.608675208437225, 47.425049910158059 ], [ 8.608862318876286, 47.42503473359826 ] ] } },
{ "type": "Feature", "properties": { "name": "LV_54-15_0_5_line_136" }, "geometry": { "type": "LineString", "coordinates": [ [ 8.610190508441658, 47.42503771015982 ], [ 8.610225908448426, 47.42501891016385 ], [ 8.610403806258361, 47.425039490370807 ] ] } },
{ "type": "Feature", "properties": { "name": "LV_54-15_0_5_line_137" }, "geometry": { "type": "LineString", "coordinates": [ [ 8.610117408448097, 47.425280410155501 ], [ 8.610113508437651, 47.425196010158025 ], [ 8.610143008443826, 47.42510331015859 ], [ 8.610170908449145, 47.425098110161166 ], [ 8.610190508441658, 47.42503771015982 ] ] } },
{ "type": "Feature", "properties": { "name": "LV_54-15_0_5_line_138" }, "geometry": { "type": "LineString", "coordinates": [ [ 8.609923408439943, 47.424807810156253 ], [ 8.610044629610041, 47.42482398222419 ] ] } },
{ "type": "Feature", "properties": { "name": "LV_54-15_0_5_line_139" }, "geometry": { "type": "LineString", "coordinates": [ [ 8.609923408439943, 47.424807810156253 ], [ 8.609937196737327, 47.424744872865979 ] ] } },
{ "type": "Feature", "properties": { "name": "LV_54-15_0_5_line_140" }, "geometry": { "type": "LineString", "coordinates": [ [ 8.608733808440139, 47.425279610158476 ], [ 8.608931291457276, 47.425265652833083 ] ] } },
{ "type": "Feature", "properties": { "name": "LV_54-15_0_5_line_141" }, "geometry": { "type": "LineString", "coordinates": [ [ 8.608733808440139, 47.425279610158476 ], [ 8.608698533471348, 47.425141339732519 ] ] } },
{ "type": "Feature", "properties": { "name": "LV_54-15_0_5_line_142" }, "geometry": { "type": "LineString", "coordinates": [ [ 8.608733808440139, 47.425279610158476 ], [ 8.608774567084833, 47.425439429294919 ] ] } },
{ "type": "Feature", "properties": { "name": "LV_54-15_0_5_line_143" }, "geometry": { "type": "LineString", "coordinates": [ [ 8.608815808439994, 47.42577951016473 ], [ 8.608780708442072, 47.425463510162032 ], [ 8.608774567084833, 47.425439429294919 ] ] } },
{ "type": "Feature", "properties": { "name": "LV_54-15_0_5_line_144" }, "geometry": { "type": "LineString", "coordinates": [ [ 8.608815808439994, 47.42577951016473 ], [ 8.608929208441069, 47.425772510160641 ] ] } },
{ "type": "Feature", "properties": { "name": "LV_54-15_0_5_line_145" }, "geometry": { "type": "LineString", "coordinates": [ [ 8.608815808439994, 47.42577951016473 ], [ 8.608507708439873, 47.425804910161226 ], [ 8.608240708438281, 47.425827010162479 ] ] } },
{ "type": "Feature", "properties": { "name": "LV_54-15_0_5_line_146" }, "geometry": { "type": "LineString", "coordinates": [ [ 8.608929208441069, 47.425772510160641 ], [ 8.609063808436337, 47.425767710159967 ], [ 8.609076552907375, 47.425766782430287 ] ] } },
{ "type": "Feature", "properties": { "name": "LV_54-15_0_5_line_147" }, "geometry": { "type": "LineString", "coordinates": [ [ 8.608240708438281, 47.425827010162479 ], [ 8.608202517168131, 47.425600838321422 ] ] } },
{ "type": "Feature", "properties": { "name": "LV_54-15_0_5_line_148" }, "geometry": { "type": "LineString", "coordinates": [ [ 8.611636108446287, 47.425757910157486 ], [ 8.611661526253958, 47.4255504355394 ] ] } },
{ "type": "Feature", "properties": { "name": "LV_54-15_0_5_line_149" }, "geometry": { "type": "LineString", "coordinates": [ [ 8.611636108446287, 47.425757910157486 ], [ 8.611295908441903, 47.425762510160723 ], [ 8.611144608449662, 47.425764610157103 ], [ 8.611027088701798, 47.425755625099278 ] ] } },
{ "type": "Feature", "properties": { "name": "LV_54-15_0_5_line_150" }, "geometry": { "type": "LineString", "coordinates": [ [ 8.610427378411371, 47.425042217304394 ], [ 8.610403806258361, 47.425039490370807 ] ] } },
{ "type": "Feature", "properties": { "name": "LV_54-15_0_5_line_151" }, "geometry": { "type": "LineString", "coordinates": [ [ 8.610117408448097, 47.425280410155501 ], [ 8.610022808446974, 47.425324310156682 ], [ 8.610022610535037, 47.425326812659684 ] ] } },
{ "type": "Feature", "properties": { "name": "LV_54-15_0_5_line_152" }, "geometry": { "type": "LineString", "coordinates": [ [ 8.610044629610041, 47.42482398222419 ], [ 8.610178247701811, 47.424841808004544 ] ] } },
{ "type": "Feature", "properties": { "name": "LV_54-15_0_5_line_153" }, "geometry": { "type": "LineString", "coordinates": [ [ 8.609428002568414, 47.425741198127668 ], [ 8.609685304738838, 47.425722466732736 ] ] } },
{ "type": "Feature", "properties": { "name": "LV_54-15_0_5_line_154" }, "geometry": { "type": "LineString", "coordinates": [ [ 8.609428002568414, 47.425741198127668 ], [ 8.609076552907375, 47.425766782430287 ] ] } },
{ "type": "Feature", "properties": { "name": "LV_54-15_0_5_line_155" }, "geometry": { "type": "LineString", "coordinates": [ [ 8.609978462690826, 47.425701124361353 ], [ 8.609685304738838, 47.425722466732736 ] ] } },
{ "type": "Feature", "properties": { "name": "LV_54-15_0_5_line_156" }, "geometry": { "type": "LineString", "coordinates": [ [ 8.610427378411371, 47.425042217304394 ], [ 8.610623130203697, 47.42506486258619 ] ] } },
{ "type": "Feature", "properties": { "name": "LV_54-15_0_5_line_157" }, "geometry": { "type": "LineString", "coordinates": [ [ 8.610623130203697, 47.42506486258619 ], [ 8.610644579949764, 47.425067343952477 ] ] } },
{ "type": "Feature", "properties": { "name": "LV_54-15_0_5_line_158" }, "geometry": { "type": "LineString", "coordinates": [ [ 8.611091208444503, 47.425119010162369 ], [ 8.61111780844888, 47.425031810160291 ], [ 8.611185355721011, 47.424837324630353 ] ] } },
{ "type": "Feature", "properties": { "name": "LV_54-15_0_5_line_159" }, "geometry": { "type": "LineString", "coordinates": [ [ 8.611091208444503, 47.425119010162369 ], [ 8.610861431635424, 47.425092429692278 ] ] } },
{ "type": "Feature", "properties": { "name": "LV_54-15_0_5_line_160" }, "geometry": { "type": "LineString", "coordinates": [ [ 8.610861431635424, 47.425092429692278 ], [ 8.610840628445285, 47.425090023162518 ] ] } },
{ "type": "Feature", "properties": { "name": "LV_54-15_0_5_line_161" }, "geometry": { "type": "LineString", "coordinates": [ [ 8.610840628445285, 47.425090023162518 ], [ 8.610644579949764, 47.425067343952477 ] ] } },
{ "type": "Feature", "properties": { "name": "LV_54-15_0_5_line_162" }, "geometry": { "type": "LineString", "coordinates": [ [ 8.61017449841547, 47.422340831225128 ], [ 8.610252021769767, 47.42235217619357 ] ] } },
{ "type": "Feature", "properties": { "name": "LV_54-15_0_5_line_163" }, "geometry": { "type": "LineString", "coordinates": [ [ 8.610252021769767, 47.42235217619357 ], [ 8.610566676067705, 47.422398222935513 ] ] } },
{ "type": "Feature", "properties": { "name": "LV_54-15_0_5_line_164" }, "geometry": { "type": "LineString", "coordinates": [ [ 8.610761247577532, 47.422429257981896 ], [ 8.610717608443657, 47.422420310156916 ], [ 8.610566676067705, 47.422398222935513 ] ] } },
{ "type": "Feature", "properties": { "name": "LV_54-15_0_5_line_165" }, "geometry": { "type": "LineString", "coordinates": [ [ 8.6095978084417, 47.42228001015507 ], [ 8.609592208449341, 47.422294210157787 ], [ 8.609585555307683, 47.422334173060811 ] ] } },
{ "type": "Feature", "properties": { "name": "LV_54-15_0_5_line_166" }, "geometry": { "type": "LineString", "coordinates": [ [ 8.6095978084417, 47.42228001015507 ], [ 8.609651798086038, 47.422060115067502 ] ] } },
{ "type": "Feature", "properties": { "name": "LV_54-15_0_5_line_167" }, "geometry": { "type": "LineString", "coordinates": [ [ 8.609585555307683, 47.422334173060811 ], [ 8.609557002375103, 47.422505679064372 ] ] } },
{ "type": "Feature", "properties": { "name": "LV_54-15_0_5_line_168" }, "geometry": { "type": "LineString", "coordinates": [ [ 8.609651798086038, 47.422060115067502 ], [ 8.609653065183059, 47.422054954297025 ] ] } },
{ "type": "Feature", "properties": { "name": "LV_54-15_0_5_line_169" }, "geometry": { "type": "LineString", "coordinates": [ [ 8.610924093629336, 47.422462647952479 ], [ 8.610761247577532, 47.422429257981896 ] ] } },
{ "type": "Feature", "properties": { "name": "LV_54-15_0_5_line_170" }, "geometry": { "type": "LineString", "coordinates": [ [ 8.609531806821796, 47.422657017662672 ], [ 8.609557002375103, 47.422505679064372 ] ] } },
{ "type": "Feature", "properties": { "name": "LV_54-15_0_5_line_171" }, "geometry": { "type": "LineString", "coordinates": [ [ 8.609653065183059, 47.422054954297025 ], [ 8.609697908440046, 47.421872310155734 ], [ 8.609706949398166, 47.421838943839873 ] ] } },
{ "type": "Feature", "properties": { "name": "LV_54-15_0_5_line_172" }, "geometry": { "type": "LineString", "coordinates": [ [ 8.610924093629336, 47.422462647952479 ], [ 8.611279509144856, 47.422535521455224 ] ] } },
{ "type": "Feature", "properties": { "name": "LV_54-15_0_5_line_173" }, "geometry": { "type": "LineString", "coordinates": [ [ 8.609531806821796, 47.422657017662672 ], [ 8.609512252276243, 47.422774472632049 ] ] } },
{ "type": "Feature", "properties": { "name": "LV_54-15_0_5_line_174" }, "geometry": { "type": "LineString", "coordinates": [ [ 8.609706949398166, 47.421838943839873 ], [ 8.609725129361838, 47.42177184916509 ] ] } },
{ "type": "Feature", "properties": { "name": "LV_54-15_0_5_line_175" }, "geometry": { "type": "LineString", "coordinates": [ [ 8.611871608442963, 47.422668610158382 ], [ 8.611904231233755, 47.422641923381263 ] ] } },
{ "type": "Feature", "properties": { "name": "LV_54-15_0_5_line_176" }, "geometry": { "type": "LineString", "coordinates": [ [ 8.611871608442963, 47.422668610158382 ], [ 8.611558479888249, 47.422598124415209 ] ] } },
{ "type": "Feature", "properties": { "name": "LV_54-15_0_5_line_177" }, "geometry": { "type": "LineString", "coordinates": [ [ 8.611871608442963, 47.422668610158382 ], [ 8.61172790844744, 47.422802810157336 ], [ 8.611701223926046, 47.422814595122148 ] ] } },
{ "type": "Feature", "properties": { "name": "LV_54-15_0_5_line_178" }, "geometry": { "type": "LineString", "coordinates": [ [ 8.611558479888249, 47.422598124415209 ], [ 8.611289208446959, 47.422537510157781 ], [ 8.611279509144856, 47.422535521455224 ] ] } },
{ "type": "Feature", "properties": { "name": "LV_54-15_0_5_line_179" }, "geometry": { "type": "LineString", "coordinates": [ [ 8.611578608439151, 47.42284031015604 ], [ 8.611578608439151, 47.42284031015604 ], [ 8.611696208444913, 47.422816810158899 ], [ 8.611701223926046, 47.422814595122148 ] ] } },
{ "type": "Feature", "properties": { "name": "LV_54-15_0_5_line_180" }, "geometry": { "type": "LineString", "coordinates": [ [ 8.611284762082112, 47.421867863496971 ], [ 8.611571568979871, 47.421991329160896 ] ] } },
{ "type": "Feature", "properties": { "name": "LV_54-15_0_5_line_181" }, "geometry": { "type": "LineString", "coordinates": [ [ 8.611578608439151, 47.42284031015604 ], [ 8.611558267496502, 47.422878153034183 ] ] } },
{ "type": "Feature", "properties": { "name": "LV_54-15_0_5_line_182" }, "geometry": { "type": "LineString", "coordinates": [ [ 8.610961844612776, 47.421723310094769 ], [ 8.611179408450445, 47.42182251015835 ], [ 8.611284762082112, 47.421867863496971 ] ] } },
{ "type": "Feature", "properties": { "name": "LV_54-15_0_5_line_183" }, "geometry": { "type": "LineString", "coordinates": [ [ 8.610691208449152, 47.421599910159074 ], [ 8.610961844612776, 47.421723310094769 ] ] } },
{ "type": "Feature", "properties": { "name": "LV_54-15_0_5_line_184" }, "geometry": { "type": "LineString", "coordinates": [ [ 8.610691208449152, 47.421599910159074 ], [ 8.610665108443815, 47.421532310155094 ] ] } },
{ "type": "Feature", "properties": { "name": "LV_54-15_0_5_line_185" }, "geometry": { "type": "LineString", "coordinates": [ [ 8.610691208449152, 47.421599910159074 ], [ 8.610597848250192, 47.421557751547994 ] ] } },
{ "type": "Feature", "properties": { "name": "LV_54-15_0_5_line_186" }, "geometry": { "type": "LineString", "coordinates": [ [ 8.610543419292812, 47.421533173012108 ], [ 8.610597848250192, 47.421557751547994 ] ] } },
{ "type": "Feature", "properties": { "name": "LV_54-15_0_5_line_187" }, "geometry": { "type": "LineString", "coordinates": [ [ 8.610262825270457, 47.421406464198675 ], [ 8.610543419292812, 47.421533173012108 ] ] } },
{ "type": "Feature", "properties": { "name": "LV_54-15_0_5_line_188" }, "geometry": { "type": "LineString", "coordinates": [ [ 8.611409234556298, 47.423151900342312 ], [ 8.611469708438456, 47.423042910154301 ], [ 8.611558267496502, 47.422878153034183 ] ] } },
{ "type": "Feature", "properties": { "name": "LV_54-15_0_5_line_189" }, "geometry": { "type": "LineString", "coordinates": [ [ 8.60981803858696, 47.42152573729183 ], [ 8.609778708448403, 47.421574110154275 ], [ 8.609725129361838, 47.42177184916509 ] ] } },
{ "type": "Feature", "properties": { "name": "LV_54-15_0_5_line_190" }, "geometry": { "type": "LineString", "coordinates": [ [ 8.610024208446141, 47.421298710155376 ], [ 8.609933108450017, 47.421384210158408 ], [ 8.60981803858696, 47.42152573729183 ] ] } },
{ "type": "Feature", "properties": { "name": "LV_54-15_0_5_line_191" }, "geometry": { "type": "LineString", "coordinates": [ [ 8.610024208446141, 47.421298710155376 ], [ 8.610262825270457, 47.421406464198675 ] ] } },
{ "type": "Feature", "properties": { "name": "LV_54-15_0_5_line_192" }, "geometry": { "type": "LineString", "coordinates": [ [ 8.609844966841726, 47.424625244149354 ], [ 8.609703459344145, 47.42462252520518 ] ] } },
{ "type": "Feature", "properties": { "name": "LV_54-15_0_5_line_193" }, "geometry": { "type": "LineString", "coordinates": [ [ 8.61023980844206, 47.424668310156193 ], [ 8.610234967739085, 47.424667594535798 ] ] } },
{ "type": "Feature", "properties": { "name": "LV_54-15_0_5_line_194" }, "geometry": { "type": "LineString", "coordinates": [ [ 8.609619408439187, 47.424620910157806 ], [ 8.609703459344145, 47.42462252520518 ] ] } },
{ "type": "Feature", "properties": { "name": "LV_54-14_0_7_line_0" }, "geometry": { "type": "LineString", "coordinates": [ [ 8.616733408443967, 47.425909710154663 ], [ 8.616727208445194, 47.425856510161715 ], [ 8.616717947794859, 47.425682957518909 ] ] } },
{ "type": "Feature", "properties": { "name": "LV_54-14_0_7_line_1" }, "geometry": { "type": "LineString", "coordinates": [ [ 8.616707908452859, 47.425494810159947 ], [ 8.616717947794859, 47.425682957518909 ] ] } },
{ "type": "Feature", "properties": { "name": "LV_54-14_0_7_line_2" }, "geometry": { "type": "LineString", "coordinates": [ [ 8.616733408443967, 47.425909710154663 ], [ 8.616977308455283, 47.425891810159179 ], [ 8.617437147039057, 47.425972432659428 ] ] } },
{ "type": "Feature", "properties": { "name": "LV_54-14_0_7_line_3" }, "geometry": { "type": "LineString", "coordinates": [ [ 8.616733408443967, 47.425909710154663 ], [ 8.616468792463182, 47.425930035799361 ] ] } },
{ "type": "Feature", "properties": { "name": "LV_54-14_0_7_line_4" }, "geometry": { "type": "LineString", "coordinates": [ [ 8.616733408443967, 47.425909710154663 ], [ 8.616677451869105, 47.426147510891397 ] ] } },
{ "type": "Feature", "properties": { "name": "LV_54-14_0_7_line_5" }, "geometry": { "type": "LineString", "coordinates": [ [ 8.616707908452859, 47.425494810159947 ], [ 8.616660808453652, 47.425161410157656 ] ] } },
{ "type": "Feature", "properties": { "name": "LV_54-14_0_7_line_6" }, "geometry": { "type": "LineString", "coordinates": [ [ 8.616707908452859, 47.425494810159947 ], [ 8.616424615418486, 47.425457425508739 ] ] } },
{ "type": "Feature", "properties": { "name": "LV_54-14_0_7_line_7" }, "geometry": { "type": "LineString", "coordinates": [ [ 8.61765125370404, 47.426009970815208 ], [ 8.617437147039057, 47.425972432659428 ] ] } },
{ "type": "Feature", "properties": { "name": "LV_54-14_0_7_line_8" }, "geometry": { "type": "LineString", "coordinates": [ [ 8.616271187510442, 47.425945213794179 ], [ 8.616468792463182, 47.425930035799361 ] ] } },
{ "type": "Feature", "properties": { "name": "LV_54-14_0_7_line_9" }, "geometry": { "type": "LineString", "coordinates": [ [ 8.61665208135231, 47.426383013387273 ], [ 8.616642508450589, 47.426296010155355 ], [ 8.616677451869105, 47.426147510891397 ] ] } },
{ "type": "Feature", "properties": { "name": "LV_54-14_0_7_line_10" }, "geometry": { "type": "LineString", "coordinates": [ [ 8.616660808453652, 47.425161410157656 ], [ 8.616770946202177, 47.425143145601048 ] ] } },
{ "type": "Feature", "properties": { "name": "LV_54-14_0_7_line_11" }, "geometry": { "type": "LineString", "coordinates": [ [ 8.616660808453652, 47.425161410157656 ], [ 8.616395608449986, 47.425153810162172 ] ] } },
{ "type": "Feature", "properties": { "name": "LV_54-14_0_7_line_12" }, "geometry": { "type": "LineString", "coordinates": [ [ 8.616424615418486, 47.425457425508739 ], [ 8.616358907038105, 47.425448754217584 ] ] } },
{ "type": "Feature", "properties": { "name": "LV_54-14_0_7_line_13" }, "geometry": { "type": "LineString", "coordinates": [ [ 8.617727908452874, 47.426023410157931 ], [ 8.61765125370404, 47.426009970815208 ] ] } },
{ "type": "Feature", "properties": { "name": "LV_54-14_0_7_line_14" }, "geometry": { "type": "LineString", "coordinates": [ [ 8.616770946202177, 47.425143145601048 ], [ 8.616861008446207, 47.425128210157901 ], [ 8.617015488421487, 47.425095439759147 ] ] } },
{ "type": "Feature", "properties": { "name": "LV_54-14_0_7_line_15" }, "geometry": { "type": "LineString", "coordinates": [ [ 8.61620450844755, 47.425164410160882 ], [ 8.616395608449986, 47.425153810162172 ] ] } },
{ "type": "Feature", "properties": { "name": "LV_54-14_0_7_line_16" }, "geometry": { "type": "LineString", "coordinates": [ [ 8.61612103312558, 47.425417362563451 ], [ 8.616358907038105, 47.425448754217584 ] ] } },
{ "type": "Feature", "properties": { "name": "LV_54-14_0_7_line_17" }, "geometry": { "type": "LineString", "coordinates": [ [ 8.617727908452874, 47.426023410157931 ], [ 8.617775496797661, 47.426162261959099 ] ] } },
{ "type": "Feature", "properties": { "name": "LV_54-14_0_7_line_18" }, "geometry": { "type": "LineString", "coordinates": [ [ 8.617061720338155, 47.425085632370177 ], [ 8.617015488421487, 47.425095439759147 ] ] } },
{ "type": "Feature", "properties": { "name": "LV_54-14_0_7_line_19" }, "geometry": { "type": "LineString", "coordinates": [ [ 8.61620450844755, 47.425164410160882 ], [ 8.616125830729269, 47.42490815861256 ] ] } },
{ "type": "Feature", "properties": { "name": "LV_54-14_0_7_line_20" }, "geometry": { "type": "LineString", "coordinates": [ [ 8.61612103312558, 47.425417362563451 ], [ 8.615907708451784, 47.425389210159494 ], [ 8.615878843304314, 47.42539287746834 ] ] } },
{ "type": "Feature", "properties": { "name": "LV_54-14_0_7_line_21" }, "geometry": { "type": "LineString", "coordinates": [ [ 8.618172281178317, 47.425335008033386 ], [ 8.618203148812999, 47.425421729857767 ] ] } },
{ "type": "Feature", "properties": { "name": "LV_54-14_0_7_line_22" }, "geometry": { "type": "LineString", "coordinates": [ [ 8.618126508445551, 47.425206410161621 ], [ 8.618172281178317, 47.425335008033386 ] ] } },
{ "type": "Feature", "properties": { "name": "LV_54-14_0_7_line_23" }, "geometry": { "type": "LineString", "coordinates": [ [ 8.6182746469382, 47.425657424076988 ], [ 8.618253508447284, 47.425591910155035 ], [ 8.618229908452937, 47.425496910154983 ], [ 8.618203148812999, 47.425421729857767 ] ] } },
{ "type": "Feature", "properties": { "name": "LV_54-14_0_7_line_24" }, "geometry": { "type": "LineString", "coordinates": [ [ 8.617939508456788, 47.424899510157864 ], [ 8.617966708450355, 47.424959610158673 ], [ 8.618013208455052, 47.424975210161193 ], [ 8.618045508444425, 47.424999610153279 ], [ 8.618063708450414, 47.425028610155124 ], [ 8.618126508445551, 47.425206410161621 ] ] } },
{ "type": "Feature", "properties": { "name": "LV_54-14_0_7_line_25" }, "geometry": { "type": "LineString", "coordinates": [ [ 8.617939508456788, 47.424899510157864 ], [ 8.617651967518949, 47.424960453228216 ] ] } },
{ "type": "Feature", "properties": { "name": "LV_54-14_0_7_line_26" }, "geometry": { "type": "LineString", "coordinates": [ [ 8.617651967518949, 47.424960453228216 ], [ 8.617475708451661, 47.4249978101561 ], [ 8.617312525252387, 47.425032427571921 ] ] } },
{ "type": "Feature", "properties": { "name": "LV_54-14_0_7_line_27" }, "geometry": { "type": "LineString", "coordinates": [ [ 8.617312525252387, 47.425032427571921 ], [ 8.617061720338155, 47.425085632370177 ] ] } },
{ "type": "Feature", "properties": { "name": "LV_54-14_0_7_line_28" }, "geometry": { "type": "LineString", "coordinates": [ [ 8.617775496797661, 47.426162261959099 ], [ 8.617777343174186, 47.426167649234472 ] ] } },
{ "type": "Feature", "properties": { "name": "LV_54-14_0_7_line_29" }, "geometry": { "type": "LineString", "coordinates": [ [ 8.617553908452988, 47.42735341015927 ], [ 8.617610786534481, 47.42733808275468 ] ] } },
{ "type": "Feature", "properties": { "name": "LV_54-14_0_7_line_30" }, "geometry": { "type": "LineString", "coordinates": [ [ 8.617553908452988, 47.42735341015927 ], [ 8.617248208451668, 47.427435810161541 ], [ 8.617127520834478, 47.427471851572456 ] ] } },
{ "type": "Feature", "properties": { "name": "LV_54-14_0_7_line_31" }, "geometry": { "type": "LineString", "coordinates": [ [ 8.616926408442833, 47.427531910158542 ], [ 8.617127520834478, 47.427471851572456 ] ] } },
{ "type": "Feature", "properties": { "name": "LV_54-14_0_7_line_32" }, "geometry": { "type": "LineString", "coordinates": [ [ 8.615874208448364, 47.42437671016188 ], [ 8.616079213400202, 47.424318099094926 ] ] } },
{ "type": "Feature", "properties": { "name": "LV_54-14_0_7_line_33" }, "geometry": { "type": "LineString", "coordinates": [ [ 8.615874208448364, 47.42437671016188 ], [ 8.615817408450473, 47.424290510156389 ], [ 8.615654695452124, 47.424098494355796 ] ] } },
{ "type": "Feature", "properties": { "name": "LV_54-14_0_7_line_34" }, "geometry": { "type": "LineString", "coordinates": [ [ 8.615874208448364, 47.42437671016188 ], [ 8.615917749242431, 47.424442778039868 ] ] } },
{ "type": "Feature", "properties": { "name": "LV_54-14_0_7_line_35" }, "geometry": { "type": "LineString", "coordinates": [ [ 8.615535403587335, 47.423978251827606 ], [ 8.615617508442199, 47.42405461016034 ], [ 8.615654695452124, 47.424098494355796 ] ] } },
{ "type": "Feature", "properties": { "name": "LV_54-14_0_7_line_36" }, "geometry": { "type": "LineString", "coordinates": [ [ 8.615917749242431, 47.424442778039868 ], [ 8.616003708446842, 47.424573210155998 ], [ 8.616065694125639, 47.424733417494679 ] ] } },
{ "type": "Feature", "properties": { "name": "LV_54-14_0_7_line_37" }, "geometry": { "type": "LineString", "coordinates": [ [ 8.615535403587335, 47.423978251827606 ], [ 8.615461011788751, 47.42390906649112 ] ] } },
{ "type": "Feature", "properties": { "name": "LV_54-14_0_7_line_38" }, "geometry": { "type": "LineString", "coordinates": [ [ 8.616069742851003, 47.424743881741335 ], [ 8.616065694125639, 47.424733417494679 ] ] } },
{ "type": "Feature", "properties": { "name": "LV_54-14_0_7_line_39" }, "geometry": { "type": "LineString", "coordinates": [ [ 8.615384608451011, 47.423838010158079 ], [ 8.615461011788751, 47.42390906649112 ] ] } },
{ "type": "Feature", "properties": { "name": "LV_54-14_0_7_line_40" }, "geometry": { "type": "LineString", "coordinates": [ [ 8.616069742851003, 47.424743881741335 ], [ 8.616097108445539, 47.424814610160922 ], [ 8.616125830729269, 47.42490815861256 ] ] } },
{ "type": "Feature", "properties": { "name": "LV_54-14_0_7_line_41" }, "geometry": { "type": "LineString", "coordinates": [ [ 8.615384608451011, 47.423838010158079 ], [ 8.615064612308458, 47.423951150508351 ] ] } },
{ "type": "Feature", "properties": { "name": "LV_54-14_0_7_line_42" }, "geometry": { "type": "LineString", "coordinates": [ [ 8.614753608447774, 47.424061110162157 ], [ 8.615064612308458, 47.423951150508351 ] ] } },
{ "type": "Feature", "properties": { "name": "LV_54-14_0_7_line_43" }, "geometry": { "type": "LineString", "coordinates": [ [ 8.615190262186671, 47.424565213217072 ], [ 8.615147508445688, 47.424513210155617 ], [ 8.615121808444528, 47.424409110158699 ], [ 8.615082682916498, 47.424372124753368 ] ] } },
{ "type": "Feature", "properties": { "name": "LV_54-14_0_7_line_44" }, "geometry": { "type": "LineString", "coordinates": [ [ 8.614928008450146, 47.424225910161248 ], [ 8.615082682916498, 47.424372124753368 ] ] } },
{ "type": "Feature", "properties": { "name": "LV_54-14_0_7_line_45" }, "geometry": { "type": "LineString", "coordinates": [ [ 8.615242008449169, 47.424682210159361 ], [ 8.615213608453546, 47.424593610160564 ], [ 8.615190262186671, 47.424565213217072 ] ] } },
{ "type": "Feature", "properties": { "name": "LV_54-14_0_7_line_46" }, "geometry": { "type": "LineString", "coordinates": [ [ 8.614753608447774, 47.424061110162157 ], [ 8.614928008450146, 47.424225910161248 ] ] } },
{ "type": "Feature", "properties": { "name": "LV_54-14_0_7_line_47" }, "geometry": { "type": "LineString", "coordinates": [ [ 8.614928008450146, 47.424225910161248 ], [ 8.614750508453747, 47.42438811015969 ], [ 8.614642408446814, 47.424403610154812 ], [ 8.614623198771724, 47.424425364050919 ] ] } },
{ "type": "Feature", "properties": { "name": "LV_54-14_0_7_line_48" }, "geometry": { "type": "LineString", "coordinates": [ [ 8.614753608447774, 47.424061110162157 ], [ 8.614603712334981, 47.424107047584094 ] ] } },
{ "type": "Feature", "properties": { "name": "LV_54-14_0_7_line_49" }, "geometry": { "type": "LineString", "coordinates": [ [ 8.615733508448885, 47.425380710154613 ], [ 8.61575115198845, 47.425372239022863 ] ] } },
{ "type": "Feature", "properties": { "name": "LV_54-14_0_7_line_50" }, "geometry": { "type": "LineString", "coordinates": [ [ 8.615733508448885, 47.425380710154613 ], [ 8.615761308453528, 47.425407810159626 ], [ 8.615878843304314, 47.42539287746834 ] ] } },
{ "type": "Feature", "properties": { "name": "LV_54-14_0_7_line_51" }, "geometry": { "type": "LineString", "coordinates": [ [ 8.615733508448885, 47.425380710154613 ], [ 8.615573822219039, 47.425433215784054 ] ] } },
{ "type": "Feature", "properties": { "name": "LV_54-14_0_7_line_52" }, "geometry": { "type": "LineString", "coordinates": [ [ 8.615573822219039, 47.425433215784054 ], [ 8.615391971714478, 47.425493008746486 ] ] } },
{ "type": "Feature", "properties": { "name": "LV_54-14_0_7_line_53" }, "geometry": { "type": "LineString", "coordinates": [ [ 8.613883008442029, 47.4248818101605 ], [ 8.614179708443761, 47.424853910159143 ] ] } },
{ "type": "Feature", "properties": { "name": "LV_54-14_0_7_line_54" }, "geometry": { "type": "LineString", "coordinates": [ [ 8.614179708443761, 47.424853910159143 ], [ 8.614204082267847, 47.424969609059666 ] ] } },
{ "type": "Feature", "properties": { "name": "LV_54-14_0_7_line_55" }, "geometry": { "type": "LineString", "coordinates": [ [ 8.614204082267847, 47.424969609059666 ], [ 8.614236673119564, 47.42512431220662 ] ] } },
{ "type": "Feature", "properties": { "name": "LV_54-14_0_7_line_56" }, "geometry": { "type": "LineString", "coordinates": [ [ 8.616784408451982, 47.427177510161194 ], [ 8.616831108442772, 47.427441410159197 ], [ 8.616926408442833, 47.427531910158542 ] ] } },
{ "type": "Feature", "properties": { "name": "LV_54-14_0_7_line_57" }, "geometry": { "type": "LineString", "coordinates": [ [ 8.616926408442833, 47.427531910158542 ], [ 8.6168432478879, 47.427620990211302 ] ] } },
{ "type": "Feature", "properties": { "name": "LV_54-14_0_7_line_58" }, "geometry": { "type": "LineString", "coordinates": [ [ 8.616784408451982, 47.427177510161194 ], [ 8.616468208452304, 47.427245310162675 ], [ 8.616439008452831, 47.427263910156526 ], [ 8.616420008450618, 47.427296510162485 ], [ 8.616408008448147, 47.427407110159571 ], [ 8.616408008448147, 47.427407110159571 ] ] } },
{ "type": "Feature", "properties": { "name": "LV_54-14_0_7_line_59" }, "geometry": { "type": "LineString", "coordinates": [ [ 8.616784408451982, 47.427177510161194 ], [ 8.616776739316581, 47.42713395705502 ] ] } },
{ "type": "Feature", "properties": { "name": "LV_54-14_0_7_line_60" }, "geometry": { "type": "LineString", "coordinates": [ [ 8.616771008445156, 47.427814610158713 ], [ 8.616811208447091, 47.427655310154719 ], [ 8.6168432478879, 47.427620990211302 ] ] } },
{ "type": "Feature", "properties": { "name": "LV_54-14_0_7_line_61" }, "geometry": { "type": "LineString", "coordinates": [ [ 8.616408008448147, 47.427407110159571 ], [ 8.616397708442664, 47.427437410157637 ], [ 8.616217703560636, 47.427547669408128 ] ] } },
{ "type": "Feature", "properties": { "name": "LV_54-14_0_7_line_62" }, "geometry": { "type": "LineString", "coordinates": [ [ 8.616686608442192, 47.426696810159463 ], [ 8.616776308449847, 47.427131510158219 ], [ 8.616776739316581, 47.42713395705502 ] ] } },
{ "type": "Feature", "properties": { "name": "LV_54-14_0_7_line_63" }, "geometry": { "type": "LineString", "coordinates": [ [ 8.615445408449041, 47.428504310156463 ], [ 8.61582090844883, 47.428646010159149 ], [ 8.615872908446766, 47.428585110160405 ], [ 8.615926508442213, 47.428560510163386 ], [ 8.616002708452354, 47.428550010162773 ], [ 8.616365308446744, 47.428615810159933 ], [ 8.616437208441608, 47.428518110162678 ], [ 8.61660560844377, 47.42828931015422 ], [ 8.616651408449044, 47.42819191015785 ], [ 8.61672810844736, 47.427984610158703 ], [ 8.616771008445156, 47.427814610158713 ] ] } },
{ "type": "Feature", "properties": { "name": "LV_54-14_0_7_line_64" }, "geometry": { "type": "LineString", "coordinates": [ [ 8.615445408449041, 47.428504310156463 ], [ 8.615240314577555, 47.42842693895625 ] ] } },
{ "type": "Feature", "properties": { "name": "LV_54-14_0_7_line_65" }, "geometry": { "type": "LineString", "coordinates": [ [ 8.616217703560636, 47.427547669408128 ], [ 8.616179108450659, 47.427571310158527 ], [ 8.616151508452834, 47.427623710160894 ], [ 8.616089608451841, 47.427679610158648 ], [ 8.616017308449234, 47.427720310159749 ], [ 8.615938108445693, 47.427732010160568 ], [ 8.615865808449357, 47.427723810161133 ], [ 8.615779808453855, 47.427702910157961 ], [ 8.615674808442957, 47.42764581015571 ], [ 8.615604878429268, 47.427696890007141 ] ] } },
{ "type": "Feature", "properties": { "name": "LV_54-14_0_7_line_66" }, "geometry": { "type": "LineString", "coordinates": [ [ 8.616505308443426, 47.426614610159596 ], [ 8.616686608442192, 47.426696810159463 ] ] } },
{ "type": "Feature", "properties": { "name": "LV_54-14_0_7_line_67" }, "geometry": { "type": "LineString", "coordinates": [ [ 8.61535820844642, 47.425504110162258 ], [ 8.615391971714478, 47.425493008746486 ] ] } },
{ "type": "Feature", "properties": { "name": "LV_54-14_0_7_line_68" }, "geometry": { "type": "LineString", "coordinates": [ [ 8.61535820844642, 47.425504110162258 ], [ 8.61513371061668, 47.425542036480536 ] ] } },
{ "type": "Feature", "properties": { "name": "LV_54-14_0_7_line_69" }, "geometry": { "type": "LineString", "coordinates": [ [ 8.61550560844605, 47.425766010158121 ], [ 8.61535820844642, 47.425504110162258 ] ] } },
{ "type": "Feature", "properties": { "name": "LV_54-14_0_7_line_70" }, "geometry": { "type": "LineString", "coordinates": [ [ 8.61477013910093, 47.425603456665236 ], [ 8.61513371061668, 47.425542036480536 ] ] } },
{ "type": "Feature", "properties": { "name": "LV_54-14_0_7_line_71" }, "geometry": { "type": "LineString", "coordinates": [ [ 8.615312308453035, 47.425818010156313 ], [ 8.61550560844605, 47.425766010158121 ] ] } },
{ "type": "Feature", "properties": { "name": "LV_54-14_0_7_line_72" }, "geometry": { "type": "LineString", "coordinates": [ [ 8.61550560844605, 47.425766010158121 ], [ 8.615656514448631, 47.425880354033126 ] ] } },
{ "type": "Feature", "properties": { "name": "LV_54-14_0_7_line_73" }, "geometry": { "type": "LineString", "coordinates": [ [ 8.61477013910093, 47.425603456665236 ], [ 8.61461706947715, 47.425629315191827 ] ] } },
{ "type": "Feature", "properties": { "name": "LV_54-14_0_7_line_74" }, "geometry": { "type": "LineString", "coordinates": [ [ 8.615312308453035, 47.425818010156313 ], [ 8.615168706381992, 47.425854993179996 ] ] } },
{ "type": "Feature", "properties": { "name": "LV_54-14_0_7_line_75" }, "geometry": { "type": "LineString", "coordinates": [ [ 8.615790808441428, 47.42598211015774 ], [ 8.615656514448631, 47.425880354033126 ] ] } },
{ "type": "Feature", "properties": { "name": "LV_54-14_0_7_line_76" }, "geometry": { "type": "LineString", "coordinates": [ [ 8.616505308443426, 47.426614610159596 ], [ 8.616390308444819, 47.426708210156782 ], [ 8.616267708891968, 47.426739418556757 ] ] } },
{ "type": "Feature", "properties": { "name": "LV_54-14_0_7_line_77" }, "geometry": { "type": "LineString", "coordinates": [ [ 8.615956608441797, 47.42681861015943 ], [ 8.616267708891968, 47.426739418556757 ] ] } },
{ "type": "Feature", "properties": { "name": "LV_54-14_0_7_line_78" }, "geometry": { "type": "LineString", "coordinates": [ [ 8.615956608441797, 47.42681861015943 ], [ 8.616026608443999, 47.426907410160943 ], [ 8.616037308444749, 47.426941510159821 ], [ 8.616019008454117, 47.426971510157045 ], [ 8.615960908447683, 47.427002510156527 ], [ 8.615910408449718, 47.427060410154567 ], [ 8.615884408444844, 47.427104910154959 ], [ 8.615856908441744, 47.427116310161082 ], [ 8.61583400845044, 47.427114210161875 ], [ 8.615808708453155, 47.427105110161612 ] ] } },
{ "type": "Feature", "properties": { "name": "LV_54-14_0_7_line_79" }, "geometry": { "type": "LineString", "coordinates": [ [ 8.615895708441254, 47.426741610156469 ], [ 8.615956608441797, 47.42681861015943 ] ] } },
{ "type": "Feature", "properties": { "name": "LV_54-14_0_7_line_80" }, "geometry": { "type": "LineString", "coordinates": [ [ 8.615781608445001, 47.426034010162269 ], [ 8.615790808441428, 47.42598211015774 ] ] } },
{ "type": "Feature", "properties": { "name": "LV_54-14_0_7_line_81" }, "geometry": { "type": "LineString", "coordinates": [ [ 8.615781608445001, 47.426034010162269 ], [ 8.615767608449572, 47.426112710158677 ], [ 8.615783308446456, 47.426287110158299 ] ] } },
{ "type": "Feature", "properties": { "name": "LV_54-14_0_7_line_82" }, "geometry": { "type": "LineString", "coordinates": [ [ 8.615781608445001, 47.426034010162269 ], [ 8.615554450944581, 47.426072560781911 ] ] } },
{ "type": "Feature", "properties": { "name": "LV_54-14_0_7_line_83" }, "geometry": { "type": "LineString", "coordinates": [ [ 8.615783308446456, 47.426287110158299 ], [ 8.615823608445089, 47.426496010159148 ], [ 8.615827022357282, 47.426511103995985 ] ] } },
{ "type": "Feature", "properties": { "name": "LV_54-14_0_7_line_84" }, "geometry": { "type": "LineString", "coordinates": [ [ 8.615554450944581, 47.426072560781911 ], [ 8.615534394673798, 47.426075964489819 ] ] } },
{ "type": "Feature", "properties": { "name": "LV_54-14_0_7_line_85" }, "geometry": { "type": "LineString", "coordinates": [ [ 8.615872508444056, 47.426712210162286 ], [ 8.615827022357282, 47.426511103995985 ] ] } },
{ "type": "Feature", "properties": { "name": "LV_54-14_0_7_line_86" }, "geometry": { "type": "LineString", "coordinates": [ [ 8.615387087963361, 47.426090204659452 ], [ 8.615398008447981, 47.426099110156002 ], [ 8.615534394673798, 47.426075964489819 ] ] } },
{ "type": "Feature", "properties": { "name": "LV_54-14_0_7_line_87" }, "geometry": { "type": "LineString", "coordinates": [ [ 8.615073508441428, 47.425879510159746 ], [ 8.615168706381992, 47.425854993179996 ] ] } },
{ "type": "Feature", "properties": { "name": "LV_54-14_0_7_line_88" }, "geometry": { "type": "LineString", "coordinates": [ [ 8.61536309513237, 47.426070638821351 ], [ 8.615293408453585, 47.426013810157663 ], [ 8.6152958771932, 47.425988234498959 ] ] } },
{ "type": "Feature", "properties": { "name": "LV_54-14_0_7_line_89" }, "geometry": { "type": "LineString", "coordinates": [ [ 8.61536309513237, 47.426070638821351 ], [ 8.615387087963361, 47.426090204659452 ] ] } },
{ "type": "Feature", "properties": { "name": "LV_54-14_0_7_line_90" }, "geometry": { "type": "LineString", "coordinates": [ [ 8.615895708441254, 47.426741610156469 ], [ 8.615872508444056, 47.426712210162286 ] ] } },
{ "type": "Feature", "properties": { "name": "LV_54-14_0_7_line_91" }, "geometry": { "type": "LineString", "coordinates": [ [ 8.615895708441254, 47.426741610156469 ], [ 8.616119758087098, 47.426682270553755 ] ] } },
{ "type": "Feature", "properties": { "name": "LV_54-14_0_7_line_92" }, "geometry": { "type": "LineString", "coordinates": [ [ 8.615338008447642, 47.426818410157473 ], [ 8.615872508444056, 47.426712210162286 ] ] } },
{ "type": "Feature", "properties": { "name": "LV_54-14_0_7_line_93" }, "geometry": { "type": "LineString", "coordinates": [ [ 8.615338008447642, 47.426818410157473 ], [ 8.615445608453918, 47.426988010161672 ], [ 8.615451708453318, 47.427027310154251 ], [ 8.615434908445625, 47.427056310154398 ], [ 8.615369108445854, 47.427114210154492 ], [ 8.615341608443522, 47.427156710162279 ], [ 8.615318708451413, 47.427223910157259 ], [ 8.615272808448367, 47.427250810156195 ], [ 8.615226808451137, 47.427246210162764 ] ] } },
{ "type": "Feature", "properties": { "name": "LV_54-14_0_7_line_94" }, "geometry": { "type": "LineString", "coordinates": [ [ 8.615338008447642, 47.426818410157473 ], [ 8.615308039167385, 47.426824959001429 ] ] } },
{ "type": "Feature", "properties": { "name": "LV_54-14_0_7_line_95" }, "geometry": { "type": "LineString", "coordinates": [ [ 8.614738508440995, 47.426949410156659 ], [ 8.615308039167385, 47.426824959001429 ] ] } },
{ "type": "Feature", "properties": { "name": "LV_54-14_0_7_line_96" }, "geometry": { "type": "LineString", "coordinates": [ [ 8.614738508440995, 47.426949410156659 ], [ 8.612768708444584, 47.427735110162644 ] ] } },
{ "type": "Feature", "properties": { "name": "LV_54-14_0_7_line_97" }, "geometry": { "type": "LineString", "coordinates": [ [ 8.612768708444584, 47.427735110162644 ], [ 8.612630608448342, 47.427747310155333 ], [ 8.612278542331996, 47.427675656612585 ] ] } },
{ "type": "Feature", "properties": { "name": "LV_54-14_0_7_line_98" }, "geometry": { "type": "LineString", "coordinates": [ [ 8.614265592288755, 47.425269743946778 ], [ 8.614242908441078, 47.425153910155245 ], [ 8.614236673119564, 47.42512431220662 ] ] } },
{ "type": "Feature", "properties": { "name": "LV_54-14_0_7_line_99" }, "geometry": { "type": "LineString", "coordinates": [ [ 8.614283308444895, 47.425360210155532 ], [ 8.614265592288755, 47.425269743946778 ] ] } },
{ "type": "Feature", "properties": { "name": "LV_54-14_0_7_line_100" }, "geometry": { "type": "LineString", "coordinates": [ [ 8.614283308444895, 47.425360210155532 ], [ 8.614342408452936, 47.425662310158891 ] ] } },
{ "type": "Feature", "properties": { "name": "LV_54-14_0_7_line_101" }, "geometry": { "type": "LineString", "coordinates": [ [ 8.614283308444895, 47.425360210155532 ], [ 8.613851108450282, 47.425375410161685 ] ] } },
{ "type": "Feature", "properties": { "name": "LV_54-14_0_7_line_102" }, "geometry": { "type": "LineString", "coordinates": [ [ 8.61434973111367, 47.425661545480274 ], [ 8.614342408452936, 47.425662310158891 ] ] } },
{ "type": "Feature", "properties": { "name": "LV_54-14_0_7_line_103" }, "geometry": { "type": "LineString", "coordinates": [ [ 8.613851108450282, 47.425375410161685 ], [ 8.613853523849414, 47.425487513697156 ] ] } },
{ "type": "Feature", "properties": { "name": "LV_54-14_0_7_line_104" }, "geometry": { "type": "LineString", "coordinates": [ [ 8.61434973111367, 47.425661545480274 ], [ 8.614550208449167, 47.425640610156329 ], [ 8.61461706947715, 47.425629315191827 ] ] } },
{ "type": "Feature", "properties": { "name": "LV_54-14_0_7_line_105" }, "geometry": { "type": "LineString", "coordinates": [ [ 8.613854326632522, 47.425524772166675 ], [ 8.613853523849414, 47.425487513697156 ] ] } },
{ "type": "Feature", "properties": { "name": "LV_54-14_0_7_line_106" }, "geometry": { "type": "LineString", "coordinates": [ [ 8.61308210844391, 47.42543621015578 ], [ 8.613092808438926, 47.425712510159606 ], [ 8.613857908445038, 47.42569101016106 ] ] } },
{ "type": "Feature", "properties": { "name": "LV_54-14_0_7_line_107" }, "geometry": { "type": "LineString", "coordinates": [ [ 8.613857908445038, 47.42569101016106 ], [ 8.613854326632522, 47.425524772166675 ] ] } },
{ "type": "Feature", "properties": { "name": "LV_54-14_0_7_line_108" }, "geometry": { "type": "LineString", "coordinates": [ [ 8.61308210844391, 47.42543621015578 ], [ 8.613081057102576, 47.425408731050126 ] ] } },
{ "type": "Feature", "properties": { "name": "LV_54-7_0_4_line_0" }, "geometry": { "type": "LineString", "coordinates": [ [ 8.6173033084475, 47.429765010158832 ], [ 8.617149208442555, 47.429638910163334 ], [ 8.617182986287808, 47.429563536584496 ] ] } },
{ "type": "Feature", "properties": { "name": "LV_54-7_0_4_line_1" }, "geometry": { "type": "LineString", "coordinates": [ [ 8.617175508449577, 47.429930510155529 ], [ 8.6173033084475, 47.429765010158832 ] ] } },
{ "type": "Feature", "properties": { "name": "LV_54-7_0_4_line_2" }, "geometry": { "type": "LineString", "coordinates": [ [ 8.617182986287808, 47.429563536584496 ], [ 8.617185761278263, 47.429557344334285 ] ] } },
{ "type": "Feature", "properties": { "name": "LV_54-7_0_4_line_3" }, "geometry": { "type": "LineString", "coordinates": [ [ 8.617175508449577, 47.429930510155529 ], [ 8.617242734818449, 47.430059708711099 ] ] } },
{ "type": "Feature", "properties": { "name": "LV_54-7_0_4_line_4" }, "geometry": { "type": "LineString", "coordinates": [ [ 8.617175508449577, 47.429930510155529 ], [ 8.617173734187583, 47.429921047427065 ] ] } },
{ "type": "Feature", "properties": { "name": "LV_54-7_0_4_line_5" }, "geometry": { "type": "LineString", "coordinates": [ [ 8.617271908446559, 47.429365110159203 ], [ 8.617185761278263, 47.429557344334285 ] ] } },
{ "type": "Feature", "properties": { "name": "LV_54-7_0_4_line_6" }, "geometry": { "type": "LineString", "coordinates": [ [ 8.617268908446759, 47.430110010159055 ], [ 8.617242734818449, 47.430059708711099 ] ] } },
{ "type": "Feature", "properties": { "name": "LV_54-7_0_4_line_7" }, "geometry": { "type": "LineString", "coordinates": [ [ 8.617271908446559, 47.429365110159203 ], [ 8.61735831763376, 47.429407783928291 ] ] } },
{ "type": "Feature", "properties": { "name": "LV_54-7_0_4_line_8" }, "geometry": { "type": "LineString", "coordinates": [ [ 8.617271908446559, 47.429365110159203 ], [ 8.617119508447042, 47.429329910157897 ] ] } },
{ "type": "Feature", "properties": { "name": "LV_54-7_0_4_line_9" }, "geometry": { "type": "LineString", "coordinates": [ [ 8.617268908446759, 47.430110010159055 ], [ 8.617138465590441, 47.430204854947746 ] ] } },
{ "type": "Feature", "properties": { "name": "LV_54-7_0_4_line_10" }, "geometry": { "type": "LineString", "coordinates": [ [ 8.617268908446759, 47.430110010159055 ], [ 8.617412171422894, 47.430190399424532 ] ] } },
{ "type": "Feature", "properties": { "name": "LV_54-7_0_4_line_11" }, "geometry": { "type": "LineString", "coordinates": [ [ 8.617587816096531, 47.429543025707751 ], [ 8.617442808453362, 47.429449510162968 ], [ 8.61735831763376, 47.429407783928291 ] ] } },
{ "type": "Feature", "properties": { "name": "LV_54-7_0_4_line_12" }, "geometry": { "type": "LineString", "coordinates": [ [ 8.617119508447042, 47.429329910157897 ], [ 8.616776108452513, 47.42930401015866 ], [ 8.616697923535025, 47.429306258713517 ] ] } },
{ "type": "Feature", "properties": { "name": "LV_54-7_0_4_line_13" }, "geometry": { "type": "LineString", "coordinates": [ [ 8.617119508447042, 47.429329910157897 ], [ 8.617119657125787, 47.429195850488234 ] ] } },
{ "type": "Feature", "properties": { "name": "LV_54-7_0_4_line_14" }, "geometry": { "type": "LineString", "coordinates": [ [ 8.617138465590441, 47.430204854947746 ], [ 8.61711280844494, 47.430223510162214 ], [ 8.617015993616945, 47.430393656607876 ] ] } },
{ "type": "Feature", "properties": { "name": "LV_54-7_0_4_line_15" }, "geometry": { "type": "LineString", "coordinates": [ [ 8.617412171422894, 47.430190399424532 ], [ 8.61761291538118, 47.430303042329541 ] ] } },
{ "type": "Feature", "properties": { "name": "LV_54-7_0_4_line_16" }, "geometry": { "type": "LineString", "coordinates": [ [ 8.61765850844345, 47.430837110160439 ], [ 8.617513008445307, 47.430778510157523 ], [ 8.617246983147, 47.430663865469647 ] ] } },
{ "type": "Feature", "properties": { "name": "LV_54-7_0_4_line_17" }, "geometry": { "type": "LineString", "coordinates": [ [ 8.61693800844578, 47.430530710159481 ], [ 8.617246983147, 47.430663865469647 ] ] } },
{ "type": "Feature", "properties": { "name": "LV_54-7_0_4_line_18" }, "geometry": { "type": "LineString", "coordinates": [ [ 8.61765850844345, 47.430837110160439 ], [ 8.617776123834815, 47.430814251039294 ] ] } },
{ "type": "Feature", "properties": { "name": "LV_54-7_0_4_line_19" }, "geometry": { "type": "LineString", "coordinates": [ [ 8.61693800844578, 47.430530710159481 ], [ 8.617015993616945, 47.430393656607876 ] ] } },
{ "type": "Feature", "properties": { "name": "LV_54-7_0_4_line_20" }, "geometry": { "type": "LineString", "coordinates": [ [ 8.616467998300781, 47.430318776521354 ], [ 8.61649574903482, 47.430332011819807 ] ] } },
{ "type": "Feature", "properties": { "name": "LV_54-7_0_4_line_21" }, "geometry": { "type": "LineString", "coordinates": [ [ 8.616467998300781, 47.430318776521354 ], [ 8.616226108453633, 47.430203410157468 ], [ 8.616171201342965, 47.430166582555472 ] ] } },
{ "type": "Feature", "properties": { "name": "LV_54-7_0_4_line_22" }, "geometry": { "type": "LineString", "coordinates": [ [ 8.61604857042523, 47.430084330569173 ], [ 8.616171201342965, 47.430166582555472 ] ] } },
{ "type": "Feature", "properties": { "name": "LV_54-7_0_4_line_23" }, "geometry": { "type": "LineString", "coordinates": [ [ 8.618378242135702, 47.430058209679331 ], [ 8.618612574415511, 47.4302129722846 ] ] } },
{ "type": "Feature", "properties": { "name": "LV_54-7_0_4_line_24" }, "geometry": { "type": "LineString", "coordinates": [ [ 8.61835537307841, 47.430043105938921 ], [ 8.618378242135702, 47.430058209679331 ] ] } },
{ "type": "Feature", "properties": { "name": "LV_54-7_0_4_line_25" }, "geometry": { "type": "LineString", "coordinates": [ [ 8.61835537307841, 47.430043105938921 ], [ 8.618150044273644, 47.42990749715058 ] ] } },
{ "type": "Feature", "properties": { "name": "LV_54-7_0_4_line_26" }, "geometry": { "type": "LineString", "coordinates": [ [ 8.618131355086152, 47.429895153883109 ], [ 8.618150044273644, 47.42990749715058 ] ] } },
{ "type": "Feature", "properties": { "name": "LV_54-7_0_4_line_27" }, "geometry": { "type": "LineString", "coordinates": [ [ 8.61798320845408, 47.429797310161199 ], [ 8.618131355086152, 47.429895153883109 ] ] } },
{ "type": "Feature", "properties": { "name": "LV_54-7_0_4_line_28" }, "geometry": { "type": "LineString", "coordinates": [ [ 8.61798320845408, 47.429797310161199 ], [ 8.618272726372677, 47.429562694610532 ] ] } },
{ "type": "Feature", "properties": { "name": "LV_54-7_0_4_line_29" }, "geometry": { "type": "LineString", "coordinates": [ [ 8.61798320845408, 47.429797310161199 ], [ 8.617920613076596, 47.429757086533705 ] ] } },
{ "type": "Feature", "properties": { "name": "LV_54-7_0_4_line_30" }, "geometry": { "type": "LineString", "coordinates": [ [ 8.61761291538118, 47.430303042329541 ], [ 8.617701608454386, 47.430352810158368 ], [ 8.617964785629917, 47.430515137981494 ] ] } },
{ "type": "Feature", "properties": { "name": "LV_54-7_0_4_line_31" }, "geometry": { "type": "LineString", "coordinates": [ [ 8.618417208454037, 47.429445610161601 ], [ 8.618272726372677, 47.429562694610532 ] ] } },
{ "type": "Feature", "properties": { "name": "LV_54-7_0_4_line_32" }, "geometry": { "type": "LineString", "coordinates": [ [ 8.617920613076596, 47.429757086533705 ], [ 8.6178369923584, 47.429703351918135 ] ] } },
{ "type": "Feature", "properties": { "name": "LV_54-7_0_4_line_33" }, "geometry": { "type": "LineString", "coordinates": [ [ 8.618417208454037, 47.429445610161601 ], [ 8.61851760845388, 47.429367010157186 ], [ 8.618716008445029, 47.429204610155367 ] ] } },
{ "type": "Feature", "properties": { "name": "LV_54-7_0_4_line_34" }, "geometry": { "type": "LineString", "coordinates": [ [ 8.617587816096531, 47.429543025707751 ], [ 8.617677108449247, 47.42960061016251 ], [ 8.6178369923584, 47.429703351918135 ] ] } },
{ "type": "Feature", "properties": { "name": "LV_54-7_0_4_line_35" }, "geometry": { "type": "LineString", "coordinates": [ [ 8.618716008445029, 47.429204610155367 ], [ 8.618883908443586, 47.42906711016149 ], [ 8.618999553240586, 47.428975715182595 ] ] } },
{ "type": "Feature", "properties": { "name": "LV_54-7_0_4_line_36" }, "geometry": { "type": "LineString", "coordinates": [ [ 8.618716008445029, 47.429204610155367 ], [ 8.618589335154745, 47.429115592101574 ] ] } },
{ "type": "Feature", "properties": { "name": "LV_54-7_0_4_line_37" }, "geometry": { "type": "LineString", "coordinates": [ [ 8.61664318640824, 47.429307832898033 ], [ 8.616697923535025, 47.429306258713517 ] ] } },
{ "type": "Feature", "properties": { "name": "LV_54-7_0_4_line_38" }, "geometry": { "type": "LineString", "coordinates": [ [ 8.61711969726297, 47.429159664827004 ], [ 8.617119657125787, 47.429195850488234 ] ] } },
{ "type": "Feature", "properties": { "name": "LV_54-7_0_4_line_39" }, "geometry": { "type": "LineString", "coordinates": [ [ 8.61664318640824, 47.429307832898033 ], [ 8.616536440587479, 47.429310902715095 ] ] } },
{ "type": "Feature", "properties": { "name": "LV_54-7_0_4_line_40" }, "geometry": { "type": "LineString", "coordinates": [ [ 8.61711969726297, 47.429159664827004 ], [ 8.617119808451827, 47.429059410156512 ], [ 8.617112506107288, 47.428965792811027 ] ] } },
{ "type": "Feature", "properties": { "name": "LV_54-7_0_4_line_41" }, "geometry": { "type": "LineString", "coordinates": [ [ 8.619716308447472, 47.428387610159099 ], [ 8.619742928352487, 47.428407646248061 ] ] } },
{ "type": "Feature", "properties": { "name": "LV_54-7_0_4_line_42" }, "geometry": { "type": "LineString", "coordinates": [ [ 8.619671608449487, 47.428421810155903 ], [ 8.619716308447472, 47.428387610159099 ] ] } },
{ "type": "Feature", "properties": { "name": "LV_54-7_0_4_line_43" }, "geometry": { "type": "LineString", "coordinates": [ [ 8.619671608449487, 47.428421810155903 ], [ 8.61952350844845, 47.428545210158795 ], [ 8.619512568942028, 47.428554329781747 ] ] } },
{ "type": "Feature", "properties": { "name": "LV_54-7_0_4_line_44" }, "geometry": { "type": "LineString", "coordinates": [ [ 8.619671608449487, 47.428421810155903 ], [ 8.619553808453896, 47.428324310160562 ], [ 8.619453008446209, 47.428222410161545 ], [ 8.61935410845501, 47.428091910156191 ], [ 8.619349981953565, 47.428085230592096 ] ] } },
{ "type": "Feature", "properties": { "name": "LV_54-7_0_4_line_45" }, "geometry": { "type": "LineString", "coordinates": [ [ 8.619414708452325, 47.428635910153886 ], [ 8.619512568942028, 47.428554329781747 ] ] } },
{ "type": "Feature", "properties": { "name": "LV_54-7_0_4_line_46" }, "geometry": { "type": "LineString", "coordinates": [ [ 8.619200408454654, 47.42779831015558 ], [ 8.61928460845701, 47.427979410159743 ], [ 8.619349981953565, 47.428085230592096 ] ] } },
{ "type": "Feature", "properties": { "name": "LV_54-7_0_4_line_47" }, "geometry": { "type": "LineString", "coordinates": [ [ 8.619141908446505, 47.428863210158411 ], [ 8.619328208451885, 47.428708010158054 ], [ 8.619414708452325, 47.428635910153886 ] ] } },
{ "type": "Feature", "properties": { "name": "LV_54-7_0_4_line_48" }, "geometry": { "type": "LineString", "coordinates": [ [ 8.619084908450857, 47.428538210155331 ], [ 8.619175908455578, 47.428599110157663 ], [ 8.619328208451885, 47.428708010158054 ], [ 8.619414708452325, 47.428635910153886 ] ] } },
{ "type": "Feature", "properties": { "name": "LV_54-7_0_4_line_49" }, "geometry": { "type": "LineString", "coordinates": [ [ 8.619200408454654, 47.42779831015558 ], [ 8.618792308451139, 47.427872510161002 ], [ 8.618684308446829, 47.427945210154505 ], [ 8.618584240350668, 47.427962216453089 ] ] } },
{ "type": "Feature", "properties": { "name": "LV_54-7_0_4_line_50" }, "geometry": { "type": "LineString", "coordinates": [ [ 8.617153008452744, 47.428025610160375 ], [ 8.617285758213326, 47.427989797290607 ] ] } },
{ "type": "Feature", "properties": { "name": "LV_54-7_0_4_line_51" }, "geometry": { "type": "LineString", "coordinates": [ [ 8.617455108444604, 47.427944110157505 ], [ 8.617285758213326, 47.427989797290607 ] ] } },
{ "type": "Feature", "properties": { "name": "LV_54-7_0_4_line_52" }, "geometry": { "type": "LineString", "coordinates": [ [ 8.617047708447959, 47.427990910161206 ], [ 8.617153008452744, 47.428025610160375 ] ] } },
{ "type": "Feature", "properties": { "name": "LV_54-7_0_4_line_53" }, "geometry": { "type": "LineString", "coordinates": [ [ 8.617455108444604, 47.427944110157505 ], [ 8.617531108452273, 47.428083110162554 ], [ 8.617628308442784, 47.428116010156131 ], [ 8.61774720844253, 47.428085010155407 ] ] } },
{ "type": "Feature", "properties": { "name": "LV_54-7_0_4_line_54" }, "geometry": { "type": "LineString", "coordinates": [ [ 8.617473708445271, 47.427939010154169 ], [ 8.617455108444604, 47.427944110157505 ] ] } },
{ "type": "Feature", "properties": { "name": "LV_54-7_0_4_line_55" }, "geometry": { "type": "LineString", "coordinates": [ [ 8.616907308452713, 47.427831910154886 ], [ 8.616920808454807, 47.427861110156464 ], [ 8.617007208450515, 47.427921410155733 ], [ 8.617047708447959, 47.427990910161206 ] ] } },
{ "type": "Feature", "properties": { "name": "LV_54-7_0_4_line_56" }, "geometry": { "type": "LineString", "coordinates": [ [ 8.617047708447959, 47.427990910161206 ], [ 8.617086486387567, 47.4280550974037 ] ] } },
{ "type": "Feature", "properties": { "name": "LV_54-7_0_4_line_57" }, "geometry": { "type": "LineString", "coordinates": [ [ 8.617830508444406, 47.428183610159017 ], [ 8.617779608450132, 47.428092310157176 ], [ 8.61774720844253, 47.428085010155407 ] ] } },
{ "type": "Feature", "properties": { "name": "LV_54-7_0_4_line_58" }, "geometry": { "type": "LineString", "coordinates": [ [ 8.617640508444575, 47.427894010157999 ], [ 8.617473708445271, 47.427939010154169 ] ] } },
{ "type": "Feature", "properties": { "name": "LV_54-7_0_4_line_59" }, "geometry": { "type": "LineString", "coordinates": [ [ 8.616907308452713, 47.427831910154886 ], [ 8.61718650370768, 47.427757304506564 ] ] } },
{ "type": "Feature", "properties": { "name": "LV_54-7_0_4_line_60" }, "geometry": { "type": "LineString", "coordinates": [ [ 8.617830508444406, 47.428183610159017 ], [ 8.617610619184275, 47.428291483431543 ] ] } },
{ "type": "Feature", "properties": { "name": "LV_54-7_0_4_line_61" }, "geometry": { "type": "LineString", "coordinates": [ [ 8.617342908446455, 47.427715510155302 ], [ 8.61718650370768, 47.427757304506564 ] ] } },
{ "type": "Feature", "properties": { "name": "LV_54-7_0_4_line_62" }, "geometry": { "type": "LineString", "coordinates": [ [ 8.617610619184275, 47.428291483431543 ], [ 8.617549208450786, 47.428321610156033 ], [ 8.617383342820872, 47.428358039946332 ] ] } },
{ "type": "Feature", "properties": { "name": "LV_54-7_0_4_line_63" }, "geometry": { "type": "LineString", "coordinates": [ [ 8.617342908446455, 47.427715510155302 ], [ 8.617535382851523, 47.427664126981398 ] ] } },
{ "type": "Feature", "properties": { "name": "LV_54-7_0_4_line_64" }, "geometry": { "type": "LineString", "coordinates": [ [ 8.618297579581808, 47.427744741207846 ], [ 8.618318408455167, 47.427797210155916 ], [ 8.618292708449069, 47.427842010158408 ], [ 8.618342708443887, 47.427971710162332 ], [ 8.618404808444508, 47.427992710156268 ], [ 8.618584240350668, 47.427962216453089 ] ] } },
{ "type": "Feature", "properties": { "name": "LV_54-7_0_4_line_65" }, "geometry": { "type": "LineString", "coordinates": [ [ 8.61722062864621, 47.428393777291767 ], [ 8.617383342820872, 47.428358039946332 ] ] } },
{ "type": "Feature", "properties": { "name": "LV_54-7_0_4_line_66" }, "geometry": { "type": "LineString", "coordinates": [ [ 8.616999408450912, 47.428411310155724 ], [ 8.617145808444196, 47.428410210160095 ], [ 8.61722062864621, 47.428393777291767 ] ] } },
{ "type": "Feature", "properties": { "name": "LV_54-7_0_4_line_67" }, "geometry": { "type": "LineString", "coordinates": [ [ 8.616999408450912, 47.428411310155724 ], [ 8.617068708450326, 47.428598310155003 ], [ 8.617081903637487, 47.428690597485485 ] ] } },
{ "type": "Feature", "properties": { "name": "LV_54-7_0_4_line_68" }, "geometry": { "type": "LineString", "coordinates": [ [ 8.616999408450912, 47.428411310155724 ], [ 8.616937041044013, 47.428363825410138 ] ] } },
{ "type": "Feature", "properties": { "name": "LV_54-7_0_4_line_69" }, "geometry": { "type": "LineString", "coordinates": [ [ 8.617102008453021, 47.428831210162535 ], [ 8.617081903637487, 47.428690597485485 ] ] } },
{ "type": "Feature", "properties": { "name": "LV_54-7_0_4_line_70" }, "geometry": { "type": "LineString", "coordinates": [ [ 8.616651408449044, 47.42819191015785 ], [ 8.616775208445317, 47.428240610161538 ], [ 8.616937041044013, 47.428363825410138 ] ] } },
{ "type": "Feature", "properties": { "name": "LV_54-7_0_4_line_71" }, "geometry": { "type": "LineString", "coordinates": [ [ 8.617102008453021, 47.428831210162535 ], [ 8.617110695888915, 47.428942585378017 ] ] } },
{ "type": "Feature", "properties": { "name": "LV_54-7_0_4_line_72" }, "geometry": { "type": "LineString", "coordinates": [ [ 8.617102008453021, 47.428831210162535 ], [ 8.617279708451672, 47.428799810161614 ], [ 8.61730131429089, 47.428792681491075 ] ] } },
{ "type": "Feature", "properties": { "name": "LV_54-7_0_4_line_73" }, "geometry": { "type": "LineString", "coordinates": [ [ 8.616651408449044, 47.42819191015785 ], [ 8.616618365806062, 47.428262179914832 ] ] } },
{ "type": "Feature", "properties": { "name": "LV_54-7_0_4_line_74" }, "geometry": { "type": "LineString", "coordinates": [ [ 8.617110695888915, 47.428942585378017 ], [ 8.617112506107288, 47.428965792811027 ] ] } },
{ "type": "Feature", "properties": { "name": "LV_54-7_0_4_line_75" }, "geometry": { "type": "LineString", "coordinates": [ [ 8.617525508450555, 47.428718710156431 ], [ 8.61730131429089, 47.428792681491075 ] ] } },
{ "type": "Feature", "properties": { "name": "LV_54-7_0_4_line_76" }, "geometry": { "type": "LineString", "coordinates": [ [ 8.616618365806062, 47.428262179914832 ], [ 8.616611101329099, 47.428277628812722 ] ] } },
{ "type": "Feature", "properties": { "name": "LV_54-7_0_4_line_77" }, "geometry": { "type": "LineString", "coordinates": [ [ 8.616456463025237, 47.428491949663773 ], [ 8.61660560844377, 47.42828931015422 ], [ 8.616611101329099, 47.428277628812722 ] ] } },
{ "type": "Feature", "properties": { "name": "LV_54-7_0_4_line_78" }, "geometry": { "type": "LineString", "coordinates": [ [ 8.618747608455875, 47.428312410160665 ], [ 8.618354708448166, 47.428305910155615 ], [ 8.618326408449393, 47.428322310154741 ], [ 8.618271008445085, 47.428323310161659 ], [ 8.618270882241079, 47.428325442500999 ] ] } },
{ "type": "Feature", "properties": { "name": "LV_54-7_0_4_line_79" }, "geometry": { "type": "LineString", "coordinates": [ [ 8.619084908450857, 47.428538210155331 ], [ 8.618747608455875, 47.428312410160665 ] ] } },
{ "type": "Feature", "properties": { "name": "LV_54-7_0_4_line_80" }, "geometry": { "type": "LineString", "coordinates": [ [ 8.61829650845489, 47.428909810159396 ], [ 8.618589335154745, 47.429115592101574 ] ] } },
{ "type": "Feature", "properties": { "name": "LV_54-7_0_4_line_81" }, "geometry": { "type": "LineString", "coordinates": [ [ 8.61829650845489, 47.428909810159396 ], [ 8.618408708443184, 47.428680410158229 ], [ 8.618511408452678, 47.42867401015846 ], [ 8.618558242549472, 47.42863525566424 ] ] } },
{ "type": "Feature", "properties": { "name": "LV_54-7_0_4_line_82" }, "geometry": { "type": "LineString", "coordinates": [ [ 8.619141908446505, 47.428863210158411 ], [ 8.619415447397399, 47.429078634531365 ] ] } },
{ "type": "Feature", "properties": { "name": "LV_54-7_0_4_line_83" }, "geometry": { "type": "LineString", "coordinates": [ [ 8.619141908446505, 47.428863210158411 ], [ 8.618999553240586, 47.428975715182595 ] ] } },
{ "type": "Feature", "properties": { "name": "LV_54-7_0_4_line_84" }, "geometry": { "type": "LineString", "coordinates": [ [ 8.617525508450555, 47.428718710156431 ], [ 8.617525508450555, 47.428718710156431 ], [ 8.617660738841671, 47.428828949609347 ] ] } },
{ "type": "Feature", "properties": { "name": "LV_54-7_0_4_line_85" }, "geometry": { "type": "LineString", "coordinates": [ [ 8.617719697325754, 47.42887701220846 ], [ 8.617660738841671, 47.428828949609347 ] ] } },
{ "type": "Feature", "properties": { "name": "LV_54-7_0_4_line_86" }, "geometry": { "type": "LineString", "coordinates": [ [ 8.617719697325754, 47.42887701220846 ], [ 8.617877859687317, 47.42900594463871 ] ] } },
{ "type": "Feature", "properties": { "name": "LV_54-7_0_4_line_87" }, "geometry": { "type": "LineString", "coordinates": [ [ 8.617914184517645, 47.429035556165012 ], [ 8.617877859687317, 47.42900594463871 ] ] } },
{ "type": "Feature", "properties": { "name": "LV_54-7_0_4_line_88" }, "geometry": { "type": "LineString", "coordinates": [ [ 8.618069577552594, 47.429162230049407 ], [ 8.617914184517645, 47.429035556165012 ] ] } },
{ "type": "Feature", "properties": { "name": "LV_54-7_0_4_line_89" }, "geometry": { "type": "LineString", "coordinates": [ [ 8.618069577552594, 47.429162230049407 ], [ 8.618103744739491, 47.429190082475088 ] ] } },
{ "type": "Feature", "properties": { "name": "LV_54-7_0_4_line_90" }, "geometry": { "type": "LineString", "coordinates": [ [ 8.616275797536511, 47.429313444254149 ], [ 8.616393608453611, 47.429315010155463 ], [ 8.616536440587479, 47.429310902715095 ] ] } },
{ "type": "Feature", "properties": { "name": "LV_54-7_0_4_line_91" }, "geometry": { "type": "LineString", "coordinates": [ [ 8.616456463025237, 47.428491949663773 ], [ 8.616437208441608, 47.428518110162678 ], [ 8.616392232691318, 47.428579224684015 ] ] } },
{ "type": "Feature", "properties": { "name": "LV_54-7_0_4_line_92" }, "geometry": { "type": "LineString", "coordinates": [ [ 8.616365308446744, 47.428615810159933 ], [ 8.616392232691318, 47.428579224684015 ] ] } },
{ "type": "Feature", "properties": { "name": "LV_54-7_0_4_line_93" }, "geometry": { "type": "LineString", "coordinates": [ [ 8.616365308446744, 47.428615810159933 ], [ 8.616043209582125, 47.428557359854949 ] ] } },
{ "type": "Feature", "properties": { "name": "LV_54-7_0_4_line_94" }, "geometry": { "type": "LineString", "coordinates": [ [ 8.616365308446744, 47.428615810159933 ], [ 8.616283308447265, 47.428727210156488 ], [ 8.616262735580865, 47.428754422023012 ] ] } },
{ "type": "Feature", "properties": { "name": "LV_54-7_0_4_line_95" }, "geometry": { "type": "LineString", "coordinates": [ [ 8.615625319170245, 47.428572202149496 ], [ 8.61582090844883, 47.428646010159149 ], [ 8.615872908446766, 47.428585110160405 ], [ 8.615926508442213, 47.428560510163386 ], [ 8.616002708452354, 47.428550010162773 ], [ 8.616043209582125, 47.428557359854949 ] ] } },
{ "type": "Feature", "properties": { "name": "LV_54-7_0_4_line_96" }, "geometry": { "type": "LineString", "coordinates": [ [ 8.616262735580865, 47.428754422023012 ], [ 8.616221441383296, 47.428809042062916 ] ] } },
{ "type": "Feature", "properties": { "name": "LV_54-7_0_4_line_97" }, "geometry": { "type": "LineString", "coordinates": [ [ 8.615445408449041, 47.428504310156463 ], [ 8.615625319170245, 47.428572202149496 ] ] } },
{ "type": "Feature", "properties": { "name": "LV_54-7_0_4_line_98" }, "geometry": { "type": "LineString", "coordinates": [ [ 8.616129266058731, 47.428930962325637 ], [ 8.616221441383296, 47.428809042062916 ] ] } },
{ "type": "Feature", "properties": { "name": "LV_54-7_0_4_line_99" }, "geometry": { "type": "LineString", "coordinates": [ [ 8.615891108450228, 47.429239310155999 ], [ 8.616032508441769, 47.429310210157261 ] ] } },
{ "type": "Feature", "properties": { "name": "LV_54-7_0_4_line_100" }, "geometry": { "type": "LineString", "coordinates": [ [ 8.615609708443534, 47.429528710162479 ], [ 8.615891108450228, 47.429239310155999 ] ] } },
{ "type": "Feature", "properties": { "name": "LV_54-7_0_4_line_101" }, "geometry": { "type": "LineString", "coordinates": [ [ 8.615891108450228, 47.429239310155999 ], [ 8.615664233093968, 47.429203291409969 ] ] } },
{ "type": "Feature", "properties": { "name": "LV_54-7_0_4_line_102" }, "geometry": { "type": "LineString", "coordinates": [ [ 8.616254763198725, 47.429313164657934 ], [ 8.616032508441769, 47.429310210157261 ] ] } },
{ "type": "Feature", "properties": { "name": "LV_54-7_0_4_line_103" }, "geometry": { "type": "LineString", "coordinates": [ [ 8.615609708443534, 47.429528710162479 ], [ 8.615455908441151, 47.429686810161918 ] ] } },
{ "type": "Feature", "properties": { "name": "LV_54-7_0_4_line_104" }, "geometry": { "type": "LineString", "coordinates": [ [ 8.615609708443534, 47.429528710162479 ], [ 8.615254958625975, 47.42942049796126 ] ] } },
{ "type": "Feature", "properties": { "name": "LV_54-7_0_4_line_105" }, "geometry": { "type": "LineString", "coordinates": [ [ 8.61529240844019, 47.428769810155103 ], [ 8.615501774755051, 47.428823586802693 ] ] } },
{ "type": "Feature", "properties": { "name": "LV_54-7_0_4_line_106" }, "geometry": { "type": "LineString", "coordinates": [ [ 8.615445408449041, 47.428504310156463 ], [ 8.61529240844019, 47.428769810155103 ] ] } },
{ "type": "Feature", "properties": { "name": "LV_54-7_0_4_line_107" }, "geometry": { "type": "LineString", "coordinates": [ [ 8.615102408449921, 47.428721010158085 ], [ 8.61529240844019, 47.428769810155103 ] ] } },
{ "type": "Feature", "properties": { "name": "LV_54-7_0_4_line_108" }, "geometry": { "type": "LineString", "coordinates": [ [ 8.616254763198725, 47.429313164657934 ], [ 8.616275797536511, 47.429313444254149 ] ] } },
{ "type": "Feature", "properties": { "name": "LV_54-7_0_4_line_109" }, "geometry": { "type": "LineString", "coordinates": [ [ 8.615455908441151, 47.429686810161918 ], [ 8.615645186186176, 47.429813766745553 ] ] } },
{ "type": "Feature", "properties": { "name": "LV_54-7_0_4_line_110" }, "geometry": { "type": "LineString", "coordinates": [ [ 8.615645186186176, 47.429813766745553 ], [ 8.615911241900431, 47.429992220026939 ] ] } },
{ "type": "Feature", "properties": { "name": "LV_54-7_0_4_line_111" }, "geometry": { "type": "LineString", "coordinates": [ [ 8.61604857042523, 47.430084330569173 ], [ 8.615911241900431, 47.429992220026939 ] ] } },
{ "type": "Feature", "properties": { "name": "LV_54-2_0_4_line_0" }, "geometry": { "type": "LineString", "coordinates": [ [ 8.620135308449544, 47.426680110154678 ], [ 8.620157308446581, 47.426731710157632 ], [ 8.620477893103192, 47.426665624717074 ] ] } },
{ "type": "Feature", "properties": { "name": "LV_54-2_0_4_line_1" }, "geometry": { "type": "LineString", "coordinates": [ [ 8.620847608453595, 47.426589410156943 ], [ 8.620477893103192, 47.426665624717074 ] ] } },
{ "type": "Feature", "properties": { "name": "LV_54-2_0_4_line_2" }, "geometry": { "type": "LineString", "coordinates": [ [ 8.6201128084519, 47.426627310161301 ], [ 8.620135308449544, 47.426680110154678 ] ] } },
{ "type": "Feature", "properties": { "name": "LV_54-2_0_4_line_3" }, "geometry": { "type": "LineString", "coordinates": [ [ 8.620792408447862, 47.426457310158597 ], [ 8.620847608453595, 47.426589410156943 ] ] } },
{ "type": "Feature", "properties": { "name": "LV_54-2_0_4_line_4" }, "geometry": { "type": "LineString", "coordinates": [ [ 8.619949308454508, 47.426673610153323 ], [ 8.6201128084519, 47.426627310161301 ] ] } },
{ "type": "Feature", "properties": { "name": "LV_54-2_0_4_line_5" }, "geometry": { "type": "LineString", "coordinates": [ [ 8.6201128084519, 47.426627310161301 ], [ 8.620375336414719, 47.42655305655213 ] ] } },
{ "type": "Feature", "properties": { "name": "LV_54-2_0_4_line_6" }, "geometry": { "type": "LineString", "coordinates": [ [ 8.621036208450798, 47.426436510158283 ], [ 8.620792408447862, 47.426457310158597 ] ] } },
{ "type": "Feature", "properties": { "name": "LV_54-2_0_4_line_7" }, "geometry": { "type": "LineString", "coordinates": [ [ 8.619949308454508, 47.426673610153323 ], [ 8.619971908453987, 47.426727510158052 ] ] } },
{ "type": "Feature", "properties": { "name": "LV_54-2_0_4_line_8" }, "geometry": { "type": "LineString", "coordinates": [ [ 8.619971908453987, 47.426727510158052 ], [ 8.620147155456863, 47.427098451036152 ] ] } },
{ "type": "Feature", "properties": { "name": "LV_54-2_0_4_line_9" }, "geometry": { "type": "LineString", "coordinates": [ [ 8.619971908453987, 47.426727510158052 ], [ 8.619730805732841, 47.426800083578158 ] ] } },
{ "type": "Feature", "properties": { "name": "LV_54-2_0_4_line_10" }, "geometry": { "type": "LineString", "coordinates": [ [ 8.619949308454508, 47.426673610153323 ], [ 8.619804153853975, 47.426210330048384 ] ] } },
{ "type": "Feature", "properties": { "name": "LV_54-2_0_4_line_11" }, "geometry": { "type": "LineString", "coordinates": [ [ 8.620147155456863, 47.427098451036152 ], [ 8.620181965360889, 47.427172131626548 ] ] } },
{ "type": "Feature", "properties": { "name": "LV_54-2_0_4_line_12" }, "geometry": { "type": "LineString", "coordinates": [ [ 8.619730805732841, 47.426800083578158 ], [ 8.619440474586174, 47.426887474127945 ] ] } },
{ "type": "Feature", "properties": { "name": "LV_54-2_0_4_line_13" }, "geometry": { "type": "LineString", "coordinates": [ [ 8.621036208450798, 47.426436510158283 ], [ 8.621081755175608, 47.426225373327476 ] ] } },
{ "type": "Feature", "properties": { "name": "LV_54-2_0_4_line_14" }, "geometry": { "type": "LineString", "coordinates": [ [ 8.619801108454917, 47.426200610154098 ], [ 8.619804153853975, 47.426210330048384 ] ] } },
{ "type": "Feature", "properties": { "name": "LV_54-2_0_4_line_15" }, "geometry": { "type": "LineString", "coordinates": [ [ 8.620181965360889, 47.427172131626548 ], [ 8.620195609383197, 47.42720101126109 ] ] } },
{ "type": "Feature", "properties": { "name": "LV_54-2_0_4_line_16" }, "geometry": { "type": "LineString", "coordinates": [ [ 8.619184208452516, 47.426964610158116 ], [ 8.619440474586174, 47.426887474127945 ] ] } },
{ "type": "Feature", "properties": { "name": "LV_54-2_0_4_line_17" }, "geometry": { "type": "LineString", "coordinates": [ [ 8.621084508450785, 47.426212610159958 ], [ 8.621081755175608, 47.426225373327476 ] ] } },
{ "type": "Feature", "properties": { "name": "LV_54-2_0_4_line_18" }, "geometry": { "type": "LineString", "coordinates": [ [ 8.618972708447032, 47.427159710154264 ], [ 8.619046208448609, 47.427140610155774 ], [ 8.619035108452458, 47.427086410155702 ], [ 8.619084908457083, 47.42700771015469 ], [ 8.619154276323025, 47.426977601860571 ] ] } },
{ "type": "Feature", "properties": { "name": "LV_54-2_0_4_line_19" }, "geometry": { "type": "LineString", "coordinates": [ [ 8.619184208452516, 47.426964610158116 ], [ 8.619154276323025, 47.426977601860571 ] ] } },
{ "type": "Feature", "properties": { "name": "LV_54-2_0_4_line_20" }, "geometry": { "type": "LineString", "coordinates": [ [ 8.618972708447032, 47.427159710154264 ], [ 8.61900940845368, 47.427235610158199 ], [ 8.619032588649443, 47.427284731377796 ] ] } },
{ "type": "Feature", "properties": { "name": "LV_54-2_0_4_line_21" }, "geometry": { "type": "LineString", "coordinates": [ [ 8.618972608448793, 47.427336010160325 ], [ 8.618903908447306, 47.427177610156903 ], [ 8.618972708447032, 47.427159710154264 ] ] } },
{ "type": "Feature", "properties": { "name": "LV_54-2_0_4_line_22" }, "geometry": { "type": "LineString", "coordinates": [ [ 8.618505408453947, 47.427097010154817 ], [ 8.618646308444621, 47.427073610160335 ], [ 8.618667108447321, 47.427113510160183 ], [ 8.618769308450586, 47.42710171015402 ], [ 8.618845308455089, 47.427116910158375 ], [ 8.618903908447306, 47.427177610156903 ], [ 8.618972708447032, 47.427159710154264 ] ] } },
{ "type": "Feature", "properties": { "name": "LV_54-2_0_4_line_23" }, "geometry": { "type": "LineString", "coordinates": [ [ 8.619154408450987, 47.426915610157629 ], [ 8.619184208452516, 47.426964610158116 ] ] } },
{ "type": "Feature", "properties": { "name": "LV_54-2_0_4_line_24" }, "geometry": { "type": "LineString", "coordinates": [ [ 8.619103790634986, 47.427435609763158 ], [ 8.619053908457198, 47.427329910160672 ], [ 8.619032588649443, 47.427284731377796 ] ] } },
{ "type": "Feature", "properties": { "name": "LV_54-2_0_4_line_25" }, "geometry": { "type": "LineString", "coordinates": [ [ 8.618972608448793, 47.427336010160325 ], [ 8.619061108449126, 47.427543310153652 ] ] } },
{ "type": "Feature", "properties": { "name": "LV_54-2_0_4_line_26" }, "geometry": { "type": "LineString", "coordinates": [ [ 8.618972608448793, 47.427336010160325 ], [ 8.618699962994102, 47.427383553058426 ] ] } },
{ "type": "Feature", "properties": { "name": "LV_54-2_0_4_line_27" }, "geometry": { "type": "LineString", "coordinates": [ [ 8.618505408453947, 47.427097010154817 ], [ 8.61836360845515, 47.427135210155157 ], [ 8.61807959317904, 47.42721174815977 ] ] } },
{ "type": "Feature", "properties": { "name": "LV_54-2_0_4_line_28" }, "geometry": { "type": "LineString", "coordinates": [ [ 8.618505408453947, 47.427097010154817 ], [ 8.61832960983908, 47.426991321606785 ] ] } },
{ "type": "Feature", "properties": { "name": "LV_54-2_0_4_line_29" }, "geometry": { "type": "LineString", "coordinates": [ [ 8.619154408450987, 47.426915610157629 ], [ 8.619436033708624, 47.426829872815794 ] ] } },
{ "type": "Feature", "properties": { "name": "LV_54-2_0_4_line_30" }, "geometry": { "type": "LineString", "coordinates": [ [ 8.619154408450987, 47.426915610157629 ], [ 8.619126408456967, 47.426869810154507 ], [ 8.619065608449791, 47.426875110160452 ], [ 8.61899590844639, 47.426865510161456 ], [ 8.618936008452087, 47.426839310156787 ], [ 8.618896308448784, 47.426781810161287 ] ] } },
{ "type": "Feature", "properties": { "name": "LV_54-2_0_4_line_31" }, "geometry": { "type": "LineString", "coordinates": [ [ 8.618992008449757, 47.427555410160018 ], [ 8.619061108449126, 47.427543310153652 ] ] } },
{ "type": "Feature", "properties": { "name": "LV_54-2_0_4_line_32" }, "geometry": { "type": "LineString", "coordinates": [ [ 8.619061108449126, 47.427543310153652 ], [ 8.619083508457098, 47.427539510158958 ], [ 8.619200408454654, 47.42779831015558 ] ] } },
{ "type": "Feature", "properties": { "name": "LV_54-2_0_4_line_33" }, "geometry": { "type": "LineString", "coordinates": [ [ 8.618464508454773, 47.427424610154887 ], [ 8.618699962994102, 47.427383553058426 ] ] } },
{ "type": "Feature", "properties": { "name": "LV_54-2_0_4_line_34" }, "geometry": { "type": "LineString", "coordinates": [ [ 8.618464508454773, 47.427424610154887 ], [ 8.618480408452129, 47.427470210156791 ], [ 8.618465508449736, 47.427498510154336 ], [ 8.618291518266565, 47.427533952634555 ] ] } },
{ "type": "Feature", "properties": { "name": "LV_54-2_0_4_line_35" }, "geometry": { "type": "LineString", "coordinates": [ [ 8.617553908452988, 47.42735341015927 ], [ 8.617580108452705, 47.42739971015434 ] ] } },
{ "type": "Feature", "properties": { "name": "LV_54-2_0_4_line_36" }, "geometry": { "type": "LineString", "coordinates": [ [ 8.617580108452705, 47.42739971015434 ], [ 8.617677200722271, 47.427571639653593 ] ] } },
{ "type": "Feature", "properties": { "name": "LV_54-2_0_4_line_37" }, "geometry": { "type": "LineString", "coordinates": [ [ 8.617553908452988, 47.42735341015927 ], [ 8.61807959317904, 47.42721174815977 ] ] } },
{ "type": "Feature", "properties": { "name": "LV_54-2_0_4_line_38" }, "geometry": { "type": "LineString", "coordinates": [ [ 8.618806108453148, 47.426800610155723 ], [ 8.618787008444173, 47.426756210158047 ], [ 8.618711908451694, 47.426578310153097 ], [ 8.618649008456096, 47.426399010160011 ] ] } },
{ "type": "Feature", "properties": { "name": "LV_54-2_0_4_line_39" }, "geometry": { "type": "LineString", "coordinates": [ [ 8.618806108453148, 47.426800610155723 ], [ 8.618896308448784, 47.426781810161287 ] ] } },
{ "type": "Feature", "properties": { "name": "LV_54-2_0_4_line_40" }, "geometry": { "type": "LineString", "coordinates": [ [ 8.618525808448993, 47.426121610158965 ], [ 8.618649008456096, 47.426399010160011 ] ] } },
{ "type": "Feature", "properties": { "name": "LV_54-2_0_4_line_41" }, "geometry": { "type": "LineString", "coordinates": [ [ 8.619651738234218, 47.426764203573605 ], [ 8.619436033708624, 47.426829872815794 ] ] } },
{ "type": "Feature", "properties": { "name": "LV_54-2_0_4_line_42" }, "geometry": { "type": "LineString", "coordinates": [ [ 8.61832960983908, 47.426991321606785 ], [ 8.618203508451002, 47.426915510156171 ], [ 8.618111710761374, 47.426851648134878 ] ] } },
{ "type": "Feature", "properties": { "name": "LV_54-2_0_4_line_43" }, "geometry": { "type": "LineString", "coordinates": [ [ 8.619200408454654, 47.42779831015558 ], [ 8.618929540971392, 47.427847558976332 ] ] } },
{ "type": "Feature", "properties": { "name": "LV_54-2_0_4_line_44" }, "geometry": { "type": "LineString", "coordinates": [ [ 8.618448508450889, 47.426132410158381 ], [ 8.618525808448993, 47.426121610158965 ] ] } },
{ "type": "Feature", "properties": { "name": "LV_54-2_0_4_line_45" }, "geometry": { "type": "LineString", "coordinates": [ [ 8.618525808448993, 47.426121610158965 ], [ 8.618497034552236, 47.426047310868306 ] ] } },
{ "type": "Feature", "properties": { "name": "LV_54-2_0_4_line_46" }, "geometry": { "type": "LineString", "coordinates": [ [ 8.618111710761374, 47.426851648134878 ], [ 8.618062208446609, 47.426817210161545 ], [ 8.617961308446759, 47.426704410156546 ], [ 8.61794309334673, 47.426651263918579 ] ] } },
{ "type": "Feature", "properties": { "name": "LV_54-2_0_4_line_47" }, "geometry": { "type": "LineString", "coordinates": [ [ 8.618448508450889, 47.426132410158381 ], [ 8.61846600845405, 47.426190110158643 ], [ 8.61847185569918, 47.426203392446865 ] ] } },
{ "type": "Feature", "properties": { "name": "LV_54-2_0_4_line_48" }, "geometry": { "type": "LineString", "coordinates": [ [ 8.618448508450889, 47.426132410158381 ], [ 8.618417108449508, 47.42602751015955 ], [ 8.618356351190419, 47.425871213726488 ] ] } },
{ "type": "Feature", "properties": { "name": "LV_54-2_0_4_line_49" }, "geometry": { "type": "LineString", "coordinates": [ [ 8.619801108454917, 47.426200610154098 ], [ 8.619801108454917, 47.426200610154098 ], [ 8.619731909956464, 47.426040465053923 ] ] } },
{ "type": "Feature", "properties": { "name": "LV_54-2_0_4_line_50" }, "geometry": { "type": "LineString", "coordinates": [ [ 8.621084508450785, 47.426212610159958 ], [ 8.621108608457659, 47.426215910152223 ], [ 8.621226408451813, 47.42623231015925 ], [ 8.621250521712915, 47.426235666583885 ] ] } },
{ "type": "Feature", "properties": { "name": "LV_54-2_0_4_line_51" }, "geometry": { "type": "LineString", "coordinates": [ [ 8.621084508450785, 47.426212610159958 ], [ 8.621135108452073, 47.425977610154533 ], [ 8.6211470790606, 47.425927464454958 ] ] } },
{ "type": "Feature", "properties": { "name": "LV_54-2_0_4_line_52" }, "geometry": { "type": "LineString", "coordinates": [ [ 8.621200584824958, 47.425703323847785 ], [ 8.6211470790606, 47.425927464454958 ] ] } },
{ "type": "Feature", "properties": { "name": "LV_54-2_0_4_line_53" }, "geometry": { "type": "LineString", "coordinates": [ [ 8.621200584824958, 47.425703323847785 ], [ 8.62122130845143, 47.425616510159742 ], [ 8.621407108452694, 47.425396810153835 ], [ 8.621470826234095, 47.42531991061125 ] ] } },
{ "type": "Feature", "properties": { "name": "LV_54-2_0_4_line_54" }, "geometry": { "type": "LineString", "coordinates": [ [ 8.621470826234095, 47.42531991061125 ], [ 8.621500762030353, 47.425283781685458 ] ] } },
{ "type": "Feature", "properties": { "name": "LV_54-2_0_4_line_55" }, "geometry": { "type": "LineString", "coordinates": [ [ 8.619731909956464, 47.426040465053923 ], [ 8.619689158886279, 47.42594152633886 ] ] } },
{ "type": "Feature", "properties": { "name": "LV_54-2_0_4_line_56" }, "geometry": { "type": "LineString", "coordinates": [ [ 8.619662386996151, 47.425879568027668 ], [ 8.619689158886279, 47.42594152633886 ] ] } },
{ "type": "Feature", "properties": { "name": "LV_54-2_0_4_line_57" }, "geometry": { "type": "LineString", "coordinates": [ [ 8.619599708447923, 47.425734510161369 ], [ 8.619662386996151, 47.425879568027668 ] ] } },
{ "type": "Feature", "properties": { "name": "LV_54-2_0_4_line_58" }, "geometry": { "type": "LineString", "coordinates": [ [ 8.619599708447923, 47.425734510161369 ], [ 8.61999910845535, 47.42568481015936 ] ] } },
{ "type": "Feature", "properties": { "name": "LV_54-2_0_4_line_59" }, "geometry": { "type": "LineString", "coordinates": [ [ 8.620518208453973, 47.425172810159253 ], [ 8.620576196025464, 47.425029532162903 ] ] } },
{ "type": "Feature", "properties": { "name": "LV_54-2_0_4_line_60" }, "geometry": { "type": "LineString", "coordinates": [ [ 8.620518208453973, 47.425172810159253 ], [ 8.620426238692239, 47.425377839031221 ] ] } },
{ "type": "Feature", "properties": { "name": "LV_54-2_0_4_line_61" }, "geometry": { "type": "LineString", "coordinates": [ [ 8.620518208453973, 47.425172810159253 ], [ 8.620189008455521, 47.425107810158487 ], [ 8.619880688599039, 47.425158054262596 ] ] } },
{ "type": "Feature", "properties": { "name": "LV_54-2_0_4_line_62" }, "geometry": { "type": "LineString", "coordinates": [ [ 8.620228008449285, 47.425603610159577 ], [ 8.620397408447602, 47.425442110159338 ], [ 8.620426238692239, 47.425377839031221 ] ] } },
{ "type": "Feature", "properties": { "name": "LV_54-2_0_4_line_63" }, "geometry": { "type": "LineString", "coordinates": [ [ 8.621700508448232, 47.425042710160263 ], [ 8.621395779262244, 47.424983122008271 ] ] } },
{ "type": "Feature", "properties": { "name": "LV_54-2_0_4_line_64" }, "geometry": { "type": "LineString", "coordinates": [ [ 8.621700508448232, 47.425042710160263 ], [ 8.621500762030353, 47.425283781685458 ] ] } },
{ "type": "Feature", "properties": { "name": "LV_54-2_0_4_line_65" }, "geometry": { "type": "LineString", "coordinates": [ [ 8.6204499084473, 47.42567251015295 ], [ 8.620228008449285, 47.425603610159577 ] ] } },
{ "type": "Feature", "properties": { "name": "LV_54-2_0_4_line_66" }, "geometry": { "type": "LineString", "coordinates": [ [ 8.620228008449285, 47.425603610159577 ], [ 8.61999910845535, 47.42568481015936 ] ] } },
{ "type": "Feature", "properties": { "name": "LV_54-2_0_4_line_67" }, "geometry": { "type": "LineString", "coordinates": [ [ 8.620734308449586, 47.425707010152713 ], [ 8.6204499084473, 47.42567251015295 ] ] } },
{ "type": "Feature", "properties": { "name": "LV_54-2_0_4_line_68" }, "geometry": { "type": "LineString", "coordinates": [ [ 8.6204499084473, 47.42567251015295 ], [ 8.620491605726137, 47.42585814109917 ] ] } },
{ "type": "Feature", "properties": { "name": "LV_54-2_0_4_line_69" }, "geometry": { "type": "LineString", "coordinates": [ [ 8.618126508445551, 47.425206410161621 ], [ 8.618195608453023, 47.425194110160305 ], [ 8.618301108447092, 47.425442210157634 ], [ 8.618351308449812, 47.425587610161081 ], [ 8.618414108444377, 47.425788810153428 ] ] } },
{ "type": "Feature", "properties": { "name": "LV_54-2_0_4_line_70" }, "geometry": { "type": "LineString", "coordinates": [ [ 8.618414108444377, 47.425788810153428 ], [ 8.618446108454112, 47.425915810154635 ], [ 8.618497034552236, 47.426047310868306 ] ] } },
{ "type": "Feature", "properties": { "name": "LV_54-2_0_4_line_71" }, "geometry": { "type": "LineString", "coordinates": [ [ 8.618493108454288, 47.425093710154897 ], [ 8.618452908455588, 47.424955310157635 ], [ 8.618118608452503, 47.424997910159156 ], [ 8.618195608453023, 47.425194110160305 ], [ 8.618126508445551, 47.425206410161621 ] ] } },
{ "type": "Feature", "properties": { "name": "LV_54-2_0_4_line_72" }, "geometry": { "type": "LineString", "coordinates": [ [ 8.618493108454288, 47.425093710154897 ], [ 8.618392708455481, 47.425108110158149 ], [ 8.618453134385307, 47.425287846620442 ] ] } },
{ "type": "Feature", "properties": { "name": "LV_54-2_0_4_line_73" }, "geometry": { "type": "LineString", "coordinates": [ [ 8.617815845663189, 47.426279989995074 ], [ 8.617893056916847, 47.426505271932029 ] ] } },
{ "type": "Feature", "properties": { "name": "LV_54-2_0_4_line_74" }, "geometry": { "type": "LineString", "coordinates": [ [ 8.617893056916847, 47.426505271932029 ], [ 8.617927536490546, 47.426605873567269 ] ] } },
{ "type": "Feature", "properties": { "name": "LV_54-2_0_4_line_75" }, "geometry": { "type": "LineString", "coordinates": [ [ 8.617930211660726, 47.426613678928696 ], [ 8.61794309334673, 47.426651263918579 ] ] } },
{ "type": "Feature", "properties": { "name": "LV_54-2_0_4_line_76" }, "geometry": { "type": "LineString", "coordinates": [ [ 8.617927536490546, 47.426605873567269 ], [ 8.617930211660726, 47.426613678928696 ] ] } },
{ "type": "Feature", "properties": { "name": "LV_54-6_0_5_line_0" }, "geometry": { "type": "LineString", "coordinates": [ [ 8.617160538431511, 47.423549478032584 ], [ 8.616806608450032, 47.423646210160797 ], [ 8.616859863100435, 47.423745061374007 ] ] } },
{ "type": "Feature", "properties": { "name": "LV_54-6_0_5_line_1" }, "geometry": { "type": "LineString", "coordinates": [ [ 8.616952108452866, 47.423915910157255 ], [ 8.616908808455797, 47.423825510158132 ], [ 8.616867108451791, 47.423758510156823 ], [ 8.616859863100435, 47.423745061374007 ] ] } },
{ "type": "Feature", "properties": { "name": "LV_54-6_0_5_line_2" }, "geometry": { "type": "LineString", "coordinates": [ [ 8.616952108452866, 47.423915910157255 ], [ 8.617299670462646, 47.423846990537797 ] ] } },
{ "type": "Feature", "properties": { "name": "LV_54-6_0_5_line_3" }, "geometry": { "type": "LineString", "coordinates": [ [ 8.616952108452866, 47.423915910157255 ], [ 8.617031208454616, 47.424061410160895 ], [ 8.61669584397543, 47.424149881235628 ] ] } },
{ "type": "Feature", "properties": { "name": "LV_54-6_0_5_line_4" }, "geometry": { "type": "LineString", "coordinates": [ [ 8.617734908455013, 47.423760710159364 ], [ 8.617703508444212, 47.423766910156338 ], [ 8.617299670462646, 47.423846990537797 ] ] } },
{ "type": "Feature", "properties": { "name": "LV_54-6_0_5_line_5" }, "geometry": { "type": "LineString", "coordinates": [ [ 8.617734908455013, 47.423760710159364 ], [ 8.617786889221476, 47.423975499005387 ] ] } },
{ "type": "Feature", "properties": { "name": "LV_54-6_0_5_line_6" }, "geometry": { "type": "LineString", "coordinates": [ [ 8.621096723442401, 47.423821644075218 ], [ 8.621103463526177, 47.423811675296641 ] ] } },
{ "type": "Feature", "properties": { "name": "LV_54-6_0_5_line_7" }, "geometry": { "type": "LineString", "coordinates": [ [ 8.621096723442401, 47.423821644075218 ], [ 8.621067808459909, 47.423864410154572 ], [ 8.621012428871797, 47.423992965002178 ] ] } },
{ "type": "Feature", "properties": { "name": "LV_54-6_0_5_line_8" }, "geometry": { "type": "LineString", "coordinates": [ [ 8.621320008460168, 47.423401910155938 ], [ 8.621258608460147, 47.423582210151558 ], [ 8.621103463526177, 47.423811675296641 ] ] } },
{ "type": "Feature", "properties": { "name": "LV_54-6_0_5_line_9" }, "geometry": { "type": "LineString", "coordinates": [ [ 8.62073510844653, 47.424636710153599 ], [ 8.621012428871797, 47.423992965002178 ] ] } },
{ "type": "Feature", "properties": { "name": "LV_54-6_0_5_line_10" }, "geometry": { "type": "LineString", "coordinates": [ [ 8.621320008460168, 47.423401910155938 ], [ 8.621618519451344, 47.423665306837876 ] ] } },
{ "type": "Feature", "properties": { "name": "LV_54-6_0_5_line_11" }, "geometry": { "type": "LineString", "coordinates": [ [ 8.62073510844653, 47.424636710153599 ], [ 8.619951520117684, 47.424471101706473 ] ] } },
{ "type": "Feature", "properties": { "name": "LV_54-6_0_5_line_12" }, "geometry": { "type": "LineString", "coordinates": [ [ 8.619862608451868, 47.424452310153562 ], [ 8.619862608451868, 47.424452310153562 ], [ 8.619951520117684, 47.424471101706473 ] ] } },
{ "type": "Feature", "properties": { "name": "LV_54-6_0_5_line_13" }, "geometry": { "type": "LineString", "coordinates": [ [ 8.619757108458087, 47.422640010152158 ], [ 8.619751008455543, 47.422610610156184 ], [ 8.620178808451609, 47.422613510159884 ] ] } },
{ "type": "Feature", "properties": { "name": "LV_54-6_0_5_line_14" }, "geometry": { "type": "LineString", "coordinates": [ [ 8.620178808451609, 47.422613510159884 ], [ 8.620296019964723, 47.423052271331912 ] ] } },
{ "type": "Feature", "properties": { "name": "LV_54-6_0_5_line_15" }, "geometry": { "type": "LineString", "coordinates": [ [ 8.619757108458087, 47.422640010152158 ], [ 8.619855702636571, 47.423112056465897 ] ] } },
{ "type": "Feature", "properties": { "name": "LV_54-6_0_5_line_16" }, "geometry": { "type": "LineString", "coordinates": [ [ 8.620296019964723, 47.423052271331912 ], [ 8.620313608454362, 47.423118110158228 ], [ 8.620306611464638, 47.423202682550496 ] ] } },
{ "type": "Feature", "properties": { "name": "LV_54-6_0_5_line_17" }, "geometry": { "type": "LineString", "coordinates": [ [ 8.619862608451868, 47.424452310153562 ], [ 8.619755208452073, 47.424511110157916 ], [ 8.61968821963594, 47.424548035196977 ] ] } },
{ "type": "Feature", "properties": { "name": "LV_54-6_0_5_line_18" }, "geometry": { "type": "LineString", "coordinates": [ [ 8.618570790264819, 47.423071691865204 ], [ 8.618571808451049, 47.423072110154564 ], [ 8.618577881160517, 47.423144326307423 ] ] } },
{ "type": "Feature", "properties": { "name": "LV_54-6_0_5_line_19" }, "geometry": { "type": "LineString", "coordinates": [ [ 8.619142608454194, 47.423313910160132 ], [ 8.619107908452744, 47.423274410156338 ], [ 8.618961508449042, 47.423270210160396 ], [ 8.61893940845178, 47.423257310159784 ], [ 8.618586608449661, 47.423248110155157 ], [ 8.618577881160517, 47.423144326307423 ] ] } },
{ "type": "Feature", "properties": { "name": "LV_54-6_0_5_line_20" }, "geometry": { "type": "LineString", "coordinates": [ [ 8.619142608454194, 47.423313910160132 ], [ 8.619166908449023, 47.42334141015872 ], [ 8.619118408450911, 47.423498910155693 ], [ 8.619115767869575, 47.423504235594535 ] ] } },
{ "type": "Feature", "properties": { "name": "LV_54-6_0_5_line_21" }, "geometry": { "type": "LineString", "coordinates": [ [ 8.618800074563786, 47.424025964079611 ], [ 8.618801408446021, 47.42401191015837 ], [ 8.61880560844771, 47.423943510156725 ], [ 8.618726608450844, 47.423860910157941 ], [ 8.618730808448809, 47.423798910158013 ], [ 8.618784608450889, 47.423736910154233 ], [ 8.619064708449228, 47.423607210159012 ], [ 8.619115767869575, 47.423504235594535 ] ] } },
{ "type": "Feature", "properties": { "name": "LV_54-6_0_5_line_22" }, "geometry": { "type": "LineString", "coordinates": [ [ 8.618788908453944, 47.42414361015711 ], [ 8.618800074563786, 47.424025964079611 ] ] } },
{ "type": "Feature", "properties": { "name": "LV_54-6_0_5_line_23" }, "geometry": { "type": "LineString", "coordinates": [ [ 8.619855702636571, 47.423112056465897 ], [ 8.61988290845766, 47.423242310156503 ], [ 8.619883511242293, 47.423279230797576 ] ] } },
{ "type": "Feature", "properties": { "name": "LV_54-6_0_5_line_24" }, "geometry": { "type": "LineString", "coordinates": [ [ 8.61801250845666, 47.423662310160609 ], [ 8.617820508447384, 47.423660210155163 ] ] } },
{ "type": "Feature", "properties": { "name": "LV_54-6_0_5_line_25" }, "geometry": { "type": "LineString", "coordinates": [ [ 8.61801250845666, 47.423662310160609 ], [ 8.618444408453698, 47.423667110157062 ] ] } },
{ "type": "Feature", "properties": { "name": "LV_54-6_0_5_line_26" }, "geometry": { "type": "LineString", "coordinates": [ [ 8.617820508447384, 47.423660210155163 ], [ 8.617843808455476, 47.423564410158633 ], [ 8.617860308445991, 47.423527210159016 ] ] } },
{ "type": "Feature", "properties": { "name": "LV_54-6_0_5_line_27" }, "geometry": { "type": "LineString", "coordinates": [ [ 8.617820508447384, 47.423660210155163 ], [ 8.617817508450523, 47.423761310156735 ], [ 8.617828908452543, 47.42383261015484 ], [ 8.617840951188228, 47.423891861641302 ] ] } },
{ "type": "Feature", "properties": { "name": "LV_54-6_0_5_line_28" }, "geometry": { "type": "LineString", "coordinates": [ [ 8.618444408453698, 47.423667110157062 ], [ 8.618444408453698, 47.423667110157062 ], [ 8.618442417276237, 47.423539861931943 ] ] } },
{ "type": "Feature", "properties": { "name": "LV_54-6_0_5_line_29" }, "geometry": { "type": "LineString", "coordinates": [ [ 8.618788908453944, 47.42414361015711 ], [ 8.618894789333632, 47.424095435622334 ] ] } },
{ "type": "Feature", "properties": { "name": "LV_54-6_0_5_line_30" }, "geometry": { "type": "LineString", "coordinates": [ [ 8.618788908453944, 47.42414361015711 ], [ 8.618677593499442, 47.424194236684386 ] ] } },
{ "type": "Feature", "properties": { "name": "LV_54-6_0_5_line_31" }, "geometry": { "type": "LineString", "coordinates": [ [ 8.619883511242293, 47.423279230797576 ], [ 8.619883708457728, 47.423291310159783 ], [ 8.619866708451697, 47.423337210157314 ], [ 8.61984067565591, 47.423367570926594 ] ] } },
{ "type": "Feature", "properties": { "name": "LV_54-6_0_5_line_32" }, "geometry": { "type": "LineString", "coordinates": [ [ 8.617343708449278, 47.422753210152685 ], [ 8.617373308451116, 47.422789210155202 ] ] } },
{ "type": "Feature", "properties": { "name": "LV_54-6_0_5_line_33" }, "geometry": { "type": "LineString", "coordinates": [ [ 8.617373308451116, 47.422789210155202 ], [ 8.617549364829696, 47.423160211369762 ] ] } },
{ "type": "Feature", "properties": { "name": "LV_54-6_0_5_line_34" }, "geometry": { "type": "LineString", "coordinates": [ [ 8.617343708449278, 47.422753210152685 ], [ 8.61711980844888, 47.422880110157813 ], [ 8.616826501870296, 47.423011753926652 ] ] } },
{ "type": "Feature", "properties": { "name": "LV_54-6_0_5_line_35" }, "geometry": { "type": "LineString", "coordinates": [ [ 8.617630960609301, 47.423332155179551 ], [ 8.617549364829696, 47.423160211369762 ] ] } },
{ "type": "Feature", "properties": { "name": "LV_54-6_0_5_line_36" }, "geometry": { "type": "LineString", "coordinates": [ [ 8.617860308445991, 47.423527210159016 ], [ 8.617939608445253, 47.423384210160989 ], [ 8.618046108453166, 47.42323091015745 ], [ 8.618141752513571, 47.423115178653639 ] ] } },
{ "type": "Feature", "properties": { "name": "LV_54-6_0_5_line_37" }, "geometry": { "type": "LineString", "coordinates": [ [ 8.617745608444658, 47.423489310156398 ], [ 8.617772708451039, 47.423503110153938 ], [ 8.617860308445991, 47.423527210159016 ] ] } },
{ "type": "Feature", "properties": { "name": "LV_54-6_0_5_line_38" }, "geometry": { "type": "LineString", "coordinates": [ [ 8.61984067565591, 47.423367570926594 ], [ 8.619795268053673, 47.423420527473908 ] ] } },
{ "type": "Feature", "properties": { "name": "LV_54-6_0_5_line_39" }, "geometry": { "type": "LineString", "coordinates": [ [ 8.619652532156863, 47.423586992199908 ], [ 8.619795268053673, 47.423420527473908 ] ] } },
{ "type": "Feature", "properties": { "name": "LV_54-6_0_5_line_40" }, "geometry": { "type": "LineString", "coordinates": [ [ 8.619621444189423, 47.423623248164489 ], [ 8.619652532156863, 47.423586992199908 ] ] } },
{ "type": "Feature", "properties": { "name": "LV_54-6_0_5_line_41" }, "geometry": { "type": "LineString", "coordinates": [ [ 8.619621444189423, 47.423623248164489 ], [ 8.619524908823582, 47.42373583096451 ] ] } },
{ "type": "Feature", "properties": { "name": "LV_54-6_0_5_line_42" }, "geometry": { "type": "LineString", "coordinates": [ [ 8.619524908823582, 47.42373583096451 ], [ 8.619476308448686, 47.423792510158812 ], [ 8.619444818592017, 47.423809850124684 ] ] } },
{ "type": "Feature", "properties": { "name": "LV_54-6_0_5_line_43" }, "geometry": { "type": "LineString", "coordinates": [ [ 8.618894789333632, 47.424095435622334 ], [ 8.619075508456399, 47.424013210160346 ], [ 8.619124264259055, 47.423986363006797 ] ] } },
{ "type": "Feature", "properties": { "name": "LV_54-6_0_5_line_44" }, "geometry": { "type": "LineString", "coordinates": [ [ 8.617979808455836, 47.424445410159997 ], [ 8.618065608446067, 47.424434610156766 ], [ 8.618155808444548, 47.42440481015614 ], [ 8.618577608447797, 47.424239710158858 ], [ 8.618677593499442, 47.424194236684386 ] ] } },
{ "type": "Feature", "properties": { "name": "LV_54-6_0_5_line_45" }, "geometry": { "type": "LineString", "coordinates": [ [ 8.619149711032502, 47.423972350844736 ], [ 8.619124264259055, 47.423986363006797 ] ] } },
{ "type": "Feature", "properties": { "name": "LV_54-6_0_5_line_46" }, "geometry": { "type": "LineString", "coordinates": [ [ 8.61792640845616, 47.424556810160581 ], [ 8.618007008453331, 47.424549210154993 ], [ 8.617979808455836, 47.424445410159997 ] ] } },
{ "type": "Feature", "properties": { "name": "LV_54-6_0_5_line_47" }, "geometry": { "type": "LineString", "coordinates": [ [ 8.617979808455836, 47.424445410159997 ], [ 8.617927098437089, 47.424251401746417 ] ] } },
{ "type": "Feature", "properties": { "name": "LV_54-6_0_5_line_48" }, "geometry": { "type": "LineString", "coordinates": [ [ 8.618441208449873, 47.423462610153003 ], [ 8.618442417276237, 47.423539861931943 ] ] } },
{ "type": "Feature", "properties": { "name": "LV_54-6_0_5_line_49" }, "geometry": { "type": "LineString", "coordinates": [ [ 8.617875208450407, 47.424060410160855 ], [ 8.617840951188228, 47.423891861641302 ] ] } },
{ "type": "Feature", "properties": { "name": "LV_54-6_0_5_line_50" }, "geometry": { "type": "LineString", "coordinates": [ [ 8.61935205688536, 47.423860929473321 ], [ 8.619444818592017, 47.423809850124684 ] ] } },
{ "type": "Feature", "properties": { "name": "LV_54-6_0_5_line_51" }, "geometry": { "type": "LineString", "coordinates": [ [ 8.619326466532975, 47.423875020793808 ], [ 8.61935205688536, 47.423860929473321 ] ] } },
{ "type": "Feature", "properties": { "name": "LV_54-6_0_5_line_52" }, "geometry": { "type": "LineString", "coordinates": [ [ 8.619149711032502, 47.423972350844736 ], [ 8.619326466532975, 47.423875020793808 ] ] } },
{ "type": "Feature", "properties": { "name": "LV_54-6_0_5_line_53" }, "geometry": { "type": "LineString", "coordinates": [ [ 8.617875208450407, 47.424060410160855 ], [ 8.617809108445487, 47.424067310161249 ] ] } },
{ "type": "Feature", "properties": { "name": "LV_54-6_0_5_line_54" }, "geometry": { "type": "LineString", "coordinates": [ [ 8.617875208450407, 47.424060410160855 ], [ 8.617927098437089, 47.424251401746417 ] ] } },
{ "type": "Feature", "properties": { "name": "LV_54-6_0_5_line_55" }, "geometry": { "type": "LineString", "coordinates": [ [ 8.617809108445487, 47.424067310161249 ], [ 8.617864696953538, 47.424299285469587 ] ] } },
{ "type": "Feature", "properties": { "name": "LV_54-6_0_5_line_56" }, "geometry": { "type": "LineString", "coordinates": [ [ 8.617809108445487, 47.424067310161249 ], [ 8.617786889221476, 47.423975499005387 ] ] } },
{ "type": "Feature", "properties": { "name": "LV_54-6_0_5_line_57" }, "geometry": { "type": "LineString", "coordinates": [ [ 8.617809108445487, 47.424067310161249 ], [ 8.617757508448367, 47.424077510154078 ], [ 8.617552908448998, 47.42411781015452 ], [ 8.617552908448998, 47.42411781015452 ] ] } },
{ "type": "Feature", "properties": { "name": "LV_54-6_0_5_line_58" }, "geometry": { "type": "LineString", "coordinates": [ [ 8.617745608444658, 47.423489310156398 ], [ 8.617691208447921, 47.42345921015891 ], [ 8.617668808450992, 47.423411910157725 ], [ 8.617630960609301, 47.423332155179551 ] ] } },
{ "type": "Feature", "properties": { "name": "LV_54-6_0_5_line_59" }, "geometry": { "type": "LineString", "coordinates": [ [ 8.617552908448998, 47.42411781015452 ], [ 8.61753650790315, 47.424074849259235 ] ] } },
{ "type": "Feature", "properties": { "name": "LV_54-6_0_5_line_60" }, "geometry": { "type": "LineString", "coordinates": [ [ 8.61792640845616, 47.424556810160581 ], [ 8.617935619307188, 47.424596447154961 ] ] } },
{ "type": "Feature", "properties": { "name": "LV_54-6_0_5_line_61" }, "geometry": { "type": "LineString", "coordinates": [ [ 8.617935619307188, 47.424596447154961 ], [ 8.617975208449366, 47.424766810154125 ], [ 8.617960608444099, 47.424815810155216 ], [ 8.617917308456537, 47.424850510158748 ] ] } },
{ "type": "Feature", "properties": { "name": "LV_54-6_0_5_line_62" }, "geometry": { "type": "LineString", "coordinates": [ [ 8.617939508456788, 47.424899510157864 ], [ 8.618081908455199, 47.424875610154849 ], [ 8.618118608452503, 47.424997910159156 ] ] } },
{ "type": "Feature", "properties": { "name": "LV_54-6_0_5_line_63" }, "geometry": { "type": "LineString", "coordinates": [ [ 8.617939508456788, 47.424899510157864 ], [ 8.617917308456537, 47.424850510158748 ] ] } },
{ "type": "Feature", "properties": { "name": "LV_54-6_0_5_line_64" }, "geometry": { "type": "LineString", "coordinates": [ [ 8.618118608452503, 47.424997910159156 ], [ 8.618432750365724, 47.424957878939956 ] ] } },
{ "type": "Feature", "properties": { "name": "LV_54-6_0_5_line_65" }, "geometry": { "type": "LineString", "coordinates": [ [ 8.618452908455588, 47.424955310157635 ], [ 8.618432750365724, 47.424957878939956 ] ] } },
{ "type": "Feature", "properties": { "name": "LV_54-6_0_5_line_66" }, "geometry": { "type": "LineString", "coordinates": [ [ 8.618452908455588, 47.424955310157635 ], [ 8.618675418510684, 47.424928779538291 ] ] } },
{ "type": "Feature", "properties": { "name": "LV_54-6_0_5_line_67" }, "geometry": { "type": "LineString", "coordinates": [ [ 8.619370009992643, 47.424723434933675 ], [ 8.61968821963594, 47.424548035196977 ] ] } },
{ "type": "Feature", "properties": { "name": "LV_54-6_0_5_line_68" }, "geometry": { "type": "LineString", "coordinates": [ [ 8.619370009992643, 47.424723434933675 ], [ 8.619320708448331, 47.424750610155854 ], [ 8.619012308451389, 47.424888610157488 ], [ 8.618675418510684, 47.424928779538291 ] ] } },
{ "type": "Feature", "properties": { "name": "LV_54-6_0_5_line_69" }, "geometry": { "type": "LineString", "coordinates": [ [ 8.620274994993695, 47.423357666371984 ], [ 8.620274693305031, 47.423358785221346 ] ] } },
{ "type": "Feature", "properties": { "name": "LV_54-6_0_5_line_70" }, "geometry": { "type": "LineString", "coordinates": [ [ 8.620235508449628, 47.423504110158461 ], [ 8.620274693305031, 47.423358785221346 ] ] } },
{ "type": "Feature", "properties": { "name": "LV_54-6_0_5_line_71" }, "geometry": { "type": "LineString", "coordinates": [ [ 8.620274994993695, 47.423357666371984 ], [ 8.620302108454705, 47.42325711015684 ], [ 8.620306611464638, 47.423202682550496 ] ] } },
{ "type": "Feature", "properties": { "name": "LV_54-6_0_5_line_72" }, "geometry": { "type": "LineString", "coordinates": [ [ 8.616600108443242, 47.423029310154924 ], [ 8.616635808454172, 47.42305781015601 ], [ 8.616800308445153, 47.423023510157464 ], [ 8.616826501870296, 47.423011753926652 ] ] } },
{ "type": "Feature", "properties": { "name": "LV_54-6_0_5_line_73" }, "geometry": { "type": "LineString", "coordinates": [ [ 8.615789408450304, 47.423112310160846 ], [ 8.615559608445587, 47.423273210153397 ], [ 8.615504186412844, 47.42333989851732 ] ] } },
{ "type": "Feature", "properties": { "name": "LV_54-6_0_5_line_74" }, "geometry": { "type": "LineString", "coordinates": [ [ 8.615789408450304, 47.423112310160846 ], [ 8.616066508453684, 47.423291010152752 ], [ 8.616231008455014, 47.42323541015795 ], [ 8.616338196596836, 47.423175558163585 ] ] } },
{ "type": "Feature", "properties": { "name": "LV_54-6_0_5_line_75" }, "geometry": { "type": "LineString", "coordinates": [ [ 8.616600108443242, 47.423029310154924 ], [ 8.616338196596836, 47.423175558163585 ] ] } },
{ "type": "Feature", "properties": { "name": "LV_54-9_0_5_line_0" }, "geometry": { "type": "LineString", "coordinates": [ [ 8.62025500845443, 47.422598910151919 ], [ 8.62049520845229, 47.422617210152666 ], [ 8.62058060845891, 47.422632210156792 ], [ 8.620641008448512, 47.422651510155099 ], [ 8.62069470845913, 47.422681210157286 ], [ 8.620743208457355, 47.422738310159026 ], [ 8.620899308448072, 47.422955610152691 ], [ 8.620932010439128, 47.42299030241152 ] ] } },
{ "type": "Feature", "properties": { "name": "LV_54-9_0_5_line_1" }, "geometry": { "type": "LineString", "coordinates": [ [ 8.62025500845443, 47.422598910151919 ], [ 8.620280208457448, 47.422571410155356 ], [ 8.620281108450424, 47.422537910153707 ], [ 8.620173504448337, 47.422365896538189 ] ] } },
{ "type": "Feature", "properties": { "name": "LV_54-9_0_5_line_2" }, "geometry": { "type": "LineString", "coordinates": [ [ 8.62025500845443, 47.422598910151919 ], [ 8.620178808451609, 47.422613510159884 ] ] } },
{ "type": "Feature", "properties": { "name": "LV_54-9_0_5_line_3" }, "geometry": { "type": "LineString", "coordinates": [ [ 8.620173504448337, 47.422365896538189 ], [ 8.620170070150042, 47.422360406516596 ] ] } },
{ "type": "Feature", "properties": { "name": "LV_54-9_0_5_line_4" }, "geometry": { "type": "LineString", "coordinates": [ [ 8.619751008455543, 47.422610610156184 ], [ 8.620178808451609, 47.422613510159884 ] ] } },
{ "type": "Feature", "properties": { "name": "LV_54-9_0_5_line_5" }, "geometry": { "type": "LineString", "coordinates": [ [ 8.620178808451609, 47.422613510159884 ], [ 8.620205952053549, 47.422715118229064 ] ] } },
{ "type": "Feature", "properties": { "name": "LV_54-9_0_5_line_6" }, "geometry": { "type": "LineString", "coordinates": [ [ 8.619751008455543, 47.422610610156184 ], [ 8.619508399496942, 47.422234769797569 ] ] } },
{ "type": "Feature", "properties": { "name": "LV_54-9_0_5_line_7" }, "geometry": { "type": "LineString", "coordinates": [ [ 8.619751008455543, 47.422610610156184 ], [ 8.619757108458087, 47.422640010152158 ] ] } },
{ "type": "Feature", "properties": { "name": "LV_54-9_0_5_line_8" }, "geometry": { "type": "LineString", "coordinates": [ [ 8.620250484328508, 47.422881817372364 ], [ 8.620205952053549, 47.422715118229064 ] ] } },
{ "type": "Feature", "properties": { "name": "LV_54-9_0_5_line_9" }, "geometry": { "type": "LineString", "coordinates": [ [ 8.619218208451541, 47.421994110155381 ], [ 8.619370308448559, 47.422055010151702 ], [ 8.619439808458509, 47.422128510151808 ], [ 8.619508399496942, 47.422234769797569 ] ] } },
{ "type": "Feature", "properties": { "name": "LV_54-9_0_5_line_10" }, "geometry": { "type": "LineString", "coordinates": [ [ 8.619757108458087, 47.422640010152158 ], [ 8.619779216200131, 47.422745857682081 ] ] } },
{ "type": "Feature", "properties": { "name": "LV_54-9_0_5_line_11" }, "geometry": { "type": "LineString", "coordinates": [ [ 8.619757108458087, 47.422640010152158 ], [ 8.619596536592734, 47.422721396910653 ] ] } },
{ "type": "Feature", "properties": { "name": "LV_54-9_0_5_line_12" }, "geometry": { "type": "LineString", "coordinates": [ [ 8.620795308447827, 47.42196071015583 ], [ 8.620929908450297, 47.422156310151841 ], [ 8.621050108447916, 47.422109910156024 ], [ 8.621175008455758, 47.422027210155299 ], [ 8.621214141981447, 47.421993191236204 ] ] } },
{ "type": "Feature", "properties": { "name": "LV_54-9_0_5_line_13" }, "geometry": { "type": "LineString", "coordinates": [ [ 8.619802808456111, 47.421524310154503 ], [ 8.619658208449504, 47.421487410153823 ], [ 8.619692308454406, 47.421428010155303 ], [ 8.619732308449599, 47.421439510158585 ], [ 8.619756108453839, 47.421403410152884 ], [ 8.619855008456815, 47.421307110151616 ], [ 8.619882208458101, 47.421271810153108 ], [ 8.619907408457331, 47.421265010159075 ], [ 8.620095508447159, 47.421214810153387 ], [ 8.620197308455429, 47.421188010155667 ], [ 8.620259708460027, 47.421172110157279 ], [ 8.62032500845925, 47.421281610157401 ], [ 8.620395308450897, 47.421390410152434 ], [ 8.620463908456951, 47.421509910159344 ], [ 8.620538008456474, 47.421632510155618 ], [ 8.620577808452852, 47.421643410156435 ], [ 8.620597608459533, 47.421673510154399 ], [ 8.620687108456911, 47.421803510151342 ], [ 8.620795308447827, 47.42196071015583 ] ] } },
{ "type": "Feature", "properties": { "name": "LV_54-9_0_5_line_14" }, "geometry": { "type": "LineString", "coordinates": [ [ 8.619441608451474, 47.421439210151853 ], [ 8.619658208449504, 47.421487410153823 ], [ 8.619802808456111, 47.421524310154503 ] ] } },
{ "type": "Feature", "properties": { "name": "LV_54-9_0_5_line_15" }, "geometry": { "type": "LineString", "coordinates": [ [ 8.619802808456111, 47.421524310154503 ], [ 8.619750708459328, 47.421652710156422 ], [ 8.619750608452081, 47.421688510158248 ], [ 8.619767908454078, 47.421717110151242 ], [ 8.619794386014176, 47.421759468531825 ] ] } },
{ "type": "Feature", "properties": { "name": "LV_54-9_0_5_line_16" }, "geometry": { "type": "LineString", "coordinates": [ [ 8.619441608451474, 47.421439210151853 ], [ 8.619457922813977, 47.421375535495137 ] ] } },
{ "type": "Feature", "properties": { "name": "LV_54-9_0_5_line_17" }, "geometry": { "type": "LineString", "coordinates": [ [ 8.619441608451474, 47.421439210151853 ], [ 8.619395008457795, 47.421553810153689 ], [ 8.619373108455898, 47.421600310159917 ], [ 8.619356593362332, 47.42163290399612 ] ] } },
{ "type": "Feature", "properties": { "name": "LV_54-9_0_5_line_18" }, "geometry": { "type": "LineString", "coordinates": [ [ 8.619218208451541, 47.421994110155381 ], [ 8.619105008454945, 47.421955010153312 ] ] } },
{ "type": "Feature", "properties": { "name": "LV_54-9_0_5_line_19" }, "geometry": { "type": "LineString", "coordinates": [ [ 8.619105008454945, 47.421955010153312 ], [ 8.619323908453655, 47.421697410151779 ], [ 8.619356593362332, 47.42163290399612 ] ] } },
{ "type": "Feature", "properties": { "name": "LV_54-9_0_5_line_20" }, "geometry": { "type": "LineString", "coordinates": [ [ 8.618804108454523, 47.422121210154593 ], [ 8.618865808448419, 47.422137710153351 ], [ 8.618953708447778, 47.42203861015377 ], [ 8.619020208453312, 47.422060610155334 ], [ 8.619105008454945, 47.421955010153312 ] ] } },
{ "type": "Feature", "properties": { "name": "LV_54-9_0_5_line_21" }, "geometry": { "type": "LineString", "coordinates": [ [ 8.618343508445248, 47.422366710159764 ], [ 8.618583808451698, 47.422263510155624 ] ] } },
{ "type": "Feature", "properties": { "name": "LV_54-9_0_5_line_22" }, "geometry": { "type": "LineString", "coordinates": [ [ 8.618583808451698, 47.422263510155624 ], [ 8.618672008455846, 47.422262910159844 ], [ 8.618698408450477, 47.422267510158704 ], [ 8.618781908455105, 47.422282010157907 ], [ 8.618829708455401, 47.422290310158786 ], [ 8.618667308454302, 47.42248281015727 ] ] } },
{ "type": "Feature", "properties": { "name": "LV_54-9_0_5_line_23" }, "geometry": { "type": "LineString", "coordinates": [ [ 8.618804108454523, 47.422121210154593 ], [ 8.618667108450886, 47.422209710156011 ], [ 8.618583808451698, 47.422263510155624 ] ] } },
{ "type": "Feature", "properties": { "name": "LV_54-9_0_5_line_24" }, "geometry": { "type": "LineString", "coordinates": [ [ 8.618583808451698, 47.422263510155624 ], [ 8.618585908457938, 47.422204010155426 ], [ 8.618587608448175, 47.422155310156214 ], [ 8.6184578813046, 47.421977338821499 ] ] } },
{ "type": "Feature", "properties": { "name": "LV_54-9_0_5_line_25" }, "geometry": { "type": "LineString", "coordinates": [ [ 8.618343508445248, 47.422366710159764 ], [ 8.618254918004247, 47.422257828247524 ] ] } },
{ "type": "Feature", "properties": { "name": "LV_54-9_0_5_line_26" }, "geometry": { "type": "LineString", "coordinates": [ [ 8.618667308454302, 47.42248281015727 ], [ 8.618471812603621, 47.422714536976166 ] ] } },
{ "type": "Feature", "properties": { "name": "LV_54-9_0_5_line_27" }, "geometry": { "type": "LineString", "coordinates": [ [ 8.618667308454302, 47.42248281015727 ], [ 8.618741708455444, 47.422602410151981 ] ] } },
{ "type": "Feature", "properties": { "name": "LV_54-9_0_5_line_28" }, "geometry": { "type": "LineString", "coordinates": [ [ 8.618804108454523, 47.422121210154593 ], [ 8.618919608457515, 47.42195161015826 ], [ 8.618799387393695, 47.42177561288981 ] ] } },
{ "type": "Feature", "properties": { "name": "LV_54-9_0_5_line_29" }, "geometry": { "type": "LineString", "coordinates": [ [ 8.6184578813046, 47.421977338821499 ], [ 8.618366308458357, 47.421851710157831 ], [ 8.618306008451187, 47.421769010155359 ], [ 8.618368500059123, 47.421748676690427 ] ] } },
{ "type": "Feature", "properties": { "name": "LV_54-9_0_5_line_30" }, "geometry": { "type": "LineString", "coordinates": [ [ 8.618624608453901, 47.42109331015736 ], [ 8.618619308452669, 47.420995010158393 ], [ 8.618600508449477, 47.420958810154048 ], [ 8.618580808458825, 47.420920410152675 ] ] } },
{ "type": "Feature", "properties": { "name": "LV_54-9_0_5_line_31" }, "geometry": { "type": "LineString", "coordinates": [ [ 8.618580808458825, 47.420920410152675 ], [ 8.618608308455975, 47.420920010153452 ], [ 8.618723208455529, 47.420907410151372 ], [ 8.618866908452354, 47.420891610159799 ], [ 8.619087208449933, 47.42088721015395 ], [ 8.619162308448709, 47.420885710154096 ], [ 8.619170871530187, 47.420885547888204 ] ] } },
{ "type": "Feature", "properties": { "name": "LV_54-9_0_5_line_32" }, "geometry": { "type": "LineString", "coordinates": [ [ 8.618093208457793, 47.421051010154208 ], [ 8.618159508445723, 47.420964210154068 ], [ 8.618191908446041, 47.420920910152539 ], [ 8.618272808456032, 47.420925410157231 ], [ 8.618580808458825, 47.420920410152675 ] ] } },
{ "type": "Feature", "properties": { "name": "LV_54-9_0_5_line_33" }, "geometry": { "type": "LineString", "coordinates": [ [ 8.618093208457793, 47.421051010154208 ], [ 8.618027117159521, 47.421141609526686 ] ] } },
{ "type": "Feature", "properties": { "name": "LV_54-9_0_5_line_34" }, "geometry": { "type": "LineString", "coordinates": [ [ 8.618093208457793, 47.421051010154208 ], [ 8.617994208454727, 47.421013810158506 ], [ 8.617861343400227, 47.420852722616587 ] ] } },
{ "type": "Feature", "properties": { "name": "LV_54-9_0_5_line_35" }, "geometry": { "type": "LineString", "coordinates": [ [ 8.617605808449097, 47.420448310159664 ], [ 8.617575108445193, 47.420413010159287 ] ] } },
{ "type": "Feature", "properties": { "name": "LV_54-9_0_5_line_36" }, "geometry": { "type": "LineString", "coordinates": [ [ 8.617502608455233, 47.420487810154505 ], [ 8.617550908448651, 47.420469310153869 ], [ 8.617553208451929, 47.420468410158222 ], [ 8.617605808449097, 47.420448310159664 ] ] } },
{ "type": "Feature", "properties": { "name": "LV_54-9_0_5_line_37" }, "geometry": { "type": "LineString", "coordinates": [ [ 8.617502608455233, 47.420487810154505 ], [ 8.617431508456399, 47.420513610151552 ], [ 8.61741920844946, 47.420499210156045 ], [ 8.61730220844867, 47.420540010156408 ] ] } },
{ "type": "Feature", "properties": { "name": "LV_54-9_0_5_line_38" }, "geometry": { "type": "LineString", "coordinates": [ [ 8.617502608455233, 47.420487810154505 ], [ 8.617644067192479, 47.42066749161674 ] ] } },
{ "type": "Feature", "properties": { "name": "LV_54-9_0_5_line_39" }, "geometry": { "type": "LineString", "coordinates": [ [ 8.617886500784225, 47.421334303526962 ], [ 8.617952708448451, 47.421243610156509 ], [ 8.618027117159521, 47.421141609526686 ] ] } },
{ "type": "Feature", "properties": { "name": "LV_54-9_0_5_line_40" }, "geometry": { "type": "LineString", "coordinates": [ [ 8.61779930845066, 47.420777510153286 ], [ 8.617861343400227, 47.420852722616587 ] ] } },
{ "type": "Feature", "properties": { "name": "LV_54-9_0_5_line_41" }, "geometry": { "type": "LineString", "coordinates": [ [ 8.613711083816851, 47.420279378966846 ], [ 8.613488246288654, 47.420362906261325 ] ] } },
{ "type": "Feature", "properties": { "name": "LV_54-9_0_5_line_42" }, "geometry": { "type": "LineString", "coordinates": [ [ 8.613711083816851, 47.420279378966846 ], [ 8.613730713062081, 47.420272021202003 ] ] } },
{ "type": "Feature", "properties": { "name": "LV_54-9_0_5_line_43" }, "geometry": { "type": "LineString", "coordinates": [ [ 8.613488246288654, 47.420362906261325 ], [ 8.613444662328199, 47.420379242975194 ] ] } },
{ "type": "Feature", "properties": { "name": "LV_54-9_0_5_line_44" }, "geometry": { "type": "LineString", "coordinates": [ [ 8.614039408445201, 47.420156310158944 ], [ 8.613730713062081, 47.420272021202003 ] ] } },
{ "type": "Feature", "properties": { "name": "LV_54-9_0_5_line_45" }, "geometry": { "type": "LineString", "coordinates": [ [ 8.613423345402257, 47.420387217636446 ], [ 8.61342660844096, 47.420386010153145 ], [ 8.613444662328199, 47.420379242975194 ] ] } },
{ "type": "Feature", "properties": { "name": "LV_54-9_0_5_line_46" }, "geometry": { "type": "LineString", "coordinates": [ [ 8.614039408445201, 47.420156310158944 ], [ 8.614171890008855, 47.420360398048459 ] ] } },
{ "type": "Feature", "properties": { "name": "LV_54-9_0_5_line_47" }, "geometry": { "type": "LineString", "coordinates": [ [ 8.613351595714645, 47.420413768375056 ], [ 8.613423345402257, 47.420387217636446 ] ] } },
{ "type": "Feature", "properties": { "name": "LV_54-9_0_5_line_48" }, "geometry": { "type": "LineString", "coordinates": [ [ 8.614171890008855, 47.420360398048459 ], [ 8.614172574047375, 47.420361451799103 ] ] } },
{ "type": "Feature", "properties": { "name": "LV_54-9_0_5_line_49" }, "geometry": { "type": "LineString", "coordinates": [ [ 8.613295227633033, 47.420434627143827 ], [ 8.613351595714645, 47.420413768375056 ] ] } },
{ "type": "Feature", "properties": { "name": "LV_54-9_0_5_line_50" }, "geometry": { "type": "LineString", "coordinates": [ [ 8.614276337211498, 47.420521297780823 ], [ 8.614172574047375, 47.420361451799103 ] ] } },
{ "type": "Feature", "properties": { "name": "LV_54-9_0_5_line_51" }, "geometry": { "type": "LineString", "coordinates": [ [ 8.613295227633033, 47.420434627143827 ], [ 8.613144819418187, 47.420490284841996 ] ] } },
{ "type": "Feature", "properties": { "name": "LV_54-9_0_5_line_52" }, "geometry": { "type": "LineString", "coordinates": [ [ 8.616470608449958, 47.420538810157609 ], [ 8.61665993703879, 47.420467828562096 ] ] } },
{ "type": "Feature", "properties": { "name": "LV_54-9_0_5_line_53" }, "geometry": { "type": "LineString", "coordinates": [ [ 8.616470608449958, 47.420538810157609 ], [ 8.6165602367092, 47.420650789067693 ] ] } },
{ "type": "Feature", "properties": { "name": "LV_54-9_0_5_line_54" }, "geometry": { "type": "LineString", "coordinates": [ [ 8.616470608449958, 47.420538810157609 ], [ 8.616419729100535, 47.420473664404035 ] ] } },
{ "type": "Feature", "properties": { "name": "LV_54-9_0_5_line_55" }, "geometry": { "type": "LineString", "coordinates": [ [ 8.6165602367092, 47.420650789067693 ], [ 8.616569467782382, 47.420662322080808 ] ] } },
{ "type": "Feature", "properties": { "name": "LV_54-9_0_5_line_56" }, "geometry": { "type": "LineString", "coordinates": [ [ 8.616419729100535, 47.420473664404035 ], [ 8.616261947855605, 47.42027164064632 ] ] } },
{ "type": "Feature", "properties": { "name": "LV_54-9_0_5_line_57" }, "geometry": { "type": "LineString", "coordinates": [ [ 8.616673334233548, 47.420792089036453 ], [ 8.616569467782382, 47.420662322080808 ] ] } },
{ "type": "Feature", "properties": { "name": "LV_54-9_0_5_line_58" }, "geometry": { "type": "LineString", "coordinates": [ [ 8.61730220844867, 47.420540010156408 ], [ 8.617246008453524, 47.42056051015652 ], [ 8.617218808448206, 47.420524610152 ] ] } },
{ "type": "Feature", "properties": { "name": "LV_54-9_0_5_line_59" }, "geometry": { "type": "LineString", "coordinates": [ [ 8.617752908452733, 47.420731810152105 ], [ 8.617700608450624, 47.420739310152371 ], [ 8.617644067192479, 47.42066749161674 ] ] } },
{ "type": "Feature", "properties": { "name": "LV_54-9_0_5_line_60" }, "geometry": { "type": "LineString", "coordinates": [ [ 8.61672431457667, 47.420855781743455 ], [ 8.616673334233548, 47.420792089036453 ] ] } },
{ "type": "Feature", "properties": { "name": "LV_54-9_0_5_line_61" }, "geometry": { "type": "LineString", "coordinates": [ [ 8.617752908452733, 47.420731810152105 ], [ 8.61779930845066, 47.420777510153286 ] ] } },
{ "type": "Feature", "properties": { "name": "LV_54-9_0_5_line_62" }, "geometry": { "type": "LineString", "coordinates": [ [ 8.617752908452733, 47.420731810152105 ], [ 8.617792108457765, 47.42070321015143 ], [ 8.617770108451095, 47.420674010156155 ], [ 8.617781908447089, 47.420669610153652 ], [ 8.617801908445159, 47.420662110160528 ], [ 8.61787956371921, 47.420632966795537 ] ] } },
{ "type": "Feature", "properties": { "name": "LV_54-9_0_5_line_63" }, "geometry": { "type": "LineString", "coordinates": [ [ 8.617704408457698, 47.421581110156929 ], [ 8.617829408456096, 47.421412510159662 ], [ 8.617886500784225, 47.421334303526962 ] ] } },
{ "type": "Feature", "properties": { "name": "LV_54-9_0_5_line_64" }, "geometry": { "type": "LineString", "coordinates": [ [ 8.61779930845066, 47.420777510153286 ], [ 8.617581270580496, 47.420861224182772 ] ] } },
{ "type": "Feature", "properties": { "name": "LV_54-9_0_5_line_65" }, "geometry": { "type": "LineString", "coordinates": [ [ 8.61787956371921, 47.420632966795537 ], [ 8.618015608445351, 47.420581910151597 ], [ 8.618041708448605, 47.420615010160269 ], [ 8.618170935853913, 47.420570030854059 ] ] } },
{ "type": "Feature", "properties": { "name": "LV_54-9_0_5_line_66" }, "geometry": { "type": "LineString", "coordinates": [ [ 8.617500317388178, 47.420892305394155 ], [ 8.617581270580496, 47.420861224182772 ] ] } },
{ "type": "Feature", "properties": { "name": "LV_54-9_0_5_line_67" }, "geometry": { "type": "LineString", "coordinates": [ [ 8.61746547823142, 47.420905681525483 ], [ 8.617500317388178, 47.420892305394155 ] ] } },
{ "type": "Feature", "properties": { "name": "LV_54-9_0_5_line_68" }, "geometry": { "type": "LineString", "coordinates": [ [ 8.61746547823142, 47.420905681525483 ], [ 8.61710620709481, 47.421043618956418 ] ] } },
{ "type": "Feature", "properties": { "name": "LV_54-9_0_5_line_69" }, "geometry": { "type": "LineString", "coordinates": [ [ 8.616930408448837, 47.4211113101534 ], [ 8.616970008455661, 47.421095910157874 ], [ 8.61710620709481, 47.421043618956418 ] ] } },
{ "type": "Feature", "properties": { "name": "LV_54-9_0_5_line_70" }, "geometry": { "type": "LineString", "coordinates": [ [ 8.616930408448837, 47.4211113101534 ], [ 8.617024385396997, 47.421233983934869 ] ] } },
{ "type": "Feature", "properties": { "name": "LV_54-9_0_5_line_71" }, "geometry": { "type": "LineString", "coordinates": [ [ 8.616930408448837, 47.4211113101534 ], [ 8.616784608453292, 47.420931110153425 ], [ 8.61672431457667, 47.420855781743455 ] ] } },
{ "type": "Feature", "properties": { "name": "LV_54-9_0_5_line_72" }, "geometry": { "type": "LineString", "coordinates": [ [ 8.616930408448837, 47.4211113101534 ], [ 8.616834308448071, 47.421144110152966 ], [ 8.61668751319594, 47.421194238124222 ] ] } },
{ "type": "Feature", "properties": { "name": "LV_54-9_0_5_line_73" }, "geometry": { "type": "LineString", "coordinates": [ [ 8.61668751319594, 47.421194238124222 ], [ 8.616508405717139, 47.42125539975612 ] ] } },
{ "type": "Feature", "properties": { "name": "LV_54-9_0_5_line_74" }, "geometry": { "type": "LineString", "coordinates": [ [ 8.616151529704778, 47.421377264551019 ], [ 8.616508405717139, 47.42125539975612 ] ] } },
{ "type": "Feature", "properties": { "name": "LV_54-9_0_5_line_75" }, "geometry": { "type": "LineString", "coordinates": [ [ 8.617220227915098, 47.42148962694246 ], [ 8.617219879712675, 47.421489172414937 ] ] } },
{ "type": "Feature", "properties": { "name": "LV_54-9_0_5_line_76" }, "geometry": { "type": "LineString", "coordinates": [ [ 8.617220227915098, 47.42148962694246 ], [ 8.617351425376764, 47.421660883946892 ] ] } },
{ "type": "Feature", "properties": { "name": "LV_54-9_0_5_line_77" }, "geometry": { "type": "LineString", "coordinates": [ [ 8.616092052014821, 47.421397574627463 ], [ 8.616151529704778, 47.421377264551019 ] ] } },
{ "type": "Feature", "properties": { "name": "LV_54-9_0_5_line_78" }, "geometry": { "type": "LineString", "coordinates": [ [ 8.617536008447491, 47.421807510154615 ], [ 8.617396108454114, 47.421719210153334 ], [ 8.617351425376764, 47.421660883946892 ] ] } },
{ "type": "Feature", "properties": { "name": "LV_54-9_0_5_line_79" }, "geometry": { "type": "LineString", "coordinates": [ [ 8.617536008447491, 47.421807510154615 ], [ 8.617313462472971, 47.422064683198883 ] ] } },
{ "type": "Feature", "properties": { "name": "LV_54-9_0_5_line_80" }, "geometry": { "type": "LineString", "coordinates": [ [ 8.617536008447491, 47.421807510154615 ], [ 8.617683879223833, 47.421608710132318 ] ] } },
{ "type": "Feature", "properties": { "name": "LV_54-9_0_5_line_81" }, "geometry": { "type": "LineString", "coordinates": [ [ 8.617704408457698, 47.421581110156929 ], [ 8.617683879223833, 47.421608710132318 ] ] } },
{ "type": "Feature", "properties": { "name": "LV_54-9_0_5_line_82" }, "geometry": { "type": "LineString", "coordinates": [ [ 8.617704408457698, 47.421581110156929 ], [ 8.617822886004763, 47.421726767341873 ] ] } },
{ "type": "Feature", "properties": { "name": "LV_54-9_0_5_line_83" }, "geometry": { "type": "LineString", "coordinates": [ [ 8.6180248084532, 47.421975010157531 ], [ 8.617822886004763, 47.421726767341873 ] ] } },
{ "type": "Feature", "properties": { "name": "LV_54-9_0_5_line_84" }, "geometry": { "type": "LineString", "coordinates": [ [ 8.617622208448145, 47.422122410160178 ], [ 8.6180248084532, 47.421975010157531 ] ] } },
{ "type": "Feature", "properties": { "name": "LV_54-9_0_5_line_85" }, "geometry": { "type": "LineString", "coordinates": [ [ 8.6180248084532, 47.421975010157531 ], [ 8.618037887363508, 47.421991084995987 ] ] } },
{ "type": "Feature", "properties": { "name": "LV_54-9_0_5_line_86" }, "geometry": { "type": "LineString", "coordinates": [ [ 8.617622208448145, 47.422122410160178 ], [ 8.617614408457033, 47.422100710159825 ], [ 8.617603408450346, 47.422086310152274 ], [ 8.617572308454072, 47.422046310160667 ], [ 8.617558608454962, 47.422028810154671 ] ] } },
{ "type": "Feature", "properties": { "name": "LV_54-9_0_5_line_87" }, "geometry": { "type": "LineString", "coordinates": [ [ 8.617622208448145, 47.422122410160178 ], [ 8.617751851222282, 47.422285274103785 ] ] } },
{ "type": "Feature", "properties": { "name": "LV_54-9_0_5_line_88" }, "geometry": { "type": "LineString", "coordinates": [ [ 8.618037887363508, 47.421991084995987 ], [ 8.618254918004247, 47.422257828247524 ] ] } },
{ "type": "Feature", "properties": { "name": "LV_54-9_0_5_line_89" }, "geometry": { "type": "LineString", "coordinates": [ [ 8.617928308457527, 47.422547510152611 ], [ 8.617713169354527, 47.422641202846847 ] ] } },
{ "type": "Feature", "properties": { "name": "LV_54-9_0_5_line_90" }, "geometry": { "type": "LineString", "coordinates": [ [ 8.617928308457527, 47.422547510152611 ], [ 8.617773608450584, 47.422352610153936 ] ] } },
{ "type": "Feature", "properties": { "name": "LV_54-9_0_5_line_91" }, "geometry": { "type": "LineString", "coordinates": [ [ 8.617552997353689, 47.422710956983607 ], [ 8.617713169354527, 47.422641202846847 ] ] } },
{ "type": "Feature", "properties": { "name": "LV_54-9_0_5_line_92" }, "geometry": { "type": "LineString", "coordinates": [ [ 8.617773608450584, 47.422352610153936 ], [ 8.617505853942165, 47.422451061379306 ] ] } },
{ "type": "Feature", "properties": { "name": "LV_54-9_0_5_line_93" }, "geometry": { "type": "LineString", "coordinates": [ [ 8.617773608450584, 47.422352610153936 ], [ 8.617798208449248, 47.422343510154185 ], [ 8.617751851222282, 47.422285274103785 ] ] } },
{ "type": "Feature", "properties": { "name": "LV_54-9_0_5_line_94" }, "geometry": { "type": "LineString", "coordinates": [ [ 8.617373308451116, 47.422789210155202 ], [ 8.617552997353689, 47.422710956983607 ] ] } },
{ "type": "Feature", "properties": { "name": "LV_54-9_0_5_line_95" }, "geometry": { "type": "LineString", "coordinates": [ [ 8.617343708449278, 47.422753210152685 ], [ 8.617373308451116, 47.422789210155202 ] ] } },
{ "type": "Feature", "properties": { "name": "LV_54-9_0_5_line_96" }, "geometry": { "type": "LineString", "coordinates": [ [ 8.617343708449278, 47.422753210152685 ], [ 8.617241331544474, 47.422628780951939 ] ] } },
{ "type": "Feature", "properties": { "name": "LV_54-9_0_5_line_97" }, "geometry": { "type": "LineString", "coordinates": [ [ 8.619820799844845, 47.422944950878311 ], [ 8.619779216200131, 47.422745857682081 ] ] } },
{ "type": "Feature", "properties": { "name": "LV_54-9_0_5_line_98" }, "geometry": { "type": "LineString", "coordinates": [ [ 8.614814308444517, 47.420529510155632 ], [ 8.614365408450752, 47.420658510157388 ] ] } },
{ "type": "Feature", "properties": { "name": "LV_54-9_0_5_line_99" }, "geometry": { "type": "LineString", "coordinates": [ [ 8.614814308444517, 47.420529510155632 ], [ 8.614867793490596, 47.420435131161973 ] ] } },
{ "type": "Feature", "properties": { "name": "LV_54-9_0_5_line_100" }, "geometry": { "type": "LineString", "coordinates": [ [ 8.614365408450752, 47.420658510157388 ], [ 8.614276337211498, 47.420521297780823 ] ] } },
{ "type": "Feature", "properties": { "name": "LV_54-9_0_5_line_101" }, "geometry": { "type": "LineString", "coordinates": [ [ 8.614365408450752, 47.420658510157388 ], [ 8.614470378332781, 47.420834593939155 ] ] } },
{ "type": "Feature", "properties": { "name": "LV_54-9_0_5_line_102" }, "geometry": { "type": "LineString", "coordinates": [ [ 8.61459636881527, 47.421045937442351 ], [ 8.614470378332781, 47.420834593939155 ] ] } },
{ "type": "Feature", "properties": { "name": "LV_54-9_0_5_line_103" }, "geometry": { "type": "LineString", "coordinates": [ [ 8.61459636881527, 47.421045937442351 ], [ 8.61470421347815, 47.421226840679473 ] ] } },
{ "type": "Feature", "properties": { "name": "LV_54-9_0_5_line_104" }, "geometry": { "type": "LineString", "coordinates": [ [ 8.616092052014821, 47.421397574627463 ], [ 8.615754445150332, 47.421512857660225 ] ] } },
{ "type": "Feature", "properties": { "name": "LV_54-9_0_5_line_105" }, "geometry": { "type": "LineString", "coordinates": [ [ 8.615528208450183, 47.421590110158519 ], [ 8.615754445150332, 47.421512857660225 ] ] } },
{ "type": "Feature", "properties": { "name": "LV_54-9_0_5_line_106" }, "geometry": { "type": "LineString", "coordinates": [ [ 8.615528208450183, 47.421590110158519 ], [ 8.615607308445307, 47.421703610154218 ], [ 8.615644607646313, 47.421760022612148 ] ] } },
{ "type": "Feature", "properties": { "name": "LV_54-9_0_5_line_107" }, "geometry": { "type": "LineString", "coordinates": [ [ 8.615200208447815, 47.421712310160324 ], [ 8.615528208450183, 47.421590110158519 ] ] } },
{ "type": "Feature", "properties": { "name": "LV_54-9_0_5_line_108" }, "geometry": { "type": "LineString", "coordinates": [ [ 8.615844808442958, 47.422062810160121 ], [ 8.615644607646313, 47.421760022612148 ] ] } },
{ "type": "Feature", "properties": { "name": "LV_54-9_0_5_line_109" }, "geometry": { "type": "LineString", "coordinates": [ [ 8.615200208447815, 47.421712310160324 ], [ 8.615046908453104, 47.421769410154035 ] ] } },
{ "type": "Feature", "properties": { "name": "LV_54-9_0_5_line_110" }, "geometry": { "type": "LineString", "coordinates": [ [ 8.615200208447815, 47.421712310160324 ], [ 8.615029223391934, 47.421553191910924 ] ] } },
{ "type": "Feature", "properties": { "name": "LV_54-9_0_5_line_111" }, "geometry": { "type": "LineString", "coordinates": [ [ 8.615844808442958, 47.422062810160121 ], [ 8.616092708451637, 47.421927410160023 ], [ 8.616201708452177, 47.421898210156861 ], [ 8.616284508455614, 47.421898210152911 ], [ 8.61634440844511, 47.421902710157049 ], [ 8.616487308448217, 47.421933110154121 ], [ 8.616654208452669, 47.42195801015869 ] ] } },
{ "type": "Feature", "properties": { "name": "LV_54-9_0_5_line_112" }, "geometry": { "type": "LineString", "coordinates": [ [ 8.615046908453104, 47.421769410154035 ], [ 8.614517484413673, 47.422012110121472 ] ] } },
{ "type": "Feature", "properties": { "name": "LV_54-9_0_5_line_113" }, "geometry": { "type": "LineString", "coordinates": [ [ 8.615029223391934, 47.421553191910924 ], [ 8.614835687148135, 47.421373086130096 ] ] } },
{ "type": "Feature", "properties": { "name": "LV_54-9_0_5_line_114" }, "geometry": { "type": "LineString", "coordinates": [ [ 8.614835687148135, 47.421373086130096 ], [ 8.614736208441961, 47.421280510160742 ], [ 8.614709947514868, 47.421236459158621 ] ] } },
{ "type": "Feature", "properties": { "name": "LV_54-9_0_5_line_115" }, "geometry": { "type": "LineString", "coordinates": [ [ 8.614707455718772, 47.421232279345823 ], [ 8.614709947514868, 47.421236459158621 ] ] } },
{ "type": "Feature", "properties": { "name": "LV_54-9_0_5_line_116" }, "geometry": { "type": "LineString", "coordinates": [ [ 8.61470421347815, 47.421226840679473 ], [ 8.614707455718772, 47.421232279345823 ] ] } },
{ "type": "Feature", "properties": { "name": "LV_54-9_0_5_line_117" }, "geometry": { "type": "LineString", "coordinates": [ [ 8.61394130845396, 47.4222517101582 ], [ 8.614127008452559, 47.422191110161236 ], [ 8.614517484413673, 47.422012110121472 ] ] } },
{ "type": "Feature", "properties": { "name": "LV_54-9_0_5_line_118" }, "geometry": { "type": "LineString", "coordinates": [ [ 8.61394130845396, 47.4222517101582 ], [ 8.613742549447746, 47.421920445300323 ] ] } },
{ "type": "Feature", "properties": { "name": "LV_54-9_0_5_line_119" }, "geometry": { "type": "LineString", "coordinates": [ [ 8.613513663359537, 47.421557772727866 ], [ 8.613410451156634, 47.421390769226754 ] ] } },
{ "type": "Feature", "properties": { "name": "LV_54-9_0_5_line_120" }, "geometry": { "type": "LineString", "coordinates": [ [ 8.613668008445263, 47.421807510159667 ], [ 8.613513663359537, 47.421557772727866 ] ] } },
{ "type": "Feature", "properties": { "name": "LV_54-9_0_5_line_121" }, "geometry": { "type": "LineString", "coordinates": [ [ 8.613404866043, 47.421381732155943 ], [ 8.613410451156634, 47.421390769226754 ] ] } },
{ "type": "Feature", "properties": { "name": "LV_54-9_0_5_line_122" }, "geometry": { "type": "LineString", "coordinates": [ [ 8.613668008445263, 47.421807510159667 ], [ 8.613730408445859, 47.421900210156018 ], [ 8.613742549447746, 47.421920445300323 ] ] } },
{ "type": "Feature", "properties": { "name": "LV_54-9_0_5_line_123" }, "geometry": { "type": "LineString", "coordinates": [ [ 8.613296008453343, 47.421908010160315 ], [ 8.613668008445263, 47.421807510159667 ] ] } },
{ "type": "Feature", "properties": { "name": "LV_54-9_0_5_line_124" }, "geometry": { "type": "LineString", "coordinates": [ [ 8.613404866043, 47.421381732155943 ], [ 8.613373256317322, 47.421330585480206 ] ] } },
{ "type": "Feature", "properties": { "name": "LV_54-9_0_5_line_125" }, "geometry": { "type": "LineString", "coordinates": [ [ 8.613296008453343, 47.421908010160315 ], [ 8.613057004572259, 47.421716696887565 ] ] } },
{ "type": "Feature", "properties": { "name": "LV_54-9_0_5_line_126" }, "geometry": { "type": "LineString", "coordinates": [ [ 8.613295939769047, 47.421205481619523 ], [ 8.613373256317322, 47.421330585480206 ] ] } },
{ "type": "Feature", "properties": { "name": "LV_54-9_0_5_line_127" }, "geometry": { "type": "LineString", "coordinates": [ [ 8.612907608450652, 47.421597110157357 ], [ 8.613057004572259, 47.421716696887565 ] ] } },
{ "type": "Feature", "properties": { "name": "LV_54-9_0_5_line_128" }, "geometry": { "type": "LineString", "coordinates": [ [ 8.613268208440719, 47.421160610160584 ], [ 8.613295939769047, 47.421205481619523 ] ] } },
{ "type": "Feature", "properties": { "name": "LV_54-9_0_5_line_129" }, "geometry": { "type": "LineString", "coordinates": [ [ 8.613268208440719, 47.421160610160584 ], [ 8.613172529911608, 47.421002629755968 ] ] } },
{ "type": "Feature", "properties": { "name": "LV_54-9_0_5_line_130" }, "geometry": { "type": "LineString", "coordinates": [ [ 8.613268208440719, 47.421160610160584 ], [ 8.613191908444984, 47.421171210155393 ], [ 8.61299623828511, 47.4211992346304 ] ] } },
{ "type": "Feature", "properties": { "name": "LV_54-9_0_5_line_131" }, "geometry": { "type": "LineString", "coordinates": [ [ 8.612838651023797, 47.421221804493669 ], [ 8.61299623828511, 47.4211992346304 ] ] } },
{ "type": "Feature", "properties": { "name": "LV_54-9_0_5_line_132" }, "geometry": { "type": "LineString", "coordinates": [ [ 8.612590412758982, 47.421257338836504 ], [ 8.612761108440266, 47.421232910160796 ], [ 8.612838651023797, 47.421221804493669 ] ] } },
{ "type": "Feature", "properties": { "name": "LV_54-9_0_5_line_133" }, "geometry": { "type": "LineString", "coordinates": [ [ 8.612503268109332, 47.421269810212081 ], [ 8.612590412758982, 47.421257338836504 ] ] } },
{ "type": "Feature", "properties": { "name": "LV_54-9_0_5_line_134" }, "geometry": { "type": "LineString", "coordinates": [ [ 8.612503268109332, 47.421269810212081 ], [ 8.612456915888396, 47.421276443706503 ] ] } },
{ "type": "Feature", "properties": { "name": "LV_54-9_0_5_line_135" }, "geometry": { "type": "LineString", "coordinates": [ [ 8.61218897844353, 47.421314788006384 ], [ 8.612456915888396, 47.421276443706503 ] ] } },
{ "type": "Feature", "properties": { "name": "LV_54-9_0_5_line_136" }, "geometry": { "type": "LineString", "coordinates": [ [ 8.612083308451099, 47.42132991015491 ], [ 8.61218897844353, 47.421314788006384 ] ] } },
{ "type": "Feature", "properties": { "name": "LV_54-1_0_4_line_0" }, "geometry": { "type": "LineString", "coordinates": [ [ 8.619413023126917, 47.42038902534027 ], [ 8.619418714547091, 47.420399229399258 ] ] } },
{ "type": "Feature", "properties": { "name": "LV_54-1_0_4_line_1" }, "geometry": { "type": "LineString", "coordinates": [ [ 8.619357108457839, 47.420236310155929 ], [ 8.619360808455196, 47.420295410152427 ], [ 8.619413023126917, 47.42038902534027 ] ] } },
{ "type": "Feature", "properties": { "name": "LV_54-1_0_4_line_2" }, "geometry": { "type": "LineString", "coordinates": [ [ 8.619528508452845, 47.42019231015491 ], [ 8.619357108457839, 47.420236310155929 ] ] } },
{ "type": "Feature", "properties": { "name": "LV_54-1_0_4_line_3" }, "geometry": { "type": "LineString", "coordinates": [ [ 8.619357108457839, 47.420236310155929 ], [ 8.619298408451018, 47.420251410155885 ], [ 8.619225352121253, 47.420270144651433 ] ] } },
{ "type": "Feature", "properties": { "name": "LV_54-1_0_4_line_4" }, "geometry": { "type": "LineString", "coordinates": [ [ 8.619528508452845, 47.42019231015491 ], [ 8.619647508455538, 47.420161710150985 ], [ 8.619704208457614, 47.420143610158391 ], [ 8.619723308458397, 47.42013551015804 ], [ 8.61973980844725, 47.420103910157927 ], [ 8.619697308455271, 47.420006610157138 ], [ 8.619726908452837, 47.419923610157177 ] ] } },
{ "type": "Feature", "properties": { "name": "LV_54-1_0_4_line_5" }, "geometry": { "type": "LineString", "coordinates": [ [ 8.619528508452845, 47.42019231015491 ], [ 8.619570808460027, 47.420268210158923 ], [ 8.619631374555853, 47.420376256708401 ] ] } },
{ "type": "Feature", "properties": { "name": "LV_54-1_0_4_line_6" }, "geometry": { "type": "LineString", "coordinates": [ [ 8.619154108446818, 47.420288410157816 ], [ 8.619209108451038, 47.420274310156273 ], [ 8.619225352121253, 47.420270144651433 ] ] } },
{ "type": "Feature", "properties": { "name": "LV_54-1_0_4_line_7" }, "geometry": { "type": "LineString", "coordinates": [ [ 8.620270208455699, 47.419640910153127 ], [ 8.620053808452834, 47.419696710158931 ], [ 8.619927208454886, 47.419760310156832 ], [ 8.619868608449824, 47.419821410156054 ], [ 8.619783308456043, 47.419901710155607 ], [ 8.619726908452837, 47.419923610157177 ] ] } },
{ "type": "Feature", "properties": { "name": "LV_54-1_0_4_line_8" }, "geometry": { "type": "LineString", "coordinates": [ [ 8.619726908452837, 47.419923610157177 ], [ 8.619665708453281, 47.419925910153715 ], [ 8.619595808453919, 47.419898110151102 ], [ 8.619553908456595, 47.419854610151262 ], [ 8.619457648828776, 47.419677235760631 ] ] } },
{ "type": "Feature", "properties": { "name": "LV_54-1_0_4_line_9" }, "geometry": { "type": "LineString", "coordinates": [ [ 8.619154108446818, 47.420288410157816 ], [ 8.619143308453861, 47.420270210153916 ], [ 8.61910675577051, 47.420211121830711 ] ] } },
{ "type": "Feature", "properties": { "name": "LV_54-1_0_4_line_10" }, "geometry": { "type": "LineString", "coordinates": [ [ 8.61910675577051, 47.420211121830711 ], [ 8.619096108450062, 47.420193910151909 ], [ 8.619043308454359, 47.420108510155032 ], [ 8.619164054674032, 47.420078483026231 ] ] } },
{ "type": "Feature", "properties": { "name": "LV_54-1_0_4_line_11" }, "geometry": { "type": "LineString", "coordinates": [ [ 8.621298908458265, 47.420777310155849 ], [ 8.621413908457527, 47.420727010159084 ] ] } },
{ "type": "Feature", "properties": { "name": "LV_54-1_0_4_line_12" }, "geometry": { "type": "LineString", "coordinates": [ [ 8.621501108454511, 47.421559410156178 ], [ 8.621509108448658, 47.421478910151244 ], [ 8.62150210845769, 47.421257410157622 ], [ 8.621458808459414, 47.421070010156463 ], [ 8.621413908457527, 47.420727010159084 ] ] } },
{ "type": "Feature", "properties": { "name": "LV_54-1_0_4_line_13" }, "geometry": { "type": "LineString", "coordinates": [ [ 8.621413908457527, 47.420727010159084 ], [ 8.621675808457818, 47.420675710153354 ], [ 8.621736818097778, 47.42067289462809 ] ] } },
{ "type": "Feature", "properties": { "name": "LV_54-1_0_4_line_14" }, "geometry": { "type": "LineString", "coordinates": [ [ 8.621298908458265, 47.420777310155849 ], [ 8.621060117779608, 47.420831363062902 ] ] } },
{ "type": "Feature", "properties": { "name": "LV_54-1_0_4_line_15" }, "geometry": { "type": "LineString", "coordinates": [ [ 8.621501108454511, 47.421559410156178 ], [ 8.621964015589588, 47.421653729838056 ] ] } },
{ "type": "Feature", "properties": { "name": "LV_54-1_0_4_line_16" }, "geometry": { "type": "LineString", "coordinates": [ [ 8.622052438900402, 47.420658328585112 ], [ 8.621736818097778, 47.42067289462809 ] ] } },
{ "type": "Feature", "properties": { "name": "LV_54-1_0_4_line_17" }, "geometry": { "type": "LineString", "coordinates": [ [ 8.620270208455699, 47.419640910153127 ], [ 8.620356429432567, 47.419869119955777 ] ] } },
{ "type": "Feature", "properties": { "name": "LV_54-1_0_4_line_18" }, "geometry": { "type": "LineString", "coordinates": [ [ 8.620270208455699, 47.419640910153127 ], [ 8.621001844831987, 47.419588213447213 ] ] } },
{ "type": "Feature", "properties": { "name": "LV_54-1_0_4_line_19" }, "geometry": { "type": "LineString", "coordinates": [ [ 8.620270208455699, 47.419640910153127 ], [ 8.620211154499712, 47.419438916283724 ] ] } },
{ "type": "Feature", "properties": { "name": "LV_54-1_0_4_line_20" }, "geometry": { "type": "LineString", "coordinates": [ [ 8.619283379891565, 47.419356112978356 ], [ 8.619457648828776, 47.419677235760631 ] ] } },
{ "type": "Feature", "properties": { "name": "LV_54-1_0_4_line_21" }, "geometry": { "type": "LineString", "coordinates": [ [ 8.620394175697129, 47.419969026176041 ], [ 8.620356429432567, 47.419869119955777 ] ] } },
{ "type": "Feature", "properties": { "name": "LV_54-1_0_4_line_22" }, "geometry": { "type": "LineString", "coordinates": [ [ 8.621308308450342, 47.419565910158866 ], [ 8.621225408459836, 47.41957211015157 ], [ 8.621001844831987, 47.419588213447213 ] ] } },
{ "type": "Feature", "properties": { "name": "LV_54-1_0_4_line_23" }, "geometry": { "type": "LineString", "coordinates": [ [ 8.620211154499712, 47.419438916283724 ], [ 8.620185456621227, 47.419351016258624 ] ] } },
{ "type": "Feature", "properties": { "name": "LV_54-1_0_4_line_24" }, "geometry": { "type": "LineString", "coordinates": [ [ 8.619283379891565, 47.419356112978356 ], [ 8.619158971564731, 47.419126865047382 ] ] } },
{ "type": "Feature", "properties": { "name": "LV_54-1_0_4_line_25" }, "geometry": { "type": "LineString", "coordinates": [ [ 8.61834790845732, 47.418711110152046 ], [ 8.618197008457264, 47.41874771015631 ], [ 8.618132708459074, 47.418766410156707 ], [ 8.617870540154406, 47.418865284199839 ] ] } },
{ "type": "Feature", "properties": { "name": "LV_54-1_0_4_line_26" }, "geometry": { "type": "LineString", "coordinates": [ [ 8.61834790845732, 47.418711110152046 ], [ 8.618646908456899, 47.418638610153785 ], [ 8.618813308454822, 47.418598310157186 ], [ 8.6187607084556, 47.418499110155082 ], [ 8.618753708456502, 47.418486010154744 ], [ 8.618813308447324, 47.418471710150513 ] ] } },
{ "type": "Feature", "properties": { "name": "LV_54-1_0_4_line_27" }, "geometry": { "type": "LineString", "coordinates": [ [ 8.617687308445594, 47.418917610158118 ], [ 8.617729408455789, 47.418918510158981 ], [ 8.617870540154406, 47.418865284199839 ] ] } },
{ "type": "Feature", "properties": { "name": "LV_54-1_0_4_line_28" }, "geometry": { "type": "LineString", "coordinates": [ [ 8.618813308447324, 47.418471710150513 ], [ 8.618835763414271, 47.418515066139129 ] ] } },
{ "type": "Feature", "properties": { "name": "LV_54-1_0_4_line_29" }, "geometry": { "type": "LineString", "coordinates": [ [ 8.618813308447324, 47.418471710150513 ], [ 8.618790808458305, 47.418399110155306 ], [ 8.618968720728724, 47.41826228270444 ] ] } },
{ "type": "Feature", "properties": { "name": "LV_54-1_0_4_line_30" }, "geometry": { "type": "LineString", "coordinates": [ [ 8.617646508458428, 47.417483510152955 ], [ 8.617862643962653, 47.417908459533578 ] ] } },
{ "type": "Feature", "properties": { "name": "LV_54-1_0_4_line_31" }, "geometry": { "type": "LineString", "coordinates": [ [ 8.617317008456672, 47.417703210150677 ], [ 8.61751310844865, 47.417531610157873 ], [ 8.617646508458428, 47.417483510152955 ] ] } },
{ "type": "Feature", "properties": { "name": "LV_54-1_0_4_line_32" }, "geometry": { "type": "LineString", "coordinates": [ [ 8.617646508458428, 47.417483510152955 ], [ 8.61745727351944, 47.417186331728594 ] ] } },
{ "type": "Feature", "properties": { "name": "LV_54-1_0_4_line_33" }, "geometry": { "type": "LineString", "coordinates": [ [ 8.617961008454214, 47.418099710155346 ], [ 8.617879708449159, 47.417942010158072 ], [ 8.617862643962653, 47.417908459533578 ] ] } },
{ "type": "Feature", "properties": { "name": "LV_54-1_0_4_line_34" }, "geometry": { "type": "LineString", "coordinates": [ [ 8.617317008456672, 47.417703210150677 ], [ 8.617303535754395, 47.417715463627879 ] ] } },
{ "type": "Feature", "properties": { "name": "LV_54-1_0_4_line_35" }, "geometry": { "type": "LineString", "coordinates": [ [ 8.617317008456672, 47.417703210150677 ], [ 8.617148284482305, 47.41755790799418 ] ] } },
{ "type": "Feature", "properties": { "name": "LV_54-1_0_4_line_36" }, "geometry": { "type": "LineString", "coordinates": [ [ 8.61745727351944, 47.417186331728594 ], [ 8.617419308454958, 47.417126710153859 ], [ 8.617294010757782, 47.416979695303183 ] ] } },
{ "type": "Feature", "properties": { "name": "LV_54-1_0_4_line_37" }, "geometry": { "type": "LineString", "coordinates": [ [ 8.617961008454214, 47.418099710155346 ], [ 8.617979129171033, 47.418135421588559 ] ] } },
{ "type": "Feature", "properties": { "name": "LV_54-1_0_4_line_38" }, "geometry": { "type": "LineString", "coordinates": [ [ 8.617687308445594, 47.418917610158118 ], [ 8.617816858382319, 47.419084108546265 ] ] } },
{ "type": "Feature", "properties": { "name": "LV_54-1_0_4_line_39" }, "geometry": { "type": "LineString", "coordinates": [ [ 8.617687308445594, 47.418917610158118 ], [ 8.617472412026915, 47.418633269863193 ] ] } },
{ "type": "Feature", "properties": { "name": "LV_54-1_0_4_line_40" }, "geometry": { "type": "LineString", "coordinates": [ [ 8.617273877900006, 47.418370576279976 ], [ 8.617472412026915, 47.418633269863193 ] ] } },
{ "type": "Feature", "properties": { "name": "LV_54-1_0_4_line_41" }, "geometry": { "type": "LineString", "coordinates": [ [ 8.620496909106944, 47.420613749459029 ], [ 8.620351608458803, 47.42065581015585 ], [ 8.620274808457395, 47.420849010157916 ], [ 8.6203303084542, 47.420940110153246 ] ] } },
{ "type": "Feature", "properties": { "name": "LV_54-1_0_4_line_42" }, "geometry": { "type": "LineString", "coordinates": [ [ 8.620870108456915, 47.420354310150714 ], [ 8.620786508451523, 47.420463810157578 ], [ 8.620628408454269, 47.420536810155383 ], [ 8.620522608448052, 47.420606310152671 ], [ 8.620496909106944, 47.420613749459029 ] ] } },
{ "type": "Feature", "properties": { "name": "LV_54-1_0_4_line_43" }, "geometry": { "type": "LineString", "coordinates": [ [ 8.620870108456915, 47.420354310150714 ], [ 8.620752008451179, 47.420322510155941 ], [ 8.620598808458748, 47.420251810150461 ], [ 8.620490808460055, 47.420159110155552 ], [ 8.620475978081137, 47.4201345494943 ] ] } },
{ "type": "Feature", "properties": { "name": "LV_54-1_0_4_line_44" }, "geometry": { "type": "LineString", "coordinates": [ [ 8.620394175697129, 47.419969026176041 ], [ 8.62042450845075, 47.420049310155754 ], [ 8.620475978081137, 47.4201345494943 ] ] } },
{ "type": "Feature", "properties": { "name": "LV_54-1_0_4_line_45" }, "geometry": { "type": "LineString", "coordinates": [ [ 8.621377808459892, 47.420267510155817 ], [ 8.621368278575085, 47.420134522935641 ] ] } },
{ "type": "Feature", "properties": { "name": "LV_54-1_0_4_line_46" }, "geometry": { "type": "LineString", "coordinates": [ [ 8.621377808459892, 47.420267510155817 ], [ 8.621429708457232, 47.420265610154189 ] ] } },
{ "type": "Feature", "properties": { "name": "LV_54-1_0_4_line_47" }, "geometry": { "type": "LineString", "coordinates": [ [ 8.621346808460096, 47.419834910158677 ], [ 8.621368278575085, 47.420134522935641 ] ] } },
{ "type": "Feature", "properties": { "name": "LV_54-1_0_4_line_48" }, "geometry": { "type": "LineString", "coordinates": [ [ 8.621429708457232, 47.420265610154189 ], [ 8.621788528691281, 47.420252613264203 ] ] } },
{ "type": "Feature", "properties": { "name": "LV_54-1_0_4_line_49" }, "geometry": { "type": "LineString", "coordinates": [ [ 8.622399508454746, 47.420642310158897 ], [ 8.622052438900402, 47.420658328585112 ] ] } },
{ "type": "Feature", "properties": { "name": "LV_54-1_0_4_line_50" }, "geometry": { "type": "LineString", "coordinates": [ [ 8.623906002232289, 47.419264137211421 ], [ 8.623941466930367, 47.419658667443677 ] ] } },
{ "type": "Feature", "properties": { "name": "LV_54-1_0_4_line_51" }, "geometry": { "type": "LineString", "coordinates": [ [ 8.623894008452034, 47.419130710154818 ], [ 8.623906002232289, 47.419264137211421 ] ] } },
{ "type": "Feature", "properties": { "name": "LV_54-1_0_4_line_52" }, "geometry": { "type": "LineString", "coordinates": [ [ 8.623954208464031, 47.419800410150046 ], [ 8.623941466930367, 47.419658667443677 ] ] } },
{ "type": "Feature", "properties": { "name": "LV_54-1_0_4_line_53" }, "geometry": { "type": "LineString", "coordinates": [ [ 8.623894008452034, 47.419130710154818 ], [ 8.623875108456716, 47.418920010157457 ] ] } },
{ "type": "Feature", "properties": { "name": "LV_54-1_0_4_line_54" }, "geometry": { "type": "LineString", "coordinates": [ [ 8.623954208464031, 47.419800410150046 ], [ 8.623982381362072, 47.42011420502304 ] ] } },
{ "type": "Feature", "properties": { "name": "LV_54-1_0_4_line_55" }, "geometry": { "type": "LineString", "coordinates": [ [ 8.623875108456716, 47.418920010157457 ], [ 8.623849793776522, 47.418638373442398 ] ] } },
{ "type": "Feature", "properties": { "name": "LV_54-1_0_4_line_56" }, "geometry": { "type": "LineString", "coordinates": [ [ 8.623875108456716, 47.418920010157457 ], [ 8.623665608451706, 47.418916110153695 ], [ 8.623646418272715, 47.418936463182114 ] ] } },
{ "type": "Feature", "properties": { "name": "LV_54-1_0_4_line_57" }, "geometry": { "type": "LineString", "coordinates": [ [ 8.62402300845439, 47.420566710151192 ], [ 8.623982381362072, 47.42011420502304 ] ] } },
{ "type": "Feature", "properties": { "name": "LV_54-1_0_4_line_58" }, "geometry": { "type": "LineString", "coordinates": [ [ 8.623646418272715, 47.418936463182114 ], [ 8.623496383489556, 47.419095588693537 ] ] } },
{ "type": "Feature", "properties": { "name": "LV_54-1_0_4_line_59" }, "geometry": { "type": "LineString", "coordinates": [ [ 8.62402300845439, 47.420566710151192 ], [ 8.624098380995521, 47.420563531907106 ] ] } },
{ "type": "Feature", "properties": { "name": "LV_54-1_0_4_line_60" }, "geometry": { "type": "LineString", "coordinates": [ [ 8.62402300845439, 47.420566710151192 ], [ 8.623837635903255, 47.420574899788711 ] ] } },
{ "type": "Feature", "properties": { "name": "LV_54-1_0_4_line_61" }, "geometry": { "type": "LineString", "coordinates": [ [ 8.623238108463076, 47.419369510155498 ], [ 8.623496383489556, 47.419095588693537 ] ] } },
{ "type": "Feature", "properties": { "name": "LV_54-1_0_4_line_62" }, "geometry": { "type": "LineString", "coordinates": [ [ 8.623238108463076, 47.419369510155498 ], [ 8.623185208457306, 47.419612910152168 ], [ 8.623108241706706, 47.419787999960519 ] ] } },
{ "type": "Feature", "properties": { "name": "LV_54-1_0_4_line_63" }, "geometry": { "type": "LineString", "coordinates": [ [ 8.623238108463076, 47.419369510155498 ], [ 8.622949077909414, 47.419354327065506 ] ] } },
{ "type": "Feature", "properties": { "name": "LV_54-1_0_4_line_64" }, "geometry": { "type": "LineString", "coordinates": [ [ 8.623172108456052, 47.420041010151749 ], [ 8.623104808457203, 47.419795810151903 ], [ 8.623108241706706, 47.419787999960519 ] ] } },
{ "type": "Feature", "properties": { "name": "LV_54-1_0_4_line_65" }, "geometry": { "type": "LineString", "coordinates": [ [ 8.622628808454895, 47.419412910151522 ], [ 8.622708908457305, 47.419341710157241 ], [ 8.622949077909414, 47.419354327065506 ] ] } },
{ "type": "Feature", "properties": { "name": "LV_54-1_0_4_line_66" }, "geometry": { "type": "LineString", "coordinates": [ [ 8.623155908450379, 47.420204810150047 ], [ 8.623201608451055, 47.420165710158173 ], [ 8.623197408460353, 47.420041710152262 ], [ 8.623172108456052, 47.420041010151749 ] ] } },
{ "type": "Feature", "properties": { "name": "LV_54-1_0_4_line_67" }, "geometry": { "type": "LineString", "coordinates": [ [ 8.622628808454895, 47.419412910151522 ], [ 8.622587508458299, 47.419405710153512 ], [ 8.622448608459639, 47.419382410156885 ], [ 8.622360608461682, 47.419330110150455 ] ] } },
{ "type": "Feature", "properties": { "name": "LV_54-1_0_4_line_68" }, "geometry": { "type": "LineString", "coordinates": [ [ 8.622285608462786, 47.418935810155283 ], [ 8.622358008453979, 47.418973710152549 ], [ 8.622095108456335, 47.419192410149734 ], [ 8.622192708454916, 47.419244510153305 ], [ 8.622360608461682, 47.419330110150455 ] ] } },
{ "type": "Feature", "properties": { "name": "LV_54-1_0_4_line_69" }, "geometry": { "type": "LineString", "coordinates": [ [ 8.622360608461682, 47.419330110150455 ], [ 8.622333908451663, 47.419560210151808 ], [ 8.622342828614658, 47.419644287626014 ] ] } },
{ "type": "Feature", "properties": { "name": "LV_54-1_0_4_line_70" }, "geometry": { "type": "LineString", "coordinates": [ [ 8.622285608462786, 47.418935810155283 ], [ 8.622449687730299, 47.418798011817216 ] ] } },
{ "type": "Feature", "properties": { "name": "LV_54-1_0_4_line_71" }, "geometry": { "type": "LineString", "coordinates": [ [ 8.622285608462786, 47.418935810155283 ], [ 8.621932108462024, 47.418960310156649 ] ] } },
{ "type": "Feature", "properties": { "name": "LV_54-1_0_4_line_72" }, "geometry": { "type": "LineString", "coordinates": [ [ 8.622399508454746, 47.420642310158897 ], [ 8.622469108458008, 47.420535210154661 ], [ 8.622463590005413, 47.420463259218728 ] ] } },
{ "type": "Feature", "properties": { "name": "LV_54-1_0_4_line_73" }, "geometry": { "type": "LineString", "coordinates": [ [ 8.622445608450052, 47.420228810156566 ], [ 8.622463590005413, 47.420463259218728 ] ] } },
{ "type": "Feature", "properties": { "name": "LV_54-1_0_4_line_74" }, "geometry": { "type": "LineString", "coordinates": [ [ 8.623155908450379, 47.420204810150047 ], [ 8.623111508453556, 47.420236810152787 ] ] } },
{ "type": "Feature", "properties": { "name": "LV_54-1_0_4_line_75" }, "geometry": { "type": "LineString", "coordinates": [ [ 8.622445608450052, 47.420228810156566 ], [ 8.621788528691281, 47.420252613264203 ] ] } },
{ "type": "Feature", "properties": { "name": "LV_54-1_0_4_line_76" }, "geometry": { "type": "LineString", "coordinates": [ [ 8.621308308450342, 47.419565910158866 ], [ 8.621346808460096, 47.419834910158677 ] ] } },
{ "type": "Feature", "properties": { "name": "LV_54-1_0_4_line_77" }, "geometry": { "type": "LineString", "coordinates": [ [ 8.621308308450342, 47.419565910158866 ], [ 8.621259868930672, 47.419162487234075 ] ] } },
{ "type": "Feature", "properties": { "name": "LV_54-1_0_4_line_78" }, "geometry": { "type": "LineString", "coordinates": [ [ 8.621362908453955, 47.419519210150931 ], [ 8.621308308450342, 47.419565910158866 ] ] } },
{ "type": "Feature", "properties": { "name": "LV_54-1_0_4_line_79" }, "geometry": { "type": "LineString", "coordinates": [ [ 8.622540308452777, 47.41844281015581 ], [ 8.622567808460261, 47.418698810156442 ] ] } },
{ "type": "Feature", "properties": { "name": "LV_54-1_0_4_line_80" }, "geometry": { "type": "LineString", "coordinates": [ [ 8.622567808460261, 47.418698810156442 ], [ 8.622449687730299, 47.418798011817216 ] ] } },
{ "type": "Feature", "properties": { "name": "LV_54-1_0_4_line_81" }, "geometry": { "type": "LineString", "coordinates": [ [ 8.622540308452777, 47.41844281015581 ], [ 8.622501308450879, 47.418080210154926 ] ] } },
{ "type": "Feature", "properties": { "name": "LV_54-1_0_4_line_82" }, "geometry": { "type": "LineString", "coordinates": [ [ 8.622540308452777, 47.41844281015581 ], [ 8.622587808456643, 47.418456310153424 ], [ 8.622656108458388, 47.418495710152307 ], [ 8.622804308456081, 47.418374210158198 ], [ 8.622944808457987, 47.418390310154592 ] ] } },
{ "type": "Feature", "properties": { "name": "LV_54-1_0_4_line_83" }, "geometry": { "type": "LineString", "coordinates": [ [ 8.622944808457987, 47.418390310154592 ], [ 8.623109786456308, 47.418235063593023 ] ] } },
{ "type": "Feature", "properties": { "name": "LV_54-1_0_4_line_84" }, "geometry": { "type": "LineString", "coordinates": [ [ 8.621362908453955, 47.419519210150931 ], [ 8.621342167569335, 47.419235582659077 ] ] } },
{ "type": "Feature", "properties": { "name": "LV_54-1_0_4_line_85" }, "geometry": { "type": "LineString", "coordinates": [ [ 8.621288608454924, 47.418722810154414 ], [ 8.621334308451505, 47.419128110156997 ], [ 8.621342167569335, 47.419235582659077 ] ] } },
{ "type": "Feature", "properties": { "name": "LV_54-1_0_4_line_86" }, "geometry": { "type": "LineString", "coordinates": [ [ 8.621932108462024, 47.418960310156649 ], [ 8.62185850845419, 47.418878410154939 ] ] } },
{ "type": "Feature", "properties": { "name": "LV_54-1_0_4_line_87" }, "geometry": { "type": "LineString", "coordinates": [ [ 8.621849808453442, 47.418744110150335 ], [ 8.62185850845419, 47.418878410154939 ] ] } },
{ "type": "Feature", "properties": { "name": "LV_54-1_0_4_line_88" }, "geometry": { "type": "LineString", "coordinates": [ [ 8.62175450845945, 47.418485010150754 ], [ 8.621756508452544, 47.418510710154401 ], [ 8.621714408462552, 47.418545410150863 ], [ 8.621725008457606, 47.418700910156552 ], [ 8.621849808453442, 47.418744110150335 ] ] } },
{ "type": "Feature", "properties": { "name": "LV_54-1_0_4_line_89" }, "geometry": { "type": "LineString", "coordinates": [ [ 8.621288608454924, 47.418722810154414 ], [ 8.621725008457606, 47.418700910156552 ], [ 8.621849808453442, 47.418744110150335 ] ] } },
{ "type": "Feature", "properties": { "name": "LV_54-1_0_4_line_90" }, "geometry": { "type": "LineString", "coordinates": [ [ 8.62175450845945, 47.418485010150754 ], [ 8.621746096116636, 47.418396597992484 ] ] } },
{ "type": "Feature", "properties": { "name": "LV_54-1_0_4_line_91" }, "geometry": { "type": "LineString", "coordinates": [ [ 8.620112308458109, 47.419100810150866 ], [ 8.620185456621227, 47.419351016258624 ] ] } },
{ "type": "Feature", "properties": { "name": "LV_54-1_0_4_line_92" }, "geometry": { "type": "LineString", "coordinates": [ [ 8.619028096061214, 47.418885697733806 ], [ 8.619158971564731, 47.419126865047382 ] ] } },
{ "type": "Feature", "properties": { "name": "LV_54-1_0_4_line_93" }, "geometry": { "type": "LineString", "coordinates": [ [ 8.619019908452906, 47.418870610156276 ], [ 8.619028096061214, 47.418885697733806 ] ] } },
{ "type": "Feature", "properties": { "name": "LV_54-1_0_4_line_94" }, "geometry": { "type": "LineString", "coordinates": [ [ 8.619019908452906, 47.418870610156276 ], [ 8.618931780594062, 47.418700455066748 ] ] } },
{ "type": "Feature", "properties": { "name": "LV_54-1_0_4_line_95" }, "geometry": { "type": "LineString", "coordinates": [ [ 8.618835763414271, 47.418515066139129 ], [ 8.618931780594062, 47.418700455066748 ] ] } },
{ "type": "Feature", "properties": { "name": "LV_54-1_0_4_line_96" }, "geometry": { "type": "LineString", "coordinates": [ [ 8.616747431586969, 47.417212587222473 ], [ 8.616988500747734, 47.417420292665042 ] ] } },
{ "type": "Feature", "properties": { "name": "LV_54-1_0_4_line_97" }, "geometry": { "type": "LineString", "coordinates": [ [ 8.616747431586969, 47.417212587222473 ], [ 8.616744208451234, 47.41720981015758 ], [ 8.616669408181401, 47.417143865814246 ] ] } },
{ "type": "Feature", "properties": { "name": "LV_54-1_0_4_line_98" }, "geometry": { "type": "LineString", "coordinates": [ [ 8.617016608453888, 47.417444510151476 ], [ 8.616988500747734, 47.417420292665042 ] ] } },
{ "type": "Feature", "properties": { "name": "LV_54-1_0_4_line_99" }, "geometry": { "type": "LineString", "coordinates": [ [ 8.616581713831319, 47.417066553705588 ], [ 8.616669408181401, 47.417143865814246 ] ] } },
{ "type": "Feature", "properties": { "name": "LV_54-1_0_4_line_100" }, "geometry": { "type": "LineString", "coordinates": [ [ 8.617016608453888, 47.417444510151476 ], [ 8.617148284482305, 47.41755790799418 ] ] } },
{ "type": "Feature", "properties": { "name": "LV_54-1_0_4_line_101" }, "geometry": { "type": "LineString", "coordinates": [ [ 8.617016608453888, 47.417444510151476 ], [ 8.616812521570623, 47.417558955172574 ] ] } },
{ "type": "Feature", "properties": { "name": "LV_54-1_0_4_line_102" }, "geometry": { "type": "LineString", "coordinates": [ [ 8.616581713831319, 47.417066553705588 ], [ 8.61651231957887, 47.417005374925623 ] ] } },
{ "type": "Feature", "properties": { "name": "LV_54-1_0_4_line_103" }, "geometry": { "type": "LineString", "coordinates": [ [ 8.616590508448466, 47.417710410153703 ], [ 8.616692408456718, 47.417626310159271 ], [ 8.616812521570623, 47.417558955172574 ] ] } },
{ "type": "Feature", "properties": { "name": "LV_54-1_0_4_line_104" }, "geometry": { "type": "LineString", "coordinates": [ [ 8.616312808449626, 47.417474310153082 ], [ 8.616375308449857, 47.417531010154505 ], [ 8.616590508448466, 47.417710410153703 ] ] } },
{ "type": "Feature", "properties": { "name": "LV_54-1_0_4_line_105" }, "geometry": { "type": "LineString", "coordinates": [ [ 8.616660008450452, 47.417768410152888 ], [ 8.616590508448466, 47.417710410153703 ] ] } },
{ "type": "Feature", "properties": { "name": "LV_54-1_0_4_line_106" }, "geometry": { "type": "LineString", "coordinates": [ [ 8.615448808447443, 47.4177683101517 ], [ 8.615669208455191, 47.417802710154255 ], [ 8.616146708452362, 47.417559110151601 ], [ 8.616312808449626, 47.417474310153082 ] ] } },
{ "type": "Feature", "properties": { "name": "LV_54-1_0_4_line_107" }, "geometry": { "type": "LineString", "coordinates": [ [ 8.616312808449626, 47.417474310153082 ], [ 8.61627640816786, 47.417441265783332 ] ] } },
{ "type": "Feature", "properties": { "name": "LV_54-1_0_4_line_108" }, "geometry": { "type": "LineString", "coordinates": [ [ 8.616660008450452, 47.417768410152888 ], [ 8.616757862643391, 47.4178435970666 ] ] } },
{ "type": "Feature", "properties": { "name": "LV_54-1_0_4_line_109" }, "geometry": { "type": "LineString", "coordinates": [ [ 8.616660008450452, 47.417768410152888 ], [ 8.616396241021638, 47.417897095996928 ] ] } },
{ "type": "Feature", "properties": { "name": "LV_54-1_0_4_line_110" }, "geometry": { "type": "LineString", "coordinates": [ [ 8.616104683159909, 47.417286785825134 ], [ 8.616114308444464, 47.417294110154899 ], [ 8.61627640816786, 47.417441265783332 ] ] } },
{ "type": "Feature", "properties": { "name": "LV_54-1_0_4_line_111" }, "geometry": { "type": "LineString", "coordinates": [ [ 8.615924808446714, 47.417149910154912 ], [ 8.616104683159909, 47.417286785825134 ] ] } },
{ "type": "Feature", "properties": { "name": "LV_54-1_0_4_line_112" }, "geometry": { "type": "LineString", "coordinates": [ [ 8.616318508446994, 47.416880910155555 ], [ 8.616318908451019, 47.416933910157915 ], [ 8.616239208456012, 47.416935710159613 ], [ 8.616234908447678, 47.416977210158478 ], [ 8.616203408447612, 47.41701761015748 ], [ 8.616129008448102, 47.417057110158986 ], [ 8.615924808446714, 47.417149910154912 ] ] } },
{ "type": "Feature", "properties": { "name": "LV_54-1_0_4_line_113" }, "geometry": { "type": "LineString", "coordinates": [ [ 8.616318508446994, 47.416880910155555 ], [ 8.61652170845111, 47.416876110154391 ], [ 8.61654140845013, 47.416869110153812 ], [ 8.616547808453872, 47.416858010156943 ], [ 8.61654140845109, 47.416753610156015 ], [ 8.616536808453326, 47.416611610153197 ], [ 8.616528108454347, 47.416605110153824 ], [ 8.616496808455832, 47.416605610152644 ] ] } },
{ "type": "Feature", "properties": { "name": "LV_54-1_0_4_line_114" }, "geometry": { "type": "LineString", "coordinates": [ [ 8.616061008447671, 47.416769510152463 ], [ 8.616095208450941, 47.416792110157949 ], [ 8.616099208451573, 47.41689481015095 ], [ 8.61614720845504, 47.416868210158022 ], [ 8.616177708449159, 47.416848010159555 ], [ 8.616224908449421, 47.416843710150893 ], [ 8.616257808445019, 47.416845710158448 ], [ 8.616318508446994, 47.416880910155555 ] ] } },
{ "type": "Feature", "properties": { "name": "LV_54-1_0_4_line_115" }, "geometry": { "type": "LineString", "coordinates": [ [ 8.615448808447443, 47.4177683101517 ], [ 8.61545970844614, 47.417682310158256 ] ] } },
{ "type": "Feature", "properties": { "name": "LV_54-1_0_4_line_116" }, "geometry": { "type": "LineString", "coordinates": [ [ 8.616061008447671, 47.416769510152463 ], [ 8.616029908455529, 47.416772110152905 ] ] } },
{ "type": "Feature", "properties": { "name": "LV_54-1_0_4_line_117" }, "geometry": { "type": "LineString", "coordinates": [ [ 8.617294010757782, 47.416979695303183 ], [ 8.617211608451401, 47.41688301015197 ], [ 8.617154670906379, 47.416832368279842 ] ] } },
{ "type": "Feature", "properties": { "name": "LV_54-1_0_4_line_118" }, "geometry": { "type": "LineString", "coordinates": [ [ 8.616897008457702, 47.417950510158867 ], [ 8.616757862643391, 47.4178435970666 ] ] } },
{ "type": "Feature", "properties": { "name": "LV_54-1_0_4_line_119" }, "geometry": { "type": "LineString", "coordinates": [ [ 8.616897008457702, 47.417950510158867 ], [ 8.616999608446301, 47.417979710155755 ], [ 8.617060208448102, 47.417996910158116 ] ] } },
{ "type": "Feature", "properties": { "name": "LV_54-1_0_4_line_120" }, "geometry": { "type": "LineString", "coordinates": [ [ 8.616897008457702, 47.417950510158867 ], [ 8.616629955530009, 47.418082959941053 ] ] } },
{ "type": "Feature", "properties": { "name": "LV_54-1_0_4_line_121" }, "geometry": { "type": "LineString", "coordinates": [ [ 8.616629955530009, 47.418082959941053 ], [ 8.616621832579446, 47.418086988653364 ] ] } },
{ "type": "Feature", "properties": { "name": "LV_54-1_0_4_line_122" }, "geometry": { "type": "LineString", "coordinates": [ [ 8.617060208448102, 47.417996910158116 ], [ 8.61708296105709, 47.418090809837018 ] ] } },
{ "type": "Feature", "properties": { "name": "LV_54-1_0_4_line_123" }, "geometry": { "type": "LineString", "coordinates": [ [ 8.617259047629858, 47.4183509532673 ], [ 8.61719250844763, 47.418262910151803 ], [ 8.617091708447234, 47.418126910154236 ], [ 8.61708296105709, 47.418090809837018 ] ] } },
{ "type": "Feature", "properties": { "name": "LV_54-1_0_4_line_124" }, "geometry": { "type": "LineString", "coordinates": [ [ 8.617273877900006, 47.418370576279976 ], [ 8.617259047629858, 47.4183509532673 ] ] } },
{ "type": "Feature", "properties": { "name": "LV_54-13_0_4_line_0" }, "geometry": { "type": "LineString", "coordinates": [ [ 8.614765105845196, 47.41839986276851 ], [ 8.614949053789374, 47.418237372535323 ] ] } },
{ "type": "Feature", "properties": { "name": "LV_54-13_0_4_line_1" }, "geometry": { "type": "LineString", "coordinates": [ [ 8.614619808454009, 47.418528210160638 ], [ 8.614765105845196, 47.41839986276851 ] ] } },
{ "type": "Feature", "properties": { "name": "LV_54-13_0_4_line_2" }, "geometry": { "type": "LineString", "coordinates": [ [ 8.614949053789374, 47.418237372535323 ], [ 8.615063008454669, 47.418136710156318 ], [ 8.614985693097154, 47.418100629835855 ] ] } },
{ "type": "Feature", "properties": { "name": "LV_54-13_0_4_line_3" }, "geometry": { "type": "LineString", "coordinates": [ [ 8.614619808454009, 47.418528210160638 ], [ 8.614872808452414, 47.41872281015506 ] ] } },
{ "type": "Feature", "properties": { "name": "LV_54-13_0_4_line_4" }, "geometry": { "type": "LineString", "coordinates": [ [ 8.614619808454009, 47.418528210160638 ], [ 8.614517808448932, 47.418449810152602 ], [ 8.614431508450688, 47.418401810155778 ], [ 8.61416690844756, 47.418612610156295 ] ] } },
{ "type": "Feature", "properties": { "name": "LV_54-13_0_4_line_5" }, "geometry": { "type": "LineString", "coordinates": [ [ 8.614985693097154, 47.418100629835855 ], [ 8.614709008447345, 47.417971510152285 ], [ 8.614515285715543, 47.417865573989651 ] ] } },
{ "type": "Feature", "properties": { "name": "LV_54-13_0_4_line_6" }, "geometry": { "type": "LineString", "coordinates": [ [ 8.6152016084437, 47.419001010152243 ], [ 8.614895508455907, 47.418740210160514 ], [ 8.614872808452414, 47.41872281015506 ] ] } },
{ "type": "Feature", "properties": { "name": "LV_54-13_0_4_line_7" }, "geometry": { "type": "LineString", "coordinates": [ [ 8.614872808452414, 47.41872281015506 ], [ 8.61467319879139, 47.418877605447257 ] ] } },
{ "type": "Feature", "properties": { "name": "LV_54-13_0_4_line_8" }, "geometry": { "type": "LineString", "coordinates": [ [ 8.61416690844756, 47.418612610156295 ], [ 8.613932908442184, 47.418484310157503 ] ] } },
{ "type": "Feature", "properties": { "name": "LV_54-13_0_4_line_9" }, "geometry": { "type": "LineString", "coordinates": [ [ 8.61416690844756, 47.418612610156295 ], [ 8.614089508443609, 47.418674310154969 ], [ 8.614093508444, 47.418708810154278 ], [ 8.613986234455007, 47.418793959946974 ] ] } },
{ "type": "Feature", "properties": { "name": "LV_54-13_0_4_line_10" }, "geometry": { "type": "LineString", "coordinates": [ [ 8.614330108452098, 47.417764310158979 ], [ 8.614515285715543, 47.417865573989651 ] ] } },
{ "type": "Feature", "properties": { "name": "LV_54-13_0_4_line_11" }, "geometry": { "type": "LineString", "coordinates": [ [ 8.6152016084437, 47.419001010152243 ], [ 8.615417408453606, 47.419247910155896 ] ] } },
{ "type": "Feature", "properties": { "name": "LV_54-13_0_4_line_12" }, "geometry": { "type": "LineString", "coordinates": [ [ 8.6152016084437, 47.419001010152243 ], [ 8.61547758240838, 47.418905307325993 ] ] } },
{ "type": "Feature", "properties": { "name": "LV_54-13_0_4_line_13" }, "geometry": { "type": "LineString", "coordinates": [ [ 8.614513808451569, 47.419001210160083 ], [ 8.61467319879139, 47.418877605447257 ] ] } },
{ "type": "Feature", "properties": { "name": "LV_54-13_0_4_line_14" }, "geometry": { "type": "LineString", "coordinates": [ [ 8.614330108452098, 47.417764310158979 ], [ 8.614518523894864, 47.417619767273635 ] ] } },
{ "type": "Feature", "properties": { "name": "LV_54-13_0_4_line_15" }, "geometry": { "type": "LineString", "coordinates": [ [ 8.613932908442184, 47.418484310157503 ], [ 8.613920973797583, 47.418477547919451 ] ] } },
{ "type": "Feature", "properties": { "name": "LV_54-13_0_4_line_16" }, "geometry": { "type": "LineString", "coordinates": [ [ 8.61379580845213, 47.418943610158678 ], [ 8.613962108448783, 47.418813110155654 ], [ 8.613986234455007, 47.418793959946974 ] ] } },
{ "type": "Feature", "properties": { "name": "LV_54-13_0_4_line_17" }, "geometry": { "type": "LineString", "coordinates": [ [ 8.613596608442611, 47.418327310154226 ], [ 8.613703608449296, 47.418393610157956 ], [ 8.613764008442956, 47.418388610156732 ], [ 8.613920973797583, 47.418477547919451 ] ] } },
{ "type": "Feature", "properties": { "name": "LV_54-13_0_4_line_18" }, "geometry": { "type": "LineString", "coordinates": [ [ 8.613596608442611, 47.418327310154226 ], [ 8.613419956778644, 47.418466809016998 ] ] } },
{ "type": "Feature", "properties": { "name": "LV_54-13_0_4_line_19" }, "geometry": { "type": "LineString", "coordinates": [ [ 8.61344080844678, 47.419070710154223 ], [ 8.613661708450575, 47.419197810154067 ], [ 8.613716008446483, 47.419154010154529 ], [ 8.613686108453241, 47.419029710152266 ], [ 8.61379580845213, 47.418943610158678 ] ] } },
{ "type": "Feature", "properties": { "name": "LV_54-13_0_4_line_20" }, "geometry": { "type": "LineString", "coordinates": [ [ 8.612287208443526, 47.419535910155496 ], [ 8.612431508448251, 47.419759310157801 ], [ 8.612499808449753, 47.419757810154877 ], [ 8.612582208450352, 47.419755210159479 ], [ 8.612626608451189, 47.419753710157622 ], [ 8.612770108446508, 47.419746810157264 ], [ 8.612833608452368, 47.419726110153924 ], [ 8.612866608444262, 47.419678710157697 ], [ 8.612903908445254, 47.419556410159835 ], [ 8.612965108449519, 47.419541910159992 ], [ 8.613031608441059, 47.419478710158103 ], [ 8.613091108440992, 47.419418010161166 ], [ 8.613092308453579, 47.419374510155244 ], [ 8.613081408450645, 47.419355210153242 ], [ 8.613162708449993, 47.419315010158812 ], [ 8.613229308452899, 47.419256510154696 ], [ 8.61344080844678, 47.419070710154223 ] ] } },
{ "type": "Feature", "properties": { "name": "LV_54-13_0_4_line_21" }, "geometry": { "type": "LineString", "coordinates": [ [ 8.61344080844678, 47.419070710154223 ], [ 8.613272135109366, 47.418973658911611 ] ] } },
{ "type": "Feature", "properties": { "name": "LV_54-13_0_4_line_22" }, "geometry": { "type": "LineString", "coordinates": [ [ 8.612287208443526, 47.419535910155496 ], [ 8.61221402479017, 47.419419817105066 ] ] } },
{ "type": "Feature", "properties": { "name": "LV_54-13_0_4_line_23" }, "geometry": { "type": "LineString", "coordinates": [ [ 8.616263608447985, 47.418203310159491 ], [ 8.616091008451214, 47.418046010152409 ], [ 8.616040608451492, 47.418000010152959 ] ] } },
{ "type": "Feature", "properties": { "name": "LV_54-13_0_4_line_24" }, "geometry": { "type": "LineString", "coordinates": [ [ 8.616040608451492, 47.418000010152959 ], [ 8.615832699865871, 47.418105133459513 ] ] } },
{ "type": "Feature", "properties": { "name": "LV_54-13_0_4_line_25" }, "geometry": { "type": "LineString", "coordinates": [ [ 8.616463108456982, 47.418165710157446 ], [ 8.616422908456041, 47.418127610158528 ], [ 8.616263608447985, 47.418203310159491 ] ] } },
{ "type": "Feature", "properties": { "name": "LV_54-13_0_4_line_26" }, "geometry": { "type": "LineString", "coordinates": [ [ 8.616263608447985, 47.418203310159491 ], [ 8.616024790793977, 47.418316642568442 ] ] } },
{ "type": "Feature", "properties": { "name": "LV_54-13_0_4_line_27" }, "geometry": { "type": "LineString", "coordinates": [ [ 8.617687308445594, 47.418917610158118 ], [ 8.617407286157544, 47.418994423489622 ] ] } },
{ "type": "Feature", "properties": { "name": "LV_54-13_0_4_line_28" }, "geometry": { "type": "LineString", "coordinates": [ [ 8.617687308445594, 47.418917610158118 ], [ 8.617448305243004, 47.41860137275971 ] ] } },
{ "type": "Feature", "properties": { "name": "LV_54-13_0_4_line_29" }, "geometry": { "type": "LineString", "coordinates": [ [ 8.617349893184107, 47.419010166928999 ], [ 8.617407286157544, 47.418994423489622 ] ] } },
{ "type": "Feature", "properties": { "name": "LV_54-13_0_4_line_30" }, "geometry": { "type": "LineString", "coordinates": [ [ 8.617060208448102, 47.417996910158116 ], [ 8.617091708447234, 47.418126910154236 ], [ 8.61719250844763, 47.418262910151803 ], [ 8.617448305243004, 47.41860137275971 ] ] } },
{ "type": "Feature", "properties": { "name": "LV_54-13_0_4_line_31" }, "geometry": { "type": "LineString", "coordinates": [ [ 8.617215308453481, 47.420259610151909 ], [ 8.617023397041581, 47.420331561569725 ] ] } },
{ "type": "Feature", "properties": { "name": "LV_54-13_0_4_line_32" }, "geometry": { "type": "LineString", "coordinates": [ [ 8.617215308453481, 47.420259610151909 ], [ 8.617288708450452, 47.420232110157173 ], [ 8.617415928683323, 47.420197283838107 ] ] } },
{ "type": "Feature", "properties": { "name": "LV_54-13_0_4_line_33" }, "geometry": { "type": "LineString", "coordinates": [ [ 8.617415928683323, 47.420197283838107 ], [ 8.617747984033375, 47.420106383391797 ] ] } },
{ "type": "Feature", "properties": { "name": "LV_54-13_0_4_line_34" }, "geometry": { "type": "LineString", "coordinates": [ [ 8.618077608449493, 47.419407910158284 ], [ 8.617854914065225, 47.419478124534962 ] ] } },
{ "type": "Feature", "properties": { "name": "LV_54-13_0_4_line_35" }, "geometry": { "type": "LineString", "coordinates": [ [ 8.618077608449493, 47.419407910158284 ], [ 8.618208608448523, 47.419573010154693 ], [ 8.618217059692853, 47.419588945819775 ] ] } },
{ "type": "Feature", "properties": { "name": "LV_54-13_0_4_line_36" }, "geometry": { "type": "LineString", "coordinates": [ [ 8.617634096378797, 47.419547746587071 ], [ 8.617854914065225, 47.419478124534962 ] ] } },
{ "type": "Feature", "properties": { "name": "LV_54-13_0_4_line_37" }, "geometry": { "type": "LineString", "coordinates": [ [ 8.618378008449648, 47.419933910157567 ], [ 8.61830300844785, 47.419751010158606 ], [ 8.618217059692853, 47.419588945819775 ] ] } },
{ "type": "Feature", "properties": { "name": "LV_54-13_0_4_line_38" }, "geometry": { "type": "LineString", "coordinates": [ [ 8.618175308447864, 47.420293610156378 ], [ 8.618422408447078, 47.420208110157972 ], [ 8.618405808457313, 47.420072110152127 ], [ 8.618378008449648, 47.419933910157567 ] ] } },
{ "type": "Feature", "properties": { "name": "LV_54-13_0_4_line_39" }, "geometry": { "type": "LineString", "coordinates": [ [ 8.618378008449648, 47.419933910157567 ], [ 8.618163108442571, 47.419992740927 ] ] } },
{ "type": "Feature", "properties": { "name": "LV_54-13_0_4_line_40" }, "geometry": { "type": "LineString", "coordinates": [ [ 8.618175308447864, 47.420293610156378 ], [ 8.618147308451325, 47.420258710158521 ] ] } },
{ "type": "Feature", "properties": { "name": "LV_54-13_0_4_line_41" }, "geometry": { "type": "LineString", "coordinates": [ [ 8.617906708446576, 47.420347710151702 ], [ 8.6179945084472, 47.420314210158509 ], [ 8.618020508452794, 47.420347210160095 ], [ 8.618175308447864, 47.420293610156378 ] ] } },
{ "type": "Feature", "properties": { "name": "LV_54-13_0_4_line_42" }, "geometry": { "type": "LineString", "coordinates": [ [ 8.618163108442571, 47.419992740927 ], [ 8.617747984033375, 47.420106383391797 ] ] } },
{ "type": "Feature", "properties": { "name": "LV_54-13_0_4_line_43" }, "geometry": { "type": "LineString", "coordinates": [ [ 8.617906708446576, 47.420347710151702 ], [ 8.617882108445405, 47.420316910160238 ] ] } },
{ "type": "Feature", "properties": { "name": "LV_54-13_0_4_line_44" }, "geometry": { "type": "LineString", "coordinates": [ [ 8.616463108456982, 47.418165710157446 ], [ 8.616608008457142, 47.418307310158468 ] ] } },
{ "type": "Feature", "properties": { "name": "LV_54-13_0_4_line_45" }, "geometry": { "type": "LineString", "coordinates": [ [ 8.616463108456982, 47.418165710157446 ], [ 8.616897008457702, 47.417950510158867 ], [ 8.616999608446301, 47.417979710155755 ], [ 8.617060208448102, 47.417996910158116 ] ] } },
{ "type": "Feature", "properties": { "name": "LV_54-13_0_4_line_46" }, "geometry": { "type": "LineString", "coordinates": [ [ 8.616608008457142, 47.418307310158468 ], [ 8.616608008457142, 47.418307310158468 ], [ 8.616420319194019, 47.418398270913137 ] ] } },
{ "type": "Feature", "properties": { "name": "LV_54-13_0_4_line_47" }, "geometry": { "type": "LineString", "coordinates": [ [ 8.615417408453606, 47.419247910155896 ], [ 8.615107272932885, 47.419361356615887 ] ] } },
{ "type": "Feature", "properties": { "name": "LV_54-13_0_4_line_48" }, "geometry": { "type": "LineString", "coordinates": [ [ 8.615417408453606, 47.419247910155896 ], [ 8.615675108445828, 47.419560710154812 ] ] } },
{ "type": "Feature", "properties": { "name": "LV_54-13_0_4_line_49" }, "geometry": { "type": "LineString", "coordinates": [ [ 8.615482066588223, 47.418903752282127 ], [ 8.61547758240838, 47.418905307325993 ] ] } },
{ "type": "Feature", "properties": { "name": "LV_54-13_0_4_line_50" }, "geometry": { "type": "LineString", "coordinates": [ [ 8.614513808451569, 47.419001210160083 ], [ 8.614264076590404, 47.419194872163878 ] ] } },
{ "type": "Feature", "properties": { "name": "LV_54-13_0_4_line_51" }, "geometry": { "type": "LineString", "coordinates": [ [ 8.614436775313402, 47.420011656978097 ], [ 8.614184808454072, 47.420103410157488 ], [ 8.614073327683236, 47.420143969554623 ] ] } },
{ "type": "Feature", "properties": { "name": "LV_54-13_0_4_line_52" }, "geometry": { "type": "LineString", "coordinates": [ [ 8.614856508453233, 47.419858810152725 ], [ 8.614436775313402, 47.420011656978097 ] ] } },
{ "type": "Feature", "properties": { "name": "LV_54-13_0_4_line_53" }, "geometry": { "type": "LineString", "coordinates": [ [ 8.61734330632963, 47.419011973761151 ], [ 8.617349893184107, 47.419010166928999 ] ] } },
{ "type": "Feature", "properties": { "name": "LV_54-13_0_4_line_54" }, "geometry": { "type": "LineString", "coordinates": [ [ 8.61738320122684, 47.419626851098513 ], [ 8.617634096378797, 47.419547746587071 ] ] } },
{ "type": "Feature", "properties": { "name": "LV_54-13_0_4_line_55" }, "geometry": { "type": "LineString", "coordinates": [ [ 8.616022408453826, 47.420182110159921 ], [ 8.61551673748478, 47.420327522478367 ] ] } },
{ "type": "Feature", "properties": { "name": "LV_54-13_0_4_line_56" }, "geometry": { "type": "LineString", "coordinates": [ [ 8.616022408453826, 47.420182110159921 ], [ 8.61616210844544, 47.420143810151906 ], [ 8.616079408445117, 47.42003791015442 ] ] } },
{ "type": "Feature", "properties": { "name": "LV_54-13_0_4_line_57" }, "geometry": { "type": "LineString", "coordinates": [ [ 8.616079408445117, 47.42003791015442 ], [ 8.616258793570925, 47.419981354968066 ] ] } },
{ "type": "Feature", "properties": { "name": "LV_54-13_0_4_line_58" }, "geometry": { "type": "LineString", "coordinates": [ [ 8.616079408445117, 47.42003791015442 ], [ 8.615675108445828, 47.419560710154812 ] ] } },
{ "type": "Feature", "properties": { "name": "LV_54-13_0_4_line_59" }, "geometry": { "type": "LineString", "coordinates": [ [ 8.615415208451985, 47.419655310154333 ], [ 8.615348440653232, 47.419679628739352 ] ] } },
{ "type": "Feature", "properties": { "name": "LV_54-13_0_4_line_60" }, "geometry": { "type": "LineString", "coordinates": [ [ 8.615415208451985, 47.419655310154333 ], [ 8.615675108445828, 47.419560710154812 ] ] } },
{ "type": "Feature", "properties": { "name": "LV_54-13_0_4_line_61" }, "geometry": { "type": "LineString", "coordinates": [ [ 8.615348440653232, 47.419679628739352 ], [ 8.614966308446744, 47.419818810159562 ], [ 8.614878449314558, 47.419850817143271 ] ] } },
{ "type": "Feature", "properties": { "name": "LV_54-13_0_4_line_62" }, "geometry": { "type": "LineString", "coordinates": [ [ 8.615675108445828, 47.419560710154812 ], [ 8.615902933309476, 47.4194741011761 ] ] } },
{ "type": "Feature", "properties": { "name": "LV_54-13_0_4_line_63" }, "geometry": { "type": "LineString", "coordinates": [ [ 8.614856508453233, 47.419858810152725 ], [ 8.614878449314558, 47.419850817143271 ] ] } },
{ "type": "Feature", "properties": { "name": "LV_54-13_0_4_line_64" }, "geometry": { "type": "LineString", "coordinates": [ [ 8.616258793570925, 47.419981354968066 ], [ 8.616283193676415, 47.419973662253781 ] ] } },
{ "type": "Feature", "properties": { "name": "LV_54-13_0_4_line_65" }, "geometry": { "type": "LineString", "coordinates": [ [ 8.615505608456324, 47.418624910157817 ], [ 8.615672964634872, 47.418513194969279 ] ] } },
{ "type": "Feature", "properties": { "name": "LV_54-13_0_4_line_66" }, "geometry": { "type": "LineString", "coordinates": [ [ 8.615847108454988, 47.418529410158648 ], [ 8.615807908451044, 47.418540010152775 ], [ 8.615698708455202, 47.418496010153753 ], [ 8.615672964634872, 47.418513194969279 ] ] } },
{ "type": "Feature", "properties": { "name": "LV_54-13_0_4_line_67" }, "geometry": { "type": "LineString", "coordinates": [ [ 8.615505608456324, 47.418624910157817 ], [ 8.615250808452387, 47.418443410159533 ], [ 8.615422707866143, 47.4183018015787 ] ] } },
{ "type": "Feature", "properties": { "name": "LV_54-13_0_4_line_68" }, "geometry": { "type": "LineString", "coordinates": [ [ 8.615847108454988, 47.418529410158648 ], [ 8.615955367622137, 47.41871163916371 ] ] } },
{ "type": "Feature", "properties": { "name": "LV_54-13_0_4_line_69" }, "geometry": { "type": "LineString", "coordinates": [ [ 8.615955367622137, 47.41871163916371 ], [ 8.615969608452755, 47.418735610152488 ], [ 8.615807695645083, 47.418791291427098 ] ] } },
{ "type": "Feature", "properties": { "name": "LV_54-13_0_4_line_70" }, "geometry": { "type": "LineString", "coordinates": [ [ 8.615647708453265, 47.418846310152368 ], [ 8.615805806312594, 47.418791941162887 ] ] } },
{ "type": "Feature", "properties": { "name": "LV_54-13_0_4_line_71" }, "geometry": { "type": "LineString", "coordinates": [ [ 8.615647708453265, 47.418846310152368 ], [ 8.615482066588223, 47.418903752282127 ] ] } },
{ "type": "Feature", "properties": { "name": "LV_54-13_0_4_line_72" }, "geometry": { "type": "LineString", "coordinates": [ [ 8.615807695645083, 47.418791291427098 ], [ 8.615805806312594, 47.418791941162887 ] ] } },
{ "type": "Feature", "properties": { "name": "LV_54-13_0_4_line_73" }, "geometry": { "type": "LineString", "coordinates": [ [ 8.617078839871008, 47.419085199171313 ], [ 8.617118608453172, 47.419073610152488 ], [ 8.61734330632963, 47.419011973761151 ] ] } },
{ "type": "Feature", "properties": { "name": "LV_54-13_0_4_line_74" }, "geometry": { "type": "LineString", "coordinates": [ [ 8.615902933309476, 47.4194741011761 ], [ 8.61598399198019, 47.419443286068606 ] ] } },
{ "type": "Feature", "properties": { "name": "LV_54-13_0_4_line_75" }, "geometry": { "type": "LineString", "coordinates": [ [ 8.616235885248356, 47.419347526191608 ], [ 8.61598399198019, 47.419443286068606 ] ] } },
{ "type": "Feature", "properties": { "name": "LV_54-13_0_4_line_76" }, "geometry": { "type": "LineString", "coordinates": [ [ 8.616235885248356, 47.419347526191608 ], [ 8.61632930845127, 47.419312010159665 ], [ 8.616640438340337, 47.419216259622779 ] ] } },
{ "type": "Feature", "properties": { "name": "LV_54-13_0_4_line_77" }, "geometry": { "type": "LineString", "coordinates": [ [ 8.616640438340337, 47.419216259622779 ], [ 8.616763524553416, 47.419178379386182 ] ] } },
{ "type": "Feature", "properties": { "name": "LV_54-13_0_4_line_78" }, "geometry": { "type": "LineString", "coordinates": [ [ 8.614878308443563, 47.419445110160375 ], [ 8.615107272932885, 47.419361356615887 ] ] } },
{ "type": "Feature", "properties": { "name": "LV_54-13_0_4_line_79" }, "geometry": { "type": "LineString", "coordinates": [ [ 8.616842708450454, 47.419154010159836 ], [ 8.616763524553416, 47.419178379386182 ] ] } },
{ "type": "Feature", "properties": { "name": "LV_54-13_0_4_line_80" }, "geometry": { "type": "LineString", "coordinates": [ [ 8.614878308443563, 47.419445110160375 ], [ 8.614666528031366, 47.419521795228093 ] ] } },
{ "type": "Feature", "properties": { "name": "LV_54-13_0_4_line_81" }, "geometry": { "type": "LineString", "coordinates": [ [ 8.616283193676415, 47.419973662253781 ], [ 8.616580771017473, 47.419879843349257 ] ] } },
{ "type": "Feature", "properties": { "name": "LV_54-13_0_4_line_82" }, "geometry": { "type": "LineString", "coordinates": [ [ 8.616709455813371, 47.418960245369142 ], [ 8.61666458185803, 47.418894993094924 ] ] } },
{ "type": "Feature", "properties": { "name": "LV_54-13_0_4_line_83" }, "geometry": { "type": "LineString", "coordinates": [ [ 8.616842708450454, 47.419154010159836 ], [ 8.616709455813371, 47.418960245369142 ] ] } },
{ "type": "Feature", "properties": { "name": "LV_54-13_0_4_line_84" }, "geometry": { "type": "LineString", "coordinates": [ [ 8.61666458185803, 47.418894993094924 ], [ 8.616588681929388, 47.418784624787762 ] ] } },
{ "type": "Feature", "properties": { "name": "LV_54-13_0_4_line_85" }, "geometry": { "type": "LineString", "coordinates": [ [ 8.616842708450454, 47.419154010159836 ], [ 8.617006604091427, 47.419106249446791 ] ] } },
{ "type": "Feature", "properties": { "name": "LV_54-13_0_4_line_86" }, "geometry": { "type": "LineString", "coordinates": [ [ 8.616555324486992, 47.418736118584683 ], [ 8.616588681929388, 47.418784624787762 ] ] } },
{ "type": "Feature", "properties": { "name": "LV_54-13_0_4_line_87" }, "geometry": { "type": "LineString", "coordinates": [ [ 8.617078839871008, 47.419085199171313 ], [ 8.617006604091427, 47.419106249446791 ] ] } },
{ "type": "Feature", "properties": { "name": "LV_54-13_0_4_line_88" }, "geometry": { "type": "LineString", "coordinates": [ [ 8.616555324486992, 47.418736118584683 ], [ 8.616445738182431, 47.418576764722566 ] ] } },
{ "type": "Feature", "properties": { "name": "LV_54-13_0_4_line_89" }, "geometry": { "type": "LineString", "coordinates": [ [ 8.614232110076259, 47.419679094783483 ], [ 8.614666528031366, 47.419521795228093 ] ] } },
{ "type": "Feature", "properties": { "name": "LV_54-13_0_4_line_90" }, "geometry": { "type": "LineString", "coordinates": [ [ 8.616887318259565, 47.419783195289774 ], [ 8.616998648500939, 47.419748094863742 ] ] } },
{ "type": "Feature", "properties": { "name": "LV_54-13_0_4_line_91" }, "geometry": { "type": "LineString", "coordinates": [ [ 8.616887318259565, 47.419783195289774 ], [ 8.616646767558944, 47.419859036083807 ] ] } },
{ "type": "Feature", "properties": { "name": "LV_54-13_0_4_line_92" }, "geometry": { "type": "LineString", "coordinates": [ [ 8.617216439745341, 47.419679428739691 ], [ 8.616998648500939, 47.419748094863742 ] ] } },
{ "type": "Feature", "properties": { "name": "LV_54-13_0_4_line_93" }, "geometry": { "type": "LineString", "coordinates": [ [ 8.616580771017473, 47.419879843349257 ], [ 8.616646767558944, 47.419859036083807 ] ] } },
{ "type": "Feature", "properties": { "name": "LV_54-13_0_4_line_94" }, "geometry": { "type": "LineString", "coordinates": [ [ 8.61738320122684, 47.419626851098513 ], [ 8.617216439745341, 47.419679428739691 ] ] } },
{ "type": "Feature", "properties": { "name": "LV_54-10_0_5_line_0" }, "geometry": { "type": "LineString", "coordinates": [ [ 8.620928836585895, 47.415964052826183 ], [ 8.621246748126461, 47.416223624356036 ] ] } },
{ "type": "Feature", "properties": { "name": "LV_54-10_0_5_line_1" }, "geometry": { "type": "LineString", "coordinates": [ [ 8.620327808451359, 47.415473310150141 ], [ 8.620928836585895, 47.415964052826183 ] ] } },
{ "type": "Feature", "properties": { "name": "LV_54-10_0_5_line_2" }, "geometry": { "type": "LineString", "coordinates": [ [ 8.623102808463207, 47.417739010153575 ], [ 8.621246748126461, 47.416223624356036 ] ] } },
{ "type": "Feature", "properties": { "name": "LV_54-10_0_5_line_3" }, "geometry": { "type": "LineString", "coordinates": [ [ 8.620327808451359, 47.415473310150141 ], [ 8.620279208453653, 47.415444110153238 ], [ 8.620263008449768, 47.415439410157219 ], [ 8.620235208460697, 47.41543671015436 ], [ 8.620199508454602, 47.415439610156561 ], [ 8.620157008449912, 47.415448410154127 ], [ 8.620112508450521, 47.415469210151649 ], [ 8.619964308453254, 47.415587010155889 ] ] } },
{ "type": "Feature", "properties": { "name": "LV_54-10_0_5_line_4" }, "geometry": { "type": "LineString", "coordinates": [ [ 8.623102808463207, 47.417739010153575 ], [ 8.622493726753737, 47.417765699033296 ] ] } },
{ "type": "Feature", "properties": { "name": "LV_54-10_0_5_line_5" }, "geometry": { "type": "LineString", "coordinates": [ [ 8.623027208451502, 47.417416810156197 ], [ 8.623151708459835, 47.417513210157232 ], [ 8.623526108452518, 47.417797910152963 ], [ 8.623457908453409, 47.417837010153654 ], [ 8.62338930846369, 47.417876110155227 ], [ 8.623354108457068, 47.417896010150123 ], [ 8.623312108459231, 47.41791971015018 ], [ 8.623102808463207, 47.417739010153575 ] ] } },
{ "type": "Feature", "properties": { "name": "LV_54-10_0_5_line_6" }, "geometry": { "type": "LineString", "coordinates": [ [ 8.619964308453254, 47.415587010155889 ], [ 8.620380308456747, 47.415836510155501 ], [ 8.620583008458752, 47.415979410155586 ], [ 8.620575008454999, 47.416040710155301 ], [ 8.620485786258556, 47.416113858903692 ] ] } },
{ "type": "Feature", "properties": { "name": "LV_54-10_0_5_line_7" }, "geometry": { "type": "LineString", "coordinates": [ [ 8.622493726753737, 47.417765699033296 ], [ 8.622488908456292, 47.417765910156177 ] ] } },
{ "type": "Feature", "properties": { "name": "LV_54-10_0_5_line_8" }, "geometry": { "type": "LineString", "coordinates": [ [ 8.623027208451502, 47.417416810156197 ], [ 8.623145108454183, 47.417349910151465 ], [ 8.623380076449553, 47.417218485218626 ] ] } },
{ "type": "Feature", "properties": { "name": "LV_54-10_0_5_line_9" }, "geometry": { "type": "LineString", "coordinates": [ [ 8.619743808453766, 47.416705710158425 ], [ 8.619961108459444, 47.416544010150311 ], [ 8.620485786258556, 47.416113858903692 ] ] } },
{ "type": "Feature", "properties": { "name": "LV_54-10_0_5_line_10" }, "geometry": { "type": "LineString", "coordinates": [ [ 8.62222790845631, 47.415827210154312 ], [ 8.622026308459207, 47.415667310150567 ], [ 8.621889108452661, 47.415536710151265 ], [ 8.62185390845247, 47.415486910157597 ], [ 8.621896708459218, 47.415464510156944 ], [ 8.622280408453074, 47.415264210156124 ] ] } },
{ "type": "Feature", "properties": { "name": "LV_54-10_0_5_line_11" }, "geometry": { "type": "LineString", "coordinates": [ [ 8.622280408453074, 47.415264210156124 ], [ 8.622785508451788, 47.415658310151009 ] ] } },
{ "type": "Feature", "properties": { "name": "LV_54-10_0_5_line_12" }, "geometry": { "type": "LineString", "coordinates": [ [ 8.62222790845631, 47.415827210154312 ], [ 8.622946508455772, 47.416396310150553 ], [ 8.623053408463601, 47.416481010157305 ] ] } },
{ "type": "Feature", "properties": { "name": "LV_54-10_0_5_line_13" }, "geometry": { "type": "LineString", "coordinates": [ [ 8.62222790845631, 47.415827210154312 ], [ 8.621993308463059, 47.415967410153634 ], [ 8.622056708455435, 47.416120410155408 ], [ 8.622266091979609, 47.416365576758714 ] ] } },
{ "type": "Feature", "properties": { "name": "LV_54-10_0_5_line_14" }, "geometry": { "type": "LineString", "coordinates": [ [ 8.623692008459896, 47.417044010151137 ], [ 8.623732208463325, 47.417021510154584 ], [ 8.623869208462343, 47.417131210150352 ], [ 8.623906908456082, 47.41710801015001 ], [ 8.623921108462918, 47.417099110151511 ], [ 8.623997808461914, 47.417031010156421 ] ] } },
{ "type": "Feature", "properties": { "name": "LV_54-10_0_5_line_15" }, "geometry": { "type": "LineString", "coordinates": [ [ 8.623493408461911, 47.416775310153298 ], [ 8.623457908453918, 47.416801810150197 ], [ 8.623732208463325, 47.417021510154584 ], [ 8.623692008459896, 47.417044010151137 ] ] } },
{ "type": "Feature", "properties": { "name": "LV_54-10_0_5_line_16" }, "geometry": { "type": "LineString", "coordinates": [ [ 8.623692008459896, 47.417044010151137 ], [ 8.623380076449553, 47.417218485218626 ] ] } },
{ "type": "Feature", "properties": { "name": "LV_54-10_0_5_line_17" }, "geometry": { "type": "LineString", "coordinates": [ [ 8.623997808461914, 47.417031010156421 ], [ 8.624138308455363, 47.416906410152805 ] ] } },
{ "type": "Feature", "properties": { "name": "LV_54-10_0_5_line_18" }, "geometry": { "type": "LineString", "coordinates": [ [ 8.623177408462919, 47.416579710151474 ], [ 8.623412608461674, 47.416765510149432 ], [ 8.623457908453918, 47.416801810150197 ], [ 8.623493408461911, 47.416775310153298 ] ] } },
{ "type": "Feature", "properties": { "name": "LV_54-10_0_5_line_19" }, "geometry": { "type": "LineString", "coordinates": [ [ 8.623493408461911, 47.416775310153298 ], [ 8.623798512816146, 47.416547764291671 ] ] } },
{ "type": "Feature", "properties": { "name": "LV_54-10_0_5_line_20" }, "geometry": { "type": "LineString", "coordinates": [ [ 8.623053408463601, 47.416481010157305 ], [ 8.623095708452839, 47.416514710150402 ], [ 8.623137308463807, 47.416492510157227 ] ] } },
{ "type": "Feature", "properties": { "name": "LV_54-10_0_5_line_21" }, "geometry": { "type": "LineString", "coordinates": [ [ 8.623177408462919, 47.416579710151474 ], [ 8.623095708452839, 47.416514710150402 ], [ 8.623137308463807, 47.416492510157227 ] ] } },
{ "type": "Feature", "properties": { "name": "LV_54-10_0_5_line_22" }, "geometry": { "type": "LineString", "coordinates": [ [ 8.623137308463807, 47.416492510157227 ], [ 8.623574749842779, 47.416249103447086 ] ] } },
{ "type": "Feature", "properties": { "name": "LV_54-10_0_5_line_23" }, "geometry": { "type": "LineString", "coordinates": [ [ 8.623177408462919, 47.416579710151474 ], [ 8.622858569316911, 47.416757828556683 ] ] } },
{ "type": "Feature", "properties": { "name": "LV_54-10_0_5_line_24" }, "geometry": { "type": "LineString", "coordinates": [ [ 8.619743808453766, 47.416705710158425 ], [ 8.620277808458225, 47.417127310155138 ], [ 8.620346108457353, 47.417198010153108 ], [ 8.620574508452352, 47.41737071015779 ] ] } },
{ "type": "Feature", "properties": { "name": "LV_54-10_0_5_line_25" }, "geometry": { "type": "LineString", "coordinates": [ [ 8.620574508452352, 47.41737071015779 ], [ 8.620589808452211, 47.417382310153279 ], [ 8.620901908458096, 47.417618210151588 ] ] } },
{ "type": "Feature", "properties": { "name": "LV_54-10_0_5_line_26" }, "geometry": { "type": "LineString", "coordinates": [ [ 8.621882608461348, 47.417661110154235 ], [ 8.622240508450908, 47.417770710154961 ], [ 8.622239408461649, 47.417777310154143 ], [ 8.622488908456292, 47.417765910156177 ] ] } },
{ "type": "Feature", "properties": { "name": "LV_54-10_0_5_line_27" }, "geometry": { "type": "LineString", "coordinates": [ [ 8.621882608461348, 47.417661110154235 ], [ 8.621716520128912, 47.417763329171628 ] ] } },
{ "type": "Feature", "properties": { "name": "LV_54-10_0_5_line_28" }, "geometry": { "type": "LineString", "coordinates": [ [ 8.624535508454699, 47.416971310152654 ], [ 8.624546908464508, 47.416977010155051 ], [ 8.624613208457165, 47.417004210148946 ], [ 8.624626408458958, 47.417008310155644 ], [ 8.624721408465481, 47.416859210154215 ] ] } },
{ "type": "Feature", "properties": { "name": "LV_54-10_0_5_line_29" }, "geometry": { "type": "LineString", "coordinates": [ [ 8.624721408465481, 47.416859210154215 ], [ 8.624749208461031, 47.416815510151743 ], [ 8.624931508460682, 47.416524710154633 ] ] } },
{ "type": "Feature", "properties": { "name": "LV_54-10_0_5_line_30" }, "geometry": { "type": "LineString", "coordinates": [ [ 8.624721408465481, 47.416859210154215 ], [ 8.62436406556454, 47.416671479440041 ] ] } },
{ "type": "Feature", "properties": { "name": "LV_54-10_0_5_line_31" }, "geometry": { "type": "LineString", "coordinates": [ [ 8.624535508454699, 47.416971310152654 ], [ 8.624522608456596, 47.416984410154136 ], [ 8.624443508452861, 47.417099310150867 ] ] } },
{ "type": "Feature", "properties": { "name": "LV_54-10_0_5_line_32" }, "geometry": { "type": "LineString", "coordinates": [ [ 8.624931508460682, 47.416524710154633 ], [ 8.625002808459856, 47.416410910149061 ], [ 8.625131908460938, 47.416214110151806 ], [ 8.625173208454207, 47.416128510151587 ], [ 8.625173208466013, 47.416058510152048 ], [ 8.625160108462158, 47.416018610154701 ], [ 8.625116808457712, 47.415969810150713 ], [ 8.625062008455657, 47.415927910151687 ], [ 8.624357508457855, 47.415585110151795 ], [ 8.624175000110847, 47.415484489174801 ] ] } },
{ "type": "Feature", "properties": { "name": "LV_54-10_0_5_line_33" }, "geometry": { "type": "LineString", "coordinates": [ [ 8.624443508452861, 47.417099310150867 ], [ 8.624435108465228, 47.417073510148832 ], [ 8.624168108454167, 47.416942610157477 ], [ 8.624138308455363, 47.416906410152805 ] ] } },
{ "type": "Feature", "properties": { "name": "LV_54-10_0_5_line_34" }, "geometry": { "type": "LineString", "coordinates": [ [ 8.620901908458096, 47.417618210151588 ], [ 8.621149165268045, 47.417426616764871 ] ] } },
{ "type": "Feature", "properties": { "name": "LV_54-10_0_5_line_35" }, "geometry": { "type": "LineString", "coordinates": [ [ 8.621428851995418, 47.417031392512975 ], [ 8.621490608454378, 47.417068710150055 ], [ 8.62150710845741, 47.417107310150769 ], [ 8.621499608456329, 47.417141810157979 ], [ 8.621469608453703, 47.417178310157617 ], [ 8.621149165268045, 47.417426616764871 ] ] } },
{ "type": "Feature", "properties": { "name": "LV_54-10_0_5_line_36" }, "geometry": { "type": "LineString", "coordinates": [ [ 8.621398099449507, 47.41701280959721 ], [ 8.62129400845371, 47.416949910156426 ], [ 8.621237008458325, 47.416937710154407 ], [ 8.621181739576617, 47.416941625040906 ] ] } },
{ "type": "Feature", "properties": { "name": "LV_54-10_0_5_line_37" }, "geometry": { "type": "LineString", "coordinates": [ [ 8.621398099449507, 47.41701280959721 ], [ 8.621428851995418, 47.417031392512975 ] ] } },
{ "type": "Feature", "properties": { "name": "LV_200-7_0_4_line_0" }, "geometry": { "type": "LineString", "coordinates": [ [ 8.625939908457124, 47.41856351015425 ], [ 8.625975908464737, 47.418534710156386 ], [ 8.626022469661791, 47.418310887664255 ] ] } },
{ "type": "Feature", "properties": { "name": "LV_200-7_0_4_line_1" }, "geometry": { "type": "LineString", "coordinates": [ [ 8.625939908457124, 47.41856351015425 ], [ 8.626117208465432, 47.418679010149908 ] ] } },
{ "type": "Feature", "properties": { "name": "LV_200-7_0_4_line_2" }, "geometry": { "type": "LineString", "coordinates": [ [ 8.626117208465432, 47.418679010149908 ], [ 8.626022014384414, 47.418796440938948 ] ] } },
{ "type": "Feature", "properties": { "name": "LV_200-7_0_4_line_3" }, "geometry": { "type": "LineString", "coordinates": [ [ 8.626022014384414, 47.418796440938948 ], [ 8.625874220756387, 47.418978756974063 ] ] } },
{ "type": "Feature", "properties": { "name": "LV_200-7_0_4_line_4" }, "geometry": { "type": "LineString", "coordinates": [ [ 8.625586408463558, 47.419322910156097 ], [ 8.62569470846057, 47.419371310156549 ] ] } },
{ "type": "Feature", "properties": { "name": "LV_200-7_0_4_line_5" }, "geometry": { "type": "LineString", "coordinates": [ [ 8.62569470846057, 47.419371310156549 ], [ 8.625761008461444, 47.419401010152242 ], [ 8.625869008457855, 47.419400310149484 ], [ 8.626131184436833, 47.419283320012099 ] ] } },
{ "type": "Feature", "properties": { "name": "LV_200-7_0_4_line_6" }, "geometry": { "type": "LineString", "coordinates": [ [ 8.625586408463558, 47.419322910156097 ], [ 8.625731508459456, 47.419154910154006 ] ] } },
{ "type": "Feature", "properties": { "name": "LV_200-7_0_4_line_7" }, "geometry": { "type": "LineString", "coordinates": [ [ 8.625586408463558, 47.419322910156097 ], [ 8.625557608454445, 47.419356310156552 ], [ 8.625324010183334, 47.419245783422568 ] ] } },
{ "type": "Feature", "properties": { "name": "LV_200-7_0_4_line_8" }, "geometry": { "type": "LineString", "coordinates": [ [ 8.625855208453576, 47.419002210153458 ], [ 8.625731508459456, 47.419154910154006 ] ] } },
{ "type": "Feature", "properties": { "name": "LV_200-7_0_4_line_9" }, "geometry": { "type": "LineString", "coordinates": [ [ 8.625855208453576, 47.419002210153458 ], [ 8.625874220756387, 47.418978756974063 ] ] } },
{ "type": "Feature", "properties": { "name": "LV_200-7_0_4_line_10" }, "geometry": { "type": "LineString", "coordinates": [ [ 8.625731508459456, 47.419154910154006 ], [ 8.625329468662846, 47.418831408477175 ] ] } },
{ "type": "Feature", "properties": { "name": "LV_200-7_0_4_line_11" }, "geometry": { "type": "LineString", "coordinates": [ [ 8.626266208460576, 47.420295810149582 ], [ 8.626356808459466, 47.420302910150845 ], [ 8.626443908456707, 47.420378510150066 ], [ 8.626548108460334, 47.420328010155856 ], [ 8.626598508463958, 47.420303610156772 ], [ 8.626496908455424, 47.420207310155405 ] ] } },
{ "type": "Feature", "properties": { "name": "LV_200-7_0_4_line_12" }, "geometry": { "type": "LineString", "coordinates": [ [ 8.626496908455424, 47.420207310155405 ], [ 8.62658030845653, 47.420159810155681 ], [ 8.626636908465965, 47.420148010149148 ], [ 8.626750008459053, 47.420069510150746 ] ] } },
{ "type": "Feature", "properties": { "name": "LV_200-7_0_4_line_13" }, "geometry": { "type": "LineString", "coordinates": [ [ 8.626266208460576, 47.420295810149582 ], [ 8.62624330846109, 47.420270810152779 ], [ 8.625808371267942, 47.419926717996674 ] ] } },
{ "type": "Feature", "properties": { "name": "LV_200-7_0_4_line_14" }, "geometry": { "type": "LineString", "coordinates": [ [ 8.626207608464044, 47.420474310155676 ], [ 8.626276408457823, 47.420442210153695 ], [ 8.626319808455552, 47.420400310155728 ], [ 8.62632290845684, 47.420392210155498 ], [ 8.626276508466241, 47.420380710152578 ], [ 8.62628070846422, 47.420330110151106 ], [ 8.626266208460576, 47.420295810149582 ] ] } },
{ "type": "Feature", "properties": { "name": "LV_200-7_0_4_line_15" }, "geometry": { "type": "LineString", "coordinates": [ [ 8.62694310845745, 47.420079910152495 ], [ 8.626859908454254, 47.420059510150089 ], [ 8.626750008459053, 47.420069510150746 ] ] } },
{ "type": "Feature", "properties": { "name": "LV_200-7_0_4_line_16" }, "geometry": { "type": "LineString", "coordinates": [ [ 8.626207608464044, 47.420474310155676 ], [ 8.625771352965998, 47.420492517937177 ] ] } },
{ "type": "Feature", "properties": { "name": "LV_200-7_0_4_line_17" }, "geometry": { "type": "LineString", "coordinates": [ [ 8.625808371267942, 47.419926717996674 ], [ 8.625541582028474, 47.419715649817604 ] ] } },
{ "type": "Feature", "properties": { "name": "LV_200-7_0_4_line_18" }, "geometry": { "type": "LineString", "coordinates": [ [ 8.625153508460343, 47.41916511015566 ], [ 8.625324010183334, 47.419245783422568 ] ] } },
{ "type": "Feature", "properties": { "name": "LV_200-7_0_4_line_19" }, "geometry": { "type": "LineString", "coordinates": [ [ 8.625199139930057, 47.418726538190597 ], [ 8.625329468662846, 47.418831408477175 ] ] } },
{ "type": "Feature", "properties": { "name": "LV_200-7_0_4_line_20" }, "geometry": { "type": "LineString", "coordinates": [ [ 8.625153508460343, 47.41916511015566 ], [ 8.624840954464636, 47.418914870483121 ] ] } },
{ "type": "Feature", "properties": { "name": "LV_200-7_0_4_line_21" }, "geometry": { "type": "LineString", "coordinates": [ [ 8.62438473300792, 47.418071204967227 ], [ 8.624476893802006, 47.418145365601774 ] ] } },
{ "type": "Feature", "properties": { "name": "LV_200-7_0_4_line_22" }, "geometry": { "type": "LineString", "coordinates": [ [ 8.624476893802006, 47.418145365601774 ], [ 8.624652480075326, 47.418286656885726 ] ] } },
{ "type": "Feature", "properties": { "name": "LV_200-7_0_4_line_23" }, "geometry": { "type": "LineString", "coordinates": [ [ 8.623903608457809, 47.418138010153491 ], [ 8.624002198325906, 47.418065423391006 ] ] } },
{ "type": "Feature", "properties": { "name": "LV_200-7_0_4_line_24" }, "geometry": { "type": "LineString", "coordinates": [ [ 8.623846408456373, 47.41860071014969 ], [ 8.623824708453654, 47.418376210150434 ], [ 8.623852708457299, 47.418351410153804 ], [ 8.623612908451529, 47.418164010155749 ], [ 8.62366830846187, 47.418133810154885 ], [ 8.623761808451667, 47.418082910150979 ], [ 8.623845308451694, 47.418037410152415 ], [ 8.623903608457809, 47.418138010153491 ] ] } },
{ "type": "Feature", "properties": { "name": "LV_200-7_0_4_line_25" }, "geometry": { "type": "LineString", "coordinates": [ [ 8.623903608457809, 47.418138010153491 ], [ 8.62409260846308, 47.41831571014977 ], [ 8.624381769179003, 47.418547227746252 ] ] } },
{ "type": "Feature", "properties": { "name": "LV_200-7_0_4_line_26" }, "geometry": { "type": "LineString", "coordinates": [ [ 8.624930604004726, 47.418510456378584 ], [ 8.624652480075326, 47.418286656885726 ] ] } },
{ "type": "Feature", "properties": { "name": "LV_200-7_0_4_line_27" }, "geometry": { "type": "LineString", "coordinates": [ [ 8.624930604004726, 47.418510456378584 ], [ 8.625047764500282, 47.418604731778494 ] ] } },
{ "type": "Feature", "properties": { "name": "LV_200-7_0_4_line_28" }, "geometry": { "type": "LineString", "coordinates": [ [ 8.625199139930057, 47.418726538190597 ], [ 8.625047764500282, 47.418604731778494 ] ] } },
{ "type": "Feature", "properties": { "name": "LV_200-7_0_4_line_29" }, "geometry": { "type": "LineString", "coordinates": [ [ 8.624570537200926, 47.41869836406476 ], [ 8.624840954464636, 47.418914870483121 ] ] } },
{ "type": "Feature", "properties": { "name": "LV_200-7_0_4_line_30" }, "geometry": { "type": "LineString", "coordinates": [ [ 8.624570537200926, 47.41869836406476 ], [ 8.624381769179003, 47.418547227746252 ] ] } },
{ "type": "Feature", "properties": { "name": "LV_200-7_0_4_line_31" }, "geometry": { "type": "LineString", "coordinates": [ [ 8.623846408456373, 47.41860071014969 ], [ 8.62390270845504, 47.418540210154937 ], [ 8.62395100845213, 47.418531310152815 ], [ 8.624004308460062, 47.418540910157787 ], [ 8.624136308461724, 47.418673910154403 ], [ 8.6243176822904, 47.418819423779397 ] ] } },
{ "type": "Feature", "properties": { "name": "LV_200-7_0_4_line_32" }, "geometry": { "type": "LineString", "coordinates": [ [ 8.624335208459129, 47.419122010157331 ], [ 8.62452700845618, 47.419085610150297 ], [ 8.624572208452362, 47.41906931015761 ], [ 8.624592308456851, 47.419042810153492 ], [ 8.624588308460138, 47.419016910155136 ], [ 8.624416508461772, 47.418898710155887 ], [ 8.6243176822904, 47.418819423779397 ] ] } },
{ "type": "Feature", "properties": { "name": "LV_200-7_0_4_line_33" }, "geometry": { "type": "LineString", "coordinates": [ [ 8.624335208459129, 47.419122010157331 ], [ 8.624537108458188, 47.419149510155563 ] ] } },
{ "type": "Feature", "properties": { "name": "LV_200-7_0_4_line_34" }, "geometry": { "type": "LineString", "coordinates": [ [ 8.624537108458188, 47.419149510155563 ], [ 8.624527008462987, 47.419196610150294 ], [ 8.624532808458872, 47.419292110155439 ] ] } },
{ "type": "Feature", "properties": { "name": "LV_200-7_0_4_line_35" }, "geometry": { "type": "LineString", "coordinates": [ [ 8.62478610846054, 47.41928631015341 ], [ 8.624532808458872, 47.419292110155439 ] ] } },
{ "type": "Feature", "properties": { "name": "LV_200-7_0_4_line_36" }, "geometry": { "type": "LineString", "coordinates": [ [ 8.624811308454843, 47.419507910152049 ], [ 8.62480250845984, 47.419430710152376 ], [ 8.624856608463451, 47.419405310152904 ], [ 8.625037508458156, 47.419392910152425 ], [ 8.625075208464661, 47.419365910154269 ] ] } },
{ "type": "Feature", "properties": { "name": "LV_200-7_0_4_line_37" }, "geometry": { "type": "LineString", "coordinates": [ [ 8.625075208464661, 47.419365910154269 ], [ 8.625113908456633, 47.419384910153269 ], [ 8.625155408455639, 47.419409510155937 ], [ 8.625209308464276, 47.419449310154981 ], [ 8.625279508452898, 47.419508310157909 ], [ 8.625541582028474, 47.419715649817604 ] ] } },
{ "type": "Feature", "properties": { "name": "LV_200-7_0_4_line_38" }, "geometry": { "type": "LineString", "coordinates": [ [ 8.624811308454843, 47.419507910152049 ], [ 8.624825110159614, 47.419627082729001 ] ] } },
{ "type": "Feature", "properties": { "name": "LV_200-7_0_4_line_39" }, "geometry": { "type": "LineString", "coordinates": [ [ 8.624811308454843, 47.419507910152049 ], [ 8.624588543667942, 47.419516545776922 ] ] } },
{ "type": "Feature", "properties": { "name": "LV_200-7_0_4_line_40" }, "geometry": { "type": "LineString", "coordinates": [ [ 8.62478610846054, 47.41928631015341 ], [ 8.62480250845984, 47.419430710152376 ], [ 8.624811308454843, 47.419507910152049 ] ] } },
{ "type": "Feature", "properties": { "name": "LV_200-7_0_4_line_41" }, "geometry": { "type": "LineString", "coordinates": [ [ 8.626868008461026, 47.420151610154029 ], [ 8.62694310845745, 47.420079910152495 ] ] } },
{ "type": "Feature", "properties": { "name": "LV_200-7_0_4_line_42" }, "geometry": { "type": "LineString", "coordinates": [ [ 8.62694310845745, 47.420079910152495 ], [ 8.627248769362437, 47.419863376293968 ] ] } },
{ "type": "Feature", "properties": { "name": "LV_200-7_0_4_line_43" }, "geometry": { "type": "LineString", "coordinates": [ [ 8.626868008461026, 47.420151610154029 ], [ 8.626875417300809, 47.420241565914402 ] ] } },
{ "type": "Feature", "properties": { "name": "LV_200-7_1_4_line_0" }, "geometry": { "type": "LineString", "coordinates": [ [ 8.625488508457899, 47.417636110149054 ], [ 8.625452808460901, 47.417828110150296 ], [ 8.62552250846243, 47.417834010150884 ], [ 8.625736908458618, 47.418015910150658 ], [ 8.62573970845733, 47.418018210154308 ], [ 8.625762108456083, 47.417896310153154 ] ] } },
{ "type": "Feature", "properties": { "name": "LV_200-7_1_4_line_1" }, "geometry": { "type": "LineString", "coordinates": [ [ 8.625474308459776, 47.417143110151294 ], [ 8.625472308457075, 47.417151510148663 ], [ 8.625469108455649, 47.417159510155038 ], [ 8.625461508458342, 47.417206210155221 ], [ 8.62545300845988, 47.417277210150267 ], [ 8.625558508461642, 47.417285010152611 ], [ 8.625534108465331, 47.417391110148486 ], [ 8.625488508457899, 47.417636110149054 ] ] } },
{ "type": "Feature", "properties": { "name": "LV_200-7_1_4_line_2" }, "geometry": { "type": "LineString", "coordinates": [ [ 8.625488508457899, 47.417636110149054 ], [ 8.625376708456791, 47.41762631015709 ], [ 8.625380208457067, 47.417608710154035 ], [ 8.625084408466064, 47.417585310155125 ] ] } },
{ "type": "Feature", "properties": { "name": "LV_200-7_1_4_line_3" }, "geometry": { "type": "LineString", "coordinates": [ [ 8.625950008462564, 47.41790661015407 ], [ 8.625762108456083, 47.417896310153154 ] ] } },
{ "type": "Feature", "properties": { "name": "LV_200-7_1_4_line_4" }, "geometry": { "type": "LineString", "coordinates": [ [ 8.625474308459776, 47.417143110151294 ], [ 8.625501008465967, 47.417001710154189 ] ] } },
{ "type": "Feature", "properties": { "name": "LV_200-7_1_4_line_5" }, "geometry": { "type": "LineString", "coordinates": [ [ 8.626611408462168, 47.417278110151258 ], [ 8.626869608456298, 47.417442410151189 ], [ 8.626965208464041, 47.417513810156038 ], [ 8.627038308459808, 47.417656110152151 ], [ 8.627103008461082, 47.417945410152015 ], [ 8.627198608466417, 47.41795681015671 ] ] } },
{ "type": "Feature", "properties": { "name": "LV_200-7_1_4_line_6" }, "geometry": { "type": "LineString", "coordinates": [ [ 8.627198608466417, 47.41795681015671 ], [ 8.62721670845837, 47.417915710148577 ], [ 8.627196408462531, 47.417877510148195 ], [ 8.62710470845883, 47.417743910155941 ], [ 8.626995208462734, 47.417471910149004 ], [ 8.627111408467803, 47.417394210156182 ], [ 8.627127364951397, 47.417312472905905 ] ] } },
{ "type": "Feature", "properties": { "name": "LV_200-7_1_4_line_7" }, "geometry": { "type": "LineString", "coordinates": [ [ 8.626611408462168, 47.417278110151258 ], [ 8.6265865084673, 47.417297510149488 ], [ 8.626580408467499, 47.417362810148816 ], [ 8.62630330845572, 47.417505610151501 ] ] } },
{ "type": "Feature", "properties": { "name": "LV_200-7_1_4_line_8" }, "geometry": { "type": "LineString", "coordinates": [ [ 8.626611408462168, 47.417278110151258 ], [ 8.626485008461547, 47.417197610155654 ] ] } },
{ "type": "Feature", "properties": { "name": "LV_200-7_1_4_line_9" }, "geometry": { "type": "LineString", "coordinates": [ [ 8.627153103205417, 47.417180627986959 ], [ 8.627127364951397, 47.417312472905905 ] ] } },
{ "type": "Feature", "properties": { "name": "LV_200-7_1_4_line_10" }, "geometry": { "type": "LineString", "coordinates": [ [ 8.626388208466825, 47.417577310150541 ], [ 8.626360508457486, 47.417563310154591 ], [ 8.626334608458617, 47.417537910148397 ], [ 8.62630330845572, 47.417505610151501 ] ] } },
{ "type": "Feature", "properties": { "name": "LV_200-7_1_4_line_11" }, "geometry": { "type": "LineString", "coordinates": [ [ 8.626342908459453, 47.417146410150266 ], [ 8.626485008461547, 47.417197610155654 ] ] } },
{ "type": "Feature", "properties": { "name": "LV_200-7_1_4_line_12" }, "geometry": { "type": "LineString", "coordinates": [ [ 8.626946642778796, 47.416624106519194 ], [ 8.626837108460334, 47.416693810152417 ], [ 8.626944508462152, 47.416797210151458 ], [ 8.627197908463934, 47.416951110147963 ], [ 8.627178858468723, 47.417048695222597 ] ] } },
{ "type": "Feature", "properties": { "name": "LV_200-7_1_4_line_13" }, "geometry": { "type": "LineString", "coordinates": [ [ 8.627178858468723, 47.417048695222597 ], [ 8.627153103205417, 47.417180627986959 ] ] } },
{ "type": "Feature", "properties": { "name": "LV_200-7_1_4_line_14" }, "geometry": { "type": "LineString", "coordinates": [ [ 8.62574440846261, 47.417023610156406 ], [ 8.625501008465967, 47.417001710154189 ] ] } },
{ "type": "Feature", "properties": { "name": "LV_200-7_1_4_line_15" }, "geometry": { "type": "LineString", "coordinates": [ [ 8.62574440846261, 47.417023610156406 ], [ 8.625801908464245, 47.417028310152823 ] ] } },
{ "type": "Feature", "properties": { "name": "LV_200-7_1_4_line_16" }, "geometry": { "type": "LineString", "coordinates": [ [ 8.62574440846261, 47.417023610156406 ], [ 8.625795108455257, 47.416747110153949 ], [ 8.625806708458358, 47.416694710155078 ], [ 8.625756108466662, 47.41665521015549 ], [ 8.62576240846029, 47.41662151015607 ] ] } },
{ "type": "Feature", "properties": { "name": "LV_200-7_1_4_line_17" }, "geometry": { "type": "LineString", "coordinates": [ [ 8.625801908464245, 47.417028310152823 ], [ 8.625889008465057, 47.416568810156072 ], [ 8.626108308461804, 47.416584210156401 ], [ 8.626111508459138, 47.41656581015156 ] ] } },
{ "type": "Feature", "properties": { "name": "LV_200-7_1_4_line_18" }, "geometry": { "type": "LineString", "coordinates": [ [ 8.625801908464245, 47.417028310152823 ], [ 8.62606180845979, 47.417049310156038 ], [ 8.626202508457292, 47.417062410148169 ], [ 8.626293008455303, 47.417070710152508 ], [ 8.626346308466031, 47.417120910154395 ], [ 8.626342908459453, 47.417146410150266 ] ] } },
{ "type": "Feature", "properties": { "name": "LV_200-7_1_4_line_19" }, "geometry": { "type": "LineString", "coordinates": [ [ 8.62576240846029, 47.41662151015607 ], [ 8.625784608461251, 47.41649281015178 ] ] } },
{ "type": "Feature", "properties": { "name": "LV_200-7_1_4_line_20" }, "geometry": { "type": "LineString", "coordinates": [ [ 8.62576240846029, 47.41662151015607 ], [ 8.625721708456146, 47.41661741015151 ] ] } },
{ "type": "Feature", "properties": { "name": "LV_200-7_1_4_line_21" }, "geometry": { "type": "LineString", "coordinates": [ [ 8.626239608463969, 47.416858210150295 ], [ 8.626202508457292, 47.417062410148169 ], [ 8.626293008455303, 47.417070710152508 ], [ 8.626346308466031, 47.417120910154395 ], [ 8.626342908459453, 47.417146410150266 ] ] } },
{ "type": "Feature", "properties": { "name": "LV_200-7_1_4_line_22" }, "geometry": { "type": "LineString", "coordinates": [ [ 8.626239608463969, 47.416858210150295 ], [ 8.626244708467302, 47.416825110151542 ], [ 8.626248808466785, 47.416805210155474 ] ] } },
{ "type": "Feature", "properties": { "name": "LV_200-7_1_4_line_23" }, "geometry": { "type": "LineString", "coordinates": [ [ 8.625784608461251, 47.41649281015178 ], [ 8.625746708460737, 47.416488610150303 ] ] } },
{ "type": "Feature", "properties": { "name": "LV_200-7_1_4_line_24" }, "geometry": { "type": "LineString", "coordinates": [ [ 8.625784608461251, 47.41649281015178 ], [ 8.625810508459619, 47.416359410149191 ] ] } },
{ "type": "Feature", "properties": { "name": "LV_200-7_1_4_line_25" }, "geometry": { "type": "LineString", "coordinates": [ [ 8.625810508459619, 47.416359410149191 ], [ 8.625772508454192, 47.416356110151959 ] ] } },
{ "type": "Feature", "properties": { "name": "LV_200-8_0_4_line_0" }, "geometry": { "type": "LineString", "coordinates": [ [ 8.625144708462591, 47.422504410155106 ], [ 8.625267795391988, 47.422407275304664 ] ] } },
{ "type": "Feature", "properties": { "name": "LV_200-8_0_4_line_1" }, "geometry": { "type": "LineString", "coordinates": [ [ 8.625502208453558, 47.422696810151173 ], [ 8.625401508453146, 47.422673110152445 ], [ 8.625144708462591, 47.422504410155106 ] ] } },
{ "type": "Feature", "properties": { "name": "LV_200-8_0_4_line_2" }, "geometry": { "type": "LineString", "coordinates": [ [ 8.626553408454972, 47.422189110149603 ], [ 8.626209508460175, 47.422170810157333 ], [ 8.626103704187148, 47.422226681148835 ] ] } },
{ "type": "Feature", "properties": { "name": "LV_200-8_0_4_line_3" }, "geometry": { "type": "LineString", "coordinates": [ [ 8.626553408454972, 47.422189110149603 ], [ 8.626368819744235, 47.42201374455415 ] ] } },
{ "type": "Feature", "properties": { "name": "LV_200-8_0_4_line_4" }, "geometry": { "type": "LineString", "coordinates": [ [ 8.626869708463829, 47.422396210151035 ], [ 8.626869708463689, 47.422205910152293 ], [ 8.626553408454972, 47.422189110149603 ] ] } },
{ "type": "Feature", "properties": { "name": "LV_200-8_0_4_line_5" }, "geometry": { "type": "LineString", "coordinates": [ [ 8.625502208453558, 47.422696810151173 ], [ 8.625681808464899, 47.422686710151623 ], [ 8.625911008455519, 47.422623910150179 ], [ 8.626108736525028, 47.422569283950864 ] ] } },
{ "type": "Feature", "properties": { "name": "LV_200-8_0_4_line_6" }, "geometry": { "type": "LineString", "coordinates": [ [ 8.626368819744235, 47.42201374455415 ], [ 8.626165108461965, 47.421820210155914 ], [ 8.626260136419889, 47.421776740414053 ] ] } },
{ "type": "Feature", "properties": { "name": "LV_200-8_0_4_line_7" }, "geometry": { "type": "LineString", "coordinates": [ [ 8.626869708463829, 47.422396210151035 ], [ 8.626578264654405, 47.422459040274454 ] ] } },
{ "type": "Feature", "properties": { "name": "LV_200-8_0_4_line_8" }, "geometry": { "type": "LineString", "coordinates": [ [ 8.626869708463829, 47.422396210151035 ], [ 8.626919908463043, 47.422476210153221 ] ] } },
{ "type": "Feature", "properties": { "name": "LV_200-8_0_4_line_9" }, "geometry": { "type": "LineString", "coordinates": [ [ 8.626578264654405, 47.422459040274454 ], [ 8.626257408457777, 47.422528210152556 ], [ 8.626108736525028, 47.422569283950864 ] ] } },
{ "type": "Feature", "properties": { "name": "LV_200-8_0_4_line_10" }, "geometry": { "type": "LineString", "coordinates": [ [ 8.62735920845628, 47.422999010151045 ], [ 8.627258608457529, 47.423015810153899 ], [ 8.627194691414225, 47.42291398161607 ] ] } },
{ "type": "Feature", "properties": { "name": "LV_200-8_0_4_line_11" }, "geometry": { "type": "LineString", "coordinates": [ [ 8.626724808458915, 47.423458910151744 ], [ 8.62690030846586, 47.423721810155989 ], [ 8.627376808461033, 47.423583110155917 ], [ 8.627759008453944, 47.423459510156029 ], [ 8.627818508466076, 47.423446310150155 ], [ 8.627570908456653, 47.423072210155418 ], [ 8.627571808460708, 47.423042910152276 ], [ 8.627544108464605, 47.423000910155963 ], [ 8.627484608460509, 47.423013210151822 ], [ 8.627460608453879, 47.422982010155671 ], [ 8.62735920845628, 47.422999010151045 ] ] } },
{ "type": "Feature", "properties": { "name": "LV_200-8_0_4_line_12" }, "geometry": { "type": "LineString", "coordinates": [ [ 8.62735920845628, 47.422999010151045 ], [ 8.627188808464807, 47.42274320602462 ] ] } },
{ "type": "Feature", "properties": { "name": "LV_200-8_0_4_line_13" }, "geometry": { "type": "LineString", "coordinates": [ [ 8.626724808458915, 47.423458910151744 ], [ 8.626717708459154, 47.423448210158078 ] ] } },
{ "type": "Feature", "properties": { "name": "LV_200-8_0_4_line_14" }, "geometry": { "type": "LineString", "coordinates": [ [ 8.626919908463043, 47.422476210153221 ], [ 8.627027408456975, 47.422500910156153 ], [ 8.627188808464807, 47.42274320602462 ] ] } },
{ "type": "Feature", "properties": { "name": "LV_200-8_0_4_line_15" }, "geometry": { "type": "LineString", "coordinates": [ [ 8.628092108460304, 47.421663710148849 ], [ 8.628410308458644, 47.421945610156833 ] ] } },
{ "type": "Feature", "properties": { "name": "LV_200-8_0_4_line_16" }, "geometry": { "type": "LineString", "coordinates": [ [ 8.628410308458644, 47.421945610156833 ], [ 8.62863500845539, 47.421837010156871 ], [ 8.628744108464181, 47.421808310148855 ], [ 8.628849908455358, 47.421766510156338 ], [ 8.628912432167873, 47.421738399133773 ] ] } },
{ "type": "Feature", "properties": { "name": "LV_200-8_0_4_line_17" }, "geometry": { "type": "LineString", "coordinates": [ [ 8.627493708464153, 47.421788910152003 ], [ 8.627615608465764, 47.421718010152873 ], [ 8.627648508457893, 47.421745310156574 ], [ 8.62769240845881, 47.421719010157766 ], [ 8.627728608466777, 47.421701710152099 ], [ 8.627769908460778, 47.421690710153193 ], [ 8.627813908466242, 47.421686810153581 ], [ 8.6278579084616, 47.421690210155418 ], [ 8.627896408464375, 47.421699710151266 ], [ 8.627930708457653, 47.421714710153985 ], [ 8.627959308465693, 47.421734510151119 ], [ 8.628027308463871, 47.421698310149374 ], [ 8.628092108460304, 47.421663710148849 ] ] } },
{ "type": "Feature", "properties": { "name": "LV_200-8_0_4_line_18" }, "geometry": { "type": "LineString", "coordinates": [ [ 8.628092108460304, 47.421663710148849 ], [ 8.627697106247362, 47.421312397187378 ] ] } },
{ "type": "Feature", "properties": { "name": "LV_200-8_0_4_line_19" }, "geometry": { "type": "LineString", "coordinates": [ [ 8.629284508457614, 47.421571110150943 ], [ 8.628912432167873, 47.421738399133773 ] ] } },
{ "type": "Feature", "properties": { "name": "LV_200-8_0_4_line_20" }, "geometry": { "type": "LineString", "coordinates": [ [ 8.627493708464153, 47.421788910152003 ], [ 8.62715190845832, 47.42198671015062 ] ] } },
{ "type": "Feature", "properties": { "name": "LV_200-8_0_4_line_21" }, "geometry": { "type": "LineString", "coordinates": [ [ 8.627493708464153, 47.421788910152003 ], [ 8.627174273379838, 47.421515270007497 ] ] } },
{ "type": "Feature", "properties": { "name": "LV_200-8_0_4_line_22" }, "geometry": { "type": "LineString", "coordinates": [ [ 8.62715190845832, 47.42198671015062 ], [ 8.627457818862108, 47.422248411450994 ] ] } },
{ "type": "Feature", "properties": { "name": "LV_200-8_0_4_line_23" }, "geometry": { "type": "LineString", "coordinates": [ [ 8.627174273379838, 47.421515270007497 ], [ 8.627125408455935, 47.421473410155905 ], [ 8.626982108466128, 47.421393110151079 ], [ 8.62688494251697, 47.421344281154873 ] ] } },
{ "type": "Feature", "properties": { "name": "LV_200-8_0_4_line_24" }, "geometry": { "type": "LineString", "coordinates": [ [ 8.629284508457614, 47.421571110150943 ], [ 8.628803608467523, 47.421199910157242 ] ] } },
{ "type": "Feature", "properties": { "name": "LV_200-8_0_4_line_25" }, "geometry": { "type": "LineString", "coordinates": [ [ 8.626784708462655, 47.421293910151597 ], [ 8.62688494251697, 47.421344281154873 ] ] } },
{ "type": "Feature", "properties": { "name": "LV_200-8_0_4_line_26" }, "geometry": { "type": "LineString", "coordinates": [ [ 8.626784708462655, 47.421293910151597 ], [ 8.626235898622868, 47.421044170399185 ] ] } },
{ "type": "Feature", "properties": { "name": "LV_200-8_0_4_line_27" }, "geometry": { "type": "LineString", "coordinates": [ [ 8.626784708462655, 47.421293910151597 ], [ 8.62661440845584, 47.421385910158108 ], [ 8.626391008453448, 47.421504310156863 ], [ 8.626322708453086, 47.421538210150445 ] ] } },
{ "type": "Feature", "properties": { "name": "LV_200-8_0_4_line_28" }, "geometry": { "type": "LineString", "coordinates": [ [ 8.626322708453086, 47.421538210150445 ], [ 8.626478808454431, 47.42167671015055 ], [ 8.626260136419889, 47.421776740414053 ] ] } }
]
}
