{
"type": "FeatureCollection",
"name": "nodes",
"crs": { "type": "name", "properties": { "name": "urn:ogc:def:crs:OGC:1.3:CRS84" } },
"features": [
{ "type": "Feature", "properties": { "name": "bus_MV_504_0_node_0", "Landuse Category": "Residential areas (one and two-family houses)" }, "geometry": { "type": "Point", "coordinates": [ 8.640714708475622, 47.41445781014729 ] } },
{ "type": "Feature", "properties": { "name": "bus_MV_504_0_node_1", "Landuse Category": "Residential areas (one and two-family houses)" }, "geometry": { "type": "Point", "coordinates": [ 8.640180708475127, 47.414411910147422 ] } },
{ "type": "Feature", "properties": { "name": "bus_MV_504_0_node_4", "Landuse Category": "Residential areas (blocks of flats)" }, "geometry": { "type": "Point", "coordinates": [ 8.641052708477389, 47.409888810145752 ] } },
{ "type": "Feature", "properties": { "name": "bus_MV_504_0_node_7", "Landuse Category": "Parking areas" }, "geometry": { "type": "Point", "coordinates": [ 8.634687808469495, 47.415494410149378 ] } },
{ "type": "Feature", "properties": { "name": "bus_MV_504_0_node_2", "Landuse Category": "Roads" }, "geometry": { "type": "Point", "coordinates": [ 8.643320308478438, 47.413458010146186 ] } },
{ "type": "Feature", "properties": { "name": "bus_MV_504_0_node_5", "Landuse Category": "Residential areas (one and two-family houses)" }, "geometry": { "type": "Point", "coordinates": [ 8.647950608484397, 47.408725810143324 ] } },
{ "type": "Feature", "properties": { "name": "bus_MV_504_0_node_24", "Landuse Category": "Residential areas (blocks of flats)" }, "geometry": { "type": "Point", "coordinates": [ 8.641229608477612, 47.409709610145612 ] } },
{ "type": "Feature", "properties": { "name": "bus_MV_504_0_node_6", "Landuse Category": "Roads" }, "geometry": { "type": "Point", "coordinates": [ 8.645055408480939, 47.410845210144885 ] } },
{ "type": "Feature", "properties": { "name": "bus_MV_504_0_node_10", "Landuse Category": "Semi-natural grassland, in general" }, "geometry": { "type": "Point", "coordinates": [ 8.647831908483546, 47.411065410144147 ] } },
{ "type": "Feature", "properties": { "name": "bus_MV_504_0_node_28", "Landuse Category": "Roads" }, "geometry": { "type": "Point", "coordinates": [ 8.645264008481107, 47.410952110144855 ] } },
{ "type": "Feature", "properties": { "name": "bus_MV_504_0_node_109", "Landuse Category": "Roads" }, "geometry": { "type": "Point", "coordinates": [ 8.647556108484316, 47.407761210143143 ] } },
{ "type": "Feature", "properties": { "name": "bus_MV_504_0_node_8", "Landuse Category": "Arable land, in general" }, "geometry": { "type": "Point", "coordinates": [ 8.630367908465896, 47.413738110150092 ] } },
{ "type": "Feature", "properties": { "name": "bus_MV_504_0_node_26", "Landuse Category": "Residential areas (one and two-family houses)" }, "geometry": { "type": "Point", "coordinates": [ 8.632930208467213, 47.417349110150475 ] } },
{ "type": "Feature", "properties": { "name": "bus_MV_504_0_node_90", "Landuse Category": "Parking areas" }, "geometry": { "type": "Point", "coordinates": [ 8.635568408470531, 47.414877610148913 ] } },
{ "type": "Feature", "properties": { "name": "bus_MV_504_0_node_91", "Landuse Category": "Horticulture" }, "geometry": { "type": "Point", "coordinates": [ 8.629340455808411, 47.414936521202172 ] } },
{ "type": "Feature", "properties": { "name": "bus_MV_504_0_node_3", "Landuse Category": "Roads" }, "geometry": { "type": "Point", "coordinates": [ 8.643498708478566, 47.413635510146257 ] } },
{ "type": "Feature", "properties": { "name": "bus_MV_504_0_node_9", "Landuse Category": "Residential areas (one and two-family houses)" }, "geometry": { "type": "Point", "coordinates": [ 8.647617108483312, 47.411137610144223 ] } },
{ "type": "Feature", "properties": { "name": "bus_MV_504_0_node_27", "Landuse Category": "Residential areas (blocks of flats)" }, "geometry": { "type": "Point", "coordinates": [ 8.631838308465392, 47.419806610151561 ] } },
{ "type": "Feature", "properties": { "name": "bus_MV_504_0_node_112", "Landuse Category": "Residential areas (blocks of flats)" }, "geometry": { "type": "Point", "coordinates": [ 8.631719708465219, 47.41998071015167 ] } },
{ "type": "Feature", "properties": { "name": "bus_MV_504_0_node_25", "Landuse Category": "Residential areas (one and two-family houses)" }, "geometry": { "type": "Point", "coordinates": [ 8.632261508466701, 47.416925310150539 ] } },
{ "type": "Feature", "properties": { "name": "bus_MV_504_0_node_11", "Landuse Category": "Residential areas (blocks of flats)" }, "geometry": { "type": "Point", "coordinates": [ 8.629735808462687, 47.42195491015287 ] } },
{ "type": "Feature", "properties": { "name": "bus_MV_504_0_node_13", "Landuse Category": "Residential areas (blocks of flats)" }, "geometry": { "type": "Point", "coordinates": [ 8.62969190846273, 47.421719810152808 ] } },
{ "type": "Feature", "properties": { "name": "bus_MV_504_0_node_15", "Landuse Category": "Residential areas (blocks of flats)" }, "geometry": { "type": "Point", "coordinates": [ 8.631499308464901, 47.420304410151836 ] } },
{ "type": "Feature", "properties": { "name": "bus_MV_504_0_node_16", "Landuse Category": "Residential areas (blocks of flats)" }, "geometry": { "type": "Point", "coordinates": [ 8.629773008463374, 47.419914010152205 ] } },
{ "type": "Feature", "properties": { "name": "bus_MV_504_0_node_18", "Landuse Category": "Residential areas (blocks of flats)" }, "geometry": { "type": "Point", "coordinates": [ 8.634665208466455, 47.425081410152401 ] } },
{ "type": "Feature", "properties": { "name": "bus_MV_504_0_node_14", "Landuse Category": "Industrial and commercial areas > 1 ha" }, "geometry": { "type": "Point", "coordinates": [ 8.629383408462083, 47.422819310153223 ] } },
{ "type": "Feature", "properties": { "name": "bus_MV_504_0_node_21", "Landuse Category": "Agricultural buildings and surroundings" }, "geometry": { "type": "Point", "coordinates": [ 8.629399408461953, 47.423267610153395 ] } },
{ "type": "Feature", "properties": { "name": "bus_MV_504_0_node_88", "Landuse Category": "Industrial and commercial areas > 1 ha" }, "geometry": { "type": "Point", "coordinates": [ 8.629054210491333, 47.422524961212204 ] } },
{ "type": "Feature", "properties": { "name": "bus_MV_504_0_node_17", "Landuse Category": "Roads" }, "geometry": { "type": "Point", "coordinates": [ 8.625834008459686, 47.419560610153255 ] } },
{ "type": "Feature", "properties": { "name": "bus_MV_504_0_node_81", "Landuse Category": "Residential areas (blocks of flats)" }, "geometry": { "type": "Point", "coordinates": [ 8.629631808463275, 47.419817710152223 ] } },
{ "type": "Feature", "properties": { "name": "bus_MV_504_0_node_124", "Landuse Category": "Public buildings and surroundings" }, "geometry": { "type": "Point", "coordinates": [ 8.638081208468833, 47.427923210152279 ] } },
{ "type": "Feature", "properties": { "name": "bus_MV_504_0_node_119", "Landuse Category": "Farm pastures, in general" }, "geometry": { "type": "Point", "coordinates": [ 8.636362908468604, 47.423424810151381 ] } },
{ "type": "Feature", "properties": { "name": "bus_MV_504_0_node_122", "Landuse Category": "Public buildings and surroundings" }, "geometry": { "type": "Point", "coordinates": [ 8.634670408466622, 47.424542310152219 ] } },
{ "type": "Feature", "properties": { "name": "bus_MV_504_0_node_118", "Landuse Category": "Semi-natural grassland, in general" }, "geometry": { "type": "Point", "coordinates": [ 8.631223108463018, 47.425459510153544 ] } },
{ "type": "Feature", "properties": { "name": "bus_MV_504_0_node_19", "Landuse Category": "Agricultural buildings and surroundings" }, "geometry": { "type": "Point", "coordinates": [ 8.629316708461882, 47.423234810153403 ] } },
{ "type": "Feature", "properties": { "name": "bus_MV_504_0_node_85", "Landuse Category": "Industrial and commercial areas > 1 ha" }, "geometry": { "type": "Point", "coordinates": [ 8.628725308461634, 47.422230510153256 ] } },
{ "type": "Feature", "properties": { "name": "bus_MV_504_0_node_77", "Landuse Category": "Residential areas (blocks of flats)" }, "geometry": { "type": "Point", "coordinates": [ 8.629373508463082, 47.419641610152233 ] } },
{ "type": "Feature", "properties": { "name": "bus_MV_504_0_node_123", "Landuse Category": "Public buildings and surroundings" }, "geometry": { "type": "Point", "coordinates": [ 8.638573908469279, 47.428020510152187 ] } },
{ "type": "Feature", "properties": { "name": "bus_MV_504_0_node_121", "Landuse Category": "Roads" }, "geometry": { "type": "Point", "coordinates": [ 8.636063408468486, 47.422858410151285 ] } },
{ "type": "Feature", "properties": { "name": "bus_MV_504_0_node_23", "Landuse Category": "Residential areas (one and two-family houses)" }, "geometry": { "type": "Point", "coordinates": [ 8.631351908462973, 47.425957110153661 ] } },
{ "type": "Feature", "properties": { "name": "bus_MV_504_0_node_22", "Landuse Category": "Residential areas (blocks of flats)" }, "geometry": { "type": "Point", "coordinates": [ 8.626920008458995, 47.425125710154667 ] } },
{ "type": "Feature", "properties": { "name": "bus_MV_504_0_node_125", "Landuse Category": "Residential areas (blocks of flats)" }, "geometry": { "type": "Point", "coordinates": [ 8.626808608458921, 47.424978610154668 ] } },
{ "type": "Feature", "properties": { "name": "bus_MV_504_0_node_54", "Landuse Category": "Rivers, streams" }, "geometry": { "type": "Point", "coordinates": [ 8.621873408453251, 47.427868310157002 ] } },
{ "type": "Feature", "properties": { "name": "bus_MV_504_0_node_100", "Landuse Category": "Industrial and commercial areas > 1 ha" }, "geometry": { "type": "Point", "coordinates": [ 8.621963108453771, 47.426502710156598 ] } },
{ "type": "Feature", "properties": { "name": "bus_MV_504_0_node_49", "Landuse Category": "Residential areas (one and two-family houses)" }, "geometry": { "type": "Point", "coordinates": [ 8.621065008451966, 47.429487910157746 ] } },
{ "type": "Feature", "properties": { "name": "bus_MV_504_0_node_50", "Landuse Category": "Rivers, streams" }, "geometry": { "type": "Point", "coordinates": [ 8.622119308453419, 47.428109010157009 ] } },
{ "type": "Feature", "properties": { "name": "bus_MV_504_0_node_48", "Landuse Category": "Residential areas (one and two-family houses)" }, "geometry": { "type": "Point", "coordinates": [ 8.620539808451303, 47.42996221015806 ] } },
{ "type": "Feature", "properties": { "name": "bus_MV_504_0_node_101", "Landuse Category": "Residential areas (blocks of flats)" }, "geometry": { "type": "Point", "coordinates": [ 8.62186742581077, 47.426883129104368 ] } },
{ "type": "Feature", "properties": { "name": "bus_MV_504_0_node_29", "Landuse Category": "Residential areas (one and two-family houses)" }, "geometry": { "type": "Point", "coordinates": [ 8.643620208473202, 47.430932610151622 ] } },
{ "type": "Feature", "properties": { "name": "bus_MV_504_0_node_30", "Landuse Category": "Residential areas (blocks of flats)" }, "geometry": { "type": "Point", "coordinates": [ 8.643365408472892, 47.431136610151711 ] } },
{ "type": "Feature", "properties": { "name": "bus_MV_504_0_node_31", "Landuse Category": "Public buildings and surroundings" }, "geometry": { "type": "Point", "coordinates": [ 8.638750208469505, 47.427812010152039 ] } },
{ "type": "Feature", "properties": { "name": "bus_MV_504_0_node_32", "Landuse Category": "Residential areas (blocks of flats)" }, "geometry": { "type": "Point", "coordinates": [ 8.6184728084535, 47.416728410154505 ] } },
{ "type": "Feature", "properties": { "name": "bus_MV_504_0_node_33", "Landuse Category": "Roads" }, "geometry": { "type": "Point", "coordinates": [ 8.619109408454261, 47.416234910154138 ] } },
{ "type": "Feature", "properties": { "name": "bus_MV_504_0_node_34", "Landuse Category": "Industrial and commercial areas > 1 ha" }, "geometry": { "type": "Point", "coordinates": [ 8.623027208457657, 47.417416810153433 ] } },
{ "type": "Feature", "properties": { "name": "bus_MV_504_0_node_95", "Landuse Category": "Industrial and commercial areas > 1 ha" }, "geometry": { "type": "Point", "coordinates": [ 8.623345524400477, 47.417660591561408 ] } },
{ "type": "Feature", "properties": { "name": "bus_MV_504_0_node_63", "Landuse Category": "Roads" }, "geometry": { "type": "Point", "coordinates": [ 8.623526108458027, 47.417797910153354 ] } },
{ "type": "Feature", "properties": { "name": "bus_MV_504_0_node_35", "Landuse Category": "Residential areas (one and two-family houses)" }, "geometry": { "type": "Point", "coordinates": [ 8.611220608444345, 47.423597710158774 ] } },
{ "type": "Feature", "properties": { "name": "bus_MV_504_0_node_36", "Landuse Category": "Residential areas (one and two-family houses)" }, "geometry": { "type": "Point", "coordinates": [ 8.611039308444132, 47.42371651015884 ] } },
{ "type": "Feature", "properties": { "name": "bus_MV_504_0_node_37", "Landuse Category": "Roads" }, "geometry": { "type": "Point", "coordinates": [ 8.614342408446698, 47.425662310158557 ] } },
{ "type": "Feature", "properties": { "name": "bus_MV_504_0_node_114", "Landuse Category": "Roads" }, "geometry": { "type": "Point", "coordinates": [ 8.615505608447792, 47.42576601015822 ] } },
{ "type": "Feature", "properties": { "name": "bus_MV_504_0_node_44", "Landuse Category": "Semi-natural grassland, in general" }, "geometry": { "type": "Point", "coordinates": [ 8.615790808447986, 47.425982110158188 ] } },
{ "type": "Feature", "properties": { "name": "bus_MV_504_0_node_45", "Landuse Category": "Residential areas (blocks of flats)" }, "geometry": { "type": "Point", "coordinates": [ 8.616999408448388, 47.428411310158623 ] } },
{ "type": "Feature", "properties": { "name": "bus_MV_504_0_node_53", "Landuse Category": "Residential areas (one and two-family houses)" }, "geometry": { "type": "Point", "coordinates": [ 8.617102008448351, 47.428831210158705 ] } },
{ "type": "Feature", "properties": { "name": "bus_MV_504_0_node_41", "Landuse Category": "Residential areas (one and two-family houses)" }, "geometry": { "type": "Point", "coordinates": [ 8.619971908451786, 47.426727510157221 ] } },
{ "type": "Feature", "properties": { "name": "bus_MV_504_0_node_96", "Landuse Category": "Public buildings and surroundings" }, "geometry": { "type": "Point", "coordinates": [ 8.613032791118615, 47.4194775036352 ] } },
{ "type": "Feature", "properties": { "name": "bus_MV_504_0_node_97", "Landuse Category": "Public buildings and surroundings" }, "geometry": { "type": "Point", "coordinates": [ 8.613081408447464, 47.419355210156944 ] } },
{ "type": "Feature", "properties": { "name": "bus_MV_504_0_node_39", "Landuse Category": "Residential areas (blocks of flats)" }, "geometry": { "type": "Point", "coordinates": [ 8.619949308451778, 47.426673610157181 ] } },
{ "type": "Feature", "properties": { "name": "bus_MV_504_0_node_42", "Landuse Category": "Residential areas (blocks of flats)" }, "geometry": { "type": "Point", "coordinates": [ 8.620112808451951, 47.426627310157144 ] } },
{ "type": "Feature", "properties": { "name": "bus_MV_504_0_node_47", "Landuse Category": "Unspecified buildings and surroundings" }, "geometry": { "type": "Point", "coordinates": [ 8.621190808453058, 47.426448910156807 ] } },
{ "type": "Feature", "properties": { "name": "bus_MV_504_0_node_40", "Landuse Category": "Public buildings and surroundings" }, "geometry": { "type": "Point", "coordinates": [ 8.619599708451743, 47.425734510157014 ] } },
{ "type": "Feature", "properties": { "name": "bus_MV_504_0_node_52", "Landuse Category": "Unspecified buildings and surroundings" }, "geometry": { "type": "Point", "coordinates": [ 8.618441208451348, 47.423462610156648 ] } },
{ "type": "Feature", "properties": { "name": "bus_MV_504_0_node_58", "Landuse Category": "Residential areas (one and two-family houses)" }, "geometry": { "type": "Point", "coordinates": [ 8.617536008450992, 47.421807510156405 ] } },
{ "type": "Feature", "properties": { "name": "bus_MV_504_0_node_115", "Landuse Category": "Public buildings and surroundings" }, "geometry": { "type": "Point", "coordinates": [ 8.61945630845176, 47.425227210156898 ] } },
{ "type": "Feature", "properties": { "name": "bus_MV_504_0_node_43", "Landuse Category": "Residential areas (blocks of flats)" }, "geometry": { "type": "Point", "coordinates": [ 8.620518208452806, 47.42517281015656 ] } },
{ "type": "Feature", "properties": { "name": "bus_MV_504_0_node_46", "Landuse Category": "Unspecified buildings and surroundings" }, "geometry": { "type": "Point", "coordinates": [ 8.621084508453022, 47.426212610156703 ] } },
{ "type": "Feature", "properties": { "name": "bus_MV_504_0_node_57", "Landuse Category": "Unspecified buildings and surroundings" }, "geometry": { "type": "Point", "coordinates": [ 8.621253708453173, 47.426236110156673 ] } },
{ "type": "Feature", "properties": { "name": "bus_MV_504_0_node_55", "Landuse Category": "Residential areas (blocks of flats)" }, "geometry": { "type": "Point", "coordinates": [ 8.621309508453052, 47.426823810156847 ] } },
{ "type": "Feature", "properties": { "name": "bus_MV_504_0_node_56", "Landuse Category": "Industrial and commercial areas > 1 ha" }, "geometry": { "type": "Point", "coordinates": [ 8.621762660408866, 47.426488747041823 ] } },
{ "type": "Feature", "properties": { "name": "bus_MV_504_0_node_59", "Landuse Category": "Residential areas (one and two-family houses)" }, "geometry": { "type": "Point", "coordinates": [ 8.617704408451216, 47.421581110156268 ] } },
{ "type": "Feature", "properties": { "name": "bus_MV_504_0_node_60", "Landuse Category": "Unspecified buildings and surroundings" }, "geometry": { "type": "Point", "coordinates": [ 8.619802808453269, 47.421524310155611 ] } },
{ "type": "Feature", "properties": { "name": "bus_MV_504_0_node_62", "Landuse Category": "Residential areas (one and two-family houses)" }, "geometry": { "type": "Point", "coordinates": [ 8.615675108449913, 47.419560710156198 ] } },
{ "type": "Feature", "properties": { "name": "bus_MV_504_0_node_61", "Landuse Category": "Railway surfaces" }, "geometry": { "type": "Point", "coordinates": [ 8.619726908453696, 47.419923610155124 ] } },
{ "type": "Feature", "properties": { "name": "bus_MV_504_0_node_64", "Landuse Category": "Industrial and commercial areas > 1 ha" }, "geometry": { "type": "Point", "coordinates": [ 8.624023008457639, 47.420566710154084 ] } },
{ "type": "Feature", "properties": { "name": "bus_MV_504_0_node_99", "Landuse Category": "Unspecified buildings and surroundings" }, "geometry": { "type": "Point", "coordinates": [ 8.619882193455409, 47.42189994095181 ] } },
{ "type": "Feature", "properties": { "name": "bus_MV_504_0_node_110", "Landuse Category": "Residential areas (blocks of flats)" }, "geometry": { "type": "Point", "coordinates": [ 8.620270208454308, 47.419640910154932 ] } },
{ "type": "Feature", "properties": { "name": "bus_MV_504_0_node_113", "Landuse Category": "Residential areas (one and two-family houses)" }, "geometry": { "type": "Point", "coordinates": [ 8.615417408449758, 47.419247910156194 ] } },
{ "type": "Feature", "properties": { "name": "bus_MV_504_0_node_69", "Landuse Category": "Residential areas (blocks of flats)" }, "geometry": { "type": "Point", "coordinates": [ 8.625730008460362, 47.417102410152509 ] } },
{ "type": "Feature", "properties": { "name": "bus_MV_504_0_node_70", "Landuse Category": "Industrial and commercial areas > 1 ha" }, "geometry": { "type": "Point", "coordinates": [ 8.624351208458206, 47.419755510153713 ] } },
{ "type": "Feature", "properties": { "name": "bus_MV_504_0_node_86", "Landuse Category": "Industrial and commercial areas > 1 ha" }, "geometry": { "type": "Point", "coordinates": [ 8.624098380995761, 47.420563531905287 ] } },
{ "type": "Feature", "properties": { "name": "bus_MV_504_0_node_65", "Landuse Category": "Residential areas (blocks of flats)" }, "geometry": { "type": "Point", "coordinates": [ 8.625379408460381, 47.415995310152276 ] } },
{ "type": "Feature", "properties": { "name": "bus_MV_504_0_node_68", "Landuse Category": "Parking areas" }, "geometry": { "type": "Point", "coordinates": [ 8.62493150845979, 47.416524710152551 ] } },
{ "type": "Feature", "properties": { "name": "bus_MV_504_0_node_103", "Landuse Category": "Industrial and commercial areas > 1 ha" }, "geometry": { "type": "Point", "coordinates": [ 8.624658854039087, 47.415616371020668 ] } },
{ "type": "Feature", "properties": { "name": "bus_MV_504_0_node_66", "Landuse Category": "Industrial and commercial areas > 1 ha" }, "geometry": { "type": "Point", "coordinates": [ 8.623412608458244, 47.416765510153077 ] } },
{ "type": "Feature", "properties": { "name": "bus_MV_504_0_node_126", "Landuse Category": "Industrial and commercial areas > 1 ha" }, "geometry": { "type": "Point", "coordinates": [ 8.623095708458017, 47.416514710153088 ] } },
{ "type": "Feature", "properties": { "name": "bus_MV_504_0_node_67", "Landuse Category": "Industrial and commercial areas > 1 ha" }, "geometry": { "type": "Point", "coordinates": [ 8.625731508459713, 47.419154910153175 ] } },
{ "type": "Feature", "properties": { "name": "bus_MV_504_0_node_72", "Landuse Category": "Semi-natural grassland, in general" }, "geometry": { "type": "Point", "coordinates": [ 8.62669920846073, 47.418893310152797 ] } },
{ "type": "Feature", "properties": { "name": "bus_MV_504_0_node_111", "Landuse Category": "Industrial and commercial areas > 1 ha" }, "geometry": { "type": "Point", "coordinates": [ 8.625586408459519, 47.419322910153234 ] } },
{ "type": "Feature", "properties": { "name": "bus_MV_504_0_node_108", "Landuse Category": "Parking areas" }, "geometry": { "type": "Point", "coordinates": [ 8.624566353284857, 47.416339812338897 ] } },
{ "type": "Feature", "properties": { "name": "bus_MV_504_0_node_116", "Landuse Category": "Residential areas (blocks of flats)" }, "geometry": { "type": "Point", "coordinates": [ 8.625744408460399, 47.417023610152491 ] } },
{ "type": "Feature", "properties": { "name": "bus_MV_504_0_node_87", "Landuse Category": "Industrial and commercial areas > 1 ha" }, "geometry": { "type": "Point", "coordinates": [ 8.624650630169619, 47.41974128155303 ] } },
{ "type": "Feature", "properties": { "name": "bus_MV_504_0_node_71", "Landuse Category": "Semi-natural grassland, in general" }, "geometry": { "type": "Point", "coordinates": [ 8.626974229622412, 47.418625134496935 ] } },
{ "type": "Feature", "properties": { "name": "bus_MV_504_0_node_98", "Landuse Category": "Residential areas (one and two-family houses)" }, "geometry": { "type": "Point", "coordinates": [ 8.615201608449633, 47.419001010156222 ] } },
{ "type": "Feature", "properties": { "name": "bus_MV_504_0_node_102", "Landuse Category": "Industrial and commercial areas > 1 ha" }, "geometry": { "type": "Point", "coordinates": [ 8.624140243190237, 47.415343884099102 ] } },
{ "type": "Feature", "properties": { "name": "bus_MV_504_0_node_73", "Landuse Category": "Motorways" }, "geometry": { "type": "Point", "coordinates": [ 8.63059084867151, 47.417298161961696 ] } },
{ "type": "Feature", "properties": { "name": "bus_MV_504_0_node_74", "Landuse Category": "Motorways" }, "geometry": { "type": "Point", "coordinates": [ 8.6303736084647, 47.417521210151264 ] } },
{ "type": "Feature", "properties": { "name": "bus_MV_504_0_node_75", "Landuse Category": "Unspecified buildings and surroundings" }, "geometry": { "type": "Point", "coordinates": [ 8.630846408465317, 47.417020710151007 ] } },
{ "type": "Feature", "properties": { "name": "bus_MV_504_0_node_76", "Landuse Category": "Motorways" }, "geometry": { "type": "Point", "coordinates": [ 8.630025108464501, 47.41710691015124 ] } },
{ "type": "Feature", "properties": { "name": "bus_MV_504_0_node_78", "Landuse Category": "Arable land, in general" }, "geometry": { "type": "Point", "coordinates": [ 8.630889608465452, 47.416704210150819 ] } },
{ "type": "Feature", "properties": { "name": "bus_MV_504_0_node_80", "Landuse Category": "Industrial and commercial areas > 1 ha" }, "geometry": { "type": "Point", "coordinates": [ 8.629757007957565, 47.41937963586485 ] } },
{ "type": "Feature", "properties": { "name": "bus_MV_504_0_node_79", "Landuse Category": "Motorways" }, "geometry": { "type": "Point", "coordinates": [ 8.630535305606015, 47.416406269715473 ] } },
{ "type": "Feature", "properties": { "name": "bus_MV_504_0_node_82", "Landuse Category": "Industrial and commercial areas > 1 ha" }, "geometry": { "type": "Point", "coordinates": [ 8.627868695124658, 47.422152196215983 ] } },
{ "type": "Feature", "properties": { "name": "bus_MV_504_0_node_83", "Landuse Category": "Industrial and commercial areas > 1 ha" }, "geometry": { "type": "Point", "coordinates": [ 8.627988325605807, 47.422238830738884 ] } },
{ "type": "Feature", "properties": { "name": "bus_MV_504_0_node_84", "Landuse Category": "Industrial and commercial areas > 1 ha" }, "geometry": { "type": "Point", "coordinates": [ 8.628174808461058, 47.422384210153439 ] } },
{ "type": "Feature", "properties": { "name": "bus_MV_504_0_node_89", "Landuse Category": "Roads" }, "geometry": { "type": "Point", "coordinates": [ 8.627877808461033, 47.421565910153291 ] } },
{ "type": "Feature", "properties": { "name": "bus_MV_504_0_node_117", "Landuse Category": "Roads" }, "geometry": { "type": "Point", "coordinates": [ 8.627615608460722, 47.421718010153398 ] } },
{ "type": "Feature", "properties": { "name": "bus_MV_504_0_node_92", "Landuse Category": "Industrial and commercial areas > 1 ha" }, "geometry": { "type": "Point", "coordinates": [ 8.621689327385265, 47.415278464059853 ] } },
{ "type": "Feature", "properties": { "name": "bus_MV_504_0_node_93", "Landuse Category": "Industrial and commercial areas > 1 ha" }, "geometry": { "type": "Point", "coordinates": [ 8.621568608457091, 47.414756010153006 ] } },
{ "type": "Feature", "properties": { "name": "bus_MV_504_0_node_94", "Landuse Category": "Industrial and commercial areas > 1 ha" }, "geometry": { "type": "Point", "coordinates": [ 8.621852908457534, 47.414234710152748 ] } },
{ "type": "Feature", "properties": { "name": "bus_MV_504_0_node_105", "Landuse Category": "Unspecified buildings and surroundings" }, "geometry": { "type": "Point", "coordinates": [ 8.623639708459079, 47.414817410152409 ] } },
{ "type": "Feature", "properties": { "name": "bus_MV_504_0_node_107", "Landuse Category": "Unspecified buildings and surroundings" }, "geometry": { "type": "Point", "coordinates": [ 8.623234866515487, 47.41497149760135 ] } },
{ "type": "Feature", "properties": { "name": "bus_MV_504_0_node_106", "Landuse Category": "Unspecified buildings and surroundings" }, "geometry": { "type": "Point", "coordinates": [ 8.623447008458909, 47.414738110152427 ] } },
{ "type": "Feature", "properties": { "name": "bus_MV_504_0_node_104", "Landuse Category": "Unspecified buildings and surroundings" }, "geometry": { "type": "Point", "coordinates": [ 8.62346160845885, 47.414987310152497 ] } },
{ "type": "Feature", "properties": { "name": "bus_HV_504_0_node_17", "Landuse Category": "Roads" }, "geometry": { "type": "Point", "coordinates": [ 8.625834008459686, 47.419560610153255 ] } },
{ "type": "Feature", "properties": { "name": "bus_LV_200-10_1_3_node_9", "Landuse Category": "Sports facilities" }, "geometry": { "type": "Point", "coordinates": [ 8.640144708475583, 47.412856410146922 ] } },
{ "type": "Feature", "properties": { "name": "bus_LV_200-10_1_3_node_11", "Landuse Category": "Sports facilities" }, "geometry": { "type": "Point", "coordinates": [ 8.640331011816286, 47.412914378645368 ] } },
{ "type": "Feature", "properties": { "name": "bus_LV_200-10_1_3_node_14", "Landuse Category": "Sports facilities" }, "geometry": { "type": "Point", "coordinates": [ 8.640579042350005, 47.412991552966879 ] } },
{ "type": "Feature", "properties": { "name": "bus_LV_200-10_1_3_node_12", "Landuse Category": "Roads" }, "geometry": { "type": "Point", "coordinates": [ 8.639765955588217, 47.412564458922503 ] } },
{ "type": "Feature", "properties": { "name": "bus_LV_200-10_1_3_node_15", "Landuse Category": "Roads" }, "geometry": { "type": "Point", "coordinates": [ 8.639354151736629, 47.412727791139702 ] } },
{ "type": "Feature", "properties": { "name": "bus_LV_200-10_1_3_node_16", "Landuse Category": "Roads" }, "geometry": { "type": "Point", "coordinates": [ 8.640736708476092, 47.413040610146794 ] } },
{ "type": "Feature", "properties": { "name": "bus_LV_200-10_1_3_node_31", "Landuse Category": "Roads" }, "geometry": { "type": "Point", "coordinates": [ 8.639200919473565, 47.41278888866119 ] } },
{ "type": "Feature", "properties": { "name": "bus_LV_200-10_1_3_node_29", "Landuse Category": "Roads" }, "geometry": { "type": "Point", "coordinates": [ 8.640570705301718, 47.413316476082365 ] } },
{ "type": "Feature", "properties": { "name": "bus_LV_200-10_1_3_node_26", "Landuse Category": "Roads" }, "geometry": { "type": "Point", "coordinates": [ 8.640960533351247, 47.413116252538956 ] } },
{ "type": "Feature", "properties": { "name": "bus_LV_200-10_1_3_node_24", "Landuse Category": "Roads" }, "geometry": { "type": "Point", "coordinates": [ 8.638910508474373, 47.412907110147316 ] } },
{ "type": "Feature", "properties": { "name": "bus_LV_200-10_1_3_node_22", "Landuse Category": "Roads" }, "geometry": { "type": "Point", "coordinates": [ 8.640478208475717, 47.413452210147021 ] } },
{ "type": "Feature", "properties": { "name": "bus_LV_200-10_1_3_node_25", "Landuse Category": "Public buildings and surroundings" }, "geometry": { "type": "Point", "coordinates": [ 8.641873590208666, 47.413483865998124 ] } },
{ "type": "Feature", "properties": { "name": "bus_LV_200-10_1_3_node_17", "Landuse Category": "Semi-natural grassland, in general" }, "geometry": { "type": "Point", "coordinates": [ 8.639628060634392, 47.413203483526964 ] } },
{ "type": "Feature", "properties": { "name": "bus_LV_200-10_1_3_node_18", "Landuse Category": "Roads" }, "geometry": { "type": "Point", "coordinates": [ 8.639869486301125, 47.413268655037335 ] } },
{ "type": "Feature", "properties": { "name": "bus_LV_200-10_1_3_node_19", "Landuse Category": "Semi-natural grassland, in general" }, "geometry": { "type": "Point", "coordinates": [ 8.639495757289245, 47.413167768695544 ] } },
{ "type": "Feature", "properties": { "name": "bus_LV_200-10_1_3_node_20", "Landuse Category": "Roads" }, "geometry": { "type": "Point", "coordinates": [ 8.640003755382628, 47.413304899937977 ] } },
{ "type": "Feature", "properties": { "name": "bus_LV_200-10_1_3_node_21", "Landuse Category": "Semi-natural grassland, in general" }, "geometry": { "type": "Point", "coordinates": [ 8.639133508474552, 47.413054110147336 ] } },
{ "type": "Feature", "properties": { "name": "bus_LV_200-10_1_3_node_23", "Landuse Category": "Semi-natural grassland, in general" }, "geometry": { "type": "Point", "coordinates": [ 8.638794608474171, 47.41321201014744 ] } },
{ "type": "Feature", "properties": { "name": "bus_LV_200-10_1_3_node_32", "Landuse Category": "Roads" }, "geometry": { "type": "Point", "coordinates": [ 8.640364306752675, 47.413619659235685 ] } },
{ "type": "Feature", "properties": { "name": "bus_LV_200-10_1_3_node_33", "Landuse Category": "Roads" }, "geometry": { "type": "Point", "coordinates": [ 8.640333208475498, 47.413667510147143 ] } },
{ "type": "Feature", "properties": { "name": "bus_LV_200-10_1_3_node_153", "Landuse Category": "Roads" }, "geometry": { "type": "Point", "coordinates": [ 8.640239115785445, 47.413818679029418 ] } },
{ "type": "Feature", "properties": { "name": "bus_LV_200-10_1_3_node_158", "Landuse Category": "Roads" }, "geometry": { "type": "Point", "coordinates": [ 8.64048353712257, 47.413716420329322 ] } },
{ "type": "Feature", "properties": { "name": "bus_LV_200-10_1_3_node_151", "Landuse Category": "Roads" }, "geometry": { "type": "Point", "coordinates": [ 8.640207008475318, 47.413871110147277 ] } },
{ "type": "Feature", "properties": { "name": "bus_LV_200-10_1_3_node_157", "Landuse Category": "Roads" }, "geometry": { "type": "Point", "coordinates": [ 8.640721944243221, 47.413793986699226 ] } },
{ "type": "Feature", "properties": { "name": "bus_LV_200-10_1_3_node_71", "Landuse Category": "Residential areas (one and two-family houses)" }, "geometry": { "type": "Point", "coordinates": [ 8.64269955471622, 47.41566504965926 ] } },
{ "type": "Feature", "properties": { "name": "bus_LV_200-10_1_3_node_72", "Landuse Category": "Residential areas (one and two-family houses)" }, "geometry": { "type": "Point", "coordinates": [ 8.642699608007893, 47.415665001304767 ] } },
{ "type": "Feature", "properties": { "name": "bus_LV_200-10_1_3_node_73", "Landuse Category": "Semi-natural grassland, in general" }, "geometry": { "type": "Point", "coordinates": [ 8.642618103143263, 47.415738955053989 ] } },
{ "type": "Feature", "properties": { "name": "bus_LV_200-10_1_3_node_74", "Landuse Category": "Residential areas (one and two-family houses)" }, "geometry": { "type": "Point", "coordinates": [ 8.642896048823394, 47.415510275312045 ] } },
{ "type": "Feature", "properties": { "name": "bus_LV_200-10_1_3_node_75", "Landuse Category": "Arable land, in general" }, "geometry": { "type": "Point", "coordinates": [ 8.642451858916131, 47.41591675488138 ] } },
{ "type": "Feature", "properties": { "name": "bus_LV_200-10_1_3_node_76", "Landuse Category": "Residential areas (one and two-family houses)" }, "geometry": { "type": "Point", "coordinates": [ 8.642949501734666, 47.415471998744195 ] } },
{ "type": "Feature", "properties": { "name": "bus_LV_200-10_1_3_node_77", "Landuse Category": "Arable land, in general" }, "geometry": { "type": "Point", "coordinates": [ 8.642295208476645, 47.416008110147303 ] } },
{ "type": "Feature", "properties": { "name": "bus_LV_200-10_1_3_node_103", "Landuse Category": "Arable land, in general" }, "geometry": { "type": "Point", "coordinates": [ 8.64242474239729, 47.416174945401337 ] } },
{ "type": "Feature", "properties": { "name": "bus_LV_200-10_1_3_node_101", "Landuse Category": "Arable land, in general" }, "geometry": { "type": "Point", "coordinates": [ 8.642271811183495, 47.416016919014766 ] } },
{ "type": "Feature", "properties": { "name": "bus_LV_200-10_1_3_node_106", "Landuse Category": "Arable land, in general" }, "geometry": { "type": "Point", "coordinates": [ 8.642437737558815, 47.416191682658116 ] } },
{ "type": "Feature", "properties": { "name": "bus_LV_200-10_1_3_node_102", "Landuse Category": "Residential areas (one and two-family houses)" }, "geometry": { "type": "Point", "coordinates": [ 8.64163770847615, 47.415595810147366 ] } },
{ "type": "Feature", "properties": { "name": "bus_LV_200-10_1_3_node_78", "Landuse Category": "Residential areas (one and two-family houses)" }, "geometry": { "type": "Point", "coordinates": [ 8.642434376624248, 47.415007473879911 ] } },
{ "type": "Feature", "properties": { "name": "bus_LV_200-10_1_3_node_80", "Landuse Category": "Residential areas (one and two-family houses)" }, "geometry": { "type": "Point", "coordinates": [ 8.642431514938531, 47.415008323001523 ] } },
{ "type": "Feature", "properties": { "name": "bus_LV_200-10_1_3_node_82", "Landuse Category": "Residential areas (one and two-family houses)" }, "geometry": { "type": "Point", "coordinates": [ 8.642145545697131, 47.415093175522422 ] } },
{ "type": "Feature", "properties": { "name": "bus_LV_200-10_1_3_node_83", "Landuse Category": "Residential areas (one and two-family houses)" }, "geometry": { "type": "Point", "coordinates": [ 8.642035483629991, 47.415125832772809 ] } },
{ "type": "Feature", "properties": { "name": "bus_LV_200-10_1_3_node_111", "Landuse Category": "Residential areas (one and two-family houses)" }, "geometry": { "type": "Point", "coordinates": [ 8.641833008476473, 47.415185910147201 ] } },
{ "type": "Feature", "properties": { "name": "bus_LV_200-10_1_3_node_105", "Landuse Category": "Residential areas (one and two-family houses)" }, "geometry": { "type": "Point", "coordinates": [ 8.641624408476275, 47.415159410147254 ] } },
{ "type": "Feature", "properties": { "name": "bus_LV_200-10_1_3_node_104", "Landuse Category": "Residential areas (one and two-family houses)" }, "geometry": { "type": "Point", "coordinates": [ 8.641869708476358, 47.415657010147335 ] } },
{ "type": "Feature", "properties": { "name": "bus_LV_200-10_1_3_node_112", "Landuse Category": "Residential areas (one and two-family houses)" }, "geometry": { "type": "Point", "coordinates": [ 8.641723908476472, 47.414852410147084 ] } },
{ "type": "Feature", "properties": { "name": "bus_LV_200-10_1_3_node_113", "Landuse Category": "Residential areas (one and two-family houses)" }, "geometry": { "type": "Point", "coordinates": [ 8.641317408476002, 47.415100510147276 ] } },
{ "type": "Feature", "properties": { "name": "bus_LV_200-10_1_3_node_107", "Landuse Category": "Arable land, in general" }, "geometry": { "type": "Point", "coordinates": [ 8.642453908476739, 47.416212510147332 ] } },
{ "type": "Feature", "properties": { "name": "bus_LV_200-10_1_3_node_114", "Landuse Category": "Residential areas (one and two-family houses)" }, "geometry": { "type": "Point", "coordinates": [ 8.641762092135696, 47.414779052945356 ] } },
{ "type": "Feature", "properties": { "name": "bus_LV_200-10_1_3_node_115", "Landuse Category": "Residential areas (one and two-family houses)" }, "geometry": { "type": "Point", "coordinates": [ 8.642102622638891, 47.414753546279151 ] } },
{ "type": "Feature", "properties": { "name": "bus_LV_200-10_1_3_node_116", "Landuse Category": "Roads" }, "geometry": { "type": "Point", "coordinates": [ 8.641069730998323, 47.415146321077522 ] } },
{ "type": "Feature", "properties": { "name": "bus_LV_200-10_1_3_node_183", "Landuse Category": "Unspecified buildings and surroundings" }, "geometry": { "type": "Point", "coordinates": [ 8.643159541950082, 47.416903985714384 ] } },
{ "type": "Feature", "properties": { "name": "bus_LV_200-10_1_3_node_181", "Landuse Category": "Residential areas (one and two-family houses)" }, "geometry": { "type": "Point", "coordinates": [ 8.641771854378009, 47.414760298008872 ] } },
{ "type": "Feature", "properties": { "name": "bus_LV_200-10_1_3_node_173", "Landuse Category": "Residential areas (one and two-family houses)" }, "geometry": { "type": "Point", "coordinates": [ 8.642230501840727, 47.414720162868548 ] } },
{ "type": "Feature", "properties": { "name": "bus_LV_200-10_1_3_node_149", "Landuse Category": "Roads" }, "geometry": { "type": "Point", "coordinates": [ 8.640774867337159, 47.415200858864118 ] } },
{ "type": "Feature", "properties": { "name": "bus_LV_200-10_1_3_node_179", "Landuse Category": "Residential areas (one and two-family houses)" }, "geometry": { "type": "Point", "coordinates": [ 8.642033308476908, 47.4143910101469 ] } },
{ "type": "Feature", "properties": { "name": "bus_LV_200-10_1_3_node_172", "Landuse Category": "Residential areas (one and two-family houses)" }, "geometry": { "type": "Point", "coordinates": [ 8.642415648234167, 47.414671829287848 ] } },
{ "type": "Feature", "properties": { "name": "bus_LV_200-10_1_3_node_145", "Landuse Category": "Roads" }, "geometry": { "type": "Point", "coordinates": [ 8.640056908474698, 47.41536091014774 ] } },
{ "type": "Feature", "properties": { "name": "bus_LV_200-10_1_3_node_120", "Landuse Category": "Residential areas (one and two-family houses)" }, "geometry": { "type": "Point", "coordinates": [ 8.642142650708495, 47.414198329126002 ] } },
{ "type": "Feature", "properties": { "name": "bus_LV_200-10_1_3_node_139", "Landuse Category": "Residential areas (one and two-family houses)" }, "geometry": { "type": "Point", "coordinates": [ 8.641622408855255, 47.414477474939403 ] } },
{ "type": "Feature", "properties": { "name": "bus_LV_200-10_1_3_node_121", "Landuse Category": "Residential areas (one and two-family houses)" }, "geometry": { "type": "Point", "coordinates": [ 8.641160008476216, 47.413936510147003 ] } },
{ "type": "Feature", "properties": { "name": "bus_LV_200-10_1_3_node_127", "Landuse Category": "Roads" }, "geometry": { "type": "Point", "coordinates": [ 8.641012388006335, 47.413888482351624 ] } },
{ "type": "Feature", "properties": { "name": "bus_LV_200-10_1_3_node_124", "Landuse Category": "Residential areas (one and two-family houses)" }, "geometry": { "type": "Point", "coordinates": [ 8.641124208476127, 47.414105410147052 ] } },
{ "type": "Feature", "properties": { "name": "bus_LV_200-10_1_3_node_138", "Landuse Category": "Residential areas (one and two-family houses)" }, "geometry": { "type": "Point", "coordinates": [ 8.641291669092947, 47.414443804530904 ] } },
{ "type": "Feature", "properties": { "name": "bus_LV_200-10_1_3_node_125", "Landuse Category": "Residential areas (one and two-family houses)" }, "geometry": { "type": "Point", "coordinates": [ 8.640975531489767, 47.414090318770555 ] } },
{ "type": "Feature", "properties": { "name": "bus_LV_200-10_1_3_node_122", "Landuse Category": "Residential areas (one and two-family houses)" }, "geometry": { "type": "Point", "coordinates": [ 8.641282689324246, 47.414121525857794 ] } },
{ "type": "Feature", "properties": { "name": "bus_LV_200-10_1_3_node_123", "Landuse Category": "Residential areas (one and two-family houses)" }, "geometry": { "type": "Point", "coordinates": [ 8.641378908476369, 47.414131310146963 ] } },
{ "type": "Feature", "properties": { "name": "bus_LV_200-10_1_3_node_126", "Landuse Category": "Residential areas (one and two-family houses)" }, "geometry": { "type": "Point", "coordinates": [ 8.640623044962142, 47.414006363748271 ] } },
{ "type": "Feature", "properties": { "name": "bus_LV_200-10_1_3_node_150", "Landuse Category": "Residential areas (one and two-family houses)" }, "geometry": { "type": "Point", "coordinates": [ 8.640345498566917, 47.413916133565728 ] } },
{ "type": "Feature", "properties": { "name": "bus_LV_200-10_1_3_node_128", "Landuse Category": "Residential areas (one and two-family houses)" }, "geometry": { "type": "Point", "coordinates": [ 8.640876975062778, 47.414708976709889 ] } },
{ "type": "Feature", "properties": { "name": "bus_LV_200-10_1_3_node_129", "Landuse Category": "Residential areas (one and two-family houses)" }, "geometry": { "type": "Point", "coordinates": [ 8.640878191658027, 47.414731822862947 ] } },
{ "type": "Feature", "properties": { "name": "bus_LV_200-10_1_3_node_130", "Landuse Category": "Residential areas (one and two-family houses)" }, "geometry": { "type": "Point", "coordinates": [ 8.640774908475633, 47.414630210147315 ] } },
{ "type": "Feature", "properties": { "name": "bus_LV_200-10_1_3_node_131", "Landuse Category": "Roads" }, "geometry": { "type": "Point", "coordinates": [ 8.640798117817331, 47.414841859439981 ] } },
{ "type": "Feature", "properties": { "name": "bus_LV_200-10_1_3_node_132", "Landuse Category": "Residential areas (one and two-family houses)" }, "geometry": { "type": "Point", "coordinates": [ 8.640618997789559, 47.414654359965418 ] } },
{ "type": "Feature", "properties": { "name": "bus_LV_200-10_1_3_node_133", "Landuse Category": "Residential areas (one and two-family houses)" }, "geometry": { "type": "Point", "coordinates": [ 8.640714708475622, 47.41445781014729 ] } },
{ "type": "Feature", "properties": { "name": "bus_LV_200-10_1_3_node_134", "Landuse Category": "Roads" }, "geometry": { "type": "Point", "coordinates": [ 8.640663671532659, 47.414863873806794 ] } },
{ "type": "Feature", "properties": { "name": "bus_LV_200-10_1_3_node_135", "Landuse Category": "Residential areas (one and two-family houses)" }, "geometry": { "type": "Point", "coordinates": [ 8.640422401314956, 47.414684811485685 ] } },
{ "type": "Feature", "properties": { "name": "bus_LV_200-10_1_3_node_136", "Landuse Category": "Residential areas (one and two-family houses)" }, "geometry": { "type": "Point", "coordinates": [ 8.640180708475127, 47.414411910147422 ] } },
{ "type": "Feature", "properties": { "name": "bus_LV_200-10_1_3_node_137", "Landuse Category": "Residential areas (one and two-family houses)" }, "geometry": { "type": "Point", "coordinates": [ 8.640896619579616, 47.414450221864584 ] } },
{ "type": "Feature", "properties": { "name": "bus_LV_200-10_1_3_node_159", "Landuse Category": "Roads" }, "geometry": { "type": "Point", "coordinates": [ 8.640464292085166, 47.41489652007165 ] } },
{ "type": "Feature", "properties": { "name": "bus_LV_200-10_1_3_node_155", "Landuse Category": "Residential areas (one and two-family houses)" }, "geometry": { "type": "Point", "coordinates": [ 8.640287879785868, 47.414705647786036 ] } },
{ "type": "Feature", "properties": { "name": "bus_LV_200-10_1_3_node_167", "Landuse Category": "Residential areas (one and two-family houses)" }, "geometry": { "type": "Point", "coordinates": [ 8.639975279799945, 47.414600088666369 ] } },
{ "type": "Feature", "properties": { "name": "bus_LV_200-10_1_3_node_168", "Landuse Category": "Residential areas (one and two-family houses)" }, "geometry": { "type": "Point", "coordinates": [ 8.640172279569187, 47.414411290379185 ] } },
{ "type": "Feature", "properties": { "name": "bus_LV_200-10_1_3_node_160", "Landuse Category": "Roads" }, "geometry": { "type": "Point", "coordinates": [ 8.640351679514389, 47.414914959012989 ] } },
{ "type": "Feature", "properties": { "name": "bus_LV_200-10_1_3_node_156", "Landuse Category": "Residential areas (one and two-family houses)" }, "geometry": { "type": "Point", "coordinates": [ 8.640194508475028, 47.41472011014752 ] } },
{ "type": "Feature", "properties": { "name": "bus_LV_200-10_1_3_node_182", "Landuse Category": "Semi-natural grassland, in general" }, "geometry": { "type": "Point", "coordinates": [ 8.639787243295853, 47.414598804320136 ] } },
{ "type": "Feature", "properties": { "name": "bus_LV_200-10_1_3_node_164", "Landuse Category": "Residential areas (one and two-family houses)" }, "geometry": { "type": "Point", "coordinates": [ 8.640006008474959, 47.414385910147445 ] } },
{ "type": "Feature", "properties": { "name": "bus_LV_200-10_1_3_node_140", "Landuse Category": "Arable land, in general" }, "geometry": { "type": "Point", "coordinates": [ 8.639506098962718, 47.415102466878089 ] } },
{ "type": "Feature", "properties": { "name": "bus_LV_200-10_1_3_node_141", "Landuse Category": "Arable land, in general" }, "geometry": { "type": "Point", "coordinates": [ 8.639434330920736, 47.41499573212046 ] } },
{ "type": "Feature", "properties": { "name": "bus_LV_200-10_1_3_node_143", "Landuse Category": "Semi-natural grassland, in general" }, "geometry": { "type": "Point", "coordinates": [ 8.639414159847389, 47.414737061572815 ] } },
{ "type": "Feature", "properties": { "name": "bus_LV_200-10_1_3_node_142", "Landuse Category": "Arable land, in general" }, "geometry": { "type": "Point", "coordinates": [ 8.639757808474377, 47.415476810147901 ] } },
{ "type": "Feature", "properties": { "name": "bus_LV_200-10_1_3_node_144", "Landuse Category": "Roads" }, "geometry": { "type": "Point", "coordinates": [ 8.639977108474529, 47.415699310147907 ] } },
{ "type": "Feature", "properties": { "name": "bus_LV_200-10_1_3_node_146", "Landuse Category": "Semi-natural grassland, in general" }, "geometry": { "type": "Point", "coordinates": [ 8.639422208474338, 47.41459631014768 ] } },
{ "type": "Feature", "properties": { "name": "bus_LV_200-10_1_3_node_147", "Landuse Category": "Roads" }, "geometry": { "type": "Point", "coordinates": [ 8.640139980877038, 47.415698546499215 ] } },
{ "type": "Feature", "properties": { "name": "bus_LV_200-10_1_3_node_148", "Landuse Category": "Roads" }, "geometry": { "type": "Point", "coordinates": [ 8.639981849909775, 47.415222004132723 ] } },
{ "type": "Feature", "properties": { "name": "bus_LV_200-10_1_3_node_166", "Landuse Category": "Semi-natural grassland, in general" }, "geometry": { "type": "Point", "coordinates": [ 8.63959101143892, 47.414597463670681 ] } },
{ "type": "Feature", "properties": { "name": "bus_LV_200-10_1_3_node_186", "Landuse Category": "Residential areas (one and two-family houses)" }, "geometry": { "type": "Point", "coordinates": [ 8.638125757466167, 47.414320631478098 ] } },
{ "type": "Feature", "properties": { "name": "bus_LV_200-10_1_3_node_154", "Landuse Category": "Roads" }, "geometry": { "type": "Point", "coordinates": [ 8.639978385131428, 47.41521559207343 ] } },
{ "type": "Feature", "properties": { "name": "bus_LV_200-10_1_3_node_152", "Landuse Category": "Roads" }, "geometry": { "type": "Point", "coordinates": [ 8.639931708475034, 47.413907310147366 ] } },
{ "type": "Feature", "properties": { "name": "bus_LV_200-10_1_3_node_187", "Landuse Category": "Residential areas (one and two-family houses)" }, "geometry": { "type": "Point", "coordinates": [ 8.637959594218485, 47.414491170323984 ] } },
{ "type": "Feature", "properties": { "name": "bus_LV_200-10_1_3_node_163", "Landuse Category": "Roads" }, "geometry": { "type": "Point", "coordinates": [ 8.639972989159668, 47.415028833562921 ] } },
{ "type": "Feature", "properties": { "name": "bus_LV_200-10_1_3_node_165", "Landuse Category": "Semi-natural grassland, in general" }, "geometry": { "type": "Point", "coordinates": [ 8.639714198862722, 47.413901130088881 ] } },
{ "type": "Feature", "properties": { "name": "bus_LV_200-10_1_3_node_189", "Landuse Category": "Semi-natural grassland, in general" }, "geometry": { "type": "Point", "coordinates": [ 8.639509274592962, 47.413895307239329 ] } },
{ "type": "Feature", "properties": { "name": "bus_LV_200-10_1_3_node_161", "Landuse Category": "Roads" }, "geometry": { "type": "Point", "coordinates": [ 8.640210113954431, 47.414940838109473 ] } },
{ "type": "Feature", "properties": { "name": "bus_LV_200-10_1_3_node_162", "Landuse Category": "Roads" }, "geometry": { "type": "Point", "coordinates": [ 8.640332082940869, 47.414918167701437 ] } },
{ "type": "Feature", "properties": { "name": "bus_LV_200-10_1_3_node_178", "Landuse Category": "Residential areas (one and two-family houses)" }, "geometry": { "type": "Point", "coordinates": [ 8.64234688574645, 47.414430142817977 ] } },
{ "type": "Feature", "properties": { "name": "bus_LV_200-2_0_6_node_0", "Landuse Category": "Roads" }, "geometry": { "type": "Point", "coordinates": [ 8.640014467788014, 47.410185937049285 ] } },
{ "type": "Feature", "properties": { "name": "bus_LV_200-2_0_6_node_1", "Landuse Category": "Residential areas (blocks of flats)" }, "geometry": { "type": "Point", "coordinates": [ 8.639814096147854, 47.410363503182651 ] } },
{ "type": "Feature", "properties": { "name": "bus_LV_200-2_0_6_node_3", "Landuse Category": "Residential areas (blocks of flats)" }, "geometry": { "type": "Point", "coordinates": [ 8.639742186065364, 47.410431302778377 ] } },
{ "type": "Feature", "properties": { "name": "bus_LV_200-2_0_6_node_2", "Landuse Category": "Roads" }, "geometry": { "type": "Point", "coordinates": [ 8.641016408477538, 47.409298010145591 ] } },
{ "type": "Feature", "properties": { "name": "bus_LV_200-2_0_6_node_4", "Landuse Category": "Industrial and commercial areas < 1 ha" }, "geometry": { "type": "Point", "coordinates": [ 8.641057008477576, 47.409309910145538 ] } },
{ "type": "Feature", "properties": { "name": "bus_LV_200-2_0_6_node_7", "Landuse Category": "Industrial and commercial areas < 1 ha" }, "geometry": { "type": "Point", "coordinates": [ 8.641277808477852, 47.409096210145407 ] } },
{ "type": "Feature", "properties": { "name": "bus_LV_200-2_0_6_node_33", "Landuse Category": "Arable land, in general" }, "geometry": { "type": "Point", "coordinates": [ 8.639676008475865, 47.410520510146362 ] } },
{ "type": "Feature", "properties": { "name": "bus_LV_200-2_0_6_node_64", "Landuse Category": "Industrial and commercial areas < 1 ha" }, "geometry": { "type": "Point", "coordinates": [ 8.641268388482526, 47.409371949783491 ] } },
{ "type": "Feature", "properties": { "name": "bus_LV_200-2_0_6_node_5", "Landuse Category": "Roads" }, "geometry": { "type": "Point", "coordinates": [ 8.64041400847708, 47.408897310145598 ] } },
{ "type": "Feature", "properties": { "name": "bus_LV_200-2_0_6_node_15", "Landuse Category": "Roads" }, "geometry": { "type": "Point", "coordinates": [ 8.639945708476674, 47.408760710145728 ] } },
{ "type": "Feature", "properties": { "name": "bus_LV_200-2_0_6_node_13", "Landuse Category": "Roads" }, "geometry": { "type": "Point", "coordinates": [ 8.639930581623465, 47.409367765129147 ] } },
{ "type": "Feature", "properties": { "name": "bus_LV_200-2_0_6_node_6", "Landuse Category": "Residential areas (blocks of flats)" }, "geometry": { "type": "Point", "coordinates": [ 8.643523008479834, 47.409663310144914 ] } },
{ "type": "Feature", "properties": { "name": "bus_LV_200-2_0_6_node_77", "Landuse Category": "Residential areas (blocks of flats)" }, "geometry": { "type": "Point", "coordinates": [ 8.643663108479945, 47.409737310144948 ] } },
{ "type": "Feature", "properties": { "name": "bus_LV_200-2_0_6_node_28", "Landuse Category": "Residential areas (blocks of flats)" }, "geometry": { "type": "Point", "coordinates": [ 8.643605408479955, 47.409534310144885 ] } },
{ "type": "Feature", "properties": { "name": "bus_LV_200-2_0_6_node_11", "Landuse Category": "Residential areas (blocks of flats)" }, "geometry": { "type": "Point", "coordinates": [ 8.643181808479481, 47.409722110145033 ] } },
{ "type": "Feature", "properties": { "name": "bus_LV_200-2_0_6_node_9", "Landuse Category": "Residential areas (blocks of flats)" }, "geometry": { "type": "Point", "coordinates": [ 8.643451008479706, 47.409853210145059 ] } },
{ "type": "Feature", "properties": { "name": "bus_LV_200-2_0_6_node_75", "Landuse Category": "Public buildings and surroundings" }, "geometry": { "type": "Point", "coordinates": [ 8.64373382438075, 47.409472821033511 ] } },
{ "type": "Feature", "properties": { "name": "bus_LV_200-2_0_6_node_31", "Landuse Category": "Industrial and commercial areas < 1 ha" }, "geometry": { "type": "Point", "coordinates": [ 8.641414708477974, 47.409135810145393 ] } },
{ "type": "Feature", "properties": { "name": "bus_LV_200-2_0_6_node_93", "Landuse Category": "Industrial and commercial areas < 1 ha" }, "geometry": { "type": "Point", "coordinates": [ 8.641128876268187, 47.409054497230521 ] } },
{ "type": "Feature", "properties": { "name": "bus_LV_200-2_0_6_node_36", "Landuse Category": "Public buildings and surroundings" }, "geometry": { "type": "Point", "coordinates": [ 8.643714836148565, 47.409980119500005 ] } },
{ "type": "Feature", "properties": { "name": "bus_LV_200-2_0_6_node_10", "Landuse Category": "Residential areas (blocks of flats)" }, "geometry": { "type": "Point", "coordinates": [ 8.643079908479336, 47.409885710145126 ] } },
{ "type": "Feature", "properties": { "name": "bus_LV_200-2_0_6_node_96", "Landuse Category": "Residential areas (blocks of flats)" }, "geometry": { "type": "Point", "coordinates": [ 8.642829508479029, 47.410111510145278 ] } },
{ "type": "Feature", "properties": { "name": "bus_LV_200-2_0_6_node_63", "Landuse Category": "Residential areas (blocks of flats)" }, "geometry": { "type": "Point", "coordinates": [ 8.642787147151317, 47.409562339139285 ] } },
{ "type": "Feature", "properties": { "name": "bus_LV_200-2_0_6_node_34", "Landuse Category": "Residential areas (blocks of flats)" }, "geometry": { "type": "Point", "coordinates": [ 8.640085508476217, 47.410662310146293 ] } },
{ "type": "Feature", "properties": { "name": "bus_LV_200-2_0_6_node_35", "Landuse Category": "Arable land, in general" }, "geometry": { "type": "Point", "coordinates": [ 8.639512208475665, 47.410633510146454 ] } },
{ "type": "Feature", "properties": { "name": "bus_LV_200-2_0_6_node_66", "Landuse Category": "Residential areas (blocks of flats)" }, "geometry": { "type": "Point", "coordinates": [ 8.641052708477389, 47.409888810145752 ] } },
{ "type": "Feature", "properties": { "name": "bus_LV_200-2_0_6_node_85", "Landuse Category": "Roads" }, "geometry": { "type": "Point", "coordinates": [ 8.640897221586357, 47.410038872135935 ] } },
{ "type": "Feature", "properties": { "name": "bus_LV_200-2_0_6_node_68", "Landuse Category": "Residential areas (blocks of flats)" }, "geometry": { "type": "Point", "coordinates": [ 8.641210716268484, 47.409728748056423 ] } },
{ "type": "Feature", "properties": { "name": "bus_LV_200-2_0_6_node_67", "Landuse Category": "Residential areas (blocks of flats)" }, "geometry": { "type": "Point", "coordinates": [ 8.640521408476733, 47.410354210146039 ] } },
{ "type": "Feature", "properties": { "name": "bus_LV_200-2_0_6_node_79", "Landuse Category": "Roads" }, "geometry": { "type": "Point", "coordinates": [ 8.640867708477147, 47.410062510145863 ] } },
{ "type": "Feature", "properties": { "name": "bus_LV_200-2_0_6_node_78", "Landuse Category": "Residential areas (blocks of flats)" }, "geometry": { "type": "Point", "coordinates": [ 8.640337463481467, 47.410493903696903 ] } },
{ "type": "Feature", "properties": { "name": "bus_LV_200-2_0_6_node_65", "Landuse Category": "Residential areas (blocks of flats)" }, "geometry": { "type": "Point", "coordinates": [ 8.641229608477612, 47.409709610145612 ] } },
{ "type": "Feature", "properties": { "name": "bus_LV_200-2_0_6_node_92", "Landuse Category": "Roads" }, "geometry": { "type": "Point", "coordinates": [ 8.640073024976324, 47.40875413705249 ] } },
{ "type": "Feature", "properties": { "name": "bus_LV_200-2_0_6_node_12", "Landuse Category": "Unexploited urban areas" }, "geometry": { "type": "Point", "coordinates": [ 8.63966287008784, 47.409611911377198 ] } },
{ "type": "Feature", "properties": { "name": "bus_LV_200-2_0_6_node_38", "Landuse Category": "Public buildings and surroundings" }, "geometry": { "type": "Point", "coordinates": [ 8.644023297244811, 47.409822725401085 ] } },
{ "type": "Feature", "properties": { "name": "bus_LV_200-2_0_6_node_26", "Landuse Category": "Semi-natural grassland, in general" }, "geometry": { "type": "Point", "coordinates": [ 8.642514108478622, 47.410437410145455 ] } },
{ "type": "Feature", "properties": { "name": "bus_LV_200-2_0_6_node_23", "Landuse Category": "Residential areas (blocks of flats)" }, "geometry": { "type": "Point", "coordinates": [ 8.642064608478057, 47.410836910145733 ] } },
{ "type": "Feature", "properties": { "name": "bus_LV_200-2_0_6_node_72", "Landuse Category": "Roads" }, "geometry": { "type": "Point", "coordinates": [ 8.643851808480255, 47.409327210144724 ] } },
{ "type": "Feature", "properties": { "name": "bus_LV_200-2_0_6_node_94", "Landuse Category": "Residential areas (blocks of flats)" }, "geometry": { "type": "Point", "coordinates": [ 8.64330435333078, 47.409417507656187 ] } },
{ "type": "Feature", "properties": { "name": "bus_LV_200-2_0_6_node_25", "Landuse Category": "Residential areas (blocks of flats)" }, "geometry": { "type": "Point", "coordinates": [ 8.641730547518888, 47.411139325155609 ] } },
{ "type": "Feature", "properties": { "name": "bus_LV_200-2_0_6_node_21", "Landuse Category": "Residential areas (blocks of flats)" }, "geometry": { "type": "Point", "coordinates": [ 8.642010662565152, 47.410653133607241 ] } },
{ "type": "Feature", "properties": { "name": "bus_LV_200-2_0_6_node_32", "Landuse Category": "Industrial and commercial areas < 1 ha" }, "geometry": { "type": "Point", "coordinates": [ 8.64213123604522, 47.409341789248323 ] } },
{ "type": "Feature", "properties": { "name": "bus_LV_200-2_0_6_node_29", "Landuse Category": "Industrial and commercial areas < 1 ha" }, "geometry": { "type": "Point", "coordinates": [ 8.641587393307042, 47.408842787447156 ] } },
{ "type": "Feature", "properties": { "name": "bus_LV_200-2_0_6_node_58", "Landuse Category": "Horticulture" }, "geometry": { "type": "Point", "coordinates": [ 8.642530408479281, 47.408414810144862 ] } },
{ "type": "Feature", "properties": { "name": "bus_LV_200-2_0_6_node_80", "Landuse Category": "Residential areas (one and two-family houses)" }, "geometry": { "type": "Point", "coordinates": [ 8.642728540720613, 47.408496234395521 ] } },
{ "type": "Feature", "properties": { "name": "bus_LV_200-2_0_6_node_57", "Landuse Category": "Industrial and commercial areas < 1 ha" }, "geometry": { "type": "Point", "coordinates": [ 8.642265598618533, 47.408717137942709 ] } },
{ "type": "Feature", "properties": { "name": "bus_LV_200-2_0_6_node_91", "Landuse Category": "Roads" }, "geometry": { "type": "Point", "coordinates": [ 8.640869286653446, 47.408981790786605 ] } },
{ "type": "Feature", "properties": { "name": "bus_LV_200-2_0_6_node_87", "Landuse Category": "Residential areas (blocks of flats)" }, "geometry": { "type": "Point", "coordinates": [ 8.641815029052063, 47.409921966603306 ] } },
{ "type": "Feature", "properties": { "name": "bus_LV_200-2_0_6_node_69", "Landuse Category": "Residential areas (blocks of flats)" }, "geometry": { "type": "Point", "coordinates": [ 8.641619408477885, 47.41005231014563 ] } },
{ "type": "Feature", "properties": { "name": "bus_LV_200-2_0_6_node_37", "Landuse Category": "Public buildings and surroundings" }, "geometry": { "type": "Point", "coordinates": [ 8.643928708480086, 47.41009281014496 ] } },
{ "type": "Feature", "properties": { "name": "bus_LV_200-2_0_6_node_62", "Landuse Category": "Residential areas (blocks of flats)" }, "geometry": { "type": "Point", "coordinates": [ 8.642448921408581, 47.409439500385652 ] } },
{ "type": "Feature", "properties": { "name": "bus_LV_200-2_0_6_node_14", "Landuse Category": "Unexploited urban areas" }, "geometry": { "type": "Point", "coordinates": [ 8.639442608475886, 47.409769710146179 ] } },
{ "type": "Feature", "properties": { "name": "bus_LV_200-2_0_6_node_90", "Landuse Category": "Roads" }, "geometry": { "type": "Point", "coordinates": [ 8.640341498203174, 47.408830962252765 ] } },
{ "type": "Feature", "properties": { "name": "bus_LV_200-2_0_6_node_16", "Landuse Category": "Unexploited urban areas" }, "geometry": { "type": "Point", "coordinates": [ 8.63859071007202, 47.410325345109143 ] } },
{ "type": "Feature", "properties": { "name": "bus_LV_200-2_0_6_node_17", "Landuse Category": "Unexploited urban areas" }, "geometry": { "type": "Point", "coordinates": [ 8.638554867783366, 47.41031335860535 ] } },
{ "type": "Feature", "properties": { "name": "bus_LV_200-2_0_6_node_18", "Landuse Category": "Arable land, in general" }, "geometry": { "type": "Point", "coordinates": [ 8.638960331909011, 47.410448954372882 ] } },
{ "type": "Feature", "properties": { "name": "bus_LV_200-2_0_6_node_20", "Landuse Category": "Arable land, in general" }, "geometry": { "type": "Point", "coordinates": [ 8.63915839660646, 47.41051519062033 ] } },
{ "type": "Feature", "properties": { "name": "bus_LV_200-2_0_6_node_55", "Landuse Category": "Arable land, in general" }, "geometry": { "type": "Point", "coordinates": [ 8.63917249682491, 47.410519905957017 ] } },
{ "type": "Feature", "properties": { "name": "bus_LV_200-2_0_6_node_22", "Landuse Category": "Residential areas (blocks of flats)" }, "geometry": { "type": "Point", "coordinates": [ 8.642023653737036, 47.410641339287999 ] } },
{ "type": "Feature", "properties": { "name": "bus_LV_200-2_0_6_node_24", "Landuse Category": "Residential areas (blocks of flats)" }, "geometry": { "type": "Point", "coordinates": [ 8.642312224327858, 47.410379352436124 ] } },
{ "type": "Feature", "properties": { "name": "bus_LV_200-2_0_6_node_42", "Landuse Category": "Residential areas (blocks of flats)" }, "geometry": { "type": "Point", "coordinates": [ 8.640661708476699, 47.410887310146194 ] } },
{ "type": "Feature", "properties": { "name": "bus_LV_200-2_0_6_node_40", "Landuse Category": "Residential areas (blocks of flats)" }, "geometry": { "type": "Point", "coordinates": [ 8.640885807692946, 47.410728617674096 ] } },
{ "type": "Feature", "properties": { "name": "bus_LV_200-2_0_6_node_74", "Landuse Category": "Roads" }, "geometry": { "type": "Point", "coordinates": [ 8.644006409293798, 47.409185596723219 ] } },
{ "type": "Feature", "properties": { "name": "bus_LV_200-2_0_6_node_95", "Landuse Category": "Residential areas (one and two-family houses)" }, "geometry": { "type": "Point", "coordinates": [ 8.64326270847968, 47.409368010144902 ] } },
{ "type": "Feature", "properties": { "name": "bus_LV_200-2_0_6_node_30", "Landuse Category": "Arable land, in general" }, "geometry": { "type": "Point", "coordinates": [ 8.64209640980437, 47.40840200075413 ] } },
{ "type": "Feature", "properties": { "name": "bus_LV_200-2_0_6_node_39", "Landuse Category": "Public buildings and surroundings" }, "geometry": { "type": "Point", "coordinates": [ 8.644210908480453, 47.409842210144845 ] } },
{ "type": "Feature", "properties": { "name": "bus_LV_200-2_0_6_node_84", "Landuse Category": "Public buildings and surroundings" }, "geometry": { "type": "Point", "coordinates": [ 8.644366048466916, 47.409712511291346 ] } },
{ "type": "Feature", "properties": { "name": "bus_LV_200-2_0_6_node_41", "Landuse Category": "Residential areas (blocks of flats)" }, "geometry": { "type": "Point", "coordinates": [ 8.640913930022652, 47.41069002459227 ] } },
{ "type": "Feature", "properties": { "name": "bus_LV_200-2_0_6_node_43", "Landuse Category": "Residential areas (blocks of flats)" }, "geometry": { "type": "Point", "coordinates": [ 8.641166095353091, 47.41045964127175 ] } },
{ "type": "Feature", "properties": { "name": "bus_LV_200-2_0_6_node_86", "Landuse Category": "Residential areas (blocks of flats)" }, "geometry": { "type": "Point", "coordinates": [ 8.641521109081673, 47.410131669085438 ] } },
{ "type": "Feature", "properties": { "name": "bus_LV_200-2_0_6_node_44", "Landuse Category": "Arable land, in general" }, "geometry": { "type": "Point", "coordinates": [ 8.644221858195909, 47.408276458601861 ] } },
{ "type": "Feature", "properties": { "name": "bus_LV_200-2_0_6_node_45", "Landuse Category": "Arable land, in general" }, "geometry": { "type": "Point", "coordinates": [ 8.644216225149099, 47.408284156964818 ] } },
{ "type": "Feature", "properties": { "name": "bus_LV_200-2_0_6_node_46", "Landuse Category": "Arable land, in general" }, "geometry": { "type": "Point", "coordinates": [ 8.644334908481101, 47.408123110144203 ] } },
{ "type": "Feature", "properties": { "name": "bus_LV_200-2_0_6_node_48", "Landuse Category": "Arable land, in general" }, "geometry": { "type": "Point", "coordinates": [ 8.643971208480787, 47.40800881014431 ] } },
{ "type": "Feature", "properties": { "name": "bus_LV_200-2_0_6_node_51", "Landuse Category": "Arable land, in general" }, "geometry": { "type": "Point", "coordinates": [ 8.643828949637394, 47.408161566807735 ] } },
{ "type": "Feature", "properties": { "name": "bus_LV_200-2_0_6_node_49", "Landuse Category": "Roads" }, "geometry": { "type": "Point", "coordinates": [ 8.644428208481036, 47.408620510144296 ] } },
{ "type": "Feature", "properties": { "name": "bus_LV_200-2_0_6_node_97", "Landuse Category": "Roads" }, "geometry": { "type": "Point", "coordinates": [ 8.644343908480971, 47.408593210144417 ] } },
{ "type": "Feature", "properties": { "name": "bus_LV_200-2_0_6_node_61", "Landuse Category": "Roads" }, "geometry": { "type": "Point", "coordinates": [ 8.644301808480826, 47.408915010144497 ] } },
{ "type": "Feature", "properties": { "name": "bus_LV_200-2_0_6_node_50", "Landuse Category": "Horticulture" }, "geometry": { "type": "Point", "coordinates": [ 8.643595162090193, 47.408342070627491 ] } },
{ "type": "Feature", "properties": { "name": "bus_LV_200-2_0_6_node_88", "Landuse Category": "Roads" }, "geometry": { "type": "Point", "coordinates": [ 8.644129112004363, 47.409073201085292 ] } },
{ "type": "Feature", "properties": { "name": "bus_LV_200-2_0_6_node_60", "Landuse Category": "Roads" }, "geometry": { "type": "Point", "coordinates": [ 8.644085334713292, 47.408825213836188 ] } },
{ "type": "Feature", "properties": { "name": "bus_LV_200-2_0_6_node_52", "Landuse Category": "Residential areas (one and two-family houses)" }, "geometry": { "type": "Point", "coordinates": [ 8.643482108480168, 47.408496610144581 ] } },
{ "type": "Feature", "properties": { "name": "bus_LV_200-2_0_6_node_53", "Landuse Category": "Roads" }, "geometry": { "type": "Point", "coordinates": [ 8.64367359988719, 47.40858537160257 ] } },
{ "type": "Feature", "properties": { "name": "bus_LV_200-2_0_6_node_54", "Landuse Category": "Residential areas (one and two-family houses)" }, "geometry": { "type": "Point", "coordinates": [ 8.643405408480081, 47.408536710144631 ] } },
{ "type": "Feature", "properties": { "name": "bus_LV_200-2_0_6_node_59", "Landuse Category": "Roads" }, "geometry": { "type": "Point", "coordinates": [ 8.643684889310276, 47.408593969927416 ] } },
{ "type": "Feature", "properties": { "name": "bus_LV_200-2_0_6_node_81", "Landuse Category": "Residential areas (one and two-family houses)" }, "geometry": { "type": "Point", "coordinates": [ 8.643130908479771, 47.40865451014475 ] } },
{ "type": "Feature", "properties": { "name": "bus_LV_200-2_0_6_node_82", "Landuse Category": "Residential areas (one and two-family houses)" }, "geometry": { "type": "Point", "coordinates": [ 8.643024596042904, 47.408822300630618 ] } },
{ "type": "Feature", "properties": { "name": "bus_LV_200-2_0_6_node_56", "Landuse Category": "Industrial and commercial areas < 1 ha" }, "geometry": { "type": "Point", "coordinates": [ 8.642249223895213, 47.408735832483146 ] } },
{ "type": "Feature", "properties": { "name": "bus_LV_200-2_0_6_node_70", "Landuse Category": "Residential areas (one and two-family houses)" }, "geometry": { "type": "Point", "coordinates": [ 8.64328828316436, 47.408945297608049 ] } },
{ "type": "Feature", "properties": { "name": "bus_LV_200-2_0_6_node_71", "Landuse Category": "Residential areas (one and two-family houses)" }, "geometry": { "type": "Point", "coordinates": [ 8.643250250110791, 47.408929523045664 ] } },
{ "type": "Feature", "properties": { "name": "bus_LV_200-2_0_6_node_73", "Landuse Category": "Residential areas (one and two-family houses)" }, "geometry": { "type": "Point", "coordinates": [ 8.643016108479623, 47.408832410144839 ] } },
{ "type": "Feature", "properties": { "name": "bus_LV_200-2_0_6_node_83", "Landuse Category": "Residential areas (one and two-family houses)" }, "geometry": { "type": "Point", "coordinates": [ 8.642826108479365, 47.409051710144965 ] } },
{ "type": "Feature", "properties": { "name": "bus_LV_200-2_0_6_node_89", "Landuse Category": "Roads" }, "geometry": { "type": "Point", "coordinates": [ 8.64058749446998, 47.408901354793976 ] } },
{ "type": "Feature", "properties": { "name": "bus_LV_200-9_0_4_node_0", "Landuse Category": "Agricultural buildings and surroundings" }, "geometry": { "type": "Point", "coordinates": [ 8.645276038709069, 47.411770048470899 ] } },
{ "type": "Feature", "properties": { "name": "bus_LV_200-9_0_4_node_1", "Landuse Category": "Agricultural buildings and surroundings" }, "geometry": { "type": "Point", "coordinates": [ 8.64546840848098, 47.411961110145093 ] } },
{ "type": "Feature", "properties": { "name": "bus_LV_200-9_0_4_node_2", "Landuse Category": "Agricultural buildings and surroundings" }, "geometry": { "type": "Point", "coordinates": [ 8.645253108480899, 47.411573310145066 ] } },
{ "type": "Feature", "properties": { "name": "bus_LV_200-9_0_4_node_3", "Landuse Category": "Agricultural buildings and surroundings" }, "geometry": { "type": "Point", "coordinates": [ 8.646049008481514, 47.412038710144977 ] } },
{ "type": "Feature", "properties": { "name": "bus_LV_200-9_0_4_node_4", "Landuse Category": "Unspecified buildings and surroundings" }, "geometry": { "type": "Point", "coordinates": [ 8.645021648368857, 47.411585667402896 ] } },
{ "type": "Feature", "properties": { "name": "bus_LV_200-9_0_4_node_5", "Landuse Category": "Agricultural buildings and surroundings" }, "geometry": { "type": "Point", "coordinates": [ 8.645329508480984, 47.411563010145031 ] } },
{ "type": "Feature", "properties": { "name": "bus_LV_200-9_0_4_node_44", "Landuse Category": "Unspecified buildings and surroundings" }, "geometry": { "type": "Point", "coordinates": [ 8.645654608481019, 47.412412410145201 ] } },
{ "type": "Feature", "properties": { "name": "bus_LV_200-9_0_4_node_42", "Landuse Category": "Unspecified buildings and surroundings" }, "geometry": { "type": "Point", "coordinates": [ 8.644923175480946, 47.411542985645845 ] } },
{ "type": "Feature", "properties": { "name": "bus_LV_200-9_0_4_node_115", "Landuse Category": "Unspecified buildings and surroundings" }, "geometry": { "type": "Point", "coordinates": [ 8.645580141507397, 47.412497781657997 ] } },
{ "type": "Feature", "properties": { "name": "bus_LV_200-9_0_4_node_41", "Landuse Category": "Agricultural buildings and surroundings" }, "geometry": { "type": "Point", "coordinates": [ 8.64600597972799, 47.411358053263143 ] } },
{ "type": "Feature", "properties": { "name": "bus_LV_200-9_0_4_node_39", "Landuse Category": "Roads" }, "geometry": { "type": "Point", "coordinates": [ 8.645736652353968, 47.411082724735664 ] } },
{ "type": "Feature", "properties": { "name": "bus_LV_200-9_0_4_node_43", "Landuse Category": "Unspecified buildings and surroundings" }, "geometry": { "type": "Point", "coordinates": [ 8.64476680848046, 47.411475210145191 ] } },
{ "type": "Feature", "properties": { "name": "bus_LV_200-9_0_4_node_6", "Landuse Category": "Roads" }, "geometry": { "type": "Point", "coordinates": [ 8.645818881672392, 47.409730763591291 ] } },
{ "type": "Feature", "properties": { "name": "bus_LV_200-9_0_4_node_7", "Landuse Category": "Roads" }, "geometry": { "type": "Point", "coordinates": [ 8.645933849806317, 47.40959517485846 ] } },
{ "type": "Feature", "properties": { "name": "bus_LV_200-9_0_4_node_8", "Landuse Category": "Roads" }, "geometry": { "type": "Point", "coordinates": [ 8.645732608481914, 47.409832510144348 ] } },
{ "type": "Feature", "properties": { "name": "bus_LV_200-9_0_4_node_9", "Landuse Category": "Roads" }, "geometry": { "type": "Point", "coordinates": [ 8.645979344948715, 47.409541519517276 ] } },
{ "type": "Feature", "properties": { "name": "bus_LV_200-9_0_4_node_10", "Landuse Category": "Roads" }, "geometry": { "type": "Point", "coordinates": [ 8.645537796691436, 47.409733654482174 ] } },
{ "type": "Feature", "properties": { "name": "bus_LV_200-9_0_4_node_11", "Landuse Category": "Roads" }, "geometry": { "type": "Point", "coordinates": [ 8.645699257038736, 47.410045525190291 ] } },
{ "type": "Feature", "properties": { "name": "bus_LV_200-9_0_4_node_110", "Landuse Category": "Unspecified buildings and surroundings" }, "geometry": { "type": "Point", "coordinates": [ 8.646240508482588, 47.409233510144013 ] } },
{ "type": "Feature", "properties": { "name": "bus_LV_200-9_0_4_node_34", "Landuse Category": "Roads" }, "geometry": { "type": "Point", "coordinates": [ 8.645209208481475, 47.40959791014442 ] } },
{ "type": "Feature", "properties": { "name": "bus_LV_200-9_0_4_node_16", "Landuse Category": "Roads" }, "geometry": { "type": "Point", "coordinates": [ 8.645865794497375, 47.410243939913897 ] } },
{ "type": "Feature", "properties": { "name": "bus_LV_200-9_0_4_node_48", "Landuse Category": "Unspecified buildings and surroundings" }, "geometry": { "type": "Point", "coordinates": [ 8.645757208482191, 47.409004610144088 ] } },
{ "type": "Feature", "properties": { "name": "bus_LV_200-9_0_4_node_35", "Landuse Category": "Roads" }, "geometry": { "type": "Point", "coordinates": [ 8.645030975474775, 47.409716712777708 ] } },
{ "type": "Feature", "properties": { "name": "bus_LV_200-9_0_4_node_36", "Landuse Category": "Roads" }, "geometry": { "type": "Point", "coordinates": [ 8.645095452709342, 47.409546928091927 ] } },
{ "type": "Feature", "properties": { "name": "bus_LV_200-9_0_4_node_14", "Landuse Category": "Roads" }, "geometry": { "type": "Point", "coordinates": [ 8.645872708481853, 47.410421010144496 ] } },
{ "type": "Feature", "properties": { "name": "bus_LV_200-9_0_4_node_12", "Landuse Category": "Roads" }, "geometry": { "type": "Point", "coordinates": [ 8.645617890396226, 47.410348112154644 ] } },
{ "type": "Feature", "properties": { "name": "bus_LV_200-9_0_4_node_13", "Landuse Category": "Roads" }, "geometry": { "type": "Point", "coordinates": [ 8.645585608481611, 47.410332610144572 ] } },
{ "type": "Feature", "properties": { "name": "bus_LV_200-9_0_4_node_15", "Landuse Category": "Roads" }, "geometry": { "type": "Point", "coordinates": [ 8.645453708481497, 47.410291310144601 ] } },
{ "type": "Feature", "properties": { "name": "bus_LV_200-9_0_4_node_17", "Landuse Category": "Roads" }, "geometry": { "type": "Point", "coordinates": [ 8.646053800001621, 47.41052286408113 ] } },
{ "type": "Feature", "properties": { "name": "bus_LV_200-9_0_4_node_18", "Landuse Category": "Roads" }, "geometry": { "type": "Point", "coordinates": [ 8.645670526201636, 47.410659076577133 ] } },
{ "type": "Feature", "properties": { "name": "bus_LV_200-9_0_4_node_19", "Landuse Category": "Roads" }, "geometry": { "type": "Point", "coordinates": [ 8.646309751464058, 47.41040257542808 ] } },
{ "type": "Feature", "properties": { "name": "bus_LV_200-9_0_4_node_50", "Landuse Category": "Roads" }, "geometry": { "type": "Point", "coordinates": [ 8.645424107321116, 47.410274722262187 ] } },
{ "type": "Feature", "properties": { "name": "bus_LV_200-9_0_4_node_103", "Landuse Category": "Roads" }, "geometry": { "type": "Point", "coordinates": [ 8.646214629836269, 47.410619938853372 ] } },
{ "type": "Feature", "properties": { "name": "bus_LV_200-9_0_4_node_108", "Landuse Category": "Roads" }, "geometry": { "type": "Point", "coordinates": [ 8.646314936090146, 47.410402055226363 ] } },
{ "type": "Feature", "properties": { "name": "bus_LV_200-9_0_4_node_49", "Landuse Category": "Roads" }, "geometry": { "type": "Point", "coordinates": [ 8.645351508284019, 47.410240838800874 ] } },
{ "type": "Feature", "properties": { "name": "bus_LV_200-9_0_4_node_104", "Landuse Category": "Roads" }, "geometry": { "type": "Point", "coordinates": [ 8.646224531541748, 47.410625915373558 ] } },
{ "type": "Feature", "properties": { "name": "bus_LV_200-9_0_4_node_40", "Landuse Category": "Roads" }, "geometry": { "type": "Point", "coordinates": [ 8.645424208481286, 47.41089221014478 ] } },
{ "type": "Feature", "properties": { "name": "bus_LV_200-9_0_4_node_97", "Landuse Category": "Roads" }, "geometry": { "type": "Point", "coordinates": [ 8.645264008481107, 47.410952110144855 ] } },
{ "type": "Feature", "properties": { "name": "bus_LV_200-9_0_4_node_38", "Landuse Category": "Roads" }, "geometry": { "type": "Point", "coordinates": [ 8.64564800848146, 47.41100231014476 ] } },
{ "type": "Feature", "properties": { "name": "bus_LV_200-9_0_4_node_109", "Landuse Category": "Residential areas (one and two-family houses)" }, "geometry": { "type": "Point", "coordinates": [ 8.646532811258977, 47.41035130906122 ] } },
{ "type": "Feature", "properties": { "name": "bus_LV_200-9_0_4_node_20", "Landuse Category": "Residential areas (blocks of flats)" }, "geometry": { "type": "Point", "coordinates": [ 8.644199603177968, 47.412752677513581 ] } },
{ "type": "Feature", "properties": { "name": "bus_LV_200-9_0_4_node_21", "Landuse Category": "Residential areas (blocks of flats)" }, "geometry": { "type": "Point", "coordinates": [ 8.644260610829832, 47.412603804822837 ] } },
{ "type": "Feature", "properties": { "name": "bus_LV_200-9_0_4_node_23", "Landuse Category": "Residential areas (blocks of flats)" }, "geometry": { "type": "Point", "coordinates": [ 8.644265908479674, 47.412459410145601 ] } },
{ "type": "Feature", "properties": { "name": "bus_LV_200-9_0_4_node_26", "Landuse Category": "Residential areas (blocks of flats)" }, "geometry": { "type": "Point", "coordinates": [ 8.643996891161251, 47.412459972984017 ] } },
{ "type": "Feature", "properties": { "name": "bus_LV_200-9_0_4_node_53", "Landuse Category": "Residential areas (blocks of flats)" }, "geometry": { "type": "Point", "coordinates": [ 8.644368328005696, 47.412321265003349 ] } },
{ "type": "Feature", "properties": { "name": "bus_LV_200-9_0_4_node_25", "Landuse Category": "Farm pastures, in general" }, "geometry": { "type": "Point", "coordinates": [ 8.643481545007315, 47.412420194909409 ] } },
{ "type": "Feature", "properties": { "name": "bus_LV_200-9_0_4_node_54", "Landuse Category": "Residential areas (blocks of flats)" }, "geometry": { "type": "Point", "coordinates": [ 8.644381773049133, 47.41229012905891 ] } },
{ "type": "Feature", "properties": { "name": "bus_LV_200-9_0_4_node_79", "Landuse Category": "Agricultural buildings and surroundings" }, "geometry": { "type": "Point", "coordinates": [ 8.642972915037261, 47.411906932238765 ] } },
{ "type": "Feature", "properties": { "name": "bus_LV_200-9_0_4_node_77", "Landuse Category": "Agricultural buildings and surroundings" }, "geometry": { "type": "Point", "coordinates": [ 8.643387873811502, 47.411787735753379 ] } },
{ "type": "Feature", "properties": { "name": "bus_LV_200-9_0_4_node_29", "Landuse Category": "Construction sites" }, "geometry": { "type": "Point", "coordinates": [ 8.644621677131887, 47.410893454454474 ] } },
{ "type": "Feature", "properties": { "name": "bus_LV_200-9_0_4_node_30", "Landuse Category": "Construction sites" }, "geometry": { "type": "Point", "coordinates": [ 8.644581208480467, 47.410900210145016 ] } },
{ "type": "Feature", "properties": { "name": "bus_LV_200-9_0_4_node_31", "Landuse Category": "Construction sites" }, "geometry": { "type": "Point", "coordinates": [ 8.644808313187639, 47.410875071858719 ] } },
{ "type": "Feature", "properties": { "name": "bus_LV_200-9_0_4_node_32", "Landuse Category": "Construction sites" }, "geometry": { "type": "Point", "coordinates": [ 8.64436206307604, 47.410977494300397 ] } },
{ "type": "Feature", "properties": { "name": "bus_LV_200-9_0_4_node_33", "Landuse Category": "Construction sites" }, "geometry": { "type": "Point", "coordinates": [ 8.644979928475014, 47.410856225306269 ] } },
{ "type": "Feature", "properties": { "name": "bus_LV_200-9_0_4_node_60", "Landuse Category": "Construction sites" }, "geometry": { "type": "Point", "coordinates": [ 8.644326032401453, 47.410991049998934 ] } },
{ "type": "Feature", "properties": { "name": "bus_LV_200-9_0_4_node_86", "Landuse Category": "Roads" }, "geometry": { "type": "Point", "coordinates": [ 8.645055408480939, 47.410845210144885 ] } },
{ "type": "Feature", "properties": { "name": "bus_LV_200-9_0_4_node_91", "Landuse Category": "Construction sites" }, "geometry": { "type": "Point", "coordinates": [ 8.644141408479989, 47.411060510145212 ] } },
{ "type": "Feature", "properties": { "name": "bus_LV_200-9_0_4_node_87", "Landuse Category": "Roads" }, "geometry": { "type": "Point", "coordinates": [ 8.645192283299741, 47.41091535365959 ] } },
{ "type": "Feature", "properties": { "name": "bus_LV_200-9_0_4_node_85", "Landuse Category": "Construction sites" }, "geometry": { "type": "Point", "coordinates": [ 8.645036647870119, 47.410828727134884 ] } },
{ "type": "Feature", "properties": { "name": "bus_LV_200-9_0_4_node_56", "Landuse Category": "Public buildings and surroundings" }, "geometry": { "type": "Point", "coordinates": [ 8.645000822550038, 47.409736811370266 ] } },
{ "type": "Feature", "properties": { "name": "bus_LV_200-9_0_4_node_88", "Landuse Category": "Public buildings and surroundings" }, "geometry": { "type": "Point", "coordinates": [ 8.6448879037208, 47.409453910085531 ] } },
{ "type": "Feature", "properties": { "name": "bus_LV_200-9_0_4_node_89", "Landuse Category": "Public buildings and surroundings" }, "geometry": { "type": "Point", "coordinates": [ 8.644886838461449, 47.409453432662453 ] } },
{ "type": "Feature", "properties": { "name": "bus_LV_200-9_0_4_node_37", "Landuse Category": "Roads" }, "geometry": { "type": "Point", "coordinates": [ 8.645717406143362, 47.411065265279653 ] } },
{ "type": "Feature", "properties": { "name": "bus_LV_200-9_0_4_node_96", "Landuse Category": "Agricultural buildings and surroundings" }, "geometry": { "type": "Point", "coordinates": [ 8.645193329675813, 47.411180710680341 ] } },
{ "type": "Feature", "properties": { "name": "bus_LV_200-9_0_4_node_83", "Landuse Category": "Unspecified buildings and surroundings" }, "geometry": { "type": "Point", "coordinates": [ 8.644715608480402, 47.411515110145189 ] } },
{ "type": "Feature", "properties": { "name": "bus_LV_200-9_0_4_node_80", "Landuse Category": "Unspecified buildings and surroundings" }, "geometry": { "type": "Point", "coordinates": [ 8.644812524396981, 47.411438410643889 ] } },
{ "type": "Feature", "properties": { "name": "bus_LV_200-9_0_4_node_100", "Landuse Category": "Unspecified buildings and surroundings" }, "geometry": { "type": "Point", "coordinates": [ 8.64462440848027, 47.411645310145254 ] } },
{ "type": "Feature", "properties": { "name": "bus_LV_200-9_0_4_node_81", "Landuse Category": "Unspecified buildings and surroundings" }, "geometry": { "type": "Point", "coordinates": [ 8.644956082711712, 47.411326669513507 ] } },
{ "type": "Feature", "properties": { "name": "bus_LV_200-9_0_4_node_74", "Landuse Category": "Unspecified buildings and surroundings" }, "geometry": { "type": "Point", "coordinates": [ 8.645381061230259, 47.412726012578034 ] } },
{ "type": "Feature", "properties": { "name": "bus_LV_200-9_0_4_node_45", "Landuse Category": "Roads" }, "geometry": { "type": "Point", "coordinates": [ 8.645638008481926, 47.409479010144246 ] } },
{ "type": "Feature", "properties": { "name": "bus_LV_200-9_0_4_node_46", "Landuse Category": "Roads" }, "geometry": { "type": "Point", "coordinates": [ 8.645722433914617, 47.409417560557472 ] } },
{ "type": "Feature", "properties": { "name": "bus_LV_200-9_0_4_node_47", "Landuse Category": "Roads" }, "geometry": { "type": "Point", "coordinates": [ 8.645296698385446, 47.409455876155555 ] } },
{ "type": "Feature", "properties": { "name": "bus_LV_200-9_0_4_node_51", "Landuse Category": "Roads" }, "geometry": { "type": "Point", "coordinates": [ 8.645344765834203, 47.410239648722531 ] } },
{ "type": "Feature", "properties": { "name": "bus_LV_200-9_0_4_node_52", "Landuse Category": "Roads" }, "geometry": { "type": "Point", "coordinates": [ 8.645209708481271, 47.410250510144628 ] } },
{ "type": "Feature", "properties": { "name": "bus_LV_200-9_0_4_node_98", "Landuse Category": "Roads" }, "geometry": { "type": "Point", "coordinates": [ 8.645045789049275, 47.410368255632633 ] } },
{ "type": "Feature", "properties": { "name": "bus_LV_200-9_0_4_node_99", "Landuse Category": "Construction sites" }, "geometry": { "type": "Point", "coordinates": [ 8.645017908481023, 47.410466610144766 ] } },
{ "type": "Feature", "properties": { "name": "bus_LV_200-9_0_4_node_55", "Landuse Category": "Unspecified buildings and surroundings" }, "geometry": { "type": "Point", "coordinates": [ 8.644498116397019, 47.412007524518089 ] } },
{ "type": "Feature", "properties": { "name": "bus_LV_200-9_0_4_node_65", "Landuse Category": "Unspecified buildings and surroundings" }, "geometry": { "type": "Point", "coordinates": [ 8.644505188310674, 47.411986880690648 ] } },
{ "type": "Feature", "properties": { "name": "bus_LV_200-9_0_4_node_66", "Landuse Category": "Unspecified buildings and surroundings" }, "geometry": { "type": "Point", "coordinates": [ 8.644567968733542, 47.4118036158183 ] } },
{ "type": "Feature", "properties": { "name": "bus_LV_200-9_0_4_node_57", "Landuse Category": "Public buildings and surroundings" }, "geometry": { "type": "Point", "coordinates": [ 8.644357708480555, 47.409921510144805 ] } },
{ "type": "Feature", "properties": { "name": "bus_LV_200-9_0_4_node_58", "Landuse Category": "Public buildings and surroundings" }, "geometry": { "type": "Point", "coordinates": [ 8.644210908480453, 47.409842210144845 ] } },
{ "type": "Feature", "properties": { "name": "bus_LV_200-9_0_4_node_59", "Landuse Category": "Public buildings and surroundings" }, "geometry": { "type": "Point", "coordinates": [ 8.644066308480193, 47.410165910144961 ] } },
{ "type": "Feature", "properties": { "name": "bus_LV_200-9_0_4_node_90", "Landuse Category": "Public buildings and surroundings" }, "geometry": { "type": "Point", "coordinates": [ 8.644329503451548, 47.409743063430184 ] } },
{ "type": "Feature", "properties": { "name": "bus_LV_200-9_0_4_node_63", "Landuse Category": "Residential areas (blocks of flats)" }, "geometry": { "type": "Point", "coordinates": [ 8.643423508479678, 47.409882010145026 ] } },
{ "type": "Feature", "properties": { "name": "bus_LV_200-9_0_4_node_116", "Landuse Category": "Public buildings and surroundings" }, "geometry": { "type": "Point", "coordinates": [ 8.644247208480353, 47.410264910144896 ] } },
{ "type": "Feature", "properties": { "name": "bus_LV_200-9_0_4_node_61", "Landuse Category": "Public buildings and surroundings" }, "geometry": { "type": "Point", "coordinates": [ 8.644089261169864, 47.410225563033435 ] } },
{ "type": "Feature", "properties": { "name": "bus_LV_200-9_0_4_node_92", "Landuse Category": "Construction sites" }, "geometry": { "type": "Point", "coordinates": [ 8.643937087625602, 47.411027950910686 ] } },
{ "type": "Feature", "properties": { "name": "bus_LV_200-9_0_4_node_93", "Landuse Category": "Unspecified buildings and surroundings" }, "geometry": { "type": "Point", "coordinates": [ 8.64429463021804, 47.411228946705208 ] } },
{ "type": "Feature", "properties": { "name": "bus_LV_200-9_0_4_node_62", "Landuse Category": "Public buildings and surroundings" }, "geometry": { "type": "Point", "coordinates": [ 8.644098059885975, 47.410230325714188 ] } },
{ "type": "Feature", "properties": { "name": "bus_LV_200-9_0_4_node_64", "Landuse Category": "Construction sites" }, "geometry": { "type": "Point", "coordinates": [ 8.644393924878901, 47.410394289996582 ] } },
{ "type": "Feature", "properties": { "name": "bus_LV_200-9_0_4_node_68", "Landuse Category": "Construction sites" }, "geometry": { "type": "Point", "coordinates": [ 8.644628892331601, 47.41053083106074 ] } },
{ "type": "Feature", "properties": { "name": "bus_LV_200-9_0_4_node_67", "Landuse Category": "Construction sites" }, "geometry": { "type": "Point", "coordinates": [ 8.644661426362124, 47.410549736697099 ] } },
{ "type": "Feature", "properties": { "name": "bus_LV_200-9_0_4_node_102", "Landuse Category": "Unspecified buildings and surroundings" }, "geometry": { "type": "Point", "coordinates": [ 8.644431808359688, 47.411567833696687 ] } },
{ "type": "Feature", "properties": { "name": "bus_LV_200-9_0_4_node_69", "Landuse Category": "Construction sites" }, "geometry": { "type": "Point", "coordinates": [ 8.644795608480754, 47.410627710144908 ] } },
{ "type": "Feature", "properties": { "name": "bus_LV_200-9_0_4_node_70", "Landuse Category": "Construction sites" }, "geometry": { "type": "Point", "coordinates": [ 8.644907373392092, 47.410715146647632 ] } },
{ "type": "Feature", "properties": { "name": "bus_LV_200-9_0_4_node_71", "Landuse Category": "Construction sites" }, "geometry": { "type": "Point", "coordinates": [ 8.644862519499616, 47.410579236789701 ] } },
{ "type": "Feature", "properties": { "name": "bus_LV_200-9_0_4_node_72", "Landuse Category": "Semi-natural grassland, in general" }, "geometry": { "type": "Point", "coordinates": [ 8.644916293705444, 47.413139245418733 ] } },
{ "type": "Feature", "properties": { "name": "bus_LV_200-9_0_4_node_73", "Landuse Category": "Unspecified buildings and surroundings" }, "geometry": { "type": "Point", "coordinates": [ 8.645210008480436, 47.412922110145452 ] } },
{ "type": "Feature", "properties": { "name": "bus_LV_200-9_0_4_node_75", "Landuse Category": "Agricultural buildings and surroundings" }, "geometry": { "type": "Point", "coordinates": [ 8.643528083030095, 47.41177533420025 ] } },
{ "type": "Feature", "properties": { "name": "bus_LV_200-9_0_4_node_76", "Landuse Category": "Agricultural buildings and surroundings" }, "geometry": { "type": "Point", "coordinates": [ 8.643615408479265, 47.411767610145596 ] } },
{ "type": "Feature", "properties": { "name": "bus_LV_200-9_0_4_node_78", "Landuse Category": "Agricultural buildings and surroundings" }, "geometry": { "type": "Point", "coordinates": [ 8.643740959327484, 47.411713523866482 ] } },
{ "type": "Feature", "properties": { "name": "bus_LV_200-9_0_4_node_84", "Landuse Category": "Unspecified buildings and surroundings" }, "geometry": { "type": "Point", "coordinates": [ 8.643833417168688, 47.411636625266588 ] } },
{ "type": "Feature", "properties": { "name": "bus_LV_200-9_0_4_node_94", "Landuse Category": "Unspecified buildings and surroundings" }, "geometry": { "type": "Point", "coordinates": [ 8.644040608479765, 47.411469110145347 ] } },
{ "type": "Feature", "properties": { "name": "bus_LV_200-9_0_4_node_82", "Landuse Category": "Unspecified buildings and surroundings" }, "geometry": { "type": "Point", "coordinates": [ 8.644996072009246, 47.411304037508444 ] } },
{ "type": "Feature", "properties": { "name": "bus_LV_200-9_0_4_node_95", "Landuse Category": "Agricultural buildings and surroundings" }, "geometry": { "type": "Point", "coordinates": [ 8.645178680027765, 47.411191260024772 ] } },
{ "type": "Feature", "properties": { "name": "bus_LV_200-9_0_4_node_101", "Landuse Category": "Unspecified buildings and surroundings" }, "geometry": { "type": "Point", "coordinates": [ 8.644371448651029, 47.411293231352921 ] } },
{ "type": "Feature", "properties": { "name": "bus_LV_200-9_0_4_node_114", "Landuse Category": "Public buildings and surroundings" }, "geometry": { "type": "Point", "coordinates": [ 8.644839708481181, 47.409432310144496 ] } },
{ "type": "Feature", "properties": { "name": "bus_LV_200-9_0_4_node_105", "Landuse Category": "Residential areas (one and two-family houses)" }, "geometry": { "type": "Point", "coordinates": [ 8.646400822332485, 47.410732321468743 ] } },
{ "type": "Feature", "properties": { "name": "bus_LV_200-9_0_4_node_106", "Landuse Category": "Residential areas (one and two-family houses)" }, "geometry": { "type": "Point", "coordinates": [ 8.646446100804246, 47.410759650664403 ] } },
{ "type": "Feature", "properties": { "name": "bus_LV_200-9_0_4_node_111", "Landuse Category": "Residential areas (one and two-family houses)" }, "geometry": { "type": "Point", "coordinates": [ 8.646829384760597, 47.410268152534691 ] } },
{ "type": "Feature", "properties": { "name": "bus_LV_200-9_0_4_node_113", "Landuse Category": "Residential areas (blocks of flats)" }, "geometry": { "type": "Point", "coordinates": [ 8.647228308483223, 47.410204410144019 ] } },
{ "type": "Feature", "properties": { "name": "bus_LV_200-9_0_4_node_112", "Landuse Category": "Residential areas (blocks of flats)" }, "geometry": { "type": "Point", "coordinates": [ 8.647252508483385, 47.409774110143886 ] } },
{ "type": "Feature", "properties": { "name": "bus_LV_200-6_0_6_node_0", "Landuse Category": "Arable land, in general" }, "geometry": { "type": "Point", "coordinates": [ 8.645250339177416, 47.406554304609124 ] } },
{ "type": "Feature", "properties": { "name": "bus_LV_200-6_0_6_node_155", "Landuse Category": "Residential areas (blocks of flats)" }, "geometry": { "type": "Point", "coordinates": [ 8.64640428156245, 47.406699058371359 ] } },
{ "type": "Feature", "properties": { "name": "bus_LV_200-6_0_6_node_156", "Landuse Category": "Orchards" }, "geometry": { "type": "Point", "coordinates": [ 8.646696008483877, 47.406560510143038 ] } },
{ "type": "Feature", "properties": { "name": "bus_LV_200-6_0_6_node_18", "Landuse Category": "Residential areas (blocks of flats)" }, "geometry": { "type": "Point", "coordinates": [ 8.646372308483466, 47.406851010143221 ] } },
{ "type": "Feature", "properties": { "name": "bus_LV_200-6_0_6_node_2", "Landuse Category": "Roads" }, "geometry": { "type": "Point", "coordinates": [ 8.644505423011765, 47.408494034739782 ] } },
{ "type": "Feature", "properties": { "name": "bus_LV_200-6_0_6_node_3", "Landuse Category": "Roads" }, "geometry": { "type": "Point", "coordinates": [ 8.644477008481113, 47.408540510144299 ] } },
{ "type": "Feature", "properties": { "name": "bus_LV_200-6_0_6_node_21", "Landuse Category": "Unspecified buildings and surroundings" }, "geometry": { "type": "Point", "coordinates": [ 8.645180208481724, 47.408708210144148 ] } },
{ "type": "Feature", "properties": { "name": "bus_LV_200-6_0_6_node_26", "Landuse Category": "Unspecified buildings and surroundings" }, "geometry": { "type": "Point", "coordinates": [ 8.645482408481966, 47.408874410144122 ] } },
{ "type": "Feature", "properties": { "name": "bus_LV_200-6_0_6_node_42", "Landuse Category": "Unspecified buildings and surroundings" }, "geometry": { "type": "Point", "coordinates": [ 8.645322384257092, 47.40865485254556 ] } },
{ "type": "Feature", "properties": { "name": "bus_LV_200-6_0_6_node_5", "Landuse Category": "Orchards" }, "geometry": { "type": "Point", "coordinates": [ 8.647433383562277, 47.406595203889587 ] } },
{ "type": "Feature", "properties": { "name": "bus_LV_200-6_0_6_node_153", "Landuse Category": "Residential areas (blocks of flats)" }, "geometry": { "type": "Point", "coordinates": [ 8.647315514563342, 47.406751562744191 ] } },
{ "type": "Feature", "properties": { "name": "bus_LV_200-6_0_6_node_13", "Landuse Category": "Residential areas (blocks of flats)" }, "geometry": { "type": "Point", "coordinates": [ 8.647119808484163, 47.406935010143016 ] } },
{ "type": "Feature", "properties": { "name": "bus_LV_200-6_0_6_node_6", "Landuse Category": "Residential areas (blocks of flats)" }, "geometry": { "type": "Point", "coordinates": [ 8.646455397958501, 47.407126713369074 ] } },
{ "type": "Feature", "properties": { "name": "bus_LV_200-6_0_6_node_7", "Landuse Category": "Residential areas (blocks of flats)" }, "geometry": { "type": "Point", "coordinates": [ 8.646433108483421, 47.407157610143337 ] } },
{ "type": "Feature", "properties": { "name": "bus_LV_200-6_0_6_node_8", "Landuse Category": "Residential areas (blocks of flats)" }, "geometry": { "type": "Point", "coordinates": [ 8.646572208483601, 47.407018510143224 ] } },
{ "type": "Feature", "properties": { "name": "bus_LV_200-6_0_6_node_9", "Landuse Category": "Residential areas (blocks of flats)" }, "geometry": { "type": "Point", "coordinates": [ 8.646481808483463, 47.407173710143326 ] } },
{ "type": "Feature", "properties": { "name": "bus_LV_200-6_0_6_node_10", "Landuse Category": "Residential areas (blocks of flats)" }, "geometry": { "type": "Point", "coordinates": [ 8.646099487006699, 47.407634196717893 ] } },
{ "type": "Feature", "properties": { "name": "bus_LV_200-6_0_6_node_11", "Landuse Category": "Residential areas (blocks of flats)" }, "geometry": { "type": "Point", "coordinates": [ 8.646605908483661, 47.406951210143177 ] } },
{ "type": "Feature", "properties": { "name": "bus_LV_200-6_0_6_node_14", "Landuse Category": "Semi-natural grassland, in general" }, "geometry": { "type": "Point", "coordinates": [ 8.646228608483108, 47.407525810143483 ] } },
{ "type": "Feature", "properties": { "name": "bus_LV_200-6_0_6_node_15", "Landuse Category": "Residential areas (blocks of flats)" }, "geometry": { "type": "Point", "coordinates": [ 8.646730212058882, 47.407277942909353 ] } },
{ "type": "Feature", "properties": { "name": "bus_LV_200-6_0_6_node_16", "Landuse Category": "Residential areas (blocks of flats)" }, "geometry": { "type": "Point", "coordinates": [ 8.645923599712143, 47.407885452239398 ] } },
{ "type": "Feature", "properties": { "name": "bus_LV_200-6_0_6_node_17", "Landuse Category": "Residential areas (blocks of flats)" }, "geometry": { "type": "Point", "coordinates": [ 8.646734879440336, 47.406891235817511 ] } },
{ "type": "Feature", "properties": { "name": "bus_LV_200-6_0_6_node_19", "Landuse Category": "Residential areas (blocks of flats)" }, "geometry": { "type": "Point", "coordinates": [ 8.646618108483514, 47.407462710143356 ] } },
{ "type": "Feature", "properties": { "name": "bus_LV_200-6_0_6_node_20", "Landuse Category": "Roads" }, "geometry": { "type": "Point", "coordinates": [ 8.64647280848331, 47.407674010143467 ] } },
{ "type": "Feature", "properties": { "name": "bus_LV_200-6_0_6_node_40", "Landuse Category": "Residential areas (blocks of flats)" }, "geometry": { "type": "Point", "coordinates": [ 8.645761518550396, 47.408116471638273 ] } },
{ "type": "Feature", "properties": { "name": "bus_LV_200-6_0_6_node_28", "Landuse Category": "Roads" }, "geometry": { "type": "Point", "coordinates": [ 8.647082666414713, 47.40757023973714 ] } },
{ "type": "Feature", "properties": { "name": "bus_LV_200-6_0_6_node_29", "Landuse Category": "Roads" }, "geometry": { "type": "Point", "coordinates": [ 8.647016469175435, 47.407928312969894 ] } },
{ "type": "Feature", "properties": { "name": "bus_LV_200-6_0_6_node_44", "Landuse Category": "Roads" }, "geometry": { "type": "Point", "coordinates": [ 8.646503508483327, 47.407686610143443 ] } },
{ "type": "Feature", "properties": { "name": "bus_LV_200-6_0_6_node_33", "Landuse Category": "Residential areas (blocks of flats)" }, "geometry": { "type": "Point", "coordinates": [ 8.645606408482262, 47.408337510143902 ] } },
{ "type": "Feature", "properties": { "name": "bus_LV_200-6_0_6_node_43", "Landuse Category": "Roads" }, "geometry": { "type": "Point", "coordinates": [ 8.646353085866654, 47.407975882351046 ] } },
{ "type": "Feature", "properties": { "name": "bus_LV_200-6_0_6_node_24", "Landuse Category": "Unspecified buildings and surroundings" }, "geometry": { "type": "Point", "coordinates": [ 8.645691168732975, 47.408973320686982 ] } },
{ "type": "Feature", "properties": { "name": "bus_LV_200-6_0_6_node_41", "Landuse Category": "Residential areas (blocks of flats)" }, "geometry": { "type": "Point", "coordinates": [ 8.645589121720223, 47.408362140956754 ] } },
{ "type": "Feature", "properties": { "name": "bus_LV_200-6_0_6_node_22", "Landuse Category": "Roads" }, "geometry": { "type": "Point", "coordinates": [ 8.6457568785227, 47.409366978097161 ] } },
{ "type": "Feature", "properties": { "name": "bus_LV_200-6_0_6_node_23", "Landuse Category": "Unspecified buildings and surroundings" }, "geometry": { "type": "Point", "coordinates": [ 8.645757208482191, 47.409004610144088 ] } },
{ "type": "Feature", "properties": { "name": "bus_LV_200-6_0_6_node_25", "Landuse Category": "Unspecified buildings and surroundings" }, "geometry": { "type": "Point", "coordinates": [ 8.64587441714724, 47.409060122747668 ] } },
{ "type": "Feature", "properties": { "name": "bus_LV_200-6_0_6_node_27", "Landuse Category": "Unspecified buildings and surroundings" }, "geometry": { "type": "Point", "coordinates": [ 8.645980742827629, 47.409110480726298 ] } },
{ "type": "Feature", "properties": { "name": "bus_LV_200-6_0_6_node_34", "Landuse Category": "Unspecified buildings and surroundings" }, "geometry": { "type": "Point", "coordinates": [ 8.646016068822119, 47.409127211784131 ] } },
{ "type": "Feature", "properties": { "name": "bus_LV_200-6_0_6_node_35", "Landuse Category": "Unspecified buildings and surroundings" }, "geometry": { "type": "Point", "coordinates": [ 8.646240508482588, 47.409233510144013 ] } },
{ "type": "Feature", "properties": { "name": "bus_LV_200-6_0_6_node_30", "Landuse Category": "Roads" }, "geometry": { "type": "Point", "coordinates": [ 8.646960801216478, 47.408103200163403 ] } },
{ "type": "Feature", "properties": { "name": "bus_LV_200-6_0_6_node_31", "Landuse Category": "Roads" }, "geometry": { "type": "Point", "coordinates": [ 8.646939196400297, 47.408171073819325 ] } },
{ "type": "Feature", "properties": { "name": "bus_LV_200-6_0_6_node_75", "Landuse Category": "Roads" }, "geometry": { "type": "Point", "coordinates": [ 8.646925467875098, 47.408214203239304 ] } },
{ "type": "Feature", "properties": { "name": "bus_LV_200-6_0_6_node_51", "Landuse Category": "Roads" }, "geometry": { "type": "Point", "coordinates": [ 8.646831764316909, 47.408426928190792 ] } },
{ "type": "Feature", "properties": { "name": "bus_LV_200-6_0_6_node_36", "Landuse Category": "Unspecified buildings and surroundings" }, "geometry": { "type": "Point", "coordinates": [ 8.646166592830289, 47.40932068473645 ] } },
{ "type": "Feature", "properties": { "name": "bus_LV_200-6_0_6_node_37", "Landuse Category": "Residential areas (blocks of flats)" }, "geometry": { "type": "Point", "coordinates": [ 8.646454460343183, 47.409028691231555 ] } },
{ "type": "Feature", "properties": { "name": "bus_LV_200-6_0_6_node_39", "Landuse Category": "Residential areas (blocks of flats)" }, "geometry": { "type": "Point", "coordinates": [ 8.646547408482977, 47.408939710143855 ] } },
{ "type": "Feature", "properties": { "name": "bus_LV_200-6_0_6_node_48", "Landuse Category": "Residential areas (blocks of flats)" }, "geometry": { "type": "Point", "coordinates": [ 8.646627508483055, 47.408931410143801 ] } },
{ "type": "Feature", "properties": { "name": "bus_LV_200-6_0_6_node_49", "Landuse Category": "Residential areas (blocks of flats)" }, "geometry": { "type": "Point", "coordinates": [ 8.646624003123732, 47.408826200955993 ] } },
{ "type": "Feature", "properties": { "name": "bus_LV_200-6_0_6_node_50", "Landuse Category": "Residential areas (blocks of flats)" }, "geometry": { "type": "Point", "coordinates": [ 8.646868518494781, 47.408673540671707 ] } },
{ "type": "Feature", "properties": { "name": "bus_LV_200-6_0_6_node_45", "Landuse Category": "Forest" }, "geometry": { "type": "Point", "coordinates": [ 8.648965708485143, 47.409441710143298 ] } },
{ "type": "Feature", "properties": { "name": "bus_LV_200-6_0_6_node_46", "Landuse Category": "Forest" }, "geometry": { "type": "Point", "coordinates": [ 8.649080470572402, 47.409332924304096 ] } },
{ "type": "Feature", "properties": { "name": "bus_LV_200-6_0_6_node_47", "Landuse Category": "Semi-natural grassland, in general" }, "geometry": { "type": "Point", "coordinates": [ 8.649219524046389, 47.409201111301229 ] } },
{ "type": "Feature", "properties": { "name": "bus_LV_200-6_0_6_node_81", "Landuse Category": "Semi-natural grassland, in general" }, "geometry": { "type": "Point", "coordinates": [ 8.64936936108545, 47.40905907530589 ] } },
{ "type": "Feature", "properties": { "name": "bus_LV_200-6_0_6_node_80", "Landuse Category": "Semi-natural grassland, in general" }, "geometry": { "type": "Point", "coordinates": [ 8.649563608485915, 47.40881021014291 ] } },
{ "type": "Feature", "properties": { "name": "bus_LV_200-6_0_6_node_52", "Landuse Category": "Residential areas (blocks of flats)" }, "geometry": { "type": "Point", "coordinates": [ 8.647153308483677, 47.408548110143506 ] } },
{ "type": "Feature", "properties": { "name": "bus_LV_200-6_0_6_node_53", "Landuse Category": "Residential areas (blocks of flats)" }, "geometry": { "type": "Point", "coordinates": [ 8.647372714796909, 47.408590753176725 ] } },
{ "type": "Feature", "properties": { "name": "bus_LV_200-6_0_6_node_54", "Landuse Category": "Roads" }, "geometry": { "type": "Point", "coordinates": [ 8.647265054305208, 47.408234250714592 ] } },
{ "type": "Feature", "properties": { "name": "bus_LV_200-6_0_6_node_55", "Landuse Category": "Residential areas (blocks of flats)" }, "geometry": { "type": "Point", "coordinates": [ 8.647426665391636, 47.408603361882228 ] } },
{ "type": "Feature", "properties": { "name": "bus_LV_200-6_0_6_node_56", "Landuse Category": "Roads" }, "geometry": { "type": "Point", "coordinates": [ 8.647405352353681, 47.407913164888249 ] } },
{ "type": "Feature", "properties": { "name": "bus_LV_200-6_0_6_node_65", "Landuse Category": "Residential areas (one and two-family houses)" }, "geometry": { "type": "Point", "coordinates": [ 8.647693892600829, 47.408665814656814 ] } },
{ "type": "Feature", "properties": { "name": "bus_LV_200-6_0_6_node_139", "Landuse Category": "Roads" }, "geometry": { "type": "Point", "coordinates": [ 8.647556108484316, 47.407761210143143 ] } },
{ "type": "Feature", "properties": { "name": "bus_LV_200-6_0_6_node_61", "Landuse Category": "Residential areas (one and two-family houses)" }, "geometry": { "type": "Point", "coordinates": [ 8.647950608484397, 47.408725810143324 ] } },
{ "type": "Feature", "properties": { "name": "bus_LV_200-6_0_6_node_106", "Landuse Category": "Semi-natural grassland, in general" }, "geometry": { "type": "Point", "coordinates": [ 8.647645825730446, 47.407885133237635 ] } },
{ "type": "Feature", "properties": { "name": "bus_LV_200-6_0_6_node_137", "Landuse Category": "Roads" }, "geometry": { "type": "Point", "coordinates": [ 8.647584192047024, 47.407629451664022 ] } },
{ "type": "Feature", "properties": { "name": "bus_LV_200-6_0_6_node_57", "Landuse Category": "Residential areas (one and two-family houses)" }, "geometry": { "type": "Point", "coordinates": [ 8.648584750685826, 47.408768823035437 ] } },
{ "type": "Feature", "properties": { "name": "bus_LV_200-6_0_6_node_58", "Landuse Category": "Residential areas (one and two-family houses)" }, "geometry": { "type": "Point", "coordinates": [ 8.648599792007099, 47.408771538766018 ] } },
{ "type": "Feature", "properties": { "name": "bus_LV_200-6_0_6_node_59", "Landuse Category": "Residential areas (one and two-family houses)" }, "geometry": { "type": "Point", "coordinates": [ 8.648488786178001, 47.408755832461352 ] } },
{ "type": "Feature", "properties": { "name": "bus_LV_200-6_0_6_node_60", "Landuse Category": "Residential areas (one and two-family houses)" }, "geometry": { "type": "Point", "coordinates": [ 8.648806225045645, 47.408808810299782 ] } },
{ "type": "Feature", "properties": { "name": "bus_LV_200-6_0_6_node_62", "Landuse Category": "Residential areas (one and two-family houses)" }, "geometry": { "type": "Point", "coordinates": [ 8.648815957837757, 47.408810567547285 ] } },
{ "type": "Feature", "properties": { "name": "bus_LV_200-6_0_6_node_63", "Landuse Category": "Residential areas (one and two-family houses)" }, "geometry": { "type": "Point", "coordinates": [ 8.647852868869014, 47.408888147562855 ] } },
{ "type": "Feature", "properties": { "name": "bus_LV_200-6_0_6_node_74", "Landuse Category": "Semi-natural grassland, in general" }, "geometry": { "type": "Point", "coordinates": [ 8.648990108485354, 47.408842010143083 ] } },
{ "type": "Feature", "properties": { "name": "bus_LV_200-6_0_6_node_71", "Landuse Category": "Residential areas (one and two-family houses)" }, "geometry": { "type": "Point", "coordinates": [ 8.647800143227606, 47.408975720044651 ] } },
{ "type": "Feature", "properties": { "name": "bus_LV_200-6_0_6_node_64", "Landuse Category": "Semi-natural grassland, in general" }, "geometry": { "type": "Point", "coordinates": [ 8.648199983450811, 47.408287843275552 ] } },
{ "type": "Feature", "properties": { "name": "bus_LV_200-6_0_6_node_76", "Landuse Category": "Semi-natural grassland, in general" }, "geometry": { "type": "Point", "coordinates": [ 8.648313708484938, 47.408088110143062 ] } },
{ "type": "Feature", "properties": { "name": "bus_LV_200-6_0_6_node_77", "Landuse Category": "Semi-natural grassland, in general" }, "geometry": { "type": "Point", "coordinates": [ 8.649201076205888, 47.408556933192749 ] } },
{ "type": "Feature", "properties": { "name": "bus_LV_200-6_0_6_node_78", "Landuse Category": "Semi-natural grassland, in general" }, "geometry": { "type": "Point", "coordinates": [ 8.649514861011461, 47.408816925573824 ] } },
{ "type": "Feature", "properties": { "name": "bus_LV_200-6_0_6_node_69", "Landuse Category": "Residential areas (one and two-family houses)" }, "geometry": { "type": "Point", "coordinates": [ 8.647712265251723, 47.409121676648986 ] } },
{ "type": "Feature", "properties": { "name": "bus_LV_200-6_0_6_node_104", "Landuse Category": "Semi-natural grassland, in general" }, "geometry": { "type": "Point", "coordinates": [ 8.647718228275355, 47.407932815910101 ] } },
{ "type": "Feature", "properties": { "name": "bus_LV_200-6_0_6_node_101", "Landuse Category": "Semi-natural grassland, in general" }, "geometry": { "type": "Point", "coordinates": [ 8.648322048351648, 47.408072853480441 ] } },
{ "type": "Feature", "properties": { "name": "bus_LV_200-6_0_6_node_66", "Landuse Category": "Residential areas (blocks of flats)" }, "geometry": { "type": "Point", "coordinates": [ 8.647513909844625, 47.409398142734545 ] } },
{ "type": "Feature", "properties": { "name": "bus_LV_200-6_0_6_node_67", "Landuse Category": "Residential areas (one and two-family houses)" }, "geometry": { "type": "Point", "coordinates": [ 8.647692756477461, 47.409154078670134 ] } },
{ "type": "Feature", "properties": { "name": "bus_LV_200-6_0_6_node_68", "Landuse Category": "Residential areas (blocks of flats)" }, "geometry": { "type": "Point", "coordinates": [ 8.647228308483223, 47.410204410144019 ] } },
{ "type": "Feature", "properties": { "name": "bus_LV_200-6_0_6_node_70", "Landuse Category": "Residential areas (blocks of flats)" }, "geometry": { "type": "Point", "coordinates": [ 8.647454908483441, 47.410230510143954 ] } },
{ "type": "Feature", "properties": { "name": "bus_LV_200-6_0_6_node_72", "Landuse Category": "Semi-natural grassland, in general" }, "geometry": { "type": "Point", "coordinates": [ 8.648001808483935, 47.410344610143866 ] } },
{ "type": "Feature", "properties": { "name": "bus_LV_200-6_0_6_node_73", "Landuse Category": "Residential areas (blocks of flats)" }, "geometry": { "type": "Point", "coordinates": [ 8.647567608483662, 47.409883010143801 ] } },
{ "type": "Feature", "properties": { "name": "bus_LV_200-6_0_6_node_154", "Landuse Category": "Forest" }, "geometry": { "type": "Point", "coordinates": [ 8.648151841112032, 47.409878496871414 ] } },
{ "type": "Feature", "properties": { "name": "bus_LV_200-6_0_6_node_79", "Landuse Category": "Semi-natural grassland, in general" }, "geometry": { "type": "Point", "coordinates": [ 8.649281701046709, 47.408438422046089 ] } },
{ "type": "Feature", "properties": { "name": "bus_LV_200-6_0_6_node_102", "Landuse Category": "Semi-natural grassland, in general" }, "geometry": { "type": "Point", "coordinates": [ 8.648437906865647, 47.407860904963023 ] } },
{ "type": "Feature", "properties": { "name": "bus_LV_200-6_0_6_node_118", "Landuse Category": "Roads" }, "geometry": { "type": "Point", "coordinates": [ 8.649334290452042, 47.408361120110037 ] } },
{ "type": "Feature", "properties": { "name": "bus_LV_200-6_0_6_node_82", "Landuse Category": "Semi-natural grassland, in general" }, "geometry": { "type": "Point", "coordinates": [ 8.649870608486227, 47.408756610142795 ] } },
{ "type": "Feature", "properties": { "name": "bus_LV_200-6_0_6_node_117", "Landuse Category": "Roads" }, "geometry": { "type": "Point", "coordinates": [ 8.649419613533901, 47.408235701931588 ] } },
{ "type": "Feature", "properties": { "name": "bus_LV_200-6_0_6_node_83", "Landuse Category": "Semi-natural grassland, in general" }, "geometry": { "type": "Point", "coordinates": [ 8.650098217795231, 47.408640245854357 ] } },
{ "type": "Feature", "properties": { "name": "bus_LV_200-6_0_6_node_134", "Landuse Category": "Arable land, in general" }, "geometry": { "type": "Point", "coordinates": [ 8.650298843080698, 47.408478508893538 ] } },
{ "type": "Feature", "properties": { "name": "bus_LV_200-6_0_6_node_135", "Landuse Category": "Roads" }, "geometry": { "type": "Point", "coordinates": [ 8.65050126389653, 47.408310229603018 ] } },
{ "type": "Feature", "properties": { "name": "bus_LV_200-6_0_6_node_84", "Landuse Category": "Residential areas (one and two-family houses)" }, "geometry": { "type": "Point", "coordinates": [ 8.650481408487362, 47.406991110142052 ] } },
{ "type": "Feature", "properties": { "name": "bus_LV_200-6_0_6_node_85", "Landuse Category": "Residential areas (one and two-family houses)" }, "geometry": { "type": "Point", "coordinates": [ 8.650522157475692, 47.407060074162374 ] } },
{ "type": "Feature", "properties": { "name": "bus_LV_200-6_0_6_node_86", "Landuse Category": "Residential areas (one and two-family houses)" }, "geometry": { "type": "Point", "coordinates": [ 8.650743208487674, 47.406802810141883 ] } },
{ "type": "Feature", "properties": { "name": "bus_LV_200-6_0_6_node_87", "Landuse Category": "Residential areas (one and two-family houses)" }, "geometry": { "type": "Point", "coordinates": [ 8.650337451346315, 47.407217765838745 ] } },
{ "type": "Feature", "properties": { "name": "bus_LV_200-6_0_6_node_88", "Landuse Category": "Residential areas (one and two-family houses)" }, "geometry": { "type": "Point", "coordinates": [ 8.650863970193553, 47.406883117337046 ] } },
{ "type": "Feature", "properties": { "name": "bus_LV_200-6_0_6_node_89", "Landuse Category": "Residential areas (one and two-family houses)" }, "geometry": { "type": "Point", "coordinates": [ 8.650321364175085, 47.407231500099698 ] } },
{ "type": "Feature", "properties": { "name": "bus_LV_200-6_0_6_node_93", "Landuse Category": "Residential areas (one and two-family houses)" }, "geometry": { "type": "Point", "coordinates": [ 8.6511368500564, 47.407064582573916 ] } },
{ "type": "Feature", "properties": { "name": "bus_LV_200-6_0_6_node_90", "Landuse Category": "Residential areas (one and two-family houses)" }, "geometry": { "type": "Point", "coordinates": [ 8.650194979014813, 47.407339399834981 ] } },
{ "type": "Feature", "properties": { "name": "bus_LV_200-6_0_6_node_133", "Landuse Category": "Residential areas (one and two-family houses)" }, "geometry": { "type": "Point", "coordinates": [ 8.651256582796389, 47.407144204304849 ] } },
{ "type": "Feature", "properties": { "name": "bus_LV_200-6_0_6_node_91", "Landuse Category": "Residential areas (one and two-family houses)" }, "geometry": { "type": "Point", "coordinates": [ 8.650154088509067, 47.407374309464103 ] } },
{ "type": "Feature", "properties": { "name": "bus_LV_200-6_0_6_node_92", "Landuse Category": "Residential areas (one and two-family houses)" }, "geometry": { "type": "Point", "coordinates": [ 8.650149719159918, 47.407378039723937 ] } },
{ "type": "Feature", "properties": { "name": "bus_LV_200-6_0_6_node_94", "Landuse Category": "Residential areas (one and two-family houses)" }, "geometry": { "type": "Point", "coordinates": [ 8.650086977874876, 47.407431603985913 ] } },
{ "type": "Feature", "properties": { "name": "bus_LV_200-6_0_6_node_95", "Landuse Category": "Residential areas (one and two-family houses)" }, "geometry": { "type": "Point", "coordinates": [ 8.650027883183023, 47.4074820549029 ] } },
{ "type": "Feature", "properties": { "name": "bus_LV_200-6_0_6_node_131", "Landuse Category": "Residential areas (one and two-family houses)" }, "geometry": { "type": "Point", "coordinates": [ 8.65137681151489, 47.407224155492642 ] } },
{ "type": "Feature", "properties": { "name": "bus_LV_200-6_0_6_node_97", "Landuse Category": "Roads" }, "geometry": { "type": "Point", "coordinates": [ 8.649926502168103, 47.40758633093207 ] } },
{ "type": "Feature", "properties": { "name": "bus_LV_200-6_0_6_node_96", "Landuse Category": "Roads" }, "geometry": { "type": "Point", "coordinates": [ 8.64985483349875, 47.407673650065057 ] } },
{ "type": "Feature", "properties": { "name": "bus_LV_200-6_0_6_node_98", "Landuse Category": "Roads" }, "geometry": { "type": "Point", "coordinates": [ 8.649849132471893, 47.407680596024896 ] } },
{ "type": "Feature", "properties": { "name": "bus_LV_200-6_0_6_node_99", "Landuse Category": "Roads" }, "geometry": { "type": "Point", "coordinates": [ 8.64982548981715, 47.407709401502409 ] } },
{ "type": "Feature", "properties": { "name": "bus_LV_200-6_0_6_node_100", "Landuse Category": "Roads" }, "geometry": { "type": "Point", "coordinates": [ 8.649776219015232, 47.407769431403416 ] } },
{ "type": "Feature", "properties": { "name": "bus_LV_200-6_0_6_node_107", "Landuse Category": "Roads" }, "geometry": { "type": "Point", "coordinates": [ 8.649601858134201, 47.407981865617529 ] } },
{ "type": "Feature", "properties": { "name": "bus_LV_200-6_0_6_node_108", "Landuse Category": "Roads" }, "geometry": { "type": "Point", "coordinates": [ 8.649590812844977, 47.407995322682751 ] } },
{ "type": "Feature", "properties": { "name": "bus_LV_200-6_0_6_node_103", "Landuse Category": "Semi-natural grassland, in general" }, "geometry": { "type": "Point", "coordinates": [ 8.648536478266013, 47.407677394623875 ] } },
{ "type": "Feature", "properties": { "name": "bus_LV_200-6_0_6_node_105", "Landuse Category": "Residential areas (one and two-family houses)" }, "geometry": { "type": "Point", "coordinates": [ 8.648593949118103, 47.407520981385723 ] } },
{ "type": "Feature", "properties": { "name": "bus_LV_200-6_0_6_node_121", "Landuse Category": "Residential areas (one and two-family houses)" }, "geometry": { "type": "Point", "coordinates": [ 8.648641540310093, 47.407391456004802 ] } },
{ "type": "Feature", "properties": { "name": "bus_LV_200-6_0_6_node_122", "Landuse Category": "Residential areas (one and two-family houses)" }, "geometry": { "type": "Point", "coordinates": [ 8.648677072294769, 47.4072947508376 ] } },
{ "type": "Feature", "properties": { "name": "bus_LV_200-6_0_6_node_116", "Landuse Category": "Roads" }, "geometry": { "type": "Point", "coordinates": [ 8.64942087802884, 47.408233843219115 ] } },
{ "type": "Feature", "properties": { "name": "bus_LV_200-6_0_6_node_109", "Landuse Category": "Residential areas (one and two-family houses)" }, "geometry": { "type": "Point", "coordinates": [ 8.649231434175011, 47.40672674927346 ] } },
{ "type": "Feature", "properties": { "name": "bus_LV_200-6_0_6_node_110", "Landuse Category": "Residential areas (one and two-family houses)" }, "geometry": { "type": "Point", "coordinates": [ 8.649126359480919, 47.40680586541054 ] } },
{ "type": "Feature", "properties": { "name": "bus_LV_200-6_0_6_node_111", "Landuse Category": "Residential areas (one and two-family houses)" }, "geometry": { "type": "Point", "coordinates": [ 8.649365977666145, 47.406631072608064 ] } },
{ "type": "Feature", "properties": { "name": "bus_LV_200-6_0_6_node_112", "Landuse Category": "Residential areas (one and two-family houses)" }, "geometry": { "type": "Point", "coordinates": [ 8.649048249003704, 47.406868163245889 ] } },
{ "type": "Feature", "properties": { "name": "bus_LV_200-6_0_6_node_113", "Landuse Category": "Residential areas (one and two-family houses)" }, "geometry": { "type": "Point", "coordinates": [ 8.649448176932642, 47.406572618758027 ] } },
{ "type": "Feature", "properties": { "name": "bus_LV_200-6_0_6_node_114", "Landuse Category": "Residential areas (one and two-family houses)" }, "geometry": { "type": "Point", "coordinates": [ 8.648945916517604, 47.4069517772746 ] } },
{ "type": "Feature", "properties": { "name": "bus_LV_200-6_0_6_node_119", "Landuse Category": "Residential areas (one and two-family houses)" }, "geometry": { "type": "Point", "coordinates": [ 8.648888800473488, 47.407008751261209 ] } },
{ "type": "Feature", "properties": { "name": "bus_LV_200-6_0_6_node_120", "Landuse Category": "Residential areas (one and two-family houses)" }, "geometry": { "type": "Point", "coordinates": [ 8.648832200549267, 47.407065210262466 ] } },
{ "type": "Feature", "properties": { "name": "bus_LV_200-6_0_6_node_125", "Landuse Category": "Residential areas (one and two-family houses)" }, "geometry": { "type": "Point", "coordinates": [ 8.648759224207465, 47.407155708254628 ] } },
{ "type": "Feature", "properties": { "name": "bus_LV_200-6_0_6_node_124", "Landuse Category": "Residential areas (one and two-family houses)" }, "geometry": { "type": "Point", "coordinates": [ 8.648738983398474, 47.407185856622263 ] } },
{ "type": "Feature", "properties": { "name": "bus_LV_200-6_0_6_node_126", "Landuse Category": "Roads" }, "geometry": { "type": "Point", "coordinates": [ 8.650945408487562, 47.407778110142139 ] } },
{ "type": "Feature", "properties": { "name": "bus_LV_200-6_0_6_node_127", "Landuse Category": "Roads" }, "geometry": { "type": "Point", "coordinates": [ 8.650976513158515, 47.407761456372903 ] } },
{ "type": "Feature", "properties": { "name": "bus_LV_200-6_0_6_node_128", "Landuse Category": "Roads" }, "geometry": { "type": "Point", "coordinates": [ 8.650898108487478, 47.407923410142274 ] } },
{ "type": "Feature", "properties": { "name": "bus_LV_200-6_0_6_node_129", "Landuse Category": "Roads" }, "geometry": { "type": "Point", "coordinates": [ 8.651341559914318, 47.407566005074116 ] } },
{ "type": "Feature", "properties": { "name": "bus_LV_200-6_0_6_node_130", "Landuse Category": "Roads" }, "geometry": { "type": "Point", "coordinates": [ 8.650974608487488, 47.408119010142286 ] } },
{ "type": "Feature", "properties": { "name": "bus_LV_200-6_0_6_node_132", "Landuse Category": "Roads" }, "geometry": { "type": "Point", "coordinates": [ 8.650827664753596, 47.408157625377449 ] } },
{ "type": "Feature", "properties": { "name": "bus_LV_200-6_0_6_node_136", "Landuse Category": "Roads" }, "geometry": { "type": "Point", "coordinates": [ 8.647584753119681, 47.407626819296063 ] } },
{ "type": "Feature", "properties": { "name": "bus_LV_200-6_0_6_node_138", "Landuse Category": "Residential areas (one and two-family houses)" }, "geometry": { "type": "Point", "coordinates": [ 8.647627642172221, 47.407463119464076 ] } },
{ "type": "Feature", "properties": { "name": "bus_LV_200-6_0_6_node_140", "Landuse Category": "Residential areas (one and two-family houses)" }, "geometry": { "type": "Point", "coordinates": [ 8.647644052953707, 47.407412290376548 ] } },
{ "type": "Feature", "properties": { "name": "bus_LV_200-6_0_6_node_141", "Landuse Category": "Residential areas (one and two-family houses)" }, "geometry": { "type": "Point", "coordinates": [ 8.647666985201491, 47.407341262193938 ] } },
{ "type": "Feature", "properties": { "name": "bus_LV_200-6_0_6_node_146", "Landuse Category": "Residential areas (one and two-family houses)" }, "geometry": { "type": "Point", "coordinates": [ 8.647676544152555, 47.40731165514218 ] } },
{ "type": "Feature", "properties": { "name": "bus_LV_200-6_0_6_node_147", "Landuse Category": "Residential areas (one and two-family houses)" }, "geometry": { "type": "Point", "coordinates": [ 8.647694129248482, 47.407257188528625 ] } },
{ "type": "Feature", "properties": { "name": "bus_LV_200-6_0_6_node_142", "Landuse Category": "Unused" }, "geometry": { "type": "Point", "coordinates": [ 8.648183922629757, 47.406415706093064 ] } },
{ "type": "Feature", "properties": { "name": "bus_LV_200-6_0_6_node_143", "Landuse Category": "Unused" }, "geometry": { "type": "Point", "coordinates": [ 8.64804327061773, 47.406573020824986 ] } },
{ "type": "Feature", "properties": { "name": "bus_LV_200-6_0_6_node_144", "Landuse Category": "Residential areas (one and two-family houses)" }, "geometry": { "type": "Point", "coordinates": [ 8.647884592103212, 47.406750496286527 ] } },
{ "type": "Feature", "properties": { "name": "bus_LV_200-6_0_6_node_145", "Landuse Category": "Residential areas (one and two-family houses)" }, "geometry": { "type": "Point", "coordinates": [ 8.647851100248834, 47.406796268128808 ] } },
{ "type": "Feature", "properties": { "name": "bus_LV_200-6_0_6_node_150", "Landuse Category": "Residential areas (one and two-family houses)" }, "geometry": { "type": "Point", "coordinates": [ 8.647777994079817, 47.406952586241054 ] } },
{ "type": "Feature", "properties": { "name": "bus_LV_200-6_0_6_node_152", "Landuse Category": "Residential areas (one and two-family houses)" }, "geometry": { "type": "Point", "coordinates": [ 8.647761741356922, 47.407018275500057 ] } },
{ "type": "Feature", "properties": { "name": "bus_LV_200-6_0_6_node_148", "Landuse Category": "Residential areas (one and two-family houses)" }, "geometry": { "type": "Point", "coordinates": [ 8.647726866942222, 47.407155789212389 ] } },
{ "type": "Feature", "properties": { "name": "bus_LV_200-6_0_6_node_149", "Landuse Category": "Residential areas (one and two-family houses)" }, "geometry": { "type": "Point", "coordinates": [ 8.647738835180714, 47.407110855997274 ] } },
{ "type": "Feature", "properties": { "name": "bus_LV_200-6_0_6_node_151", "Landuse Category": "Residential areas (one and two-family houses)" }, "geometry": { "type": "Point", "coordinates": [ 8.647741865204779, 47.407098609487896 ] } },
{ "type": "Feature", "properties": { "name": "bus_LV_200-10_0_3_node_0", "Landuse Category": "Farm pastures, in general" }, "geometry": { "type": "Point", "coordinates": [ 8.64278345457981, 47.412355996409595 ] } },
{ "type": "Feature", "properties": { "name": "bus_LV_200-10_0_3_node_1", "Landuse Category": "Farm pastures, in general" }, "geometry": { "type": "Point", "coordinates": [ 8.642435108477951, 47.412321510146121 ] } },
{ "type": "Feature", "properties": { "name": "bus_LV_200-10_0_3_node_4", "Landuse Category": "Public buildings and surroundings" }, "geometry": { "type": "Point", "coordinates": [ 8.642374759606337, 47.412689244077576 ] } },
{ "type": "Feature", "properties": { "name": "bus_LV_200-10_0_3_node_5", "Landuse Category": "Public buildings and surroundings" }, "geometry": { "type": "Point", "coordinates": [ 8.642312608477884, 47.412162610146083 ] } },
{ "type": "Feature", "properties": { "name": "bus_LV_200-10_0_3_node_3", "Landuse Category": "Semi-natural grassland, in general" }, "geometry": { "type": "Point", "coordinates": [ 8.64400979217022, 47.412996838039319 ] } },
{ "type": "Feature", "properties": { "name": "bus_LV_200-10_0_3_node_6", "Landuse Category": "Roads" }, "geometry": { "type": "Point", "coordinates": [ 8.643698635602977, 47.413176196975634 ] } },
{ "type": "Feature", "properties": { "name": "bus_LV_200-10_0_3_node_7", "Landuse Category": "Public buildings and surroundings" }, "geometry": { "type": "Point", "coordinates": [ 8.642380073555607, 47.41283447601873 ] } },
{ "type": "Feature", "properties": { "name": "bus_LV_200-10_0_3_node_44", "Landuse Category": "Agricultural buildings and surroundings" }, "geometry": { "type": "Point", "coordinates": [ 8.642597356719405, 47.41205308613273 ] } },
{ "type": "Feature", "properties": { "name": "bus_LV_200-10_0_3_node_188", "Landuse Category": "Public buildings and surroundings" }, "geometry": { "type": "Point", "coordinates": [ 8.641705694246651, 47.412306448871092 ] } },
{ "type": "Feature", "properties": { "name": "bus_LV_200-10_0_3_node_30", "Landuse Category": "Roads" }, "geometry": { "type": "Point", "coordinates": [ 8.643422408478594, 47.413290110146121 ] } },
{ "type": "Feature", "properties": { "name": "bus_LV_200-10_0_3_node_8", "Landuse Category": "Public buildings and surroundings" }, "geometry": { "type": "Point", "coordinates": [ 8.642400208477733, 47.412891810146306 ] } },
{ "type": "Feature", "properties": { "name": "bus_LV_200-10_0_3_node_27", "Landuse Category": "Roads" }, "geometry": { "type": "Point", "coordinates": [ 8.642608912110125, 47.413501733845095 ] } },
{ "type": "Feature", "properties": { "name": "bus_LV_200-10_0_3_node_28", "Landuse Category": "Roads" }, "geometry": { "type": "Point", "coordinates": [ 8.64314720891182, 47.413319713589225 ] } },
{ "type": "Feature", "properties": { "name": "bus_LV_200-10_0_3_node_180", "Landuse Category": "Roads" }, "geometry": { "type": "Point", "coordinates": [ 8.642907006337772, 47.413623571594314 ] } },
{ "type": "Feature", "properties": { "name": "bus_LV_200-10_0_3_node_34", "Landuse Category": "Roads" }, "geometry": { "type": "Point", "coordinates": [ 8.643375604594473, 47.413336975646139 ] } },
{ "type": "Feature", "properties": { "name": "bus_LV_200-10_0_3_node_35", "Landuse Category": "Roads" }, "geometry": { "type": "Point", "coordinates": [ 8.643320308478438, 47.413458010146186 ] } },
{ "type": "Feature", "properties": { "name": "bus_LV_200-10_0_3_node_39", "Landuse Category": "Roads" }, "geometry": { "type": "Point", "coordinates": [ 8.643498708478566, 47.413635510146257 ] } },
{ "type": "Feature", "properties": { "name": "bus_LV_200-10_0_3_node_36", "Landuse Category": "Semi-natural grassland, in general" }, "geometry": { "type": "Point", "coordinates": [ 8.644727283375852, 47.413144115005757 ] } },
{ "type": "Feature", "properties": { "name": "bus_LV_200-10_0_3_node_37", "Landuse Category": "Semi-natural grassland, in general" }, "geometry": { "type": "Point", "coordinates": [ 8.644342513014866, 47.413238293504072 ] } },
{ "type": "Feature", "properties": { "name": "bus_LV_200-10_0_3_node_38", "Landuse Category": "Unspecified buildings and surroundings" }, "geometry": { "type": "Point", "coordinates": [ 8.645210008480436, 47.412922110145452 ] } },
{ "type": "Feature", "properties": { "name": "bus_LV_200-10_0_3_node_40", "Landuse Category": "Semi-natural grassland, in general" }, "geometry": { "type": "Point", "coordinates": [ 8.645036008480172, 47.413212910145639 ] } },
{ "type": "Feature", "properties": { "name": "bus_LV_200-10_0_3_node_41", "Landuse Category": "Roads" }, "geometry": { "type": "Point", "coordinates": [ 8.643703108478705, 47.413799310146203 ] } },
{ "type": "Feature", "properties": { "name": "bus_LV_200-10_0_3_node_42", "Landuse Category": "Residential areas (one and two-family houses)" }, "geometry": { "type": "Point", "coordinates": [ 8.64540235228395, 47.413519972451617 ] } },
{ "type": "Feature", "properties": { "name": "bus_LV_200-10_0_3_node_43", "Landuse Category": "Semi-natural grassland, in general" }, "geometry": { "type": "Point", "coordinates": [ 8.644789534010384, 47.413430682855477 ] } },
{ "type": "Feature", "properties": { "name": "bus_LV_200-10_0_3_node_52", "Landuse Category": "Residential areas (one and two-family houses)" }, "geometry": { "type": "Point", "coordinates": [ 8.643524260081769, 47.413898220232817 ] } },
{ "type": "Feature", "properties": { "name": "bus_LV_200-10_0_3_node_53", "Landuse Category": "Roads" }, "geometry": { "type": "Point", "coordinates": [ 8.64375010012656, 47.413834390104938 ] } },
{ "type": "Feature", "properties": { "name": "bus_LV_200-10_0_3_node_87", "Landuse Category": "Residential areas (one and two-family houses)" }, "geometry": { "type": "Point", "coordinates": [ 8.645551208480539, 47.413620710145601 ] } },
{ "type": "Feature", "properties": { "name": "bus_LV_200-10_0_3_node_45", "Landuse Category": "Roads" }, "geometry": { "type": "Point", "coordinates": [ 8.643894476960586, 47.414559101968266 ] } },
{ "type": "Feature", "properties": { "name": "bus_LV_200-10_0_3_node_46", "Landuse Category": "Roads" }, "geometry": { "type": "Point", "coordinates": [ 8.644156129491062, 47.414472098777352 ] } },
{ "type": "Feature", "properties": { "name": "bus_LV_200-10_0_3_node_47", "Landuse Category": "Roads" }, "geometry": { "type": "Point", "coordinates": [ 8.643835709201218, 47.414578642963825 ] } },
{ "type": "Feature", "properties": { "name": "bus_LV_200-10_0_3_node_48", "Landuse Category": "Roads" }, "geometry": { "type": "Point", "coordinates": [ 8.644220351090757, 47.41445074404686 ] } },
{ "type": "Feature", "properties": { "name": "bus_LV_200-10_0_3_node_49", "Landuse Category": "Residential areas (one and two-family houses)" }, "geometry": { "type": "Point", "coordinates": [ 8.643530535325866, 47.414680116279897 ] } },
{ "type": "Feature", "properties": { "name": "bus_LV_200-10_0_3_node_50", "Landuse Category": "Roads" }, "geometry": { "type": "Point", "coordinates": [ 8.644456308479244, 47.414361310146141 ] } },
{ "type": "Feature", "properties": { "name": "bus_LV_200-10_0_3_node_51", "Landuse Category": "Residential areas (one and two-family houses)" }, "geometry": { "type": "Point", "coordinates": [ 8.643173821404121, 47.41478806195699 ] } },
{ "type": "Feature", "properties": { "name": "bus_LV_200-10_0_3_node_70", "Landuse Category": "Residential areas (one and two-family houses)" }, "geometry": { "type": "Point", "coordinates": [ 8.643743384468523, 47.41502847999476 ] } },
{ "type": "Feature", "properties": { "name": "bus_LV_200-10_0_3_node_59", "Landuse Category": "Roads" }, "geometry": { "type": "Point", "coordinates": [ 8.644493408479295, 47.414333710146138 ] } },
{ "type": "Feature", "properties": { "name": "bus_LV_200-10_0_3_node_61", "Landuse Category": "Roads" }, "geometry": { "type": "Point", "coordinates": [ 8.64434130847919, 47.414211110146141 ] } },
{ "type": "Feature", "properties": { "name": "bus_LV_200-10_0_3_node_81", "Landuse Category": "Residential areas (one and two-family houses)" }, "geometry": { "type": "Point", "coordinates": [ 8.642829102979167, 47.414890349427104 ] } },
{ "type": "Feature", "properties": { "name": "bus_LV_200-10_0_3_node_118", "Landuse Category": "Residential areas (one and two-family houses)" }, "geometry": { "type": "Point", "coordinates": [ 8.643258988350055, 47.414044924576331 ] } },
{ "type": "Feature", "properties": { "name": "bus_LV_200-10_0_3_node_117", "Landuse Category": "Roads" }, "geometry": { "type": "Point", "coordinates": [ 8.643953837398584, 47.41398648222512 ] } },
{ "type": "Feature", "properties": { "name": "bus_LV_200-10_0_3_node_54", "Landuse Category": "Residential areas (one and two-family houses)" }, "geometry": { "type": "Point", "coordinates": [ 8.645467208480301, 47.414122310145814 ] } },
{ "type": "Feature", "properties": { "name": "bus_LV_200-10_0_3_node_55", "Landuse Category": "Residential areas (one and two-family houses)" }, "geometry": { "type": "Point", "coordinates": [ 8.645241965667797, 47.414264602784087 ] } },
{ "type": "Feature", "properties": { "name": "bus_LV_200-10_0_3_node_56", "Landuse Category": "Residential areas (one and two-family houses)" }, "geometry": { "type": "Point", "coordinates": [ 8.645370108480229, 47.414052210145798 ] } },
{ "type": "Feature", "properties": { "name": "bus_LV_200-10_0_3_node_57", "Landuse Category": "Roads" }, "geometry": { "type": "Point", "coordinates": [ 8.645057961356281, 47.414401336737512 ] } },
{ "type": "Feature", "properties": { "name": "bus_LV_200-10_0_3_node_58", "Landuse Category": "Roads" }, "geometry": { "type": "Point", "coordinates": [ 8.644923410099455, 47.414491508833372 ] } },
{ "type": "Feature", "properties": { "name": "bus_LV_200-10_0_3_node_65", "Landuse Category": "Roads" }, "geometry": { "type": "Point", "coordinates": [ 8.64477090847949, 47.414593710146121 ] } },
{ "type": "Feature", "properties": { "name": "bus_LV_200-10_0_3_node_66", "Landuse Category": "Roads" }, "geometry": { "type": "Point", "coordinates": [ 8.644741720641427, 47.414160521819454 ] } },
{ "type": "Feature", "properties": { "name": "bus_LV_200-10_0_3_node_60", "Landuse Category": "Roads" }, "geometry": { "type": "Point", "coordinates": [ 8.644246808479096, 47.414238010146164 ] } },
{ "type": "Feature", "properties": { "name": "bus_LV_200-10_0_3_node_110", "Landuse Category": "Roads" }, "geometry": { "type": "Point", "coordinates": [ 8.643975522729637, 47.41400267049108 ] } },
{ "type": "Feature", "properties": { "name": "bus_LV_200-10_0_3_node_62", "Landuse Category": "Farm pastures, in general" }, "geometry": { "type": "Point", "coordinates": [ 8.645174508479704, 47.415090410146171 ] } },
{ "type": "Feature", "properties": { "name": "bus_LV_200-10_0_3_node_63", "Landuse Category": "Farm pastures, in general" }, "geometry": { "type": "Point", "coordinates": [ 8.645496170489244, 47.41540740913986 ] } },
{ "type": "Feature", "properties": { "name": "bus_LV_200-10_0_3_node_64", "Landuse Category": "Residential areas (one and two-family houses)" }, "geometry": { "type": "Point", "coordinates": [ 8.644792862263058, 47.415189979785133 ] } },
{ "type": "Feature", "properties": { "name": "bus_LV_200-10_0_3_node_89", "Landuse Category": "Residential areas (one and two-family houses)" }, "geometry": { "type": "Point", "coordinates": [ 8.645095608479693, 47.414909410146095 ] } },
{ "type": "Feature", "properties": { "name": "bus_LV_200-10_0_3_node_67", "Landuse Category": "Residential areas (one and two-family houses)" }, "geometry": { "type": "Point", "coordinates": [ 8.644697374014456, 47.415175302620625 ] } },
{ "type": "Feature", "properties": { "name": "bus_LV_200-10_0_3_node_86", "Landuse Category": "Residential areas (one and two-family houses)" }, "geometry": { "type": "Point", "coordinates": [ 8.645259142603711, 47.413811159426572 ] } },
{ "type": "Feature", "properties": { "name": "bus_LV_200-10_0_3_node_68", "Landuse Category": "Residential areas (one and two-family houses)" }, "geometry": { "type": "Point", "coordinates": [ 8.644355714825098, 47.415056613339225 ] } },
{ "type": "Feature", "properties": { "name": "bus_LV_200-10_0_3_node_69", "Landuse Category": "Residential areas (one and two-family houses)" }, "geometry": { "type": "Point", "coordinates": [ 8.644321392988369, 47.415042773669953 ] } },
{ "type": "Feature", "properties": { "name": "bus_LV_200-10_0_3_node_96", "Landuse Category": "Residential areas (one and two-family houses)" }, "geometry": { "type": "Point", "coordinates": [ 8.643585123530841, 47.415088368207243 ] } },
{ "type": "Feature", "properties": { "name": "bus_LV_200-10_0_3_node_79", "Landuse Category": "Residential areas (one and two-family houses)" }, "geometry": { "type": "Point", "coordinates": [ 8.642820470514764, 47.414892910899262 ] } },
{ "type": "Feature", "properties": { "name": "bus_LV_200-10_0_3_node_84", "Landuse Category": "Residential areas (one and two-family houses)" }, "geometry": { "type": "Point", "coordinates": [ 8.643166472269389, 47.41532612896949 ] } },
{ "type": "Feature", "properties": { "name": "bus_LV_200-10_0_3_node_85", "Landuse Category": "Residential areas (one and two-family houses)" }, "geometry": { "type": "Point", "coordinates": [ 8.643290837031179, 47.415252832225214 ] } },
{ "type": "Feature", "properties": { "name": "bus_LV_200-10_0_3_node_95", "Landuse Category": "Residential areas (one and two-family houses)" }, "geometry": { "type": "Point", "coordinates": [ 8.643435094753066, 47.415167810762746 ] } },
{ "type": "Feature", "properties": { "name": "bus_LV_200-10_0_3_node_88", "Landuse Category": "Residential areas (one and two-family houses)" }, "geometry": { "type": "Point", "coordinates": [ 8.645773336304812, 47.413788881186242 ] } },
{ "type": "Feature", "properties": { "name": "bus_LV_200-10_0_3_node_92", "Landuse Category": "Residential areas (one and two-family houses)" }, "geometry": { "type": "Point", "coordinates": [ 8.645974408480845, 47.413916710145571 ] } },
{ "type": "Feature", "properties": { "name": "bus_LV_200-10_0_3_node_100", "Landuse Category": "Farm pastures, in general" }, "geometry": { "type": "Point", "coordinates": [ 8.645204244486845, 47.414813817173432 ] } },
{ "type": "Feature", "properties": { "name": "bus_LV_200-10_0_3_node_90", "Landuse Category": "Residential areas (one and two-family houses)" }, "geometry": { "type": "Point", "coordinates": [ 8.646035880876664, 47.413956262497976 ] } },
{ "type": "Feature", "properties": { "name": "bus_LV_200-10_0_3_node_91", "Landuse Category": "Residential areas (one and two-family houses)" }, "geometry": { "type": "Point", "coordinates": [ 8.646405752447405, 47.414152545617583 ] } },
{ "type": "Feature", "properties": { "name": "bus_LV_200-10_0_3_node_93", "Landuse Category": "Residential areas (one and two-family houses)" }, "geometry": { "type": "Point", "coordinates": [ 8.646424008481205, 47.414161110145514 ] } },
{ "type": "Feature", "properties": { "name": "bus_LV_200-10_0_3_node_94", "Landuse Category": "Farm pastures, in general" }, "geometry": { "type": "Point", "coordinates": [ 8.646617408481376, 47.414245010145486 ] } },
{ "type": "Feature", "properties": { "name": "bus_LV_200-10_0_3_node_108", "Landuse Category": "Residential areas (one and two-family houses)" }, "geometry": { "type": "Point", "coordinates": [ 8.646364804963181, 47.414703741674515 ] } },
{ "type": "Feature", "properties": { "name": "bus_LV_200-10_0_3_node_97", "Landuse Category": "Residential areas (one and two-family houses)" }, "geometry": { "type": "Point", "coordinates": [ 8.645472396209479, 47.414587335784859 ] } },
{ "type": "Feature", "properties": { "name": "bus_LV_200-10_0_3_node_98", "Landuse Category": "Farm pastures, in general" }, "geometry": { "type": "Point", "coordinates": [ 8.64526375308599, 47.414769656521301 ] } },
{ "type": "Feature", "properties": { "name": "bus_LV_200-10_0_3_node_99", "Landuse Category": "Residential areas (one and two-family houses)" }, "geometry": { "type": "Point", "coordinates": [ 8.645584808480288, 47.414500510145878 ] } },
{ "type": "Feature", "properties": { "name": "bus_LV_200-10_0_3_node_170", "Landuse Category": "Residential areas (one and two-family houses)" }, "geometry": { "type": "Point", "coordinates": [ 8.643250998469654, 47.414049343231426 ] } },
{ "type": "Feature", "properties": { "name": "bus_LV_200-10_0_3_node_169", "Landuse Category": "Residential areas (one and two-family houses)" }, "geometry": { "type": "Point", "coordinates": [ 8.642977411994515, 47.414200644375896 ] } },
{ "type": "Feature", "properties": { "name": "bus_LV_200-10_0_3_node_171", "Landuse Category": "Residential areas (one and two-family houses)" }, "geometry": { "type": "Point", "coordinates": [ 8.64289902058051, 47.414243996790283 ] } },
{ "type": "Feature", "properties": { "name": "bus_LV_200-10_0_3_node_176", "Landuse Category": "Residential areas (one and two-family houses)" }, "geometry": { "type": "Point", "coordinates": [ 8.642654456376235, 47.414305888188572 ] } },
{ "type": "Feature", "properties": { "name": "bus_LV_200-10_0_3_node_174", "Landuse Category": "Residential areas (one and two-family houses)" }, "geometry": { "type": "Point", "coordinates": [ 8.642554689463182, 47.414635531484514 ] } },
{ "type": "Feature", "properties": { "name": "bus_LV_200-10_0_3_node_175", "Landuse Category": "Residential areas (one and two-family houses)" }, "geometry": { "type": "Point", "coordinates": [ 8.642734946403328, 47.414588473673206 ] } },
{ "type": "Feature", "properties": { "name": "bus_LV_200-10_0_3_node_177", "Landuse Category": "Residential areas (one and two-family houses)" }, "geometry": { "type": "Point", "coordinates": [ 8.642491965120463, 47.414390937514625 ] } },
{ "type": "Feature", "properties": { "name": "bus_LV_200-11_0_3_node_0", "Landuse Category": "Unspecified buildings and surroundings" }, "geometry": { "type": "Point", "coordinates": [ 8.6463535143254, 47.412942466476458 ] } },
{ "type": "Feature", "properties": { "name": "bus_LV_200-11_0_3_node_1", "Landuse Category": "Residential areas (one and two-family houses)" }, "geometry": { "type": "Point", "coordinates": [ 8.646175944049617, 47.413125897272046 ] } },
{ "type": "Feature", "properties": { "name": "bus_LV_200-11_0_3_node_2", "Landuse Category": "Residential areas (one and two-family houses)" }, "geometry": { "type": "Point", "coordinates": [ 8.646462708481669, 47.412826110145112 ] } },
{ "type": "Feature", "properties": { "name": "bus_LV_200-11_0_3_node_3", "Landuse Category": "Residential areas (one and two-family houses)" }, "geometry": { "type": "Point", "coordinates": [ 8.64608315154558, 47.413215529546015 ] } },
{ "type": "Feature", "properties": { "name": "bus_LV_200-11_0_3_node_4", "Landuse Category": "Residential areas (one and two-family houses)" }, "geometry": { "type": "Point", "coordinates": [ 8.646642312099271, 47.412602992741796 ] } },
{ "type": "Feature", "properties": { "name": "bus_LV_200-11_0_3_node_5", "Landuse Category": "Residential areas (one and two-family houses)" }, "geometry": { "type": "Point", "coordinates": [ 8.646623098981609, 47.412907590767389 ] } },
{ "type": "Feature", "properties": { "name": "bus_LV_200-11_0_3_node_10", "Landuse Category": "Residential areas (one and two-family houses)" }, "geometry": { "type": "Point", "coordinates": [ 8.645936338661619, 47.41335734165628 ] } },
{ "type": "Feature", "properties": { "name": "bus_LV_200-11_0_3_node_39", "Landuse Category": "Residential areas (one and two-family houses)" }, "geometry": { "type": "Point", "coordinates": [ 8.646750797260804, 47.412412529663072 ] } },
{ "type": "Feature", "properties": { "name": "bus_LV_200-11_0_3_node_57", "Landuse Category": "Farm pastures, in general" }, "geometry": { "type": "Point", "coordinates": [ 8.646975508482074, 47.413086510144964 ] } },
{ "type": "Feature", "properties": { "name": "bus_LV_200-11_0_3_node_9", "Landuse Category": "Residential areas (one and two-family houses)" }, "geometry": { "type": "Point", "coordinates": [ 8.645655008480654, 47.413552010145551 ] } },
{ "type": "Feature", "properties": { "name": "bus_LV_200-11_0_3_node_36", "Landuse Category": "Residential areas (one and two-family houses)" }, "geometry": { "type": "Point", "coordinates": [ 8.646818105889333, 47.412294357841759 ] } },
{ "type": "Feature", "properties": { "name": "bus_LV_200-11_0_3_node_11", "Landuse Category": "Unspecified buildings and surroundings" }, "geometry": { "type": "Point", "coordinates": [ 8.645789126222907, 47.41228495328437 ] } },
{ "type": "Feature", "properties": { "name": "bus_LV_200-11_0_3_node_12", "Landuse Category": "Unspecified buildings and surroundings" }, "geometry": { "type": "Point", "coordinates": [ 8.645970566251179, 47.412113035880331 ] } },
{ "type": "Feature", "properties": { "name": "bus_LV_200-11_0_3_node_13", "Landuse Category": "Unspecified buildings and surroundings" }, "geometry": { "type": "Point", "coordinates": [ 8.645654608481019, 47.412412410145201 ] } },
{ "type": "Feature", "properties": { "name": "bus_LV_200-11_0_3_node_56", "Landuse Category": "Farm pastures, in general" }, "geometry": { "type": "Point", "coordinates": [ 8.646992332241815, 47.413093056948064 ] } },
{ "type": "Feature", "properties": { "name": "bus_LV_200-11_0_3_node_6", "Landuse Category": "Residential areas (one and two-family houses)" }, "geometry": { "type": "Point", "coordinates": [ 8.645165374904643, 47.413230783088991 ] } },
{ "type": "Feature", "properties": { "name": "bus_LV_200-11_0_3_node_7", "Landuse Category": "Residential areas (one and two-family houses)" }, "geometry": { "type": "Point", "coordinates": [ 8.645409737494322, 47.41347624035464 ] } },
{ "type": "Feature", "properties": { "name": "bus_LV_200-11_0_3_node_8", "Landuse Category": "Unspecified buildings and surroundings" }, "geometry": { "type": "Point", "coordinates": [ 8.645247222436014, 47.412952984859977 ] } },
{ "type": "Feature", "properties": { "name": "bus_LV_200-11_0_3_node_73", "Landuse Category": "Unspecified buildings and surroundings" }, "geometry": { "type": "Point", "coordinates": [ 8.645210008480436, 47.412922110145452 ] } },
{ "type": "Feature", "properties": { "name": "bus_LV_200-11_0_3_node_16", "Landuse Category": "Residential areas (one and two-family houses)" }, "geometry": { "type": "Point", "coordinates": [ 8.645551208480539, 47.413620710145601 ] } },
{ "type": "Feature", "properties": { "name": "bus_LV_200-11_0_3_node_15", "Landuse Category": "Unspecified buildings and surroundings" }, "geometry": { "type": "Point", "coordinates": [ 8.645400774360136, 47.412703413025419 ] } },
{ "type": "Feature", "properties": { "name": "bus_LV_200-11_0_3_node_71", "Landuse Category": "Residential areas (one and two-family houses)" }, "geometry": { "type": "Point", "coordinates": [ 8.645797845639539, 47.413804462721387 ] } },
{ "type": "Feature", "properties": { "name": "bus_LV_200-11_0_3_node_14", "Landuse Category": "Agricultural buildings and surroundings" }, "geometry": { "type": "Point", "coordinates": [ 8.646049008481514, 47.412038710144977 ] } },
{ "type": "Feature", "properties": { "name": "bus_LV_200-11_0_3_node_17", "Landuse Category": "Agricultural buildings and surroundings" }, "geometry": { "type": "Point", "coordinates": [ 8.646108663810882, 47.411962819544883 ] } },
{ "type": "Feature", "properties": { "name": "bus_LV_200-11_0_3_node_32", "Landuse Category": "Residential areas (one and two-family houses)" }, "geometry": { "type": "Point", "coordinates": [ 8.646847130931066, 47.412243399236246 ] } },
{ "type": "Feature", "properties": { "name": "bus_LV_200-11_0_3_node_27", "Landuse Category": "Agricultural buildings and surroundings" }, "geometry": { "type": "Point", "coordinates": [ 8.646160908481752, 47.411627010144805 ] } },
{ "type": "Feature", "properties": { "name": "bus_LV_200-11_0_3_node_30", "Landuse Category": "Residential areas (blocks of flats)" }, "geometry": { "type": "Point", "coordinates": [ 8.646979142364668, 47.411959560893983 ] } },
{ "type": "Feature", "properties": { "name": "bus_LV_200-11_0_3_node_68", "Landuse Category": "Residential areas (one and two-family houses)" }, "geometry": { "type": "Point", "coordinates": [ 8.645974408480845, 47.413916710145571 ] } },
{ "type": "Feature", "properties": { "name": "bus_LV_200-11_0_3_node_28", "Landuse Category": "Agricultural buildings and surroundings" }, "geometry": { "type": "Point", "coordinates": [ 8.646081308481731, 47.411435410144762 ] } },
{ "type": "Feature", "properties": { "name": "bus_LV_200-11_0_3_node_18", "Landuse Category": "Residential areas (blocks of flats)" }, "geometry": { "type": "Point", "coordinates": [ 8.64756727242624, 47.411333497557727 ] } },
{ "type": "Feature", "properties": { "name": "bus_LV_200-11_0_3_node_19", "Landuse Category": "Residential areas (blocks of flats)" }, "geometry": { "type": "Point", "coordinates": [ 8.647541483831782, 47.411371732199676 ] } },
{ "type": "Feature", "properties": { "name": "bus_LV_200-11_0_3_node_20", "Landuse Category": "Residential areas (one and two-family houses)" }, "geometry": { "type": "Point", "coordinates": [ 8.647617108483312, 47.411137610144223 ] } },
{ "type": "Feature", "properties": { "name": "bus_LV_200-11_0_3_node_21", "Landuse Category": "Residential areas (blocks of flats)" }, "geometry": { "type": "Point", "coordinates": [ 8.647420752325335, 47.411496352512238 ] } },
{ "type": "Feature", "properties": { "name": "bus_LV_200-11_0_3_node_23", "Landuse Category": "Semi-natural grassland, in general" }, "geometry": { "type": "Point", "coordinates": [ 8.647844780807429, 47.411094083481871 ] } },
{ "type": "Feature", "properties": { "name": "bus_LV_200-11_0_3_node_24", "Landuse Category": "Semi-natural grassland, in general" }, "geometry": { "type": "Point", "coordinates": [ 8.647831908483546, 47.411065410144147 ] } },
{ "type": "Feature", "properties": { "name": "bus_LV_200-11_0_3_node_35", "Landuse Category": "Residential areas (blocks of flats)" }, "geometry": { "type": "Point", "coordinates": [ 8.647346295606519, 47.411558137087198 ] } },
{ "type": "Feature", "properties": { "name": "bus_LV_200-11_0_3_node_22", "Landuse Category": "Residential areas (one and two-family houses)" }, "geometry": { "type": "Point", "coordinates": [ 8.647155480585022, 47.411088545590928 ] } },
{ "type": "Feature", "properties": { "name": "bus_LV_200-11_0_3_node_25", "Landuse Category": "Residential areas (one and two-family houses)" }, "geometry": { "type": "Point", "coordinates": [ 8.647051797643361, 47.411064193348061 ] } },
{ "type": "Feature", "properties": { "name": "bus_LV_200-11_0_3_node_61", "Landuse Category": "Semi-natural grassland, in general" }, "geometry": { "type": "Point", "coordinates": [ 8.648037261164493, 47.410991709277354 ] } },
{ "type": "Feature", "properties": { "name": "bus_LV_200-11_0_3_node_88", "Landuse Category": "Residential areas (one and two-family houses)" }, "geometry": { "type": "Point", "coordinates": [ 8.64767453590585, 47.410931448672507 ] } },
{ "type": "Feature", "properties": { "name": "bus_LV_200-11_0_3_node_34", "Landuse Category": "Residential areas (blocks of flats)" }, "geometry": { "type": "Point", "coordinates": [ 8.647344532669868, 47.411559599978894 ] } },
{ "type": "Feature", "properties": { "name": "bus_LV_200-11_0_3_node_26", "Landuse Category": "Residential areas (one and two-family houses)" }, "geometry": { "type": "Point", "coordinates": [ 8.64704590848279, 47.411062810144358 ] } },
{ "type": "Feature", "properties": { "name": "bus_LV_200-11_0_3_node_62", "Landuse Category": "Semi-natural grassland, in general" }, "geometry": { "type": "Point", "coordinates": [ 8.648228353981747, 47.410890780147028 ] } },
{ "type": "Feature", "properties": { "name": "bus_LV_200-11_0_3_node_89", "Landuse Category": "Residential areas (one and two-family houses)" }, "geometry": { "type": "Point", "coordinates": [ 8.64761279579885, 47.410878892921311 ] } },
{ "type": "Feature", "properties": { "name": "bus_LV_200-11_0_3_node_38", "Landuse Category": "Residential areas (one and two-family houses)" }, "geometry": { "type": "Point", "coordinates": [ 8.647174696948875, 47.410894261284177 ] } },
{ "type": "Feature", "properties": { "name": "bus_LV_200-11_0_3_node_37", "Landuse Category": "Residential areas (one and two-family houses)" }, "geometry": { "type": "Point", "coordinates": [ 8.646835227632886, 47.410979490138509 ] } },
{ "type": "Feature", "properties": { "name": "bus_LV_200-11_0_3_node_85", "Landuse Category": "Residential areas (one and two-family houses)" }, "geometry": { "type": "Point", "coordinates": [ 8.647365908483195, 47.410731710144162 ] } },
{ "type": "Feature", "properties": { "name": "bus_LV_200-11_0_3_node_29", "Landuse Category": "Residential areas (blocks of flats)" }, "geometry": { "type": "Point", "coordinates": [ 8.647098392702697, 47.411769463070911 ] } },
{ "type": "Feature", "properties": { "name": "bus_LV_200-11_0_3_node_31", "Landuse Category": "Residential areas (blocks of flats)" }, "geometry": { "type": "Point", "coordinates": [ 8.647102519331391, 47.411764966627146 ] } },
{ "type": "Feature", "properties": { "name": "bus_LV_200-11_0_3_node_33", "Landuse Category": "Residential areas (blocks of flats)" }, "geometry": { "type": "Point", "coordinates": [ 8.647164713340944, 47.411708814193759 ] } },
{ "type": "Feature", "properties": { "name": "bus_LV_200-11_0_3_node_87", "Landuse Category": "Residential areas (one and two-family houses)" }, "geometry": { "type": "Point", "coordinates": [ 8.647395829576231, 47.410747755155022 ] } },
{ "type": "Feature", "properties": { "name": "bus_LV_200-11_0_3_node_83", "Landuse Category": "Residential areas (one and two-family houses)" }, "geometry": { "type": "Point", "coordinates": [ 8.647190566925211, 47.410637794398177 ] } },
{ "type": "Feature", "properties": { "name": "bus_LV_200-11_0_3_node_40", "Landuse Category": "Residential areas (one and two-family houses)" }, "geometry": { "type": "Point", "coordinates": [ 8.648954538197909, 47.411198224130075 ] } },
{ "type": "Feature", "properties": { "name": "bus_LV_200-11_0_3_node_41", "Landuse Category": "Residential areas (one and two-family houses)" }, "geometry": { "type": "Point", "coordinates": [ 8.648843608484444, 47.411279910143882 ] } },
{ "type": "Feature", "properties": { "name": "bus_LV_200-11_0_3_node_42", "Landuse Category": "Residential areas (one and two-family houses)" }, "geometry": { "type": "Point", "coordinates": [ 8.648980382088578, 47.411179193249438 ] } },
{ "type": "Feature", "properties": { "name": "bus_LV_200-11_0_3_node_43", "Landuse Category": "Residential areas (one and two-family houses)" }, "geometry": { "type": "Point", "coordinates": [ 8.648711608484263, 47.411427510143973 ] } },
{ "type": "Feature", "properties": { "name": "bus_LV_200-11_0_3_node_44", "Landuse Category": "Forest" }, "geometry": { "type": "Point", "coordinates": [ 8.64926580848495, 47.410969010143681 ] } },
{ "type": "Feature", "properties": { "name": "bus_LV_200-11_0_3_node_66", "Landuse Category": "Residential areas (one and two-family houses)" }, "geometry": { "type": "Point", "coordinates": [ 8.648960361383702, 47.41154919051737 ] } },
{ "type": "Feature", "properties": { "name": "bus_LV_200-11_0_3_node_64", "Landuse Category": "Residential areas (one and two-family houses)" }, "geometry": { "type": "Point", "coordinates": [ 8.648608476920602, 47.411504171924122 ] } },
{ "type": "Feature", "properties": { "name": "bus_LV_200-11_0_3_node_77", "Landuse Category": "Semi-natural grassland, in general" }, "geometry": { "type": "Point", "coordinates": [ 8.64891700848465, 47.410842110143712 ] } },
{ "type": "Feature", "properties": { "name": "bus_LV_200-11_0_3_node_78", "Landuse Category": "Forest" }, "geometry": { "type": "Point", "coordinates": [ 8.649434808485063, 47.411088410143655 ] } },
{ "type": "Feature", "properties": { "name": "bus_LV_200-11_0_3_node_79", "Landuse Category": "Arable land, in general" }, "geometry": { "type": "Point", "coordinates": [ 8.649071408484568, 47.411603510143934 ] } },
{ "type": "Feature", "properties": { "name": "bus_LV_200-11_0_3_node_65", "Landuse Category": "Residential areas (one and two-family houses)" }, "geometry": { "type": "Point", "coordinates": [ 8.648497708484012, 47.411586510144076 ] } },
{ "type": "Feature", "properties": { "name": "bus_LV_200-11_0_3_node_94", "Landuse Category": "Semi-natural grassland, in general" }, "geometry": { "type": "Point", "coordinates": [ 8.648696184440531, 47.411008217066929 ] } },
{ "type": "Feature", "properties": { "name": "bus_LV_200-11_0_3_node_96", "Landuse Category": "Arable land, in general" }, "geometry": { "type": "Point", "coordinates": [ 8.649393729275898, 47.411249371766033 ] } },
{ "type": "Feature", "properties": { "name": "bus_LV_200-11_0_3_node_45", "Landuse Category": "Semi-natural grassland, in general" }, "geometry": { "type": "Point", "coordinates": [ 8.648664499259104, 47.4121014190887 ] } },
{ "type": "Feature", "properties": { "name": "bus_LV_200-11_0_3_node_46", "Landuse Category": "Semi-natural grassland, in general" }, "geometry": { "type": "Point", "coordinates": [ 8.648637516384557, 47.412115750056898 ] } },
{ "type": "Feature", "properties": { "name": "bus_LV_200-11_0_3_node_47", "Landuse Category": "Semi-natural grassland, in general" }, "geometry": { "type": "Point", "coordinates": [ 8.648733108484096, 47.4120495101442 ] } },
{ "type": "Feature", "properties": { "name": "bus_LV_200-11_0_3_node_48", "Landuse Category": "Semi-natural grassland, in general" }, "geometry": { "type": "Point", "coordinates": [ 8.648474211709894, 47.412191825299097 ] } },
{ "type": "Feature", "properties": { "name": "bus_LV_200-11_0_3_node_49", "Landuse Category": "Residential areas (one and two-family houses)" }, "geometry": { "type": "Point", "coordinates": [ 8.648827503018031, 47.411971611163231 ] } },
{ "type": "Feature", "properties": { "name": "bus_LV_200-11_0_3_node_54", "Landuse Category": "Semi-natural grassland, in general" }, "geometry": { "type": "Point", "coordinates": [ 8.648324708483642, 47.412237610144345 ] } },
{ "type": "Feature", "properties": { "name": "bus_LV_200-11_0_3_node_82", "Landuse Category": "Arable land, in general" }, "geometry": { "type": "Point", "coordinates": [ 8.649082108484524, 47.411722610143961 ] } },
{ "type": "Feature", "properties": { "name": "bus_LV_200-11_0_3_node_52", "Landuse Category": "Semi-natural grassland, in general" }, "geometry": { "type": "Point", "coordinates": [ 8.648109408483412, 47.412329010144482 ] } },
{ "type": "Feature", "properties": { "name": "bus_LV_200-11_0_3_node_80", "Landuse Category": "Residential areas (one and two-family houses)" }, "geometry": { "type": "Point", "coordinates": [ 8.64894376868383, 47.411723118497569 ] } },
{ "type": "Feature", "properties": { "name": "bus_LV_200-11_0_3_node_50", "Landuse Category": "Semi-natural grassland, in general" }, "geometry": { "type": "Point", "coordinates": [ 8.648062608483359, 47.412320010144462 ] } },
{ "type": "Feature", "properties": { "name": "bus_LV_200-11_0_3_node_51", "Landuse Category": "Semi-natural grassland, in general" }, "geometry": { "type": "Point", "coordinates": [ 8.647984208483281, 47.412335210144491 ] } },
{ "type": "Feature", "properties": { "name": "bus_LV_200-11_0_3_node_53", "Landuse Category": "Semi-natural grassland, in general" }, "geometry": { "type": "Point", "coordinates": [ 8.647896899308227, 47.412393729753269 ] } },
{ "type": "Feature", "properties": { "name": "bus_LV_200-11_0_3_node_55", "Landuse Category": "Residential areas (one and two-family houses)" }, "geometry": { "type": "Point", "coordinates": [ 8.647710974141221, 47.412555953258185 ] } },
{ "type": "Feature", "properties": { "name": "bus_LV_200-11_0_3_node_63", "Landuse Category": "Residential areas (one and two-family houses)" }, "geometry": { "type": "Point", "coordinates": [ 8.64768467856846, 47.412584884191958 ] } },
{ "type": "Feature", "properties": { "name": "bus_LV_200-11_0_3_node_58", "Landuse Category": "Farm pastures, in general" }, "geometry": { "type": "Point", "coordinates": [ 8.647151608482178, 47.413308210145061 ] } },
{ "type": "Feature", "properties": { "name": "bus_LV_200-11_0_3_node_60", "Landuse Category": "Farm pastures, in general" }, "geometry": { "type": "Point", "coordinates": [ 8.647073374847318, 47.413384881023418 ] } },
{ "type": "Feature", "properties": { "name": "bus_LV_200-11_0_3_node_59", "Landuse Category": "Farm pastures, in general" }, "geometry": { "type": "Point", "coordinates": [ 8.646536165041962, 47.413421730580197 ] } },
{ "type": "Feature", "properties": { "name": "bus_LV_200-11_0_3_node_76", "Landuse Category": "Farm pastures, in general" }, "geometry": { "type": "Point", "coordinates": [ 8.64649026819032, 47.413462574450278 ] } },
{ "type": "Feature", "properties": { "name": "bus_LV_200-11_0_3_node_74", "Landuse Category": "Farm pastures, in general" }, "geometry": { "type": "Point", "coordinates": [ 8.646956467914423, 47.413503180753217 ] } },
{ "type": "Feature", "properties": { "name": "bus_LV_200-11_0_3_node_75", "Landuse Category": "Residential areas (one and two-family houses)" }, "geometry": { "type": "Point", "coordinates": [ 8.646276685705173, 47.413651756538819 ] } },
{ "type": "Feature", "properties": { "name": "bus_LV_200-11_0_3_node_72", "Landuse Category": "Farm pastures, in general" }, "geometry": { "type": "Point", "coordinates": [ 8.646733763744367, 47.413773825268592 ] } },
{ "type": "Feature", "properties": { "name": "bus_LV_200-11_0_3_node_67", "Landuse Category": "Residential areas (one and two-family houses)" }, "geometry": { "type": "Point", "coordinates": [ 8.64621285111663, 47.41406204867949 ] } },
{ "type": "Feature", "properties": { "name": "bus_LV_200-11_0_3_node_70", "Landuse Category": "Residential areas (one and two-family houses)" }, "geometry": { "type": "Point", "coordinates": [ 8.646225400174808, 47.413696709842021 ] } },
{ "type": "Feature", "properties": { "name": "bus_LV_200-11_0_3_node_95", "Landuse Category": "Residential areas (one and two-family houses)" }, "geometry": { "type": "Point", "coordinates": [ 8.648508278047039, 47.411138963824953 ] } },
{ "type": "Feature", "properties": { "name": "bus_LV_200-11_0_3_node_84", "Landuse Category": "Residential areas (one and two-family houses)" }, "geometry": { "type": "Point", "coordinates": [ 8.647142608483025, 47.410593110144177 ] } },
{ "type": "Feature", "properties": { "name": "bus_LV_200-11_0_3_node_86", "Landuse Category": "Residential areas (one and two-family houses)" }, "geometry": { "type": "Point", "coordinates": [ 8.647267189863989, 47.410536826941119 ] } },
{ "type": "Feature", "properties": { "name": "bus_LV_200-11_0_3_node_93", "Landuse Category": "Residential areas (blocks of flats)" }, "geometry": { "type": "Point", "coordinates": [ 8.647228308483223, 47.410204410144019 ] } },
{ "type": "Feature", "properties": { "name": "bus_LV_200-11_0_3_node_92", "Landuse Category": "Residential areas (one and two-family houses)" }, "geometry": { "type": "Point", "coordinates": [ 8.646874381234058, 47.410255535841237 ] } },
{ "type": "Feature", "properties": { "name": "bus_LV_200-11_0_3_node_90", "Landuse Category": "Residential areas (one and two-family houses)" }, "geometry": { "type": "Point", "coordinates": [ 8.647494208483302, 47.410800510144142 ] } },
{ "type": "Feature", "properties": { "name": "bus_LV_200-11_0_3_node_91", "Landuse Category": "Semi-natural grassland, in general" }, "geometry": { "type": "Point", "coordinates": [ 8.647892084058851, 47.410613667884 ] } },
{ "type": "Feature", "properties": { "name": "bus_LV_200-12_0_4_node_0", "Landuse Category": "Residential areas (terraced houses)" }, "geometry": { "type": "Point", "coordinates": [ 8.632066880245953, 47.418632035579726 ] } },
{ "type": "Feature", "properties": { "name": "bus_LV_200-12_0_4_node_1", "Landuse Category": "Motorways" }, "geometry": { "type": "Point", "coordinates": [ 8.631844608465801, 47.418519210151132 ] } },
{ "type": "Feature", "properties": { "name": "bus_LV_200-12_0_4_node_2", "Landuse Category": "Residential areas (terraced houses)" }, "geometry": { "type": "Point", "coordinates": [ 8.632083108465997, 47.418638610151127 ] } },
{ "type": "Feature", "properties": { "name": "bus_LV_200-12_0_4_node_3", "Landuse Category": "Motorways" }, "geometry": { "type": "Point", "coordinates": [ 8.630937608464681, 47.419315910151703 ] } },
{ "type": "Feature", "properties": { "name": "bus_LV_200-12_0_4_node_27", "Landuse Category": "Parking areas" }, "geometry": { "type": "Point", "coordinates": [ 8.631407079261983, 47.418122499621525 ] } },
{ "type": "Feature", "properties": { "name": "bus_LV_200-12_0_4_node_6", "Landuse Category": "Residential areas (blocks of flats)" }, "geometry": { "type": "Point", "coordinates": [ 8.632246006243694, 47.418469614712102 ] } },
{ "type": "Feature", "properties": { "name": "bus_LV_200-12_0_4_node_7", "Landuse Category": "Residential areas (terraced houses)" }, "geometry": { "type": "Point", "coordinates": [ 8.632265808466139, 47.41871261015109 ] } },
{ "type": "Feature", "properties": { "name": "bus_LV_200-12_0_4_node_31", "Landuse Category": "Residential areas (blocks of flats)" }, "geometry": { "type": "Point", "coordinates": [ 8.631128708464823, 47.419422310151639 ] } },
{ "type": "Feature", "properties": { "name": "bus_LV_200-12_0_4_node_33", "Landuse Category": "Motorways" }, "geometry": { "type": "Point", "coordinates": [ 8.630802060902154, 47.41940042426895 ] } },
{ "type": "Feature", "properties": { "name": "bus_LV_200-12_0_4_node_5", "Landuse Category": "Residential areas (blocks of flats)" }, "geometry": { "type": "Point", "coordinates": [ 8.632279908466261, 47.418433610150991 ] } },
{ "type": "Feature", "properties": { "name": "bus_LV_200-12_0_4_node_65", "Landuse Category": "Residential areas (blocks of flats)" }, "geometry": { "type": "Point", "coordinates": [ 8.632261808466234, 47.418426310150984 ] } },
{ "type": "Feature", "properties": { "name": "bus_LV_200-12_0_4_node_26", "Landuse Category": "Parking areas" }, "geometry": { "type": "Point", "coordinates": [ 8.631310099173342, 47.418180815711786 ] } },
{ "type": "Feature", "properties": { "name": "bus_LV_200-12_0_4_node_30", "Landuse Category": "Residential areas (blocks of flats)" }, "geometry": { "type": "Point", "coordinates": [ 8.631686619541558, 47.419730647669731 ] } },
{ "type": "Feature", "properties": { "name": "bus_LV_200-12_0_4_node_34", "Landuse Category": "Residential areas (blocks of flats)" }, "geometry": { "type": "Point", "coordinates": [ 8.630770808464483, 47.419419910151781 ] } },
{ "type": "Feature", "properties": { "name": "bus_LV_200-12_0_4_node_14", "Landuse Category": "Residential areas (terraced houses)" }, "geometry": { "type": "Point", "coordinates": [ 8.632996859851916, 47.418703622440077 ] } },
{ "type": "Feature", "properties": { "name": "bus_LV_200-12_0_4_node_15", "Landuse Category": "Residential areas (terraced houses)" }, "geometry": { "type": "Point", "coordinates": [ 8.63273317095021, 47.41896762148685 ] } },
{ "type": "Feature", "properties": { "name": "bus_LV_200-12_0_4_node_8", "Landuse Category": "Residential areas (terraced houses)" }, "geometry": { "type": "Point", "coordinates": [ 8.633166672156806, 47.419110956297416 ] } },
{ "type": "Feature", "properties": { "name": "bus_LV_200-12_0_4_node_9", "Landuse Category": "Residential areas (terraced houses)" }, "geometry": { "type": "Point", "coordinates": [ 8.633055914100298, 47.419237105610435 ] } },
{ "type": "Feature", "properties": { "name": "bus_LV_200-12_0_4_node_10", "Landuse Category": "Residential areas (terraced houses)" }, "geometry": { "type": "Point", "coordinates": [ 8.633211760906793, 47.419059601682576 ] } },
{ "type": "Feature", "properties": { "name": "bus_LV_200-12_0_4_node_11", "Landuse Category": "Residential areas (terraced houses)" }, "geometry": { "type": "Point", "coordinates": [ 8.63300729398172, 47.419292481895774 ] } },
{ "type": "Feature", "properties": { "name": "bus_LV_200-12_0_4_node_12", "Landuse Category": "Arable land, in general" }, "geometry": { "type": "Point", "coordinates": [ 8.633345810128688, 47.418906923299105 ] } },
{ "type": "Feature", "properties": { "name": "bus_LV_200-12_0_4_node_13", "Landuse Category": "Motorways" }, "geometry": { "type": "Point", "coordinates": [ 8.632872408466495, 47.419446110151192 ] } },
{ "type": "Feature", "properties": { "name": "bus_LV_200-12_0_4_node_21", "Landuse Category": "Arable land, in general" }, "geometry": { "type": "Point", "coordinates": [ 8.633416765841384, 47.41882610626989 ] } },
{ "type": "Feature", "properties": { "name": "bus_LV_200-12_0_4_node_18", "Landuse Category": "Motorways" }, "geometry": { "type": "Point", "coordinates": [ 8.633032761287353, 47.419500448932681 ] } },
{ "type": "Feature", "properties": { "name": "bus_LV_200-12_0_4_node_19", "Landuse Category": "Motorways" }, "geometry": { "type": "Point", "coordinates": [ 8.632194608465673, 47.42002691015152 ] } },
{ "type": "Feature", "properties": { "name": "bus_LV_200-12_0_4_node_16", "Landuse Category": "Residential areas (terraced houses)" }, "geometry": { "type": "Point", "coordinates": [ 8.63253910846627, 47.419161910151175 ] } },
{ "type": "Feature", "properties": { "name": "bus_LV_200-12_0_4_node_22", "Landuse Category": "Arable land, in general" }, "geometry": { "type": "Point", "coordinates": [ 8.633542814194175, 47.418682539191764 ] } },
{ "type": "Feature", "properties": { "name": "bus_LV_200-12_0_4_node_24", "Landuse Category": "Motorways" }, "geometry": { "type": "Point", "coordinates": [ 8.633279255412763, 47.419618229143758 ] } },
{ "type": "Feature", "properties": { "name": "bus_LV_200-12_0_4_node_20", "Landuse Category": "Residential areas (blocks of flats)" }, "geometry": { "type": "Point", "coordinates": [ 8.631838308465392, 47.419806610151561 ] } },
{ "type": "Feature", "properties": { "name": "bus_LV_200-12_0_4_node_64", "Landuse Category": "Motorways" }, "geometry": { "type": "Point", "coordinates": [ 8.632117548915367, 47.420139023704046 ] } },
{ "type": "Feature", "properties": { "name": "bus_LV_200-12_0_4_node_32", "Landuse Category": "Residential areas (blocks of flats)" }, "geometry": { "type": "Point", "coordinates": [ 8.631723582811164, 47.419975022788698 ] } },
{ "type": "Feature", "properties": { "name": "bus_LV_200-12_0_4_node_23", "Landuse Category": "Arable land, in general" }, "geometry": { "type": "Point", "coordinates": [ 8.633564371783827, 47.418657985346464 ] } },
{ "type": "Feature", "properties": { "name": "bus_LV_200-12_0_4_node_25", "Landuse Category": "Motorways" }, "geometry": { "type": "Point", "coordinates": [ 8.633283201000962, 47.419620429840982 ] } },
{ "type": "Feature", "properties": { "name": "bus_LV_200-12_0_4_node_58", "Landuse Category": "Motorways" }, "geometry": { "type": "Point", "coordinates": [ 8.632011100473608, 47.420293894139093 ] } },
{ "type": "Feature", "properties": { "name": "bus_LV_200-12_0_4_node_61", "Landuse Category": "Residential areas (blocks of flats)" }, "geometry": { "type": "Point", "coordinates": [ 8.631719708465219, 47.41998071015167 ] } },
{ "type": "Feature", "properties": { "name": "bus_LV_200-12_0_4_node_62", "Landuse Category": "Residential areas (blocks of flats)" }, "geometry": { "type": "Point", "coordinates": [ 8.631611908465127, 47.419946510151675 ] } },
{ "type": "Feature", "properties": { "name": "bus_LV_200-12_0_4_node_63", "Landuse Category": "Residential areas (blocks of flats)" }, "geometry": { "type": "Point", "coordinates": [ 8.631499308464901, 47.420304410151836 ] } },
{ "type": "Feature", "properties": { "name": "bus_LV_200-12_0_4_node_35", "Landuse Category": "Residential areas (blocks of flats)" }, "geometry": { "type": "Point", "coordinates": [ 8.630867434929304, 47.419658575112607 ] } },
{ "type": "Feature", "properties": { "name": "bus_LV_200-12_0_4_node_44", "Landuse Category": "Residential areas (blocks of flats)" }, "geometry": { "type": "Point", "coordinates": [ 8.630767083112955, 47.419804798722687 ] } },
{ "type": "Feature", "properties": { "name": "bus_LV_200-12_0_4_node_36", "Landuse Category": "Residential areas (blocks of flats)" }, "geometry": { "type": "Point", "coordinates": [ 8.631023908463996, 47.421744710152375 ] } },
{ "type": "Feature", "properties": { "name": "bus_LV_200-12_0_4_node_57", "Landuse Category": "Residential areas (blocks of flats)" }, "geometry": { "type": "Point", "coordinates": [ 8.631586408464564, 47.421680810152246 ] } },
{ "type": "Feature", "properties": { "name": "bus_LV_200-12_0_4_node_54", "Landuse Category": "Residential areas (blocks of flats)" }, "geometry": { "type": "Point", "coordinates": [ 8.631205455396168, 47.421473656227221 ] } },
{ "type": "Feature", "properties": { "name": "bus_LV_200-12_0_4_node_38", "Landuse Category": "Residential areas (blocks of flats)" }, "geometry": { "type": "Point", "coordinates": [ 8.630809008463924, 47.421318210152357 ] } },
{ "type": "Feature", "properties": { "name": "bus_LV_200-12_0_4_node_77", "Landuse Category": "Residential areas (blocks of flats)" }, "geometry": { "type": "Point", "coordinates": [ 8.630689908463827, 47.421278510152341 ] } },
{ "type": "Feature", "properties": { "name": "bus_LV_200-12_0_4_node_42", "Landuse Category": "Residential areas (blocks of flats)" }, "geometry": { "type": "Point", "coordinates": [ 8.631059608464284, 47.420950110152141 ] } },
{ "type": "Feature", "properties": { "name": "bus_LV_200-12_0_4_node_40", "Landuse Category": "Residential areas (blocks of flats)" }, "geometry": { "type": "Point", "coordinates": [ 8.630555808464068, 47.420112210152034 ] } },
{ "type": "Feature", "properties": { "name": "bus_LV_200-12_0_4_node_48", "Landuse Category": "Residential areas (blocks of flats)" }, "geometry": { "type": "Point", "coordinates": [ 8.631011708464479, 47.420199810151935 ] } },
{ "type": "Feature", "properties": { "name": "bus_LV_200-12_0_4_node_45", "Landuse Category": "Residential areas (blocks of flats)" }, "geometry": { "type": "Point", "coordinates": [ 8.630621047713882, 47.420017285489685 ] } },
{ "type": "Feature", "properties": { "name": "bus_LV_200-12_0_4_node_41", "Landuse Category": "Roads" }, "geometry": { "type": "Point", "coordinates": [ 8.630448408463696, 47.4209540101523 ] } },
{ "type": "Feature", "properties": { "name": "bus_LV_200-12_0_4_node_68", "Landuse Category": "Roads" }, "geometry": { "type": "Point", "coordinates": [ 8.630440708463684, 47.420951710152316 ] } },
{ "type": "Feature", "properties": { "name": "bus_LV_200-12_0_4_node_43", "Landuse Category": "Residential areas (blocks of flats)" }, "geometry": { "type": "Point", "coordinates": [ 8.630708808464066, 47.420570810152149 ] } },
{ "type": "Feature", "properties": { "name": "bus_LV_200-12_0_4_node_47", "Landuse Category": "Roads" }, "geometry": { "type": "Point", "coordinates": [ 8.630397208463592, 47.421098210152401 ] } },
{ "type": "Feature", "properties": { "name": "bus_LV_200-12_0_4_node_76", "Landuse Category": "Residential areas (blocks of flats)" }, "geometry": { "type": "Point", "coordinates": [ 8.630993108464228, 47.420927010152162 ] } },
{ "type": "Feature", "properties": { "name": "bus_LV_200-12_0_4_node_74", "Landuse Category": "Residential areas (blocks of flats)" }, "geometry": { "type": "Point", "coordinates": [ 8.631278508464604, 47.420628710151988 ] } },
{ "type": "Feature", "properties": { "name": "bus_LV_200-12_0_4_node_69", "Landuse Category": "Residential areas (blocks of flats)" }, "geometry": { "type": "Point", "coordinates": [ 8.630697408464062, 47.420567610152126 ] } },
{ "type": "Feature", "properties": { "name": "bus_LV_200-12_0_4_node_70", "Landuse Category": "Residential areas (blocks of flats)" }, "geometry": { "type": "Point", "coordinates": [ 8.630923408464346, 47.420328010152019 ] } },
{ "type": "Feature", "properties": { "name": "bus_LV_200-12_0_4_node_66", "Landuse Category": "Residential areas (blocks of flats)" }, "geometry": { "type": "Point", "coordinates": [ 8.631664508464697, 47.421470910152145 ] } },
{ "type": "Feature", "properties": { "name": "bus_LV_200-12_0_4_node_67", "Landuse Category": "Residential areas (blocks of flats)" }, "geometry": { "type": "Point", "coordinates": [ 8.631527108464505, 47.421674710152224 ] } },
{ "type": "Feature", "properties": { "name": "bus_LV_200-12_0_4_node_55", "Landuse Category": "Residential areas (blocks of flats)" }, "geometry": { "type": "Point", "coordinates": [ 8.631408074758616, 47.421176760603657 ] } },
{ "type": "Feature", "properties": { "name": "bus_LV_200-12_0_4_node_46", "Landuse Category": "Residential areas (blocks of flats)" }, "geometry": { "type": "Point", "coordinates": [ 8.630311680070923, 47.421225001294097 ] } },
{ "type": "Feature", "properties": { "name": "bus_LV_200-12_0_4_node_72", "Landuse Category": "Residential areas (blocks of flats)" }, "geometry": { "type": "Point", "coordinates": [ 8.631052908464559, 47.420052710151865 ] } },
{ "type": "Feature", "properties": { "name": "bus_LV_200-12_0_4_node_75", "Landuse Category": "Residential areas (blocks of flats)" }, "geometry": { "type": "Point", "coordinates": [ 8.63116590846449, 47.420590710152027 ] } },
{ "type": "Feature", "properties": { "name": "bus_LV_200-12_0_4_node_71", "Landuse Category": "Residential areas (blocks of flats)" }, "geometry": { "type": "Point", "coordinates": [ 8.630870308464296, 47.420310210152003 ] } },
{ "type": "Feature", "properties": { "name": "bus_LV_200-12_0_4_node_49", "Landuse Category": "Residential areas (blocks of flats)" }, "geometry": { "type": "Point", "coordinates": [ 8.631832403941116, 47.420554910939551 ] } },
{ "type": "Feature", "properties": { "name": "bus_LV_200-12_0_4_node_50", "Landuse Category": "Residential areas (blocks of flats)" }, "geometry": { "type": "Point", "coordinates": [ 8.631914483723978, 47.420434642662165 ] } },
{ "type": "Feature", "properties": { "name": "bus_LV_200-12_0_4_node_51", "Landuse Category": "Residential areas (blocks of flats)" }, "geometry": { "type": "Point", "coordinates": [ 8.63175530411177, 47.420667881734531 ] } },
{ "type": "Feature", "properties": { "name": "bus_LV_200-12_0_4_node_52", "Landuse Category": "Residential areas (blocks of flats)" }, "geometry": { "type": "Point", "coordinates": [ 8.631997219595714, 47.420314089171164 ] } },
{ "type": "Feature", "properties": { "name": "bus_LV_200-12_0_4_node_53", "Landuse Category": "Residential areas (blocks of flats)" }, "geometry": { "type": "Point", "coordinates": [ 8.631652036172181, 47.420819194606359 ] } },
{ "type": "Feature", "properties": { "name": "bus_LV_200-12_0_4_node_56", "Landuse Category": "Residential areas (blocks of flats)" }, "geometry": { "type": "Point", "coordinates": [ 8.631527008464708, 47.421002410152042 ] } },
{ "type": "Feature", "properties": { "name": "bus_LV_200-12_0_4_node_59", "Landuse Category": "Residential areas (blocks of flats)" }, "geometry": { "type": "Point", "coordinates": [ 8.631832734495516, 47.421099607348516 ] } },
{ "type": "Feature", "properties": { "name": "bus_LV_200-12_0_4_node_60", "Landuse Category": "Residential areas (blocks of flats)" }, "geometry": { "type": "Point", "coordinates": [ 8.631838908464934, 47.421237810152036 ] } },
{ "type": "Feature", "properties": { "name": "bus_LV_200-12_0_4_node_73", "Landuse Category": "Residential areas (blocks of flats)" }, "geometry": { "type": "Point", "coordinates": [ 8.631435608464864, 47.42028341015186 ] } },
{ "type": "Feature", "properties": { "name": "bus_LV_200-3_0_4_node_0", "Landuse Category": "Public buildings and surroundings" }, "geometry": { "type": "Point", "coordinates": [ 8.638072246895307, 47.416787968650212 ] } },
{ "type": "Feature", "properties": { "name": "bus_LV_200-3_0_4_node_102", "Landuse Category": "Roads" }, "geometry": { "type": "Point", "coordinates": [ 8.635481708469621, 47.417521110149771 ] } },
{ "type": "Feature", "properties": { "name": "bus_LV_200-3_0_4_node_107", "Landuse Category": "Roads" }, "geometry": { "type": "Point", "coordinates": [ 8.635422308469575, 47.417487310149802 ] } },
{ "type": "Feature", "properties": { "name": "bus_LV_200-3_0_4_node_100", "Landuse Category": "Arable land, in general" }, "geometry": { "type": "Point", "coordinates": [ 8.635144308469217, 47.417770410149963 ] } },
{ "type": "Feature", "properties": { "name": "bus_LV_200-3_0_4_node_2", "Landuse Category": "Horticulture" }, "geometry": { "type": "Point", "coordinates": [ 8.629279044881688, 47.411825609191723 ] } },
{ "type": "Feature", "properties": { "name": "bus_LV_200-3_0_4_node_3", "Landuse Category": "Arable land, in general" }, "geometry": { "type": "Point", "coordinates": [ 8.629200408465167, 47.412464010150018 ] } },
{ "type": "Feature", "properties": { "name": "bus_LV_200-3_0_4_node_4", "Landuse Category": "Arable land, in general" }, "geometry": { "type": "Point", "coordinates": [ 8.629970858828315, 47.4127901143627 ] } },
{ "type": "Feature", "properties": { "name": "bus_LV_200-3_0_4_node_5", "Landuse Category": "Residential areas (one and two-family houses)" }, "geometry": { "type": "Point", "coordinates": [ 8.629080283685488, 47.412413589700677 ] } },
{ "type": "Feature", "properties": { "name": "bus_LV_200-3_0_4_node_11", "Landuse Category": "Arable land, in general" }, "geometry": { "type": "Point", "coordinates": [ 8.630065439577542, 47.412830272063275 ] } },
{ "type": "Feature", "properties": { "name": "bus_LV_200-3_0_4_node_17", "Landuse Category": "Residential areas (one and two-family houses)" }, "geometry": { "type": "Point", "coordinates": [ 8.628777265417192, 47.412286401660218 ] } },
{ "type": "Feature", "properties": { "name": "bus_LV_200-3_0_4_node_12", "Landuse Category": "Residential areas (one and two-family houses)" }, "geometry": { "type": "Point", "coordinates": [ 8.630860308466549, 47.413161610149771 ] } },
{ "type": "Feature", "properties": { "name": "bus_LV_200-3_0_4_node_18", "Landuse Category": "Rivers, streams" }, "geometry": { "type": "Point", "coordinates": [ 8.628616105046071, 47.412218756083199 ] } },
{ "type": "Feature", "properties": { "name": "bus_LV_200-3_0_4_node_6", "Landuse Category": "Arable land, in general" }, "geometry": { "type": "Point", "coordinates": [ 8.626916791474816, 47.414176501217632 ] } },
{ "type": "Feature", "properties": { "name": "bus_LV_200-3_0_4_node_7", "Landuse Category": "Arable land, in general" }, "geometry": { "type": "Point", "coordinates": [ 8.626874375598607, 47.414225527410537 ] } },
{ "type": "Feature", "properties": { "name": "bus_LV_200-3_0_4_node_8", "Landuse Category": "Arable land, in general" }, "geometry": { "type": "Point", "coordinates": [ 8.627929908463727, 47.413150610150616 ] } },
{ "type": "Feature", "properties": { "name": "bus_LV_200-3_0_4_node_10", "Landuse Category": "Residential areas (one and two-family houses)" }, "geometry": { "type": "Point", "coordinates": [ 8.628209289274754, 47.412375583245151 ] } },
{ "type": "Feature", "properties": { "name": "bus_LV_200-3_0_4_node_19", "Landuse Category": "Rivers, streams" }, "geometry": { "type": "Point", "coordinates": [ 8.628403008464506, 47.412129310150171 ] } },
{ "type": "Feature", "properties": { "name": "bus_LV_200-3_0_4_node_29", "Landuse Category": "Forest" }, "geometry": { "type": "Point", "coordinates": [ 8.628924708465535, 47.410477110149486 ] } },
{ "type": "Feature", "properties": { "name": "bus_LV_200-3_0_4_node_20", "Landuse Category": "Residential areas (one and two-family houses)" }, "geometry": { "type": "Point", "coordinates": [ 8.63059770846619, 47.413471710149885 ] } },
{ "type": "Feature", "properties": { "name": "bus_LV_200-3_0_4_node_22", "Landuse Category": "Residential areas (one and two-family houses)" }, "geometry": { "type": "Point", "coordinates": [ 8.630817341559093, 47.41360686927856 ] } },
{ "type": "Feature", "properties": { "name": "bus_LV_200-3_0_4_node_13", "Landuse Category": "Industrial and commercial areas > 1 ha" }, "geometry": { "type": "Point", "coordinates": [ 8.633333148550241, 47.414376543064705 ] } },
{ "type": "Feature", "properties": { "name": "bus_LV_200-3_0_4_node_14", "Landuse Category": "Horticulture" }, "geometry": { "type": "Point", "coordinates": [ 8.633077808468244, 47.414564510149567 ] } },
{ "type": "Feature", "properties": { "name": "bus_LV_200-3_0_4_node_16", "Landuse Category": "Industrial and commercial areas > 1 ha" }, "geometry": { "type": "Point", "coordinates": [ 8.633276444416703, 47.414688306331144 ] } },
{ "type": "Feature", "properties": { "name": "bus_LV_200-3_0_4_node_24", "Landuse Category": "Parking areas" }, "geometry": { "type": "Point", "coordinates": [ 8.634619408469421, 47.415545510149414 ] } },
{ "type": "Feature", "properties": { "name": "bus_LV_200-3_0_4_node_25", "Landuse Category": "Parking areas" }, "geometry": { "type": "Point", "coordinates": [ 8.63495900846968, 47.415763710149406 ] } },
{ "type": "Feature", "properties": { "name": "bus_LV_200-3_0_4_node_93", "Landuse Category": "Horticulture" }, "geometry": { "type": "Point", "coordinates": [ 8.629996787184398, 47.410655685914371 ] } },
{ "type": "Feature", "properties": { "name": "bus_LV_200-3_0_4_node_21", "Landuse Category": "Residential areas (one and two-family houses)" }, "geometry": { "type": "Point", "coordinates": [ 8.630824536163924, 47.413783215382345 ] } },
{ "type": "Feature", "properties": { "name": "bus_LV_200-3_0_4_node_91", "Landuse Category": "Arable land, in general" }, "geometry": { "type": "Point", "coordinates": [ 8.630767408465761, 47.415356910150471 ] } },
{ "type": "Feature", "properties": { "name": "bus_LV_200-3_0_4_node_90", "Landuse Category": "Motorways" }, "geometry": { "type": "Point", "coordinates": [ 8.630258815945931, 47.416076679698548 ] } },
{ "type": "Feature", "properties": { "name": "bus_LV_200-3_0_4_node_28", "Landuse Category": "Public parks" }, "geometry": { "type": "Point", "coordinates": [ 8.634237808468781, 47.41639621014982 ] } },
{ "type": "Feature", "properties": { "name": "bus_LV_200-3_0_4_node_26", "Landuse Category": "Public parks" }, "geometry": { "type": "Point", "coordinates": [ 8.634427438152098, 47.41614472652828 ] } },
{ "type": "Feature", "properties": { "name": "bus_LV_200-3_0_4_node_58", "Landuse Category": "Public parks" }, "geometry": { "type": "Point", "coordinates": [ 8.634061769326669, 47.416526658299091 ] } },
{ "type": "Feature", "properties": { "name": "bus_LV_200-3_0_4_node_77", "Landuse Category": "Public parks" }, "geometry": { "type": "Point", "coordinates": [ 8.634478692568038, 47.416222976251809 ] } },
{ "type": "Feature", "properties": { "name": "bus_LV_200-3_0_4_node_27", "Landuse Category": "Public parks" }, "geometry": { "type": "Point", "coordinates": [ 8.634314866916046, 47.416227042929528 ] } },
{ "type": "Feature", "properties": { "name": "bus_LV_200-3_0_4_node_51", "Landuse Category": "Residential areas (blocks of flats)" }, "geometry": { "type": "Point", "coordinates": [ 8.633743970098003, 47.416765343979264 ] } },
{ "type": "Feature", "properties": { "name": "bus_LV_200-3_0_4_node_80", "Landuse Category": "Roads" }, "geometry": { "type": "Point", "coordinates": [ 8.634611168460607, 47.416767786193645 ] } },
{ "type": "Feature", "properties": { "name": "bus_LV_200-3_0_4_node_88", "Landuse Category": "Residential areas (blocks of flats)" }, "geometry": { "type": "Point", "coordinates": [ 8.634475513578352, 47.4169228777453 ] } },
{ "type": "Feature", "properties": { "name": "bus_LV_200-3_0_4_node_70", "Landuse Category": "Residential areas (one and two-family houses)" }, "geometry": { "type": "Point", "coordinates": [ 8.632930208467213, 47.417349110150475 ] } },
{ "type": "Feature", "properties": { "name": "bus_LV_200-3_0_4_node_82", "Landuse Category": "Residential areas (blocks of flats)" }, "geometry": { "type": "Point", "coordinates": [ 8.632577455864281, 47.417641087687834 ] } },
{ "type": "Feature", "properties": { "name": "bus_LV_200-3_0_4_node_68", "Landuse Category": "Residential areas (one and two-family houses)" }, "geometry": { "type": "Point", "coordinates": [ 8.632769394658661, 47.41724719263906 ] } },
{ "type": "Feature", "properties": { "name": "bus_LV_200-3_0_4_node_78", "Landuse Category": "Farm pastures, in general" }, "geometry": { "type": "Point", "coordinates": [ 8.634816379089788, 47.415976942317066 ] } },
{ "type": "Feature", "properties": { "name": "bus_LV_200-3_0_4_node_92", "Landuse Category": "Roads" }, "geometry": { "type": "Point", "coordinates": [ 8.63151561180678, 47.410907829883143 ] } },
{ "type": "Feature", "properties": { "name": "bus_LV_200-3_0_4_node_30", "Landuse Category": "Residential areas (blocks of flats)" }, "geometry": { "type": "Point", "coordinates": [ 8.634154952101396, 47.417294264790641 ] } },
{ "type": "Feature", "properties": { "name": "bus_LV_200-3_0_4_node_31", "Landuse Category": "Residential areas (blocks of flats)" }, "geometry": { "type": "Point", "coordinates": [ 8.633966735791256, 47.417445818818337 ] } },
{ "type": "Feature", "properties": { "name": "bus_LV_200-3_0_4_node_32", "Landuse Category": "Residential areas (blocks of flats)" }, "geometry": { "type": "Point", "coordinates": [ 8.634243108468516, 47.417223810150013 ] } },
{ "type": "Feature", "properties": { "name": "bus_LV_200-3_0_4_node_33", "Landuse Category": "Residential areas (one and two-family houses)" }, "geometry": { "type": "Point", "coordinates": [ 8.633773584574541, 47.417604407471018 ] } },
{ "type": "Feature", "properties": { "name": "bus_LV_200-3_0_4_node_34", "Landuse Category": "Residential areas (blocks of flats)" }, "geometry": { "type": "Point", "coordinates": [ 8.634333608468594, 47.417273410150003 ] } },
{ "type": "Feature", "properties": { "name": "bus_LV_200-3_0_4_node_35", "Landuse Category": "Residential areas (blocks of flats)" }, "geometry": { "type": "Point", "coordinates": [ 8.634323583184552, 47.417048287759712 ] } },
{ "type": "Feature", "properties": { "name": "bus_LV_200-3_0_4_node_45", "Landuse Category": "Residential areas (one and two-family houses)" }, "geometry": { "type": "Point", "coordinates": [ 8.633691782460504, 47.417671571493962 ] } },
{ "type": "Feature", "properties": { "name": "bus_LV_200-3_0_4_node_39", "Landuse Category": "Residential areas (blocks of flats)" }, "geometry": { "type": "Point", "coordinates": [ 8.634412608468676, 47.417251410150023 ] } },
{ "type": "Feature", "properties": { "name": "bus_LV_200-3_0_4_node_36", "Landuse Category": "Residential areas (blocks of flats)" }, "geometry": { "type": "Point", "coordinates": [ 8.634381007039051, 47.417450421992044 ] } },
{ "type": "Feature", "properties": { "name": "bus_LV_200-3_0_4_node_43", "Landuse Category": "Residential areas (one and two-family houses)" }, "geometry": { "type": "Point", "coordinates": [ 8.633562398108312, 47.417772429574939 ] } },
{ "type": "Feature", "properties": { "name": "bus_LV_200-3_0_4_node_37", "Landuse Category": "Residential areas (one and two-family houses)" }, "geometry": { "type": "Point", "coordinates": [ 8.634206077018192, 47.417583831177964 ] } },
{ "type": "Feature", "properties": { "name": "bus_LV_200-3_0_4_node_38", "Landuse Category": "Residential areas (one and two-family houses)" }, "geometry": { "type": "Point", "coordinates": [ 8.634025091546192, 47.417768737633352 ] } },
{ "type": "Feature", "properties": { "name": "bus_LV_200-3_0_4_node_40", "Landuse Category": "Residential areas (one and two-family houses)" }, "geometry": { "type": "Point", "coordinates": [ 8.633803201485902, 47.417953143007495 ] } },
{ "type": "Feature", "properties": { "name": "bus_LV_200-3_0_4_node_41", "Landuse Category": "Residential areas (one and two-family houses)" }, "geometry": { "type": "Point", "coordinates": [ 8.63358600414408, 47.418133646760197 ] } },
{ "type": "Feature", "properties": { "name": "bus_LV_200-3_0_4_node_47", "Landuse Category": "Residential areas (one and two-family houses)" }, "geometry": { "type": "Point", "coordinates": [ 8.633469208467453, 47.41823071015056 ] } },
{ "type": "Feature", "properties": { "name": "bus_LV_200-3_0_4_node_59", "Landuse Category": "Residential areas (one and two-family houses)" }, "geometry": { "type": "Point", "coordinates": [ 8.633900008467855, 47.418323310150477 ] } },
{ "type": "Feature", "properties": { "name": "bus_LV_200-3_0_4_node_60", "Landuse Category": "Residential areas (one and two-family houses)" }, "geometry": { "type": "Point", "coordinates": [ 8.633302772312863, 47.418397346108001 ] } },
{ "type": "Feature", "properties": { "name": "bus_LV_200-3_0_4_node_42", "Landuse Category": "Residential areas (one and two-family houses)" }, "geometry": { "type": "Point", "coordinates": [ 8.633330371957706, 47.417944054326988 ] } },
{ "type": "Feature", "properties": { "name": "bus_LV_200-3_0_4_node_44", "Landuse Category": "Residential areas (blocks of flats)" }, "geometry": { "type": "Point", "coordinates": [ 8.633165008467213, 47.418078210150625 ] } },
{ "type": "Feature", "properties": { "name": "bus_LV_200-3_0_4_node_46", "Landuse Category": "Residential areas (blocks of flats)" }, "geometry": { "type": "Point", "coordinates": [ 8.63287170846697, 47.417958910150688 ] } },
{ "type": "Feature", "properties": { "name": "bus_LV_200-3_0_4_node_66", "Landuse Category": "Residential areas (blocks of flats)" }, "geometry": { "type": "Point", "coordinates": [ 8.632823808466911, 47.41800071015075 ] } },
{ "type": "Feature", "properties": { "name": "bus_LV_200-3_0_4_node_61", "Landuse Category": "Residential areas (blocks of flats)" }, "geometry": { "type": "Point", "coordinates": [ 8.632653472128293, 47.417844844362328 ] } },
{ "type": "Feature", "properties": { "name": "bus_LV_200-3_0_4_node_89", "Landuse Category": "Residential areas (blocks of flats)" }, "geometry": { "type": "Point", "coordinates": [ 8.632560395660512, 47.418104808213499 ] } },
{ "type": "Feature", "properties": { "name": "bus_LV_200-3_0_4_node_52", "Landuse Category": "Residential areas (blocks of flats)" }, "geometry": { "type": "Point", "coordinates": [ 8.632499008466677, 47.417764110150721 ] } },
{ "type": "Feature", "properties": { "name": "bus_LV_200-3_0_4_node_85", "Landuse Category": "Residential areas (one and two-family houses)" }, "geometry": { "type": "Point", "coordinates": [ 8.633784315023796, 47.418437159326977 ] } },
{ "type": "Feature", "properties": { "name": "bus_LV_200-3_0_4_node_83", "Landuse Category": "Residential areas (one and two-family houses)" }, "geometry": { "type": "Point", "coordinates": [ 8.633988943425509, 47.418244759583153 ] } },
{ "type": "Feature", "properties": { "name": "bus_LV_200-3_0_4_node_48", "Landuse Category": "Residential areas (one and two-family houses)" }, "geometry": { "type": "Point", "coordinates": [ 8.63318062964577, 47.417195585687011 ] } },
{ "type": "Feature", "properties": { "name": "bus_LV_200-3_0_4_node_49", "Landuse Category": "Residential areas (blocks of flats)" }, "geometry": { "type": "Point", "coordinates": [ 8.633475278078688, 47.416970690374413 ] } },
{ "type": "Feature", "properties": { "name": "bus_LV_200-3_0_4_node_50", "Landuse Category": "Residential areas (one and two-family houses)" }, "geometry": { "type": "Point", "coordinates": [ 8.632830523988611, 47.417468331339379 ] } },
{ "type": "Feature", "properties": { "name": "bus_LV_200-3_0_4_node_62", "Landuse Category": "Residential areas (blocks of flats)" }, "geometry": { "type": "Point", "coordinates": [ 8.63245600846664, 47.417741610150735 ] } },
{ "type": "Feature", "properties": { "name": "bus_LV_200-3_0_4_node_56", "Landuse Category": "Residential areas (one and two-family houses)" }, "geometry": { "type": "Point", "coordinates": [ 8.63198910846627, 47.4175155101508 ] } },
{ "type": "Feature", "properties": { "name": "bus_LV_200-3_0_4_node_63", "Landuse Category": "Residential areas (blocks of flats)" }, "geometry": { "type": "Point", "coordinates": [ 8.632074808466143, 47.418164410150986 ] } },
{ "type": "Feature", "properties": { "name": "bus_LV_200-3_0_4_node_64", "Landuse Category": "Residential areas (blocks of flats)" }, "geometry": { "type": "Point", "coordinates": [ 8.632360208466375, 47.418286110150945 ] } },
{ "type": "Feature", "properties": { "name": "bus_LV_200-3_0_4_node_81", "Landuse Category": "Residential areas (blocks of flats)" }, "geometry": { "type": "Point", "coordinates": [ 8.63207594212728, 47.418163152786391 ] } },
{ "type": "Feature", "properties": { "name": "bus_LV_200-3_0_4_node_65", "Landuse Category": "Residential areas (blocks of flats)" }, "geometry": { "type": "Point", "coordinates": [ 8.632701308466707, 47.418297110150824 ] } },
{ "type": "Feature", "properties": { "name": "bus_LV_200-3_0_4_node_108", "Landuse Category": "Residential areas (blocks of flats)" }, "geometry": { "type": "Point", "coordinates": [ 8.632727308466734, 47.418299110150848 ] } },
{ "type": "Feature", "properties": { "name": "bus_LV_200-3_0_4_node_53", "Landuse Category": "Parking areas" }, "geometry": { "type": "Point", "coordinates": [ 8.631803355077381, 47.417715713607087 ] } },
{ "type": "Feature", "properties": { "name": "bus_LV_200-3_0_4_node_54", "Landuse Category": "Parking areas" }, "geometry": { "type": "Point", "coordinates": [ 8.631836437098867, 47.41768005821271 ] } },
{ "type": "Feature", "properties": { "name": "bus_LV_200-3_0_4_node_57", "Landuse Category": "Unspecified buildings and surroundings" }, "geometry": { "type": "Point", "coordinates": [ 8.631107608465632, 47.416805410150864 ] } },
{ "type": "Feature", "properties": { "name": "bus_LV_200-3_0_4_node_106", "Landuse Category": "Unspecified buildings and surroundings" }, "geometry": { "type": "Point", "coordinates": [ 8.631532881165647, 47.41707181039709 ] } },
{ "type": "Feature", "properties": { "name": "bus_LV_200-3_0_4_node_69", "Landuse Category": "Residential areas (one and two-family houses)" }, "geometry": { "type": "Point", "coordinates": [ 8.632284737937002, 47.416940032401499 ] } },
{ "type": "Feature", "properties": { "name": "bus_LV_200-3_0_4_node_67", "Landuse Category": "Residential areas (one and two-family houses)" }, "geometry": { "type": "Point", "coordinates": [ 8.632539641629892, 47.417101583070831 ] } },
{ "type": "Feature", "properties": { "name": "bus_LV_200-3_0_4_node_86", "Landuse Category": "Arable land, in general" }, "geometry": { "type": "Point", "coordinates": [ 8.633729526006157, 47.41849107474183 ] } },
{ "type": "Feature", "properties": { "name": "bus_LV_200-3_0_4_node_84", "Landuse Category": "Residential areas (one and two-family houses)" }, "geometry": { "type": "Point", "coordinates": [ 8.634014942458593, 47.418221796240843 ] } },
{ "type": "Feature", "properties": { "name": "bus_LV_200-3_0_4_node_71", "Landuse Category": "Residential areas (one and two-family houses)" }, "geometry": { "type": "Point", "coordinates": [ 8.634276201470458, 47.417991040835794 ] } },
{ "type": "Feature", "properties": { "name": "bus_LV_200-3_0_4_node_72", "Landuse Category": "Arable land, in general" }, "geometry": { "type": "Point", "coordinates": [ 8.634640556683596, 47.417669221993037 ] } },
{ "type": "Feature", "properties": { "name": "bus_LV_200-3_0_4_node_73", "Landuse Category": "Residential areas (one and two-family houses)" }, "geometry": { "type": "Point", "coordinates": [ 8.634208430747858, 47.418050899157613 ] } },
{ "type": "Feature", "properties": { "name": "bus_LV_200-3_0_4_node_74", "Landuse Category": "Roads" }, "geometry": { "type": "Point", "coordinates": [ 8.634774708468926, 47.417557210150008 ] } },
{ "type": "Feature", "properties": { "name": "bus_LV_200-3_0_4_node_75", "Landuse Category": "Residential areas (one and two-family houses)" }, "geometry": { "type": "Point", "coordinates": [ 8.634028182499668, 47.418210102119296 ] } },
{ "type": "Feature", "properties": { "name": "bus_LV_200-3_0_4_node_76", "Landuse Category": "Arable land, in general" }, "geometry": { "type": "Point", "coordinates": [ 8.634727908468836, 47.417688810150047 ] } },
{ "type": "Feature", "properties": { "name": "bus_LV_200-3_0_4_node_99", "Landuse Category": "Arable land, in general" }, "geometry": { "type": "Point", "coordinates": [ 8.634863864820899, 47.417828978029142 ] } },
{ "type": "Feature", "properties": { "name": "bus_LV_200-3_0_4_node_98", "Landuse Category": "Arable land, in general" }, "geometry": { "type": "Point", "coordinates": [ 8.63488389718046, 47.417840239787637 ] } },
{ "type": "Feature", "properties": { "name": "bus_LV_200-3_0_4_node_79", "Landuse Category": "Parking areas" }, "geometry": { "type": "Point", "coordinates": [ 8.635134569660091, 47.415746569916386 ] } },
{ "type": "Feature", "properties": { "name": "bus_LV_200-3_0_4_node_103", "Landuse Category": "Parking areas" }, "geometry": { "type": "Point", "coordinates": [ 8.635501253660502, 47.415480692716464 ] } },
{ "type": "Feature", "properties": { "name": "bus_LV_200-3_0_4_node_104", "Landuse Category": "Parking areas" }, "geometry": { "type": "Point", "coordinates": [ 8.635769614120143, 47.415285988596281 ] } },
{ "type": "Feature", "properties": { "name": "bus_LV_200-3_0_4_node_94", "Landuse Category": "Arable land, in general" }, "geometry": { "type": "Point", "coordinates": [ 8.632565208468838, 47.411121010148591 ] } },
{ "type": "Feature", "properties": { "name": "bus_LV_200-3_0_4_node_95", "Landuse Category": "Arable land, in general" }, "geometry": { "type": "Point", "coordinates": [ 8.63210880846872, 47.410103410148416 ] } },
{ "type": "Feature", "properties": { "name": "bus_LV_200-3_0_4_node_97", "Landuse Category": "Roads" }, "geometry": { "type": "Point", "coordinates": [ 8.631782500136728, 47.41045586034533 ] } },
{ "type": "Feature", "properties": { "name": "bus_LV_200-3_0_4_node_96", "Landuse Category": "Roads" }, "geometry": { "type": "Point", "coordinates": [ 8.631722336144197, 47.410444616626322 ] } },
{ "type": "Feature", "properties": { "name": "bus_LV_200-3_0_4_node_101", "Landuse Category": "Arable land, in general" }, "geometry": { "type": "Point", "coordinates": [ 8.635109508469199, 47.417749410149966 ] } },
{ "type": "Feature", "properties": { "name": "bus_LV_200-13_0_2_node_0", "Landuse Category": "Residential areas (blocks of flats)" }, "geometry": { "type": "Point", "coordinates": [ 8.630134012274631, 47.421488398737218 ] } },
{ "type": "Feature", "properties": { "name": "bus_LV_200-13_0_2_node_1", "Landuse Category": "Residential areas (blocks of flats)" }, "geometry": { "type": "Point", "coordinates": [ 8.629990608463016, 47.421701010152717 ] } },
{ "type": "Feature", "properties": { "name": "bus_LV_200-13_0_2_node_3", "Landuse Category": "Residential areas (blocks of flats)" }, "geometry": { "type": "Point", "coordinates": [ 8.630459908463436, 47.421830910152622 ] } },
{ "type": "Feature", "properties": { "name": "bus_LV_200-13_0_2_node_4", "Landuse Category": "Residential areas (blocks of flats)" }, "geometry": { "type": "Point", "coordinates": [ 8.62969190846273, 47.421719810152808 ] } },
{ "type": "Feature", "properties": { "name": "bus_LV_200-13_0_2_node_5", "Landuse Category": "Residential areas (blocks of flats)" }, "geometry": { "type": "Point", "coordinates": [ 8.630590408463611, 47.421639310152514 ] } },
{ "type": "Feature", "properties": { "name": "bus_LV_200-13_0_2_node_25", "Landuse Category": "Residential areas (blocks of flats)" }, "geometry": { "type": "Point", "coordinates": [ 8.63056072864179, 47.421864533313155 ] } },
{ "type": "Feature", "properties": { "name": "bus_LV_200-13_0_2_node_31", "Landuse Category": "Residential areas (blocks of flats)" }, "geometry": { "type": "Point", "coordinates": [ 8.629696041624737, 47.421787110532463 ] } },
{ "type": "Feature", "properties": { "name": "bus_LV_200-13_0_2_node_34", "Landuse Category": "Residential areas (blocks of flats)" }, "geometry": { "type": "Point", "coordinates": [ 8.630519608463546, 47.421617910152527 ] } },
{ "type": "Feature", "properties": { "name": "bus_LV_200-13_0_2_node_19", "Landuse Category": "Residential areas (blocks of flats)" }, "geometry": { "type": "Point", "coordinates": [ 8.630874008463785, 47.421969010152516 ] } },
{ "type": "Feature", "properties": { "name": "bus_LV_200-13_0_2_node_10", "Landuse Category": "Industrial and commercial areas > 1 ha" }, "geometry": { "type": "Point", "coordinates": [ 8.628725308461634, 47.422230510153256 ] } },
{ "type": "Feature", "properties": { "name": "bus_LV_200-13_0_2_node_32", "Landuse Category": "Public buildings and surroundings" }, "geometry": { "type": "Point", "coordinates": [ 8.629081008462029, 47.422061310153083 ] } },
{ "type": "Feature", "properties": { "name": "bus_LV_200-13_0_2_node_11", "Landuse Category": "Public buildings and surroundings" }, "geometry": { "type": "Point", "coordinates": [ 8.629910308462641, 47.422633110153001 ] } },
{ "type": "Feature", "properties": { "name": "bus_LV_200-13_0_2_node_29", "Landuse Category": "Residential areas (blocks of flats)" }, "geometry": { "type": "Point", "coordinates": [ 8.629735808462687, 47.42195491015287 ] } },
{ "type": "Feature", "properties": { "name": "bus_LV_200-13_0_2_node_6", "Landuse Category": "Roads" }, "geometry": { "type": "Point", "coordinates": [ 8.630737108638577, 47.423122782622897 ] } },
{ "type": "Feature", "properties": { "name": "bus_LV_200-13_0_2_node_8", "Landuse Category": "Roads" }, "geometry": { "type": "Point", "coordinates": [ 8.630945508463483, 47.423119510152851 ] } },
{ "type": "Feature", "properties": { "name": "bus_LV_200-13_0_2_node_12", "Landuse Category": "Agricultural buildings and surroundings" }, "geometry": { "type": "Point", "coordinates": [ 8.631043871468469, 47.422746072350016 ] } },
{ "type": "Feature", "properties": { "name": "bus_LV_200-13_0_2_node_13", "Landuse Category": "Roads" }, "geometry": { "type": "Point", "coordinates": [ 8.631416608463939, 47.423155510152732 ] } },
{ "type": "Feature", "properties": { "name": "bus_LV_200-13_0_2_node_9", "Landuse Category": "Public buildings and surroundings" }, "geometry": { "type": "Point", "coordinates": [ 8.629946809121492, 47.422771660956698 ] } },
{ "type": "Feature", "properties": { "name": "bus_LV_200-13_0_2_node_23", "Landuse Category": "Public buildings and surroundings" }, "geometry": { "type": "Point", "coordinates": [ 8.62990290846264, 47.422605010153035 ] } },
{ "type": "Feature", "properties": { "name": "bus_LV_200-13_0_2_node_15", "Landuse Category": "Agricultural buildings and surroundings" }, "geometry": { "type": "Point", "coordinates": [ 8.631052804232715, 47.422712158603609 ] } },
{ "type": "Feature", "properties": { "name": "bus_LV_200-13_0_2_node_24", "Landuse Category": "Roads" }, "geometry": { "type": "Point", "coordinates": [ 8.631644755277511, 47.423175030982932 ] } },
{ "type": "Feature", "properties": { "name": "bus_LV_200-13_0_2_node_30", "Landuse Category": "Public buildings and surroundings" }, "geometry": { "type": "Point", "coordinates": [ 8.629857451320166, 47.422436407326565 ] } },
{ "type": "Feature", "properties": { "name": "bus_LV_200-13_0_2_node_14", "Landuse Category": "Agricultural buildings and surroundings" }, "geometry": { "type": "Point", "coordinates": [ 8.631052868061227, 47.422711916274892 ] } },
{ "type": "Feature", "properties": { "name": "bus_LV_200-13_0_2_node_16", "Landuse Category": "Agricultural buildings and surroundings" }, "geometry": { "type": "Point", "coordinates": [ 8.631090008463804, 47.42257091015265 ] } },
{ "type": "Feature", "properties": { "name": "bus_LV_200-13_0_2_node_17", "Landuse Category": "Agricultural buildings and surroundings" }, "geometry": { "type": "Point", "coordinates": [ 8.63111305461825, 47.422528449638762 ] } },
{ "type": "Feature", "properties": { "name": "bus_LV_200-13_0_2_node_18", "Landuse Category": "Agricultural buildings and surroundings" }, "geometry": { "type": "Point", "coordinates": [ 8.631102208463915, 47.422215710152535 ] } },
{ "type": "Feature", "properties": { "name": "bus_LV_200-13_0_2_node_21", "Landuse Category": "Agricultural buildings and surroundings" }, "geometry": { "type": "Point", "coordinates": [ 8.631471575348014, 47.422269389798359 ] } },
{ "type": "Feature", "properties": { "name": "bus_LV_200-13_0_2_node_20", "Landuse Category": "Residential areas (blocks of flats)" }, "geometry": { "type": "Point", "coordinates": [ 8.631206808464077, 47.422058310152472 ] } },
{ "type": "Feature", "properties": { "name": "bus_LV_200-13_0_2_node_33", "Landuse Category": "Agricultural buildings and surroundings" }, "geometry": { "type": "Point", "coordinates": [ 8.631049808463874, 47.422217310152533 ] } },
{ "type": "Feature", "properties": { "name": "bus_LV_200-13_0_2_node_26", "Landuse Category": "Residential areas (blocks of flats)" }, "geometry": { "type": "Point", "coordinates": [ 8.631023908463996, 47.421744710152375 ] } },
{ "type": "Feature", "properties": { "name": "bus_LV_200-13_0_2_node_35", "Landuse Category": "Residential areas (blocks of flats)" }, "geometry": { "type": "Point", "coordinates": [ 8.631190808464069, 47.422038810152493 ] } },
{ "type": "Feature", "properties": { "name": "bus_LV_200-13_0_2_node_22", "Landuse Category": "Agricultural buildings and surroundings" }, "geometry": { "type": "Point", "coordinates": [ 8.631637480064073, 47.422267010332149 ] } },
{ "type": "Feature", "properties": { "name": "bus_LV_200-13_0_2_node_27", "Landuse Category": "Residential areas (blocks of flats)" }, "geometry": { "type": "Point", "coordinates": [ 8.62975676069123, 47.422045818520061 ] } },
{ "type": "Feature", "properties": { "name": "bus_LV_200-13_0_2_node_28", "Landuse Category": "Public buildings and surroundings" }, "geometry": { "type": "Point", "coordinates": [ 8.629823637742943, 47.422313043162291 ] } },
{ "type": "Feature", "properties": { "name": "bus_LV_200-8_1_4_node_6", "Landuse Category": "Sports facilities" }, "geometry": { "type": "Point", "coordinates": [ 8.629231074063901, 47.420608893751591 ] } },
{ "type": "Feature", "properties": { "name": "bus_LV_200-8_1_4_node_7", "Landuse Category": "Roads" }, "geometry": { "type": "Point", "coordinates": [ 8.629458308462883, 47.420500510152486 ] } },
{ "type": "Feature", "properties": { "name": "bus_LV_200-8_1_4_node_8", "Landuse Category": "Sports facilities" }, "geometry": { "type": "Point", "coordinates": [ 8.629250808462611, 47.420752410152645 ] } },
{ "type": "Feature", "properties": { "name": "bus_LV_200-8_1_4_node_9", "Landuse Category": "Sports facilities" }, "geometry": { "type": "Point", "coordinates": [ 8.629285846147457, 47.420371341929695 ] } },
{ "type": "Feature", "properties": { "name": "bus_LV_200-8_1_4_node_10", "Landuse Category": "Sports facilities" }, "geometry": { "type": "Point", "coordinates": [ 8.629306808462655, 47.420782910152603 ] } },
{ "type": "Feature", "properties": { "name": "bus_LV_200-8_1_4_node_13", "Landuse Category": "Semi-natural grassland, in general" }, "geometry": { "type": "Point", "coordinates": [ 8.629163408462677, 47.420262110152514 ] } },
{ "type": "Feature", "properties": { "name": "bus_LV_200-8_1_4_node_38", "Landuse Category": "Roads" }, "geometry": { "type": "Point", "coordinates": [ 8.629860445349044, 47.420845476651458 ] } },
{ "type": "Feature", "properties": { "name": "bus_LV_200-8_1_4_node_15", "Landuse Category": "Semi-natural grassland, in general" }, "geometry": { "type": "Point", "coordinates": [ 8.628717408462235, 47.420311310152648 ] } },
{ "type": "Feature", "properties": { "name": "bus_LV_200-8_1_4_node_36", "Landuse Category": "Roads" }, "geometry": { "type": "Point", "coordinates": [ 8.630019908463302, 47.420891810152419 ] } },
{ "type": "Feature", "properties": { "name": "bus_LV_200-8_1_4_node_27", "Landuse Category": "Industrial and commercial areas > 1 ha" }, "geometry": { "type": "Point", "coordinates": [ 8.629086208463091, 47.418683610152051 ] } },
{ "type": "Feature", "properties": { "name": "bus_LV_200-8_1_4_node_77", "Landuse Category": "Industrial and commercial areas > 1 ha" }, "geometry": { "type": "Point", "coordinates": [ 8.628442108462512, 47.418584410152143 ] } },
{ "type": "Feature", "properties": { "name": "bus_LV_200-8_1_4_node_32", "Landuse Category": "Industrial and commercial areas > 1 ha" }, "geometry": { "type": "Point", "coordinates": [ 8.628740608462605, 47.419176410152268 ] } },
{ "type": "Feature", "properties": { "name": "bus_LV_200-8_1_4_node_44", "Landuse Category": "Motorways" }, "geometry": { "type": "Point", "coordinates": [ 8.629205308463309, 47.418366510151891 ] } },
{ "type": "Feature", "properties": { "name": "bus_LV_200-8_1_4_node_51", "Landuse Category": "Semi-natural grassland, in general" }, "geometry": { "type": "Point", "coordinates": [ 8.628395420387712, 47.420255557676704 ] } },
{ "type": "Feature", "properties": { "name": "bus_LV_200-8_1_4_node_17", "Landuse Category": "Sports facilities" }, "geometry": { "type": "Point", "coordinates": [ 8.628201508461721, 47.420353310152827 ] } },
{ "type": "Feature", "properties": { "name": "bus_LV_200-8_1_4_node_47", "Landuse Category": "Semi-natural grassland, in general" }, "geometry": { "type": "Point", "coordinates": [ 8.628943700736185, 47.420234194336722 ] } },
{ "type": "Feature", "properties": { "name": "bus_LV_200-8_1_4_node_16", "Landuse Category": "Residential areas (blocks of flats)" }, "geometry": { "type": "Point", "coordinates": [ 8.628011108461667, 47.419968910152754 ] } },
{ "type": "Feature", "properties": { "name": "bus_LV_200-8_1_4_node_26", "Landuse Category": "Motorways" }, "geometry": { "type": "Point", "coordinates": [ 8.62994250846409, 47.418132010151581 ] } },
{ "type": "Feature", "properties": { "name": "bus_LV_200-8_1_4_node_49", "Landuse Category": "Semi-natural grassland, in general" }, "geometry": { "type": "Point", "coordinates": [ 8.627905867331402, 47.420373729691299 ] } },
{ "type": "Feature", "properties": { "name": "bus_LV_200-8_1_4_node_75", "Landuse Category": "Motorways" }, "geometry": { "type": "Point", "coordinates": [ 8.63002061811839, 47.418190432164138 ] } },
{ "type": "Feature", "properties": { "name": "bus_LV_200-8_1_4_node_28", "Landuse Category": "Residential areas (blocks of flats)" }, "geometry": { "type": "Point", "coordinates": [ 8.629734608462897, 47.421327910152669 ] } },
{ "type": "Feature", "properties": { "name": "bus_LV_200-8_1_4_node_70", "Landuse Category": "Residential areas (blocks of flats)" }, "geometry": { "type": "Point", "coordinates": [ 8.629463588179675, 47.421224877086786 ] } },
{ "type": "Feature", "properties": { "name": "bus_LV_200-8_1_4_node_29", "Landuse Category": "Residential areas (blocks of flats)" }, "geometry": { "type": "Point", "coordinates": [ 8.629590708463221, 47.419842610152251 ] } },
{ "type": "Feature", "properties": { "name": "bus_LV_200-8_1_4_node_48", "Landuse Category": "Semi-natural grassland, in general" }, "geometry": { "type": "Point", "coordinates": [ 8.629257808462974, 47.419622410152229 ] } },
{ "type": "Feature", "properties": { "name": "bus_LV_200-8_1_4_node_34", "Landuse Category": "Industrial and commercial areas > 1 ha" }, "geometry": { "type": "Point", "coordinates": [ 8.629586108463394, 47.419270010152076 ] } },
{ "type": "Feature", "properties": { "name": "bus_LV_200-8_1_4_node_46", "Landuse Category": "Residential areas (blocks of flats)" }, "geometry": { "type": "Point", "coordinates": [ 8.629384552488483, 47.420051355097954 ] } },
{ "type": "Feature", "properties": { "name": "bus_LV_200-8_1_4_node_31", "Landuse Category": "Residential areas (blocks of flats)" }, "geometry": { "type": "Point", "coordinates": [ 8.63042920846388, 47.420296410152119 ] } },
{ "type": "Feature", "properties": { "name": "bus_LV_200-8_1_4_node_37", "Landuse Category": "Residential areas (blocks of flats)" }, "geometry": { "type": "Point", "coordinates": [ 8.630182732195639, 47.420218635376628 ] } },
{ "type": "Feature", "properties": { "name": "bus_LV_200-8_1_4_node_35", "Landuse Category": "Roads" }, "geometry": { "type": "Point", "coordinates": [ 8.630277094127722, 47.420517709187394 ] } },
{ "type": "Feature", "properties": { "name": "bus_LV_200-8_1_4_node_39", "Landuse Category": "Industrial and commercial areas > 1 ha" }, "geometry": { "type": "Point", "coordinates": [ 8.628464808462324, 47.419253010152374 ] } },
{ "type": "Feature", "properties": { "name": "bus_LV_200-8_1_4_node_33", "Landuse Category": "Roads" }, "geometry": { "type": "Point", "coordinates": [ 8.630194608463547, 47.420637710152278 ] } },
{ "type": "Feature", "properties": { "name": "bus_LV_200-8_1_4_node_73", "Landuse Category": "Industrial and commercial areas > 1 ha" }, "geometry": { "type": "Point", "coordinates": [ 8.629847808463687, 47.419127510151917 ] } },
{ "type": "Feature", "properties": { "name": "bus_LV_200-8_1_4_node_50", "Landuse Category": "Semi-natural grassland, in general" }, "geometry": { "type": "Point", "coordinates": [ 8.62745809445858, 47.420390841887013 ] } },
{ "type": "Feature", "properties": { "name": "bus_LV_200-8_1_4_node_42", "Landuse Category": "Motorways" }, "geometry": { "type": "Point", "coordinates": [ 8.629035775312101, 47.41828105584613 ] } },
{ "type": "Feature", "properties": { "name": "bus_LV_200-8_1_4_node_71", "Landuse Category": "Residential areas (blocks of flats)" }, "geometry": { "type": "Point", "coordinates": [ 8.630037508463547, 47.420172810152216 ] } },
{ "type": "Feature", "properties": { "name": "bus_LV_200-8_1_4_node_40", "Landuse Category": "Industrial and commercial areas > 1 ha" }, "geometry": { "type": "Point", "coordinates": [ 8.628275108462169, 47.419151410152402 ] } },
{ "type": "Feature", "properties": { "name": "bus_LV_200-8_1_4_node_72", "Landuse Category": "Residential areas (blocks of flats)" }, "geometry": { "type": "Point", "coordinates": [ 8.630103351011014, 47.420075226259058 ] } },
{ "type": "Feature", "properties": { "name": "bus_LV_200-8_1_4_node_41", "Landuse Category": "Motorways" }, "geometry": { "type": "Point", "coordinates": [ 8.628894539312428, 47.418209864505329 ] } },
{ "type": "Feature", "properties": { "name": "bus_LV_200-4_1_5_node_97", "Landuse Category": "Forest" }, "geometry": { "type": "Point", "coordinates": [ 8.63645102731833, 47.424644286036916 ] } },
{ "type": "Feature", "properties": { "name": "bus_LV_200-4_1_5_node_90", "Landuse Category": "Forest" }, "geometry": { "type": "Point", "coordinates": [ 8.636186151440219, 47.42460602826219 ] } },
{ "type": "Feature", "properties": { "name": "bus_LV_200-4_1_5_node_33", "Landuse Category": "Roads" }, "geometry": { "type": "Point", "coordinates": [ 8.635647908467819, 47.423737810151671 ] } },
{ "type": "Feature", "properties": { "name": "bus_LV_200-4_1_5_node_110", "Landuse Category": "Residential areas (terraced houses)" }, "geometry": { "type": "Point", "coordinates": [ 8.635432341065213, 47.423976401086158 ] } },
{ "type": "Feature", "properties": { "name": "bus_LV_200-4_1_5_node_116", "Landuse Category": "Roads" }, "geometry": { "type": "Point", "coordinates": [ 8.635365343141048, 47.423714070681378 ] } },
{ "type": "Feature", "properties": { "name": "bus_LV_200-4_1_5_node_109", "Landuse Category": "Residential areas (terraced houses)" }, "geometry": { "type": "Point", "coordinates": [ 8.635352340986419, 47.423974195529624 ] } },
{ "type": "Feature", "properties": { "name": "bus_LV_200-4_1_5_node_43", "Landuse Category": "Public buildings and surroundings" }, "geometry": { "type": "Point", "coordinates": [ 8.634244412700383, 47.423038686403622 ] } },
{ "type": "Feature", "properties": { "name": "bus_LV_200-4_1_5_node_45", "Landuse Category": "Public buildings and surroundings" }, "geometry": { "type": "Point", "coordinates": [ 8.634018208466459, 47.423066310151981 ] } },
{ "type": "Feature", "properties": { "name": "bus_LV_200-4_1_5_node_46", "Landuse Category": "Semi-natural grassland, in general" }, "geometry": { "type": "Point", "coordinates": [ 8.633918408466432, 47.422889110151942 ] } },
{ "type": "Feature", "properties": { "name": "bus_LV_200-4_1_5_node_47", "Landuse Category": "Public buildings and surroundings" }, "geometry": { "type": "Point", "coordinates": [ 8.633998808466346, 47.42335911015202 ] } },
{ "type": "Feature", "properties": { "name": "bus_LV_200-4_1_5_node_61", "Landuse Category": "Semi-natural grassland, in general" }, "geometry": { "type": "Point", "coordinates": [ 8.63376910855373, 47.422971840201257 ] } },
{ "type": "Feature", "properties": { "name": "bus_LV_200-4_1_5_node_72", "Landuse Category": "Public buildings and surroundings" }, "geometry": { "type": "Point", "coordinates": [ 8.633602708465977, 47.423326710152139 ] } },
{ "type": "Feature", "properties": { "name": "bus_LV_200-4_1_5_node_51", "Landuse Category": "Public buildings and surroundings" }, "geometry": { "type": "Point", "coordinates": [ 8.634259519696172, 47.423391386848728 ] } },
{ "type": "Feature", "properties": { "name": "bus_LV_200-4_1_5_node_62", "Landuse Category": "Public buildings and surroundings" }, "geometry": { "type": "Point", "coordinates": [ 8.633553252912717, 47.423075962411822 ] } },
{ "type": "Feature", "properties": { "name": "bus_LV_200-4_1_5_node_71", "Landuse Category": "Public buildings and surroundings" }, "geometry": { "type": "Point", "coordinates": [ 8.633904408466194, 47.423573210152171 ] } },
{ "type": "Feature", "properties": { "name": "bus_LV_200-4_1_5_node_132", "Landuse Category": "Public buildings and surroundings" }, "geometry": { "type": "Point", "coordinates": [ 8.633766952888822, 47.423567601439323 ] } },
{ "type": "Feature", "properties": { "name": "bus_LV_200-4_1_5_node_108", "Landuse Category": "Public buildings and surroundings" }, "geometry": { "type": "Point", "coordinates": [ 8.63389402394932, 47.423734408725998 ] } },
{ "type": "Feature", "properties": { "name": "bus_LV_200-4_1_5_node_75", "Landuse Category": "Public buildings and surroundings" }, "geometry": { "type": "Point", "coordinates": [ 8.633575282525575, 47.423451037767322 ] } },
{ "type": "Feature", "properties": { "name": "bus_LV_200-4_1_5_node_73", "Landuse Category": "Public buildings and surroundings" }, "geometry": { "type": "Point", "coordinates": [ 8.633569611739425, 47.423324389423037 ] } },
{ "type": "Feature", "properties": { "name": "bus_LV_200-4_1_5_node_63", "Landuse Category": "Residential areas (blocks of flats)" }, "geometry": { "type": "Point", "coordinates": [ 8.63321480846562, 47.423299510152283 ] } },
{ "type": "Feature", "properties": { "name": "bus_LV_200-4_1_5_node_74", "Landuse Category": "Residential areas (blocks of flats)" }, "geometry": { "type": "Point", "coordinates": [ 8.63301737828718, 47.423285386930687 ] } },
{ "type": "Feature", "properties": { "name": "bus_LV_200-4_1_5_node_133", "Landuse Category": "Public buildings and surroundings" }, "geometry": { "type": "Point", "coordinates": [ 8.633749971108735, 47.42356690850643 ] } },
{ "type": "Feature", "properties": { "name": "bus_LV_200-4_1_5_node_112", "Landuse Category": "Public buildings and surroundings" }, "geometry": { "type": "Point", "coordinates": [ 8.633551508465853, 47.423558810152258 ] } },
{ "type": "Feature", "properties": { "name": "bus_LV_200-4_1_5_node_106", "Landuse Category": "Public buildings and surroundings" }, "geometry": { "type": "Point", "coordinates": [ 8.633478308465726, 47.423747710152355 ] } },
{ "type": "Feature", "properties": { "name": "bus_LV_200-4_1_5_node_82", "Landuse Category": "Railway surfaces" }, "geometry": { "type": "Point", "coordinates": [ 8.63612616759861, 47.425776705327351 ] } },
{ "type": "Feature", "properties": { "name": "bus_LV_200-4_1_5_node_83", "Landuse Category": "Roads" }, "geometry": { "type": "Point", "coordinates": [ 8.635926108467427, 47.425833410152322 ] } },
{ "type": "Feature", "properties": { "name": "bus_LV_200-4_1_5_node_84", "Landuse Category": "Roads" }, "geometry": { "type": "Point", "coordinates": [ 8.636024700236165, 47.425988119495464 ] } },
{ "type": "Feature", "properties": { "name": "bus_LV_200-4_1_5_node_85", "Landuse Category": "Residential areas (blocks of flats)" }, "geometry": { "type": "Point", "coordinates": [ 8.635786008467388, 47.425513310152198 ] } },
{ "type": "Feature", "properties": { "name": "bus_LV_200-4_1_5_node_128", "Landuse Category": "Railway surfaces" }, "geometry": { "type": "Point", "coordinates": [ 8.636160608467566, 47.426099010152285 ] } },
{ "type": "Feature", "properties": { "name": "bus_LV_200-4_1_5_node_100", "Landuse Category": "Residential areas (blocks of flats)" }, "geometry": { "type": "Point", "coordinates": [ 8.635573508467202, 47.425469110152243 ] } },
{ "type": "Feature", "properties": { "name": "bus_LV_200-4_1_5_node_135", "Landuse Category": "Residential areas (blocks of flats)" }, "geometry": { "type": "Point", "coordinates": [ 8.635922952006538, 47.425504777897316 ] } },
{ "type": "Feature", "properties": { "name": "bus_LV_200-4_1_5_node_129", "Landuse Category": "Roads" }, "geometry": { "type": "Point", "coordinates": [ 8.635862108467256, 47.42614491015236 ] } },
{ "type": "Feature", "properties": { "name": "bus_LV_200-4_1_5_node_98", "Landuse Category": "Residential areas (blocks of flats)" }, "geometry": { "type": "Point", "coordinates": [ 8.635685525121533, 47.42518204691131 ] } },
{ "type": "Feature", "properties": { "name": "bus_LV_200-4_1_5_node_86", "Landuse Category": "Residential areas (terraced houses)" }, "geometry": { "type": "Point", "coordinates": [ 8.635389102885091, 47.424550381751544 ] } },
{ "type": "Feature", "properties": { "name": "bus_LV_200-4_1_5_node_88", "Landuse Category": "Residential areas (terraced houses)" }, "geometry": { "type": "Point", "coordinates": [ 8.635355908467281, 47.424550010152004 ] } },
{ "type": "Feature", "properties": { "name": "bus_LV_200-4_1_5_node_87", "Landuse Category": "Residential areas (terraced houses)" }, "geometry": { "type": "Point", "coordinates": [ 8.635916708467812, 47.424567110151855 ] } },
{ "type": "Feature", "properties": { "name": "bus_LV_200-4_1_5_node_89", "Landuse Category": "Residential areas (blocks of flats)" }, "geometry": { "type": "Point", "coordinates": [ 8.635808008467626, 47.424856310152002 ] } },
{ "type": "Feature", "properties": { "name": "bus_LV_200-4_1_5_node_91", "Landuse Category": "Residential areas (terraced houses)" }, "geometry": { "type": "Point", "coordinates": [ 8.635948762918956, 47.424480906115399 ] } },
{ "type": "Feature", "properties": { "name": "bus_LV_200-4_1_5_node_92", "Landuse Category": "Residential areas (terraced houses)" }, "geometry": { "type": "Point", "coordinates": [ 8.63505740846699, 47.424546610152134 ] } },
{ "type": "Feature", "properties": { "name": "bus_LV_200-4_1_5_node_99", "Landuse Category": "Residential areas (blocks of flats)" }, "geometry": { "type": "Point", "coordinates": [ 8.635710140541988, 47.425116584081266 ] } },
{ "type": "Feature", "properties": { "name": "bus_LV_200-4_1_5_node_114", "Landuse Category": "Residential areas (blocks of flats)" }, "geometry": { "type": "Point", "coordinates": [ 8.635475808467312, 47.424814610152076 ] } },
{ "type": "Feature", "properties": { "name": "bus_LV_200-4_1_5_node_96", "Landuse Category": "Forest" }, "geometry": { "type": "Point", "coordinates": [ 8.636121094654845, 47.42401744939334 ] } },
{ "type": "Feature", "properties": { "name": "bus_LV_200-4_1_5_node_111", "Landuse Category": "Public buildings and surroundings" }, "geometry": { "type": "Point", "coordinates": [ 8.634693108466648, 47.424542610152216 ] } },
{ "type": "Feature", "properties": { "name": "bus_LV_200-4_1_5_node_93", "Landuse Category": "Residential areas (blocks of flats)" }, "geometry": { "type": "Point", "coordinates": [ 8.635328208467177, 47.424812110152125 ] } },
{ "type": "Feature", "properties": { "name": "bus_LV_200-4_1_5_node_115", "Landuse Category": "Residential areas (blocks of flats)" }, "geometry": { "type": "Point", "coordinates": [ 8.63527170846711, 47.424838810152181 ] } },
{ "type": "Feature", "properties": { "name": "bus_LV_200-4_1_5_node_124", "Landuse Category": "Public buildings and surroundings" }, "geometry": { "type": "Point", "coordinates": [ 8.634670408466622, 47.424542310152219 ] } },
{ "type": "Feature", "properties": { "name": "bus_LV_200-4_1_5_node_137", "Landuse Category": "Residential areas (blocks of flats)" }, "geometry": { "type": "Point", "coordinates": [ 8.634929808466786, 47.424812710152253 ] } },
{ "type": "Feature", "properties": { "name": "bus_LV_200-4_1_5_node_131", "Landuse Category": "Residential areas (one and two-family houses)" }, "geometry": { "type": "Point", "coordinates": [ 8.634659408466254, 47.425679010152599 ] } },
{ "type": "Feature", "properties": { "name": "bus_LV_200-4_1_5_node_146", "Landuse Category": "Residential areas (blocks of flats)" }, "geometry": { "type": "Point", "coordinates": [ 8.63445240660068, 47.425601642481539 ] } },
{ "type": "Feature", "properties": { "name": "bus_LV_200-4_1_5_node_122", "Landuse Category": "Residential areas (blocks of flats)" }, "geometry": { "type": "Point", "coordinates": [ 8.634660108466278, 47.425605610152552 ] } },
{ "type": "Feature", "properties": { "name": "bus_LV_200-4_1_5_node_118", "Landuse Category": "Residential areas (blocks of flats)" }, "geometry": { "type": "Point", "coordinates": [ 8.635070608466751, 47.425381610152364 ] } },
{ "type": "Feature", "properties": { "name": "bus_LV_200-4_1_5_node_120", "Landuse Category": "Residential areas (blocks of flats)" }, "geometry": { "type": "Point", "coordinates": [ 8.635143408466899, 47.42511661015228 ] } },
{ "type": "Feature", "properties": { "name": "bus_LV_200-4_1_5_node_117", "Landuse Category": "Residential areas (blocks of flats)" }, "geometry": { "type": "Point", "coordinates": [ 8.634836119569705, 47.425362790238026 ] } },
{ "type": "Feature", "properties": { "name": "bus_LV_200-4_1_5_node_130", "Landuse Category": "Residential areas (blocks of flats)" }, "geometry": { "type": "Point", "coordinates": [ 8.634989361293334, 47.425625398538315 ] } },
{ "type": "Feature", "properties": { "name": "bus_LV_200-4_1_5_node_134", "Landuse Category": "Roads" }, "geometry": { "type": "Point", "coordinates": [ 8.635599097339307, 47.426034190392031 ] } },
{ "type": "Feature", "properties": { "name": "bus_LV_200-4_1_5_node_103", "Landuse Category": "Public buildings and surroundings" }, "geometry": { "type": "Point", "coordinates": [ 8.633669166257508, 47.423975877865232 ] } },
{ "type": "Feature", "properties": { "name": "bus_LV_200-4_1_5_node_104", "Landuse Category": "Public buildings and surroundings" }, "geometry": { "type": "Point", "coordinates": [ 8.633484247622029, 47.423867938177374 ] } },
{ "type": "Feature", "properties": { "name": "bus_LV_200-4_1_5_node_105", "Landuse Category": "Public buildings and surroundings" }, "geometry": { "type": "Point", "coordinates": [ 8.633878208466049, 47.423979910152305 ] } },
{ "type": "Feature", "properties": { "name": "bus_LV_200-4_1_5_node_107", "Landuse Category": "Public buildings and surroundings" }, "geometry": { "type": "Point", "coordinates": [ 8.633865208466023, 47.42400361015229 ] } },
{ "type": "Feature", "properties": { "name": "bus_LV_200-4_1_5_node_113", "Landuse Category": "Residential areas (blocks of flats)" }, "geometry": { "type": "Point", "coordinates": [ 8.633240080142706, 47.42374613684192 ] } },
{ "type": "Feature", "properties": { "name": "bus_LV_200-4_1_5_node_125", "Landuse Category": "Public buildings and surroundings" }, "geometry": { "type": "Point", "coordinates": [ 8.633606408465599, 47.424536210152525 ] } },
{ "type": "Feature", "properties": { "name": "bus_LV_200-4_1_5_node_123", "Landuse Category": "Public buildings and surroundings" }, "geometry": { "type": "Point", "coordinates": [ 8.634218108466357, 47.424002910152204 ] } },
{ "type": "Feature", "properties": { "name": "bus_LV_200-4_1_5_node_148", "Landuse Category": "Public buildings and surroundings" }, "geometry": { "type": "Point", "coordinates": [ 8.633609409953916, 47.424536216323929 ] } },
{ "type": "Feature", "properties": { "name": "bus_LV_200-4_1_5_node_139", "Landuse Category": "Residential areas (blocks of flats)" }, "geometry": { "type": "Point", "coordinates": [ 8.634668067082236, 47.424782482269265 ] } },
{ "type": "Feature", "properties": { "name": "bus_LV_200-4_1_5_node_126", "Landuse Category": "Residential areas (blocks of flats)" }, "geometry": { "type": "Point", "coordinates": [ 8.634936708466709, 47.425085110152295 ] } },
{ "type": "Feature", "properties": { "name": "bus_LV_200-4_1_5_node_138", "Landuse Category": "Residential areas (blocks of flats)" }, "geometry": { "type": "Point", "coordinates": [ 8.63466780846653, 47.424809010152302 ] } },
{ "type": "Feature", "properties": { "name": "bus_LV_200-4_1_5_node_119", "Landuse Category": "Residential areas (blocks of flats)" }, "geometry": { "type": "Point", "coordinates": [ 8.634662408466356, 47.425364010152485 ] } },
{ "type": "Feature", "properties": { "name": "bus_LV_200-4_1_5_node_121", "Landuse Category": "Residential areas (blocks of flats)" }, "geometry": { "type": "Point", "coordinates": [ 8.634665208466455, 47.425081410152401 ] } },
{ "type": "Feature", "properties": { "name": "bus_LV_200-4_1_5_node_127", "Landuse Category": "Residential areas (blocks of flats)" }, "geometry": { "type": "Point", "coordinates": [ 8.634666495530162, 47.424946565830972 ] } },
{ "type": "Feature", "properties": { "name": "bus_LV_200-4_1_5_node_140", "Landuse Category": "Public buildings and surroundings" }, "geometry": { "type": "Point", "coordinates": [ 8.634326108466228, 47.424740410152381 ] } },
{ "type": "Feature", "properties": { "name": "bus_LV_200-4_1_5_node_141", "Landuse Category": "Public buildings and surroundings" }, "geometry": { "type": "Point", "coordinates": [ 8.634030108466002, 47.424537310152431 ] } },
{ "type": "Feature", "properties": { "name": "bus_LV_200-4_1_5_node_143", "Landuse Category": "Residential areas (blocks of flats)" }, "geometry": { "type": "Point", "coordinates": [ 8.634338591640512, 47.425059681039258 ] } },
{ "type": "Feature", "properties": { "name": "bus_LV_200-4_1_5_node_144", "Landuse Category": "Residential areas (blocks of flats)" }, "geometry": { "type": "Point", "coordinates": [ 8.634358408465998, 47.425566510152642 ] } },
{ "type": "Feature", "properties": { "name": "bus_LV_200-4_1_5_node_142", "Landuse Category": "Residential areas (blocks of flats)" }, "geometry": { "type": "Point", "coordinates": [ 8.63434643826186, 47.425260365012264 ] } },
{ "type": "Feature", "properties": { "name": "bus_LV_200-4_1_5_node_145", "Landuse Category": "Residential areas (blocks of flats)" }, "geometry": { "type": "Point", "coordinates": [ 8.634226708465887, 47.425512910152655 ] } },
{ "type": "Feature", "properties": { "name": "bus_LV_200-4_1_5_node_147", "Landuse Category": "Residential areas (blocks of flats)" }, "geometry": { "type": "Point", "coordinates": [ 8.634067808465733, 47.425512710152709 ] } },
{ "type": "Feature", "properties": { "name": "bus_LV_200-4_1_5_node_149", "Landuse Category": "Residential areas (blocks of flats)" }, "geometry": { "type": "Point", "coordinates": [ 8.633406880990517, 47.425143740774708 ] } },
{ "type": "Feature", "properties": { "name": "bus_LV_200-4_1_5_node_156", "Landuse Category": "Residential areas (blocks of flats)" }, "geometry": { "type": "Point", "coordinates": [ 8.633926714809185, 47.425666877061673 ] } },
{ "type": "Feature", "properties": { "name": "bus_LV_200-4_1_5_node_153", "Landuse Category": "Residential areas (one and two-family houses)" }, "geometry": { "type": "Point", "coordinates": [ 8.633677408465234, 47.425939310152941 ] } },
{ "type": "Feature", "properties": { "name": "bus_LV_200-4_1_5_node_151", "Landuse Category": "Residential areas (one and two-family houses)" }, "geometry": { "type": "Point", "coordinates": [ 8.633885822236048, 47.425970064041074 ] } },
{ "type": "Feature", "properties": { "name": "bus_LV_200-4_1_5_node_152", "Landuse Category": "Residential areas (one and two-family houses)" }, "geometry": { "type": "Point", "coordinates": [ 8.634182768743189, 47.426013881257916 ] } },
{ "type": "Feature", "properties": { "name": "bus_LV_200-4_1_5_node_154", "Landuse Category": "Residential areas (one and two-family houses)" }, "geometry": { "type": "Point", "coordinates": [ 8.634187708465692, 47.426014610152812 ] } },
{ "type": "Feature", "properties": { "name": "bus_LV_200-4_1_5_node_160", "Landuse Category": "Residential areas (one and two-family houses)" }, "geometry": { "type": "Point", "coordinates": [ 8.634420525356525, 47.426050311343545 ] } },
{ "type": "Feature", "properties": { "name": "bus_LV_200-4_1_5_node_157", "Landuse Category": "Residential areas (one and two-family houses)" }, "geometry": { "type": "Point", "coordinates": [ 8.634156948525199, 47.426119733780538 ] } },
{ "type": "Feature", "properties": { "name": "bus_LV_200-4_1_5_node_164", "Landuse Category": "Residential areas (one and two-family houses)" }, "geometry": { "type": "Point", "coordinates": [ 8.634595569976236, 47.426077153133186 ] } },
{ "type": "Feature", "properties": { "name": "bus_LV_200-4_1_5_node_158", "Landuse Category": "Residential areas (one and two-family houses)" }, "geometry": { "type": "Point", "coordinates": [ 8.634155044641494, 47.426126240383851 ] } },
{ "type": "Feature", "properties": { "name": "bus_LV_200-4_1_5_node_165", "Landuse Category": "Residential areas (one and two-family houses)" }, "geometry": { "type": "Point", "coordinates": [ 8.633907888784524, 47.426236187814894 ] } },
{ "type": "Feature", "properties": { "name": "bus_LV_200-4_1_5_node_159", "Landuse Category": "Residential areas (one and two-family houses)" }, "geometry": { "type": "Point", "coordinates": [ 8.634113498947201, 47.426211478346737 ] } },
{ "type": "Feature", "properties": { "name": "bus_LV_200-4_1_5_node_162", "Landuse Category": "Residential areas (one and two-family houses)" }, "geometry": { "type": "Point", "coordinates": [ 8.634706719278899, 47.426094196899669 ] } },
{ "type": "Feature", "properties": { "name": "bus_LV_200-4_1_5_node_161", "Landuse Category": "Roads" }, "geometry": { "type": "Point", "coordinates": [ 8.634828262034363, 47.426112834275578 ] } },
{ "type": "Feature", "properties": { "name": "bus_LV_200-4_1_5_node_163", "Landuse Category": "Roads" }, "geometry": { "type": "Point", "coordinates": [ 8.6349657084664, 47.426133910152657 ] } },
{ "type": "Feature", "properties": { "name": "bus_LV_200-14_0_6_node_0", "Landuse Category": "Residential areas (blocks of flats)" }, "geometry": { "type": "Point", "coordinates": [ 8.632759614990091, 47.423265836129623 ] } },
{ "type": "Feature", "properties": { "name": "bus_LV_200-14_0_6_node_1", "Landuse Category": "Residential areas (blocks of flats)" }, "geometry": { "type": "Point", "coordinates": [ 8.63264674890029, 47.42325709543681 ] } },
{ "type": "Feature", "properties": { "name": "bus_LV_200-14_0_6_node_2", "Landuse Category": "Residential areas (blocks of flats)" }, "geometry": { "type": "Point", "coordinates": [ 8.632900571114105, 47.423276752041119 ] } },
{ "type": "Feature", "properties": { "name": "bus_LV_200-14_0_6_node_3", "Landuse Category": "Residential areas (blocks of flats)" }, "geometry": { "type": "Point", "coordinates": [ 8.632304376266028, 47.423230580367843 ] } },
{ "type": "Feature", "properties": { "name": "bus_LV_200-14_0_6_node_15", "Landuse Category": "Residential areas (blocks of flats)" }, "geometry": { "type": "Point", "coordinates": [ 8.63230116326101, 47.423230331531563 ] } },
{ "type": "Feature", "properties": { "name": "bus_LV_200-14_0_6_node_8", "Landuse Category": "Roads" }, "geometry": { "type": "Point", "coordinates": [ 8.632067168403932, 47.423211172512666 ] } },
{ "type": "Feature", "properties": { "name": "bus_LV_200-14_0_6_node_5", "Landuse Category": "Roads" }, "geometry": { "type": "Point", "coordinates": [ 8.631781144300568, 47.423186700557629 ] } },
{ "type": "Feature", "properties": { "name": "bus_LV_200-14_0_6_node_6", "Landuse Category": "Roads" }, "geometry": { "type": "Point", "coordinates": [ 8.632042695371739, 47.42320907865151 ] } },
{ "type": "Feature", "properties": { "name": "bus_LV_200-14_0_6_node_7", "Landuse Category": "Roads" }, "geometry": { "type": "Point", "coordinates": [ 8.631768833394975, 47.42318564723162 ] } },
{ "type": "Feature", "properties": { "name": "bus_LV_200-14_0_6_node_9", "Landuse Category": "Roads" }, "geometry": { "type": "Point", "coordinates": [ 8.631416608463939, 47.423155510152732 ] } },
{ "type": "Feature", "properties": { "name": "bus_LV_200-14_0_6_node_10", "Landuse Category": "Roads" }, "geometry": { "type": "Point", "coordinates": [ 8.631339058715216, 47.423149584725209 ] } },
{ "type": "Feature", "properties": { "name": "bus_LV_200-14_0_6_node_11", "Landuse Category": "Roads" }, "geometry": { "type": "Point", "coordinates": [ 8.631412930244297, 47.423382957121206 ] } },
{ "type": "Feature", "properties": { "name": "bus_LV_200-14_0_6_node_12", "Landuse Category": "Roads" }, "geometry": { "type": "Point", "coordinates": [ 8.630982108463524, 47.42312231015287 ] } },
{ "type": "Feature", "properties": { "name": "bus_LV_200-14_0_6_node_13", "Landuse Category": "Roads" }, "geometry": { "type": "Point", "coordinates": [ 8.630945508463483, 47.423119510152851 ] } },
{ "type": "Feature", "properties": { "name": "bus_LV_200-14_0_6_node_14", "Landuse Category": "Roads" }, "geometry": { "type": "Point", "coordinates": [ 8.63098356792365, 47.423313753660942 ] } },
{ "type": "Feature", "properties": { "name": "bus_LV_200-14_0_6_node_51", "Landuse Category": "Roads" }, "geometry": { "type": "Point", "coordinates": [ 8.630569039313521, 47.423125421515209 ] } },
{ "type": "Feature", "properties": { "name": "bus_LV_200-14_0_6_node_65", "Landuse Category": "Roads" }, "geometry": { "type": "Point", "coordinates": [ 8.630983624176562, 47.423321132561938 ] } },
{ "type": "Feature", "properties": { "name": "bus_LV_200-14_0_6_node_52", "Landuse Category": "Roads" }, "geometry": { "type": "Point", "coordinates": [ 8.629986708462569, 47.423090210153141 ] } },
{ "type": "Feature", "properties": { "name": "bus_LV_200-14_0_6_node_31", "Landuse Category": "Roads" }, "geometry": { "type": "Point", "coordinates": [ 8.631060008463464, 47.423552610152946 ] } },
{ "type": "Feature", "properties": { "name": "bus_LV_200-14_0_6_node_16", "Landuse Category": "Residential areas (blocks of flats)" }, "geometry": { "type": "Point", "coordinates": [ 8.633051948056693, 47.42377900376728 ] } },
{ "type": "Feature", "properties": { "name": "bus_LV_200-14_0_6_node_17", "Landuse Category": "Residential areas (blocks of flats)" }, "geometry": { "type": "Point", "coordinates": [ 8.632809933418732, 47.423785186562618 ] } },
{ "type": "Feature", "properties": { "name": "bus_LV_200-14_0_6_node_19", "Landuse Category": "Residential areas (blocks of flats)" }, "geometry": { "type": "Point", "coordinates": [ 8.63278160846504, 47.423785910152532 ] } },
{ "type": "Feature", "properties": { "name": "bus_LV_200-14_0_6_node_32", "Landuse Category": "Residential areas (blocks of flats)" }, "geometry": { "type": "Point", "coordinates": [ 8.632530250375257, 47.423792332425251 ] } },
{ "type": "Feature", "properties": { "name": "bus_LV_200-14_0_6_node_28", "Landuse Category": "Residential areas (one and two-family houses)" }, "geometry": { "type": "Point", "coordinates": [ 8.632787508464993, 47.423971910152567 ] } },
{ "type": "Feature", "properties": { "name": "bus_LV_200-14_0_6_node_36", "Landuse Category": "Residential areas (blocks of flats)" }, "geometry": { "type": "Point", "coordinates": [ 8.632286467213238, 47.423798560632498 ] } },
{ "type": "Feature", "properties": { "name": "bus_LV_200-14_0_6_node_27", "Landuse Category": "Residential areas (one and two-family houses)" }, "geometry": { "type": "Point", "coordinates": [ 8.632764408464965, 47.424000510152588 ] } },
{ "type": "Feature", "properties": { "name": "bus_LV_200-14_0_6_node_20", "Landuse Category": "Roads" }, "geometry": { "type": "Point", "coordinates": [ 8.631746745029067, 47.423812347697066 ] } },
{ "type": "Feature", "properties": { "name": "bus_LV_200-14_0_6_node_21", "Landuse Category": "Roads" }, "geometry": { "type": "Point", "coordinates": [ 8.631883390055357, 47.423808857374006 ] } },
{ "type": "Feature", "properties": { "name": "bus_LV_200-14_0_6_node_22", "Landuse Category": "Roads" }, "geometry": { "type": "Point", "coordinates": [ 8.631591608463893, 47.423816310152908 ] } },
{ "type": "Feature", "properties": { "name": "bus_LV_200-14_0_6_node_23", "Landuse Category": "Roads" }, "geometry": { "type": "Point", "coordinates": [ 8.63190659128896, 47.423808264728926 ] } },
{ "type": "Feature", "properties": { "name": "bus_LV_200-14_0_6_node_24", "Landuse Category": "Semi-natural grassland, in general" }, "geometry": { "type": "Point", "coordinates": [ 8.631585756290935, 47.423905696119121 ] } },
{ "type": "Feature", "properties": { "name": "bus_LV_200-14_0_6_node_25", "Landuse Category": "Roads" }, "geometry": { "type": "Point", "coordinates": [ 8.631226508463547, 47.423786510152986 ] } },
{ "type": "Feature", "properties": { "name": "bus_LV_200-14_0_6_node_41", "Landuse Category": "Roads" }, "geometry": { "type": "Point", "coordinates": [ 8.632048577111798, 47.423804637785672 ] } },
{ "type": "Feature", "properties": { "name": "bus_LV_200-14_0_6_node_47", "Landuse Category": "Semi-natural grassland, in general" }, "geometry": { "type": "Point", "coordinates": [ 8.631480608463681, 47.424156510153033 ] } },
{ "type": "Feature", "properties": { "name": "bus_LV_200-14_0_6_node_161", "Landuse Category": "Roads" }, "geometry": { "type": "Point", "coordinates": [ 8.631273608463609, 47.423743810152949 ] } },
{ "type": "Feature", "properties": { "name": "bus_LV_200-14_0_6_node_159", "Landuse Category": "Roads" }, "geometry": { "type": "Point", "coordinates": [ 8.631146542515065, 47.423741223179874 ] } },
{ "type": "Feature", "properties": { "name": "bus_LV_200-14_0_6_node_37", "Landuse Category": "Residential areas (blocks of flats)" }, "geometry": { "type": "Point", "coordinates": [ 8.632207657585445, 47.423800573961849 ] } },
{ "type": "Feature", "properties": { "name": "bus_LV_200-14_0_6_node_68", "Landuse Category": "Semi-natural grassland, in general" }, "geometry": { "type": "Point", "coordinates": [ 8.631235221389812, 47.424036043638132 ] } },
{ "type": "Feature", "properties": { "name": "bus_LV_200-14_0_6_node_44", "Landuse Category": "Semi-natural grassland, in general" }, "geometry": { "type": "Point", "coordinates": [ 8.631444508463627, 47.424214110153081 ] } },
{ "type": "Feature", "properties": { "name": "bus_LV_200-14_0_6_node_158", "Landuse Category": "Roads" }, "geometry": { "type": "Point", "coordinates": [ 8.631049808463445, 47.423571610152983 ] } },
{ "type": "Feature", "properties": { "name": "bus_LV_200-14_0_6_node_29", "Landuse Category": "Residential areas (one and two-family houses)" }, "geometry": { "type": "Point", "coordinates": [ 8.632431708464603, 47.424115010152768 ] } },
{ "type": "Feature", "properties": { "name": "bus_LV_200-14_0_6_node_30", "Landuse Category": "Residential areas (one and two-family houses)" }, "geometry": { "type": "Point", "coordinates": [ 8.632432271412767, 47.424127848334997 ] } },
{ "type": "Feature", "properties": { "name": "bus_LV_200-14_0_6_node_33", "Landuse Category": "Residential areas (one and two-family houses)" }, "geometry": { "type": "Point", "coordinates": [ 8.63243268200354, 47.424137211962552 ] } },
{ "type": "Feature", "properties": { "name": "bus_LV_200-14_0_6_node_34", "Landuse Category": "Residential areas (one and two-family houses)" }, "geometry": { "type": "Point", "coordinates": [ 8.632418028587955, 47.424342160608532 ] } },
{ "type": "Feature", "properties": { "name": "bus_LV_200-14_0_6_node_160", "Landuse Category": "Roads" }, "geometry": { "type": "Point", "coordinates": [ 8.63088570846327, 47.423653610153046 ] } },
{ "type": "Feature", "properties": { "name": "bus_LV_200-14_0_6_node_35", "Landuse Category": "Residential areas (one and two-family houses)" }, "geometry": { "type": "Point", "coordinates": [ 8.632431608464465, 47.424533610152842 ] } },
{ "type": "Feature", "properties": { "name": "bus_LV_200-14_0_6_node_38", "Landuse Category": "Residential areas (one and two-family houses)" }, "geometry": { "type": "Point", "coordinates": [ 8.632784774055461, 47.42453438714751 ] } },
{ "type": "Feature", "properties": { "name": "bus_LV_200-14_0_6_node_39", "Landuse Category": "Residential areas (one and two-family houses)" }, "geometry": { "type": "Point", "coordinates": [ 8.632227608464278, 47.424540710152954 ] } },
{ "type": "Feature", "properties": { "name": "bus_LV_200-14_0_6_node_63", "Landuse Category": "Residential areas (one and two-family houses)" }, "geometry": { "type": "Point", "coordinates": [ 8.632407608464426, 47.424633910152927 ] } },
{ "type": "Feature", "properties": { "name": "bus_LV_200-14_0_6_node_69", "Landuse Category": "Residential areas (one and two-family houses)" }, "geometry": { "type": "Point", "coordinates": [ 8.632178608464205, 47.424582410152965 ] } },
{ "type": "Feature", "properties": { "name": "bus_LV_200-14_0_6_node_70", "Landuse Category": "Residential areas (blocks of flats)" }, "geometry": { "type": "Point", "coordinates": [ 8.632725908464659, 47.424873210152882 ] } },
{ "type": "Feature", "properties": { "name": "bus_LV_200-14_0_6_node_61", "Landuse Category": "Residential areas (one and two-family houses)" }, "geometry": { "type": "Point", "coordinates": [ 8.632660973256929, 47.42476136858064 ] } },
{ "type": "Feature", "properties": { "name": "bus_LV_200-14_0_6_node_120", "Landuse Category": "Residential areas (one and two-family houses)" }, "geometry": { "type": "Point", "coordinates": [ 8.632104979207874, 47.424545205121284 ] } },
{ "type": "Feature", "properties": { "name": "bus_LV_200-14_0_6_node_167", "Landuse Category": "Semi-natural grassland, in general" }, "geometry": { "type": "Point", "coordinates": [ 8.631761701195561, 47.424301091584873 ] } },
{ "type": "Feature", "properties": { "name": "bus_LV_200-14_0_6_node_168", "Landuse Category": "Semi-natural grassland, in general" }, "geometry": { "type": "Point", "coordinates": [ 8.631720375737885, 47.424279837488001 ] } },
{ "type": "Feature", "properties": { "name": "bus_LV_200-14_0_6_node_42", "Landuse Category": "Semi-natural grassland, in general" }, "geometry": { "type": "Point", "coordinates": [ 8.63131592887108, 47.42448930893417 ] } },
{ "type": "Feature", "properties": { "name": "bus_LV_200-14_0_6_node_43", "Landuse Category": "Semi-natural grassland, in general" }, "geometry": { "type": "Point", "coordinates": [ 8.631172008463162, 47.424847910153339 ] } },
{ "type": "Feature", "properties": { "name": "bus_LV_200-14_0_6_node_45", "Landuse Category": "Semi-natural grassland, in general" }, "geometry": { "type": "Point", "coordinates": [ 8.630951258969999, 47.424788045854385 ] } },
{ "type": "Feature", "properties": { "name": "bus_LV_200-14_0_6_node_46", "Landuse Category": "Semi-natural grassland, in general" }, "geometry": { "type": "Point", "coordinates": [ 8.631157311938855, 47.425112193378197 ] } },
{ "type": "Feature", "properties": { "name": "bus_LV_200-14_0_6_node_48", "Landuse Category": "Semi-natural grassland, in general" }, "geometry": { "type": "Point", "coordinates": [ 8.631622708463775, 47.424301510153064 ] } },
{ "type": "Feature", "properties": { "name": "bus_LV_200-14_0_6_node_55", "Landuse Category": "Roads" }, "geometry": { "type": "Point", "coordinates": [ 8.630287372006181, 47.424473171871973 ] } },
{ "type": "Feature", "properties": { "name": "bus_LV_200-14_0_6_node_155", "Landuse Category": "Semi-natural grassland, in general" }, "geometry": { "type": "Point", "coordinates": [ 8.631223108463018, 47.425459510153544 ] } },
{ "type": "Feature", "properties": { "name": "bus_LV_200-14_0_6_node_121", "Landuse Category": "Semi-natural grassland, in general" }, "geometry": { "type": "Point", "coordinates": [ 8.631668408463835, 47.424253110153053 ] } },
{ "type": "Feature", "properties": { "name": "bus_LV_200-14_0_6_node_49", "Landuse Category": "Roads" }, "geometry": { "type": "Point", "coordinates": [ 8.630573308462941, 47.423693910153162 ] } },
{ "type": "Feature", "properties": { "name": "bus_LV_200-14_0_6_node_50", "Landuse Category": "Roads" }, "geometry": { "type": "Point", "coordinates": [ 8.630419508462783, 47.423751710153226 ] } },
{ "type": "Feature", "properties": { "name": "bus_LV_200-14_0_6_node_67", "Landuse Category": "Roads" }, "geometry": { "type": "Point", "coordinates": [ 8.63032546261768, 47.423560940743791 ] } },
{ "type": "Feature", "properties": { "name": "bus_LV_200-14_0_6_node_58", "Landuse Category": "Roads" }, "geometry": { "type": "Point", "coordinates": [ 8.630167908462477, 47.423940210153347 ] } },
{ "type": "Feature", "properties": { "name": "bus_LV_200-14_0_6_node_56", "Landuse Category": "Roads" }, "geometry": { "type": "Point", "coordinates": [ 8.630003408462199, 47.424334310153533 ] } },
{ "type": "Feature", "properties": { "name": "bus_LV_200-14_0_6_node_153", "Landuse Category": "Semi-natural grassland, in general" }, "geometry": { "type": "Point", "coordinates": [ 8.630799053132661, 47.425509553570741 ] } },
{ "type": "Feature", "properties": { "name": "bus_LV_200-14_0_6_node_53", "Landuse Category": "Roads" }, "geometry": { "type": "Point", "coordinates": [ 8.630180908462648, 47.423478810153199 ] } },
{ "type": "Feature", "properties": { "name": "bus_LV_200-14_0_6_node_54", "Landuse Category": "Roads" }, "geometry": { "type": "Point", "coordinates": [ 8.630083208462523, 47.423550710153279 ] } },
{ "type": "Feature", "properties": { "name": "bus_LV_200-14_0_6_node_66", "Landuse Category": "Roads" }, "geometry": { "type": "Point", "coordinates": [ 8.630177912613471, 47.423611618479313 ] } },
{ "type": "Feature", "properties": { "name": "bus_LV_200-14_0_6_node_71", "Landuse Category": "Roads" }, "geometry": { "type": "Point", "coordinates": [ 8.630450824330429, 47.424089834958046 ] } },
{ "type": "Feature", "properties": { "name": "bus_LV_200-14_0_6_node_57", "Landuse Category": "Roads" }, "geometry": { "type": "Point", "coordinates": [ 8.629772308461925, 47.424508510153629 ] } },
{ "type": "Feature", "properties": { "name": "bus_LV_200-14_0_6_node_59", "Landuse Category": "Roads" }, "geometry": { "type": "Point", "coordinates": [ 8.62951920846181, 47.424081210153545 ] } },
{ "type": "Feature", "properties": { "name": "bus_LV_200-14_0_6_node_146", "Landuse Category": "Roads" }, "geometry": { "type": "Point", "coordinates": [ 8.629731208461877, 47.424545310153604 ] } },
{ "type": "Feature", "properties": { "name": "bus_LV_200-14_0_6_node_140", "Landuse Category": "Residential areas (blocks of flats)" }, "geometry": { "type": "Point", "coordinates": [ 8.629369227002408, 47.42428590796608 ] } },
{ "type": "Feature", "properties": { "name": "bus_LV_200-14_0_6_node_169", "Landuse Category": "Roads" }, "geometry": { "type": "Point", "coordinates": [ 8.629661008461802, 47.424523010153671 ] } },
{ "type": "Feature", "properties": { "name": "bus_LV_200-14_0_6_node_143", "Landuse Category": "Roads" }, "geometry": { "type": "Point", "coordinates": [ 8.629621608461733, 47.424677510153778 ] } },
{ "type": "Feature", "properties": { "name": "bus_LV_200-14_0_6_node_166", "Landuse Category": "Roads" }, "geometry": { "type": "Point", "coordinates": [ 8.629855869985095, 47.424599517083031 ] } },
{ "type": "Feature", "properties": { "name": "bus_LV_200-14_0_6_node_145", "Landuse Category": "Roads" }, "geometry": { "type": "Point", "coordinates": [ 8.629766908461855, 47.424724310153699 ] } },
{ "type": "Feature", "properties": { "name": "bus_LV_200-14_0_6_node_60", "Landuse Category": "Residential areas (blocks of flats)" }, "geometry": { "type": "Point", "coordinates": [ 8.632995037495137, 47.424931144876318 ] } },
{ "type": "Feature", "properties": { "name": "bus_LV_200-14_0_6_node_117", "Landuse Category": "Residential areas (blocks of flats)" }, "geometry": { "type": "Point", "coordinates": [ 8.633074808464933, 47.425043210152843 ] } },
{ "type": "Feature", "properties": { "name": "bus_LV_200-14_0_6_node_119", "Landuse Category": "Residential areas (blocks of flats)" }, "geometry": { "type": "Point", "coordinates": [ 8.632540708464413, 47.425049010153018 ] } },
{ "type": "Feature", "properties": { "name": "bus_LV_200-14_0_6_node_108", "Landuse Category": "Residential areas (one and two-family houses)" }, "geometry": { "type": "Point", "coordinates": [ 8.633677408465234, 47.425939310152941 ] } },
{ "type": "Feature", "properties": { "name": "bus_LV_200-14_0_6_node_111", "Landuse Category": "Residential areas (one and two-family houses)" }, "geometry": { "type": "Point", "coordinates": [ 8.633634385643294, 47.426034529496235 ] } },
{ "type": "Feature", "properties": { "name": "bus_LV_200-14_0_6_node_107", "Landuse Category": "Residential areas (one and two-family houses)" }, "geometry": { "type": "Point", "coordinates": [ 8.633560423229737, 47.425924489170029 ] } },
{ "type": "Feature", "properties": { "name": "bus_LV_200-14_0_6_node_122", "Landuse Category": "Residential areas (blocks of flats)" }, "geometry": { "type": "Point", "coordinates": [ 8.633327431163787, 47.425168116446571 ] } },
{ "type": "Feature", "properties": { "name": "bus_LV_200-14_0_6_node_118", "Landuse Category": "Residential areas (blocks of flats)" }, "geometry": { "type": "Point", "coordinates": [ 8.632617924363842, 47.425393119169961 ] } },
{ "type": "Feature", "properties": { "name": "bus_LV_200-14_0_6_node_72", "Landuse Category": "Residential areas (one and two-family houses)" }, "geometry": { "type": "Point", "coordinates": [ 8.632067456242002, 47.426431978235563 ] } },
{ "type": "Feature", "properties": { "name": "bus_LV_200-14_0_6_node_73", "Landuse Category": "Residential areas (one and two-family houses)" }, "geometry": { "type": "Point", "coordinates": [ 8.632122797337669, 47.426429140522011 ] } },
{ "type": "Feature", "properties": { "name": "bus_LV_200-14_0_6_node_74", "Landuse Category": "Residential areas (one and two-family houses)" }, "geometry": { "type": "Point", "coordinates": [ 8.631721451489424, 47.426449711162633 ] } },
{ "type": "Feature", "properties": { "name": "bus_LV_200-14_0_6_node_75", "Landuse Category": "Residential areas (one and two-family houses)" }, "geometry": { "type": "Point", "coordinates": [ 8.632346390407324, 47.426417675114649 ] } },
{ "type": "Feature", "properties": { "name": "bus_LV_200-14_0_6_node_76", "Landuse Category": "Residential areas (one and two-family houses)" }, "geometry": { "type": "Point", "coordinates": [ 8.63170905181641, 47.426450346199438 ] } },
{ "type": "Feature", "properties": { "name": "bus_LV_200-14_0_6_node_85", "Landuse Category": "Residential areas (one and two-family houses)" }, "geometry": { "type": "Point", "coordinates": [ 8.632369108463822, 47.426416510153459 ] } },
{ "type": "Feature", "properties": { "name": "bus_LV_200-14_0_6_node_77", "Landuse Category": "Residential areas (one and two-family houses)" }, "geometry": { "type": "Point", "coordinates": [ 8.63148910846296, 47.426461610153751 ] } },
{ "type": "Feature", "properties": { "name": "bus_LV_200-14_0_6_node_99", "Landuse Category": "Residential areas (one and two-family houses)" }, "geometry": { "type": "Point", "coordinates": [ 8.632538757509778, 47.426400296287994 ] } },
{ "type": "Feature", "properties": { "name": "bus_LV_200-14_0_6_node_82", "Landuse Category": "Residential areas (one and two-family houses)" }, "geometry": { "type": "Point", "coordinates": [ 8.632351408463869, 47.426220410153434 ] } },
{ "type": "Feature", "properties": { "name": "bus_LV_200-14_0_6_node_79", "Landuse Category": "Arable land, in general" }, "geometry": { "type": "Point", "coordinates": [ 8.631305108462742, 47.426626810153842 ] } },
{ "type": "Feature", "properties": { "name": "bus_LV_200-14_0_6_node_78", "Landuse Category": "Residential areas (one and two-family houses)" }, "geometry": { "type": "Point", "coordinates": [ 8.631409708462975, 47.426180410153698 ] } },
{ "type": "Feature", "properties": { "name": "bus_LV_200-14_0_6_node_109", "Landuse Category": "Residential areas (one and two-family houses)" }, "geometry": { "type": "Point", "coordinates": [ 8.631375208462979, 47.426046910153659 ] } },
{ "type": "Feature", "properties": { "name": "bus_LV_200-14_0_6_node_92", "Landuse Category": "Residential areas (one and two-family houses)" }, "geometry": { "type": "Point", "coordinates": [ 8.631660293902906, 47.426149736736548 ] } },
{ "type": "Feature", "properties": { "name": "bus_LV_200-14_0_6_node_123", "Landuse Category": "Arable land, in general" }, "geometry": { "type": "Point", "coordinates": [ 8.630667635699725, 47.426622844884982 ] } },
{ "type": "Feature", "properties": { "name": "bus_LV_200-14_0_6_node_136", "Landuse Category": "Residential areas (one and two-family houses)" }, "geometry": { "type": "Point", "coordinates": [ 8.630984808462539, 47.42624581015383 ] } },
{ "type": "Feature", "properties": { "name": "bus_LV_200-14_0_6_node_91", "Landuse Category": "Residential areas (one and two-family houses)" }, "geometry": { "type": "Point", "coordinates": [ 8.632060957342503, 47.426123218031208 ] } },
{ "type": "Feature", "properties": { "name": "bus_LV_200-14_0_6_node_130", "Landuse Category": "Residential areas (one and two-family houses)" }, "geometry": { "type": "Point", "coordinates": [ 8.630997237083488, 47.426337043157865 ] } },
{ "type": "Feature", "properties": { "name": "bus_LV_200-14_0_6_node_137", "Landuse Category": "Residential areas (one and two-family houses)" }, "geometry": { "type": "Point", "coordinates": [ 8.630993608462532, 47.426287710153872 ] } },
{ "type": "Feature", "properties": { "name": "bus_LV_200-14_0_6_node_80", "Landuse Category": "Residential areas (one and two-family houses)" }, "geometry": { "type": "Point", "coordinates": [ 8.632564188200011, 47.426193891146241 ] } },
{ "type": "Feature", "properties": { "name": "bus_LV_200-14_0_6_node_81", "Landuse Category": "Residential areas (one and two-family houses)" }, "geometry": { "type": "Point", "coordinates": [ 8.632873653823236, 47.426155321307938 ] } },
{ "type": "Feature", "properties": { "name": "bus_LV_200-14_0_6_node_83", "Landuse Category": "Residential areas (one and two-family houses)" }, "geometry": { "type": "Point", "coordinates": [ 8.633033408464547, 47.426135410153201 ] } },
{ "type": "Feature", "properties": { "name": "bus_LV_200-14_0_6_node_84", "Landuse Category": "Residential areas (one and two-family houses)" }, "geometry": { "type": "Point", "coordinates": [ 8.632327508463881, 47.426091710153415 ] } },
{ "type": "Feature", "properties": { "name": "bus_LV_200-14_0_6_node_102", "Landuse Category": "Residential areas (one and two-family houses)" }, "geometry": { "type": "Point", "coordinates": [ 8.633017370059523, 47.426059984216323 ] } },
{ "type": "Feature", "properties": { "name": "bus_LV_200-14_0_6_node_93", "Landuse Category": "Residential areas (one and two-family houses)" }, "geometry": { "type": "Point", "coordinates": [ 8.632312608463879, 47.426040710153387 ] } },
{ "type": "Feature", "properties": { "name": "bus_LV_200-14_0_6_node_90", "Landuse Category": "Residential areas (one and two-family houses)" }, "geometry": { "type": "Point", "coordinates": [ 8.633011608464448, 47.426355210153275 ] } },
{ "type": "Feature", "properties": { "name": "bus_LV_200-14_0_6_node_101", "Landuse Category": "Residential areas (one and two-family houses)" }, "geometry": { "type": "Point", "coordinates": [ 8.632832065443752, 47.42637232606328 ] } },
{ "type": "Feature", "properties": { "name": "bus_LV_200-14_0_6_node_88", "Landuse Category": "Residential areas (one and two-family houses)" }, "geometry": { "type": "Point", "coordinates": [ 8.633029300221917, 47.426352757571223 ] } },
{ "type": "Feature", "properties": { "name": "bus_LV_200-14_0_6_node_103", "Landuse Category": "Residential areas (one and two-family houses)" }, "geometry": { "type": "Point", "coordinates": [ 8.632994708464569, 47.425953410153141 ] } },
{ "type": "Feature", "properties": { "name": "bus_LV_200-14_0_6_node_113", "Landuse Category": "Residential areas (one and two-family houses)" }, "geometry": { "type": "Point", "coordinates": [ 8.632245608463878, 47.425826010153379 ] } },
{ "type": "Feature", "properties": { "name": "bus_LV_200-14_0_6_node_112", "Landuse Category": "Residential areas (one and two-family houses)" }, "geometry": { "type": "Point", "coordinates": [ 8.632542605518235, 47.426011273979931 ] } },
{ "type": "Feature", "properties": { "name": "bus_LV_200-14_0_6_node_98", "Landuse Category": "Residential areas (one and two-family houses)" }, "geometry": { "type": "Point", "coordinates": [ 8.632569199547522, 47.426397393331854 ] } },
{ "type": "Feature", "properties": { "name": "bus_LV_200-14_0_6_node_86", "Landuse Category": "Residential areas (one and two-family houses)" }, "geometry": { "type": "Point", "coordinates": [ 8.633198425642238, 47.426329311817064 ] } },
{ "type": "Feature", "properties": { "name": "bus_LV_200-14_0_6_node_87", "Landuse Category": "Residential areas (one and two-family houses)" }, "geometry": { "type": "Point", "coordinates": [ 8.633258446729482, 47.426320991065694 ] } },
{ "type": "Feature", "properties": { "name": "bus_LV_200-14_0_6_node_89", "Landuse Category": "Residential areas (one and two-family houses)" }, "geometry": { "type": "Point", "coordinates": [ 8.633490929590454, 47.426288781738322 ] } },
{ "type": "Feature", "properties": { "name": "bus_LV_200-14_0_6_node_94", "Landuse Category": "Residential areas (one and two-family houses)" }, "geometry": { "type": "Point", "coordinates": [ 8.6335090086303, 47.426286281450565 ] } },
{ "type": "Feature", "properties": { "name": "bus_LV_200-14_0_6_node_95", "Landuse Category": "Residential areas (one and two-family houses)" }, "geometry": { "type": "Point", "coordinates": [ 8.633628108465077, 47.426269810153087 ] } },
{ "type": "Feature", "properties": { "name": "bus_LV_200-14_0_6_node_100", "Landuse Category": "Residential areas (one and two-family houses)" }, "geometry": { "type": "Point", "coordinates": [ 8.632802850386753, 47.426375112083697 ] } },
{ "type": "Feature", "properties": { "name": "bus_LV_200-14_0_6_node_157", "Landuse Category": "Residential areas (one and two-family houses)" }, "geometry": { "type": "Point", "coordinates": [ 8.631867514239808, 47.425881475049685 ] } },
{ "type": "Feature", "properties": { "name": "bus_LV_200-14_0_6_node_105", "Landuse Category": "Residential areas (one and two-family houses)" }, "geometry": { "type": "Point", "coordinates": [ 8.632844113756498, 47.42597268470417 ] } },
{ "type": "Feature", "properties": { "name": "bus_LV_200-14_0_6_node_96", "Landuse Category": "Residential areas (one and two-family houses)" }, "geometry": { "type": "Point", "coordinates": [ 8.633701502012922, 47.42626099022182 ] } },
{ "type": "Feature", "properties": { "name": "bus_LV_200-14_0_6_node_97", "Landuse Category": "Residential areas (one and two-family houses)" }, "geometry": { "type": "Point", "coordinates": [ 8.633629790355448, 47.42604468657585 ] } },
{ "type": "Feature", "properties": { "name": "bus_LV_200-14_0_6_node_104", "Landuse Category": "Residential areas (one and two-family houses)" }, "geometry": { "type": "Point", "coordinates": [ 8.633152705986538, 47.425933403244173 ] } },
{ "type": "Feature", "properties": { "name": "bus_LV_200-14_0_6_node_106", "Landuse Category": "Residential areas (one and two-family houses)" }, "geometry": { "type": "Point", "coordinates": [ 8.632931408464582, 47.425734810153102 ] } },
{ "type": "Feature", "properties": { "name": "bus_LV_200-14_0_6_node_114", "Landuse Category": "Residential areas (blocks of flats)" }, "geometry": { "type": "Point", "coordinates": [ 8.633176857722189, 47.425555941178189 ] } },
{ "type": "Feature", "properties": { "name": "bus_LV_200-14_0_6_node_115", "Landuse Category": "Residential areas (blocks of flats)" }, "geometry": { "type": "Point", "coordinates": [ 8.633023308464772, 47.425396010153001 ] } },
{ "type": "Feature", "properties": { "name": "bus_LV_200-14_0_6_node_116", "Landuse Category": "Residential areas (blocks of flats)" }, "geometry": { "type": "Point", "coordinates": [ 8.632812590470618, 47.425414257746439 ] } },
{ "type": "Feature", "properties": { "name": "bus_LV_200-14_0_6_node_125", "Landuse Category": "Residential areas (blocks of flats)" }, "geometry": { "type": "Point", "coordinates": [ 8.630499401773902, 47.426282629740662 ] } },
{ "type": "Feature", "properties": { "name": "bus_LV_200-14_0_6_node_126", "Landuse Category": "Residential areas (blocks of flats)" }, "geometry": { "type": "Point", "coordinates": [ 8.630181208461922, 47.425757610153923 ] } },
{ "type": "Feature", "properties": { "name": "bus_LV_200-14_0_6_node_128", "Landuse Category": "Residential areas (blocks of flats)" }, "geometry": { "type": "Point", "coordinates": [ 8.630507108462229, 47.425751210153834 ] } },
{ "type": "Feature", "properties": { "name": "bus_LV_200-14_0_6_node_147", "Landuse Category": "Residential areas (blocks of flats)" }, "geometry": { "type": "Point", "coordinates": [ 8.630181105813822, 47.425757290054982 ] } },
{ "type": "Feature", "properties": { "name": "bus_LV_200-14_0_6_node_151", "Landuse Category": "Residential areas (blocks of flats)" }, "geometry": { "type": "Point", "coordinates": [ 8.630468798188204, 47.425582410843575 ] } },
{ "type": "Feature", "properties": { "name": "bus_LV_200-14_0_6_node_129", "Landuse Category": "Residential areas (blocks of flats)" }, "geometry": { "type": "Point", "coordinates": [ 8.629504608461193, 47.425978510154188 ] } },
{ "type": "Feature", "properties": { "name": "bus_LV_200-14_0_6_node_134", "Landuse Category": "Residential areas (blocks of flats)" }, "geometry": { "type": "Point", "coordinates": [ 8.62941410846112, 47.42597481015423 ] } },
{ "type": "Feature", "properties": { "name": "bus_LV_200-14_0_6_node_154", "Landuse Category": "Residential areas (blocks of flats)" }, "geometry": { "type": "Point", "coordinates": [ 8.629548592854713, 47.42565844021469 ] } },
{ "type": "Feature", "properties": { "name": "bus_LV_200-14_0_6_node_148", "Landuse Category": "Residential areas (blocks of flats)" }, "geometry": { "type": "Point", "coordinates": [ 8.630060808461865, 47.425583410153905 ] } },
{ "type": "Feature", "properties": { "name": "bus_LV_200-14_0_6_node_152", "Landuse Category": "Residential areas (blocks of flats)" }, "geometry": { "type": "Point", "coordinates": [ 8.630734500219507, 47.425517171413823 ] } },
{ "type": "Feature", "properties": { "name": "bus_LV_200-14_0_6_node_132", "Landuse Category": "Residential areas (blocks of flats)" }, "geometry": { "type": "Point", "coordinates": [ 8.629426128164864, 47.426254693302788 ] } },
{ "type": "Feature", "properties": { "name": "bus_LV_200-14_0_6_node_149", "Landuse Category": "Residential areas (blocks of flats)" }, "geometry": { "type": "Point", "coordinates": [ 8.629653108461492, 47.425519610153977 ] } },
{ "type": "Feature", "properties": { "name": "bus_LV_200-14_0_6_node_131", "Landuse Category": "Residential areas (blocks of flats)" }, "geometry": { "type": "Point", "coordinates": [ 8.629556408046859, 47.426288873102635 ] } },
{ "type": "Feature", "properties": { "name": "bus_LV_200-14_0_6_node_133", "Landuse Category": "Residential areas (blocks of flats)" }, "geometry": { "type": "Point", "coordinates": [ 8.629938785523546, 47.426295694479776 ] } },
{ "type": "Feature", "properties": { "name": "bus_LV_200-14_0_6_node_135", "Landuse Category": "Residential areas (blocks of flats)" }, "geometry": { "type": "Point", "coordinates": [ 8.630050408461624, 47.426295110154136 ] } },
{ "type": "Feature", "properties": { "name": "bus_LV_200-14_0_6_node_138", "Landuse Category": "Residential areas (blocks of flats)" }, "geometry": { "type": "Point", "coordinates": [ 8.62939180846127, 47.425438310154064 ] } },
{ "type": "Feature", "properties": { "name": "bus_LV_200-14_0_6_node_156", "Landuse Category": "Residential areas (blocks of flats)" }, "geometry": { "type": "Point", "coordinates": [ 8.629290398651271, 47.425362253184559 ] } },
{ "type": "Feature", "properties": { "name": "bus_LV_200-14_0_6_node_142", "Landuse Category": "Residential areas (blocks of flats)" }, "geometry": { "type": "Point", "coordinates": [ 8.629133831500013, 47.424985920310085 ] } },
{ "type": "Feature", "properties": { "name": "bus_LV_200-14_0_6_node_144", "Landuse Category": "Roads" }, "geometry": { "type": "Point", "coordinates": [ 8.629528908461641, 47.424646310153747 ] } },
{ "type": "Feature", "properties": { "name": "bus_LV_200-14_0_6_node_163", "Landuse Category": "Residential areas (blocks of flats)" }, "geometry": { "type": "Point", "coordinates": [ 8.630007008462051, 47.424823810153676 ] } },
{ "type": "Feature", "properties": { "name": "bus_LV_200-14_0_6_node_165", "Landuse Category": "Residential areas (blocks of flats)" }, "geometry": { "type": "Point", "coordinates": [ 8.629845808461836, 47.424988710153784 ] } },
{ "type": "Feature", "properties": { "name": "bus_LV_200-14_0_6_node_162", "Landuse Category": "Residential areas (blocks of flats)" }, "geometry": { "type": "Point", "coordinates": [ 8.630136021653325, 47.424865666379162 ] } },
{ "type": "Feature", "properties": { "name": "bus_LV_200-14_0_6_node_150", "Landuse Category": "Residential areas (blocks of flats)" }, "geometry": { "type": "Point", "coordinates": [ 8.630083608461922, 47.425450810153819 ] } },
{ "type": "Feature", "properties": { "name": "bus_LV_200-14_0_6_node_164", "Landuse Category": "Residential areas (blocks of flats)" }, "geometry": { "type": "Point", "coordinates": [ 8.630205508462222, 47.424888210153661 ] } },
{ "type": "Feature", "properties": { "name": "bus_LV_200-14_0_6_node_170", "Landuse Category": "Residential areas (blocks of flats)" }, "geometry": { "type": "Point", "coordinates": [ 8.629814508461813, 47.424978210153782 ] } },
{ "type": "Feature", "properties": { "name": "bus_LV_200-15_0_3_node_0", "Landuse Category": "Public buildings and surroundings" }, "geometry": { "type": "Point", "coordinates": [ 8.630001408462624, 47.422978910153105 ] } },
{ "type": "Feature", "properties": { "name": "bus_LV_200-15_0_3_node_1", "Landuse Category": "Roads" }, "geometry": { "type": "Point", "coordinates": [ 8.629986708462569, 47.423090210153141 ] } },
{ "type": "Feature", "properties": { "name": "bus_LV_200-15_0_3_node_3", "Landuse Category": "Roads" }, "geometry": { "type": "Point", "coordinates": [ 8.629883108462458, 47.423150610153172 ] } },
{ "type": "Feature", "properties": { "name": "bus_LV_200-15_0_3_node_4", "Landuse Category": "Roads" }, "geometry": { "type": "Point", "coordinates": [ 8.630426866858521, 47.423118602010639 ] } },
{ "type": "Feature", "properties": { "name": "bus_LV_200-15_0_3_node_9", "Landuse Category": "Roads" }, "geometry": { "type": "Point", "coordinates": [ 8.629771868679235, 47.423082855595311 ] } },
{ "type": "Feature", "properties": { "name": "bus_LV_200-15_0_3_node_11", "Landuse Category": "Agricultural buildings and surroundings" }, "geometry": { "type": "Point", "coordinates": [ 8.629399408461953, 47.423267610153395 ] } },
{ "type": "Feature", "properties": { "name": "bus_LV_200-15_0_3_node_7", "Landuse Category": "Roads" }, "geometry": { "type": "Point", "coordinates": [ 8.630024734127035, 47.423360073401206 ] } },
{ "type": "Feature", "properties": { "name": "bus_LV_200-15_0_3_node_5", "Landuse Category": "Public buildings and surroundings" }, "geometry": { "type": "Point", "coordinates": [ 8.62962904015936, 47.422682879806594 ] } },
{ "type": "Feature", "properties": { "name": "bus_LV_200-15_0_3_node_40", "Landuse Category": "Public buildings and surroundings" }, "geometry": { "type": "Point", "coordinates": [ 8.62955940846229, 47.422713210153148 ] } },
{ "type": "Feature", "properties": { "name": "bus_LV_200-15_0_3_node_10", "Landuse Category": "Roads" }, "geometry": { "type": "Point", "coordinates": [ 8.629654708462269, 47.423050410153245 ] } },
{ "type": "Feature", "properties": { "name": "bus_LV_200-15_0_3_node_41", "Landuse Category": "Public buildings and surroundings" }, "geometry": { "type": "Point", "coordinates": [ 8.629539261263105, 47.422952069720331 ] } },
{ "type": "Feature", "properties": { "name": "bus_LV_200-15_0_3_node_14", "Landuse Category": "Agricultural buildings and surroundings" }, "geometry": { "type": "Point", "coordinates": [ 8.629316708461882, 47.423234810153403 ] } },
{ "type": "Feature", "properties": { "name": "bus_LV_200-15_0_3_node_21", "Landuse Category": "Roads" }, "geometry": { "type": "Point", "coordinates": [ 8.629461008461927, 47.423513410153419 ] } },
{ "type": "Feature", "properties": { "name": "bus_LV_200-15_0_3_node_30", "Landuse Category": "Agricultural buildings and surroundings" }, "geometry": { "type": "Point", "coordinates": [ 8.629167455356976, 47.423283071934605 ] } },
{ "type": "Feature", "properties": { "name": "bus_LV_200-15_0_3_node_12", "Landuse Category": "Industrial and commercial areas > 1 ha" }, "geometry": { "type": "Point", "coordinates": [ 8.629383408462083, 47.422819310153223 ] } },
{ "type": "Feature", "properties": { "name": "bus_LV_200-15_0_3_node_34", "Landuse Category": "Agricultural buildings and surroundings" }, "geometry": { "type": "Point", "coordinates": [ 8.629228634642239, 47.423239820658658 ] } },
{ "type": "Feature", "properties": { "name": "bus_LV_200-15_0_3_node_15", "Landuse Category": "Industrial and commercial areas > 1 ha" }, "geometry": { "type": "Point", "coordinates": [ 8.628204408461073, 47.422407310153439 ] } },
{ "type": "Feature", "properties": { "name": "bus_LV_200-15_0_3_node_17", "Landuse Category": "Industrial and commercial areas > 1 ha" }, "geometry": { "type": "Point", "coordinates": [ 8.628042608460902, 47.42249101015355 ] } },
{ "type": "Feature", "properties": { "name": "bus_LV_200-15_0_3_node_35", "Landuse Category": "Industrial and commercial areas > 1 ha" }, "geometry": { "type": "Point", "coordinates": [ 8.628296304023243, 47.422534440448004 ] } },
{ "type": "Feature", "properties": { "name": "bus_LV_200-15_0_3_node_16", "Landuse Category": "Industrial and commercial areas > 1 ha" }, "geometry": { "type": "Point", "coordinates": [ 8.627787708460611, 47.422634410153641 ] } },
{ "type": "Feature", "properties": { "name": "bus_LV_200-15_0_3_node_31", "Landuse Category": "Industrial and commercial areas > 1 ha" }, "geometry": { "type": "Point", "coordinates": [ 8.627862004245022, 47.422863119396624 ] } },
{ "type": "Feature", "properties": { "name": "bus_LV_200-15_0_3_node_18", "Landuse Category": "Industrial and commercial areas > 1 ha" }, "geometry": { "type": "Point", "coordinates": [ 8.627460608460177, 47.422982010153866 ] } },
{ "type": "Feature", "properties": { "name": "bus_LV_200-15_0_3_node_29", "Landuse Category": "Residential areas (terraced houses)" }, "geometry": { "type": "Point", "coordinates": [ 8.627818508460383, 47.423446310153878 ] } },
{ "type": "Feature", "properties": { "name": "bus_LV_200-15_0_3_node_19", "Landuse Category": "Residential areas (blocks of flats)" }, "geometry": { "type": "Point", "coordinates": [ 8.629355708461679, 47.424025510153633 ] } },
{ "type": "Feature", "properties": { "name": "bus_LV_200-15_0_3_node_32", "Landuse Category": "Residential areas (blocks of flats)" }, "geometry": { "type": "Point", "coordinates": [ 8.628856408461212, 47.423972110153755 ] } },
{ "type": "Feature", "properties": { "name": "bus_LV_200-15_0_3_node_33", "Landuse Category": "Roads" }, "geometry": { "type": "Point", "coordinates": [ 8.629442705937512, 47.423732037801685 ] } },
{ "type": "Feature", "properties": { "name": "bus_LV_200-15_0_3_node_26", "Landuse Category": "Agricultural buildings and surroundings" }, "geometry": { "type": "Point", "coordinates": [ 8.628706308461272, 47.42331381015358 ] } },
{ "type": "Feature", "properties": { "name": "bus_LV_200-15_0_3_node_39", "Landuse Category": "Residential areas (terraced houses)" }, "geometry": { "type": "Point", "coordinates": [ 8.627585474093241, 47.423515629816649 ] } },
{ "type": "Feature", "properties": { "name": "bus_LV_200-15_0_3_node_24", "Landuse Category": "Agricultural buildings and surroundings" }, "geometry": { "type": "Point", "coordinates": [ 8.628158308460725, 47.423392610153783 ] } },
{ "type": "Feature", "properties": { "name": "bus_LV_200-15_0_3_node_22", "Landuse Category": "Agricultural buildings and surroundings" }, "geometry": { "type": "Point", "coordinates": [ 8.628218350682621, 47.423549439081874 ] } },
{ "type": "Feature", "properties": { "name": "bus_LV_200-15_0_3_node_23", "Landuse Category": "Agricultural buildings and surroundings" }, "geometry": { "type": "Point", "coordinates": [ 8.628248508460729, 47.423628210153844 ] } },
{ "type": "Feature", "properties": { "name": "bus_LV_200-15_0_3_node_28", "Landuse Category": "Residential areas (terraced houses)" }, "geometry": { "type": "Point", "coordinates": [ 8.627376808459902, 47.423583110154063 ] } },
{ "type": "Feature", "properties": { "name": "bus_LV_200-15_0_3_node_38", "Landuse Category": "Residential areas (terraced houses)" }, "geometry": { "type": "Point", "coordinates": [ 8.627238808459841, 47.423351510153992 ] } },
{ "type": "Feature", "properties": { "name": "bus_LV_52-12_0_4_node_0", "Landuse Category": "Industrial and commercial areas < 1 ha" }, "geometry": { "type": "Point", "coordinates": [ 8.637788456796709, 47.429705058384116 ] } },
{ "type": "Feature", "properties": { "name": "bus_LV_52-12_0_4_node_1", "Landuse Category": "Semi-natural grassland, in general" }, "geometry": { "type": "Point", "coordinates": [ 8.637415991661651, 47.429091516235822 ] } },
{ "type": "Feature", "properties": { "name": "bus_LV_52-12_0_4_node_2", "Landuse Category": "Industrial and commercial areas < 1 ha" }, "geometry": { "type": "Point", "coordinates": [ 8.637989008468081, 47.430035410152946 ] } },
{ "type": "Feature", "properties": { "name": "bus_LV_52-12_0_4_node_3", "Landuse Category": "Semi-natural grassland, in general" }, "geometry": { "type": "Point", "coordinates": [ 8.637287108467776, 47.428879210152814 ] } },
{ "type": "Feature", "properties": { "name": "bus_LV_52-12_0_4_node_4", "Landuse Category": "Arable land, in general" }, "geometry": { "type": "Point", "coordinates": [ 8.637001736746708, 47.429601036308853 ] } },
{ "type": "Feature", "properties": { "name": "bus_LV_52-12_0_4_node_5", "Landuse Category": "Residential areas (one and two-family houses)" }, "geometry": { "type": "Point", "coordinates": [ 8.638297208468245, 47.430467610153009 ] } },
{ "type": "Feature", "properties": { "name": "bus_LV_52-12_0_4_node_49", "Landuse Category": "Semi-natural grassland, in general" }, "geometry": { "type": "Point", "coordinates": [ 8.636951007376698, 47.428416500280825 ] } },
{ "type": "Feature", "properties": { "name": "bus_LV_52-12_0_4_node_45", "Landuse Category": "Residential areas (one and two-family houses)" }, "geometry": { "type": "Point", "coordinates": [ 8.637948557127375, 47.428592433464644 ] } },
{ "type": "Feature", "properties": { "name": "bus_LV_52-12_0_4_node_38", "Landuse Category": "Farm pastures, in general" }, "geometry": { "type": "Point", "coordinates": [ 8.635356008465566, 47.42998161015371 ] } },
{ "type": "Feature", "properties": { "name": "bus_LV_52-12_0_4_node_92", "Landuse Category": "Industrial and commercial areas < 1 ha" }, "geometry": { "type": "Point", "coordinates": [ 8.638529924800876, 47.429997343343274 ] } },
{ "type": "Feature", "properties": { "name": "bus_LV_52-12_0_4_node_91", "Landuse Category": "Residential areas (one and two-family houses)" }, "geometry": { "type": "Point", "coordinates": [ 8.638333379217357, 47.430508684315967 ] } },
{ "type": "Feature", "properties": { "name": "bus_LV_52-12_0_4_node_46", "Landuse Category": "Residential areas (one and two-family houses)" }, "geometry": { "type": "Point", "coordinates": [ 8.638120608468688, 47.428513810152474 ] } },
{ "type": "Feature", "properties": { "name": "bus_LV_52-12_0_4_node_41", "Landuse Category": "Arable land, in general" }, "geometry": { "type": "Point", "coordinates": [ 8.633395914852626, 47.429997963486542 ] } },
{ "type": "Feature", "properties": { "name": "bus_LV_52-12_0_4_node_36", "Landuse Category": "Arable land, in general" }, "geometry": { "type": "Point", "coordinates": [ 8.635973808465671, 47.431529310154026 ] } },
{ "type": "Feature", "properties": { "name": "bus_LV_52-12_0_4_node_90", "Landuse Category": "Residential areas (one and two-family houses)" }, "geometry": { "type": "Point", "coordinates": [ 8.638671414701452, 47.430731448496054 ] } },
{ "type": "Feature", "properties": { "name": "bus_LV_52-12_0_4_node_6", "Landuse Category": "Farm pastures, in general" }, "geometry": { "type": "Point", "coordinates": [ 8.637619945856892, 47.427298956454713 ] } },
{ "type": "Feature", "properties": { "name": "bus_LV_52-12_0_4_node_7", "Landuse Category": "Public buildings and surroundings" }, "geometry": { "type": "Point", "coordinates": [ 8.638188808469051, 47.427566210152136 ] } },
{ "type": "Feature", "properties": { "name": "bus_LV_52-12_0_4_node_8", "Landuse Category": "Public buildings and surroundings" }, "geometry": { "type": "Point", "coordinates": [ 8.638148308469004, 47.427614210152171 ] } },
{ "type": "Feature", "properties": { "name": "bus_LV_52-12_0_4_node_9", "Landuse Category": "Public buildings and surroundings" }, "geometry": { "type": "Point", "coordinates": [ 8.638238814360063, 47.427583737518695 ] } },
{ "type": "Feature", "properties": { "name": "bus_LV_52-12_0_4_node_52", "Landuse Category": "Public buildings and surroundings" }, "geometry": { "type": "Point", "coordinates": [ 8.638750208469505, 47.427812010152039 ] } },
{ "type": "Feature", "properties": { "name": "bus_LV_52-12_0_4_node_10", "Landuse Category": "Public buildings and surroundings" }, "geometry": { "type": "Point", "coordinates": [ 8.638651735604236, 47.427722211310147 ] } },
{ "type": "Feature", "properties": { "name": "bus_LV_52-12_0_4_node_57", "Landuse Category": "Public buildings and surroundings" }, "geometry": { "type": "Point", "coordinates": [ 8.638573908469279, 47.428020510152187 ] } },
{ "type": "Feature", "properties": { "name": "bus_LV_52-12_0_4_node_51", "Landuse Category": "Residential areas (one and two-family houses)" }, "geometry": { "type": "Point", "coordinates": [ 8.639220280182215, 47.427940732095223 ] } },
{ "type": "Feature", "properties": { "name": "bus_LV_52-12_0_4_node_11", "Landuse Category": "Residential areas (one and two-family houses)" }, "geometry": { "type": "Point", "coordinates": [ 8.639158908469899, 47.427863310151956 ] } },
{ "type": "Feature", "properties": { "name": "bus_LV_52-12_0_4_node_12", "Landuse Category": "Residential areas (one and two-family houses)" }, "geometry": { "type": "Point", "coordinates": [ 8.639227708469969, 47.427822410151919 ] } },
{ "type": "Feature", "properties": { "name": "bus_LV_52-12_0_4_node_14", "Landuse Category": "Residential areas (one and two-family houses)" }, "geometry": { "type": "Point", "coordinates": [ 8.639584913216172, 47.427719545797302 ] } },
{ "type": "Feature", "properties": { "name": "bus_LV_52-12_0_4_node_13", "Landuse Category": "Residential areas (one and two-family houses)" }, "geometry": { "type": "Point", "coordinates": [ 8.64132270847181, 47.42838771015149 ] } },
{ "type": "Feature", "properties": { "name": "bus_LV_52-12_0_4_node_25", "Landuse Category": "Unspecified buildings and surroundings" }, "geometry": { "type": "Point", "coordinates": [ 8.641637908472077, 47.428502210151443 ] } },
{ "type": "Feature", "properties": { "name": "bus_LV_52-12_0_4_node_22", "Landuse Category": "Unspecified buildings and surroundings" }, "geometry": { "type": "Point", "coordinates": [ 8.64164113930708, 47.428337354725151 ] } },
{ "type": "Feature", "properties": { "name": "bus_LV_52-12_0_4_node_18", "Landuse Category": "Unspecified buildings and surroundings" }, "geometry": { "type": "Point", "coordinates": [ 8.641995508472485, 47.428303010151261 ] } },
{ "type": "Feature", "properties": { "name": "bus_LV_52-12_0_4_node_21", "Landuse Category": "Agricultural buildings and surroundings" }, "geometry": { "type": "Point", "coordinates": [ 8.642362989411701, 47.428201818664775 ] } },
{ "type": "Feature", "properties": { "name": "bus_LV_52-12_0_4_node_17", "Landuse Category": "Agricultural buildings and surroundings" }, "geometry": { "type": "Point", "coordinates": [ 8.64197060847248, 47.428208710151239 ] } },
{ "type": "Feature", "properties": { "name": "bus_LV_52-12_0_4_node_24", "Landuse Category": "Unspecified buildings and surroundings" }, "geometry": { "type": "Point", "coordinates": [ 8.641673908472077, 47.428622710151451 ] } },
{ "type": "Feature", "properties": { "name": "bus_LV_52-12_0_4_node_31", "Landuse Category": "Unspecified buildings and surroundings" }, "geometry": { "type": "Point", "coordinates": [ 8.641660986576859, 47.428754262260526 ] } },
{ "type": "Feature", "properties": { "name": "bus_LV_52-12_0_4_node_27", "Landuse Category": "Residential areas (one and two-family houses)" }, "geometry": { "type": "Point", "coordinates": [ 8.641346804081936, 47.428441161083171 ] } },
{ "type": "Feature", "properties": { "name": "bus_LV_52-12_0_4_node_15", "Landuse Category": "Agricultural buildings and surroundings" }, "geometry": { "type": "Point", "coordinates": [ 8.64181340847248, 47.427742710151115 ] } },
{ "type": "Feature", "properties": { "name": "bus_LV_52-12_0_4_node_16", "Landuse Category": "Agricultural buildings and surroundings" }, "geometry": { "type": "Point", "coordinates": [ 8.641810508472563, 47.427496410151065 ] } },
{ "type": "Feature", "properties": { "name": "bus_LV_52-12_0_4_node_104", "Landuse Category": "Agricultural buildings and surroundings" }, "geometry": { "type": "Point", "coordinates": [ 8.642244908472977, 47.427472510150899 ] } },
{ "type": "Feature", "properties": { "name": "bus_LV_52-12_0_4_node_26", "Landuse Category": "Agricultural buildings and surroundings" }, "geometry": { "type": "Point", "coordinates": [ 8.641756033106301, 47.428126371299356 ] } },
{ "type": "Feature", "properties": { "name": "bus_LV_52-12_0_4_node_20", "Landuse Category": "Agricultural buildings and surroundings" }, "geometry": { "type": "Point", "coordinates": [ 8.642363691921224, 47.428201596058685 ] } },
{ "type": "Feature", "properties": { "name": "bus_LV_52-12_0_4_node_19", "Landuse Category": "Roads" }, "geometry": { "type": "Point", "coordinates": [ 8.643029191186537, 47.427950966894166 ] } },
{ "type": "Feature", "properties": { "name": "bus_LV_52-12_0_4_node_30", "Landuse Category": "Unspecified buildings and surroundings" }, "geometry": { "type": "Point", "coordinates": [ 8.641676008471896, 47.42916161015161 ] } },
{ "type": "Feature", "properties": { "name": "bus_LV_52-12_0_4_node_32", "Landuse Category": "Unspecified buildings and surroundings" }, "geometry": { "type": "Point", "coordinates": [ 8.641660708471917, 47.429042410151567 ] } },
{ "type": "Feature", "properties": { "name": "bus_LV_52-12_0_4_node_70", "Landuse Category": "Residential areas (one and two-family houses)" }, "geometry": { "type": "Point", "coordinates": [ 8.64148530847171, 47.429178710151675 ] } },
{ "type": "Feature", "properties": { "name": "bus_LV_52-12_0_4_node_28", "Landuse Category": "Farm pastures, in general" }, "geometry": { "type": "Point", "coordinates": [ 8.640404129234829, 47.428236924637382 ] } },
{ "type": "Feature", "properties": { "name": "bus_LV_52-12_0_4_node_29", "Landuse Category": "Farm pastures, in general" }, "geometry": { "type": "Point", "coordinates": [ 8.640150008470744, 47.428176610151787 ] } },
{ "type": "Feature", "properties": { "name": "bus_LV_52-12_0_4_node_39", "Landuse Category": "Arable land, in general" }, "geometry": { "type": "Point", "coordinates": [ 8.640077830383765, 47.42834363537937 ] } },
{ "type": "Feature", "properties": { "name": "bus_LV_52-12_0_4_node_40", "Landuse Category": "Residential areas (one and two-family houses)" }, "geometry": { "type": "Point", "coordinates": [ 8.639758463408684, 47.428081878826454 ] } },
{ "type": "Feature", "properties": { "name": "bus_LV_52-12_0_4_node_42", "Landuse Category": "Arable land, in general" }, "geometry": { "type": "Point", "coordinates": [ 8.640054968196441, 47.428501853167134 ] } },
{ "type": "Feature", "properties": { "name": "bus_LV_52-12_0_4_node_50", "Landuse Category": "Residential areas (one and two-family houses)" }, "geometry": { "type": "Point", "coordinates": [ 8.639623249953498, 47.428046715788028 ] } },
{ "type": "Feature", "properties": { "name": "bus_LV_52-12_0_4_node_69", "Landuse Category": "Semi-natural grassland, in general" }, "geometry": { "type": "Point", "coordinates": [ 8.640346508469904, 47.431407110152698 ] } },
{ "type": "Feature", "properties": { "name": "bus_LV_52-12_0_4_node_68", "Landuse Category": "Residential areas (one and two-family houses)" }, "geometry": { "type": "Point", "coordinates": [ 8.640313208470031, 47.430913410152549 ] } },
{ "type": "Feature", "properties": { "name": "bus_LV_52-12_0_4_node_66", "Landuse Category": "Semi-natural grassland, in general" }, "geometry": { "type": "Point", "coordinates": [ 8.639863094393146, 47.430686268191444 ] } },
{ "type": "Feature", "properties": { "name": "bus_LV_52-12_0_4_node_71", "Landuse Category": "Residential areas (one and two-family houses)" }, "geometry": { "type": "Point", "coordinates": [ 8.641426134069924, 47.429161675430009 ] } },
{ "type": "Feature", "properties": { "name": "bus_LV_52-12_0_4_node_33", "Landuse Category": "Residential areas (one and two-family houses)" }, "geometry": { "type": "Point", "coordinates": [ 8.641408750127368, 47.428973706713471 ] } },
{ "type": "Feature", "properties": { "name": "bus_LV_52-12_0_4_node_89", "Landuse Category": "Residential areas (one and two-family houses)" }, "geometry": { "type": "Point", "coordinates": [ 8.6412678628813, 47.428935289576664 ] } },
{ "type": "Feature", "properties": { "name": "bus_LV_52-12_0_4_node_87", "Landuse Category": "Residential areas (one and two-family houses)" }, "geometry": { "type": "Point", "coordinates": [ 8.641088608471426, 47.428886410151712 ] } },
{ "type": "Feature", "properties": { "name": "bus_LV_52-12_0_4_node_34", "Landuse Category": "Arable land, in general" }, "geometry": { "type": "Point", "coordinates": [ 8.634287292802664, 47.431967013725313 ] } },
{ "type": "Feature", "properties": { "name": "bus_LV_52-12_0_4_node_35", "Landuse Category": "Arable land, in general" }, "geometry": { "type": "Point", "coordinates": [ 8.632336508462053, 47.431887710155195 ] } },
{ "type": "Feature", "properties": { "name": "bus_LV_52-12_0_4_node_37", "Landuse Category": "Farm pastures, in general" }, "geometry": { "type": "Point", "coordinates": [ 8.630273708460326, 47.431105910155573 ] } },
{ "type": "Feature", "properties": { "name": "bus_LV_52-12_0_4_node_100", "Landuse Category": "Farm pastures, in general" }, "geometry": { "type": "Point", "coordinates": [ 8.630047708460101, 47.431108310155665 ] } },
{ "type": "Feature", "properties": { "name": "bus_LV_52-12_0_4_node_99", "Landuse Category": "Arable land, in general" }, "geometry": { "type": "Point", "coordinates": [ 8.629749208459714, 47.431421010155802 ] } },
{ "type": "Feature", "properties": { "name": "bus_LV_52-12_0_4_node_101", "Landuse Category": "Semi-natural grassland, in general" }, "geometry": { "type": "Point", "coordinates": [ 8.628928033104801, 47.43130823448255 ] } },
{ "type": "Feature", "properties": { "name": "bus_LV_52-12_0_4_node_97", "Landuse Category": "Arable land, in general" }, "geometry": { "type": "Point", "coordinates": [ 8.629923658981605, 47.431238261359013 ] } },
{ "type": "Feature", "properties": { "name": "bus_LV_52-12_0_4_node_98", "Landuse Category": "Arable land, in general" }, "geometry": { "type": "Point", "coordinates": [ 8.629969018669829, 47.431190743747401 ] } },
{ "type": "Feature", "properties": { "name": "bus_LV_52-12_0_4_node_94", "Landuse Category": "Arable land, in general" }, "geometry": { "type": "Point", "coordinates": [ 8.632992597558346, 47.430001324292682 ] } },
{ "type": "Feature", "properties": { "name": "bus_LV_52-12_0_4_node_43", "Landuse Category": "Arable land, in general" }, "geometry": { "type": "Point", "coordinates": [ 8.640035498567082, 47.428679702249866 ] } },
{ "type": "Feature", "properties": { "name": "bus_LV_52-12_0_4_node_93", "Landuse Category": "Arable land, in general" }, "geometry": { "type": "Point", "coordinates": [ 8.632991043307825, 47.430001337241393 ] } },
{ "type": "Feature", "properties": { "name": "bus_LV_52-12_0_4_node_44", "Landuse Category": "Arable land, in general" }, "geometry": { "type": "Point", "coordinates": [ 8.640026608470439, 47.428760910151958 ] } },
{ "type": "Feature", "properties": { "name": "bus_LV_52-12_0_4_node_102", "Landuse Category": "Residential areas (one and two-family houses)" }, "geometry": { "type": "Point", "coordinates": [ 8.640306408470662, 47.428886210151916 ] } },
{ "type": "Feature", "properties": { "name": "bus_LV_52-12_0_4_node_103", "Landuse Category": "Residential areas (one and two-family houses)" }, "geometry": { "type": "Point", "coordinates": [ 8.640328608470691, 47.428874710151895 ] } },
{ "type": "Feature", "properties": { "name": "bus_LV_52-12_0_4_node_47", "Landuse Category": "Residential areas (one and two-family houses)" }, "geometry": { "type": "Point", "coordinates": [ 8.638156708468722, 47.428496810152438 ] } },
{ "type": "Feature", "properties": { "name": "bus_LV_52-12_0_4_node_53", "Landuse Category": "Residential areas (one and two-family houses)" }, "geometry": { "type": "Point", "coordinates": [ 8.638270772005248, 47.428366353000229 ] } },
{ "type": "Feature", "properties": { "name": "bus_LV_52-12_0_4_node_48", "Landuse Category": "Public buildings and surroundings" }, "geometry": { "type": "Point", "coordinates": [ 8.637828734890274, 47.428278923289582 ] } },
{ "type": "Feature", "properties": { "name": "bus_LV_52-12_0_4_node_60", "Landuse Category": "Public buildings and surroundings" }, "geometry": { "type": "Point", "coordinates": [ 8.63780100846847, 47.428256610152438 ] } },
{ "type": "Feature", "properties": { "name": "bus_LV_52-12_0_4_node_54", "Landuse Category": "Public buildings and surroundings" }, "geometry": { "type": "Point", "coordinates": [ 8.638451708469123, 47.428159410152269 ] } },
{ "type": "Feature", "properties": { "name": "bus_LV_52-12_0_4_node_61", "Landuse Category": "Public buildings and surroundings" }, "geometry": { "type": "Point", "coordinates": [ 8.637549708468354, 47.427808610152439 ] } },
{ "type": "Feature", "properties": { "name": "bus_LV_52-12_0_4_node_59", "Landuse Category": "Public buildings and surroundings" }, "geometry": { "type": "Point", "coordinates": [ 8.637953508468655, 47.428075210152343 ] } },
{ "type": "Feature", "properties": { "name": "bus_LV_52-12_0_4_node_56", "Landuse Category": "Public buildings and surroundings" }, "geometry": { "type": "Point", "coordinates": [ 8.638547990922881, 47.428049969693724 ] } },
{ "type": "Feature", "properties": { "name": "bus_LV_52-12_0_4_node_55", "Landuse Category": "Public buildings and surroundings" }, "geometry": { "type": "Point", "coordinates": [ 8.638158756769593, 47.428126561739887 ] } },
{ "type": "Feature", "properties": { "name": "bus_LV_52-12_0_4_node_58", "Landuse Category": "Public buildings and surroundings" }, "geometry": { "type": "Point", "coordinates": [ 8.638128269976379, 47.428136531597936 ] } },
{ "type": "Feature", "properties": { "name": "bus_LV_52-12_0_4_node_62", "Landuse Category": "Semi-natural grassland, in general" }, "geometry": { "type": "Point", "coordinates": [ 8.637292792120775, 47.427752581991619 ] } },
{ "type": "Feature", "properties": { "name": "bus_LV_52-12_0_4_node_67", "Landuse Category": "Semi-natural grassland, in general" }, "geometry": { "type": "Point", "coordinates": [ 8.639888043549387, 47.430351545472448 ] } },
{ "type": "Feature", "properties": { "name": "bus_LV_52-12_0_4_node_72", "Landuse Category": "Residential areas (one and two-family houses)" }, "geometry": { "type": "Point", "coordinates": [ 8.641375386951541, 47.429147066664115 ] } },
{ "type": "Feature", "properties": { "name": "bus_LV_52-12_0_4_node_73", "Landuse Category": "Residential areas (one and two-family houses)" }, "geometry": { "type": "Point", "coordinates": [ 8.641281304999865, 47.429119982854601 ] } },
{ "type": "Feature", "properties": { "name": "bus_LV_52-12_0_4_node_74", "Landuse Category": "Residential areas (one and two-family houses)" }, "geometry": { "type": "Point", "coordinates": [ 8.641231320837422, 47.429105593638539 ] } },
{ "type": "Feature", "properties": { "name": "bus_LV_52-12_0_4_node_75", "Landuse Category": "Residential areas (one and two-family houses)" }, "geometry": { "type": "Point", "coordinates": [ 8.641124343176582, 47.429074797291264 ] } },
{ "type": "Feature", "properties": { "name": "bus_LV_52-12_0_4_node_76", "Landuse Category": "Residential areas (one and two-family houses)" }, "geometry": { "type": "Point", "coordinates": [ 8.640996208471286, 47.429037910151806 ] } },
{ "type": "Feature", "properties": { "name": "bus_LV_52-12_0_4_node_80", "Landuse Category": "Residential areas (one and two-family houses)" }, "geometry": { "type": "Point", "coordinates": [ 8.641025026428611, 47.428990660030856 ] } },
{ "type": "Feature", "properties": { "name": "bus_LV_52-12_0_4_node_77", "Landuse Category": "Residential areas (one and two-family houses)" }, "geometry": { "type": "Point", "coordinates": [ 8.640922764922317, 47.429100744799584 ] } },
{ "type": "Feature", "properties": { "name": "bus_LV_52-12_0_4_node_78", "Landuse Category": "Residential areas (one and two-family houses)" }, "geometry": { "type": "Point", "coordinates": [ 8.640912223608387, 47.429109763407403 ] } },
{ "type": "Feature", "properties": { "name": "bus_LV_52-12_0_4_node_79", "Landuse Category": "Residential areas (one and two-family houses)" }, "geometry": { "type": "Point", "coordinates": [ 8.640911893152133, 47.429110046128763 ] } },
{ "type": "Feature", "properties": { "name": "bus_LV_52-12_0_4_node_81", "Landuse Category": "Residential areas (one and two-family houses)" }, "geometry": { "type": "Point", "coordinates": [ 8.640834908471092, 47.429175910151848 ] } },
{ "type": "Feature", "properties": { "name": "bus_LV_52-12_0_4_node_88", "Landuse Category": "Residential areas (one and two-family houses)" }, "geometry": { "type": "Point", "coordinates": [ 8.641130708471488, 47.42881401015169 ] } },
{ "type": "Feature", "properties": { "name": "bus_LV_52-12_0_4_node_82", "Landuse Category": "Residential areas (one and two-family houses)" }, "geometry": { "type": "Point", "coordinates": [ 8.640936508471318, 47.428762310151697 ] } },
{ "type": "Feature", "properties": { "name": "bus_LV_52-12_0_4_node_83", "Landuse Category": "Residential areas (one and two-family houses)" }, "geometry": { "type": "Point", "coordinates": [ 8.640929956837093, 47.428736597246754 ] } },
{ "type": "Feature", "properties": { "name": "bus_LV_52-12_0_4_node_84", "Landuse Category": "Residential areas (one and two-family houses)" }, "geometry": { "type": "Point", "coordinates": [ 8.641022290267756, 47.428785147067828 ] } },
{ "type": "Feature", "properties": { "name": "bus_LV_52-12_0_4_node_85", "Landuse Category": "Residential areas (one and two-family houses)" }, "geometry": { "type": "Point", "coordinates": [ 8.640921908471325, 47.428705010151717 ] } },
{ "type": "Feature", "properties": { "name": "bus_LV_52-12_0_4_node_86", "Landuse Category": "Residential areas (one and two-family houses)" }, "geometry": { "type": "Point", "coordinates": [ 8.641022488951696, 47.428785199961574 ] } },
{ "type": "Feature", "properties": { "name": "bus_LV_52-12_0_4_node_95", "Landuse Category": "Arable land, in general" }, "geometry": { "type": "Point", "coordinates": [ 8.632857619310295, 47.430002448739586 ] } },
{ "type": "Feature", "properties": { "name": "bus_LV_200-4_0_3_node_0", "Landuse Category": "Forest" }, "geometry": { "type": "Point", "coordinates": [ 8.640682739799106, 47.423905845439855 ] } },
{ "type": "Feature", "properties": { "name": "bus_LV_200-4_0_3_node_1", "Landuse Category": "Forest" }, "geometry": { "type": "Point", "coordinates": [ 8.640411308472332, 47.42392611015034 ] } },
{ "type": "Feature", "properties": { "name": "bus_LV_200-4_0_3_node_2", "Landuse Category": "Forest" }, "geometry": { "type": "Point", "coordinates": [ 8.640330733413197, 47.4239321247397 ] } },
{ "type": "Feature", "properties": { "name": "bus_LV_200-4_0_3_node_3", "Landuse Category": "Forest" }, "geometry": { "type": "Point", "coordinates": [ 8.640112471403908, 47.423948416791717 ] } },
{ "type": "Feature", "properties": { "name": "bus_LV_200-4_0_3_node_4", "Landuse Category": "Forest" }, "geometry": { "type": "Point", "coordinates": [ 8.639745985907741, 47.423975771957309 ] } },
{ "type": "Feature", "properties": { "name": "bus_LV_200-4_0_3_node_5", "Landuse Category": "Forest" }, "geometry": { "type": "Point", "coordinates": [ 8.639460399166429, 47.423997087862396 ] } },
{ "type": "Feature", "properties": { "name": "bus_LV_200-4_0_3_node_6", "Landuse Category": "Forest" }, "geometry": { "type": "Point", "coordinates": [ 8.639069545329059, 47.42402625962476 ] } },
{ "type": "Feature", "properties": { "name": "bus_LV_200-4_0_3_node_7", "Landuse Category": "Forest" }, "geometry": { "type": "Point", "coordinates": [ 8.638831708470782, 47.424044010150858 ] } },
{ "type": "Feature", "properties": { "name": "bus_LV_200-4_0_3_node_8", "Landuse Category": "Forest" }, "geometry": { "type": "Point", "coordinates": [ 8.638595754784527, 47.423890184328194 ] } },
{ "type": "Feature", "properties": { "name": "bus_LV_200-4_0_3_node_12", "Landuse Category": "Forest" }, "geometry": { "type": "Point", "coordinates": [ 8.638186062998797, 47.423920995651017 ] } },
{ "type": "Feature", "properties": { "name": "bus_LV_200-4_0_3_node_9", "Landuse Category": "Forest" }, "geometry": { "type": "Point", "coordinates": [ 8.63738015758269, 47.424015640256769 ] } },
{ "type": "Feature", "properties": { "name": "bus_LV_200-4_0_3_node_10", "Landuse Category": "Forest" }, "geometry": { "type": "Point", "coordinates": [ 8.637881298092099, 47.423953628115079 ] } },
{ "type": "Feature", "properties": { "name": "bus_LV_200-4_0_3_node_11", "Landuse Category": "Forest" }, "geometry": { "type": "Point", "coordinates": [ 8.636951346333314, 47.424093303840884 ] } },
{ "type": "Feature", "properties": { "name": "bus_LV_200-4_0_3_node_13", "Landuse Category": "Forest" }, "geometry": { "type": "Point", "coordinates": [ 8.636653308468667, 47.424093710151517 ] } },
{ "type": "Feature", "properties": { "name": "bus_LV_200-4_0_3_node_20", "Landuse Category": "Farm pastures, in general" }, "geometry": { "type": "Point", "coordinates": [ 8.636605608468788, 47.423601410151363 ] } },
{ "type": "Feature", "properties": { "name": "bus_LV_200-4_0_3_node_14", "Landuse Category": "Roads" }, "geometry": { "type": "Point", "coordinates": [ 8.638043100212801, 47.423404949485587 ] } },
{ "type": "Feature", "properties": { "name": "bus_LV_200-4_0_3_node_15", "Landuse Category": "Roads" }, "geometry": { "type": "Point", "coordinates": [ 8.637631279735901, 47.423457508032406 ] } },
{ "type": "Feature", "properties": { "name": "bus_LV_200-4_0_3_node_16", "Landuse Category": "Roads" }, "geometry": { "type": "Point", "coordinates": [ 8.638382737788971, 47.423361540625535 ] } },
{ "type": "Feature", "properties": { "name": "bus_LV_200-4_0_3_node_17", "Landuse Category": "Farm pastures, in general" }, "geometry": { "type": "Point", "coordinates": [ 8.637162833331903, 47.423520475914913 ] } },
{ "type": "Feature", "properties": { "name": "bus_LV_200-4_0_3_node_18", "Landuse Category": "Residential areas (terraced houses)" }, "geometry": { "type": "Point", "coordinates": [ 8.638910708471055, 47.42340821015064 ] } },
{ "type": "Feature", "properties": { "name": "bus_LV_200-4_0_3_node_19", "Landuse Category": "Farm pastures, in general" }, "geometry": { "type": "Point", "coordinates": [ 8.636814798359536, 47.42358544802692 ] } },
{ "type": "Feature", "properties": { "name": "bus_LV_200-4_0_3_node_28", "Landuse Category": "Residential areas (terraced houses)" }, "geometry": { "type": "Point", "coordinates": [ 8.639037519706601, 47.423389775811138 ] } },
{ "type": "Feature", "properties": { "name": "bus_LV_200-4_0_3_node_21", "Landuse Category": "Farm pastures, in general" }, "geometry": { "type": "Point", "coordinates": [ 8.636362908468604, 47.423424810151381 ] } },
{ "type": "Feature", "properties": { "name": "bus_LV_200-4_0_3_node_60", "Landuse Category": "Roads" }, "geometry": { "type": "Point", "coordinates": [ 8.636576608468976, 47.422911910151136 ] } },
{ "type": "Feature", "properties": { "name": "bus_LV_200-4_0_3_node_78", "Landuse Category": "Farm pastures, in general" }, "geometry": { "type": "Point", "coordinates": [ 8.636234407366647, 47.4237333607621 ] } },
{ "type": "Feature", "properties": { "name": "bus_LV_200-4_0_3_node_77", "Landuse Category": "Farm pastures, in general" }, "geometry": { "type": "Point", "coordinates": [ 8.636219143948932, 47.423418123677038 ] } },
{ "type": "Feature", "properties": { "name": "bus_LV_200-4_0_3_node_23", "Landuse Category": "Residential areas (terraced houses)" }, "geometry": { "type": "Point", "coordinates": [ 8.639753116958842, 47.423285721111462 ] } },
{ "type": "Feature", "properties": { "name": "bus_LV_200-4_0_3_node_24", "Landuse Category": "Forest" }, "geometry": { "type": "Point", "coordinates": [ 8.64009301575507, 47.423240355635301 ] } },
{ "type": "Feature", "properties": { "name": "bus_LV_200-4_0_3_node_25", "Landuse Category": "Residential areas (terraced houses)" }, "geometry": { "type": "Point", "coordinates": [ 8.63942800847158, 47.423333010150401 ] } },
{ "type": "Feature", "properties": { "name": "bus_LV_200-4_0_3_node_26", "Landuse Category": "Forest" }, "geometry": { "type": "Point", "coordinates": [ 8.640242732624708, 47.423222741486455 ] } },
{ "type": "Feature", "properties": { "name": "bus_LV_200-4_0_3_node_27", "Landuse Category": "Residential areas (terraced houses)" }, "geometry": { "type": "Point", "coordinates": [ 8.639438908471583, 47.423365910150444 ] } },
{ "type": "Feature", "properties": { "name": "bus_LV_200-4_0_3_node_167", "Landuse Category": "Sports facilities" }, "geometry": { "type": "Point", "coordinates": [ 8.638977708471591, 47.421909310150106 ] } },
{ "type": "Feature", "properties": { "name": "bus_LV_200-4_0_3_node_169", "Landuse Category": "Forest" }, "geometry": { "type": "Point", "coordinates": [ 8.640532191938698, 47.423241005852859 ] } },
{ "type": "Feature", "properties": { "name": "bus_LV_200-4_0_3_node_29", "Landuse Category": "Roads" }, "geometry": { "type": "Point", "coordinates": [ 8.635743499970886, 47.423413320191344 ] } },
{ "type": "Feature", "properties": { "name": "bus_LV_200-4_0_3_node_30", "Landuse Category": "Roads" }, "geometry": { "type": "Point", "coordinates": [ 8.635828347120936, 47.423414177198644 ] } },
{ "type": "Feature", "properties": { "name": "bus_LV_200-4_0_3_node_31", "Landuse Category": "Roads" }, "geometry": { "type": "Point", "coordinates": [ 8.635663308467931, 47.423412510151564 ] } },
{ "type": "Feature", "properties": { "name": "bus_LV_200-4_0_3_node_32", "Landuse Category": "Roads" }, "geometry": { "type": "Point", "coordinates": [ 8.635975673115523, 47.42341566513177 ] } },
{ "type": "Feature", "properties": { "name": "bus_LV_200-4_0_3_node_34", "Landuse Category": "Roads" }, "geometry": { "type": "Point", "coordinates": [ 8.635501047936451, 47.423412876150486 ] } },
{ "type": "Feature", "properties": { "name": "bus_LV_200-4_0_3_node_35", "Landuse Category": "Residential areas (blocks of flats)" }, "geometry": { "type": "Point", "coordinates": [ 8.635551221908385, 47.422717018515492 ] } },
{ "type": "Feature", "properties": { "name": "bus_LV_200-4_0_3_node_37", "Landuse Category": "Roads" }, "geometry": { "type": "Point", "coordinates": [ 8.635264908467684, 47.422986410151552 ] } },
{ "type": "Feature", "properties": { "name": "bus_LV_200-4_0_3_node_36", "Landuse Category": "Residential areas (blocks of flats)" }, "geometry": { "type": "Point", "coordinates": [ 8.635189424549985, 47.422574473716047 ] } },
{ "type": "Feature", "properties": { "name": "bus_LV_200-4_0_3_node_38", "Landuse Category": "Residential areas (blocks of flats)" }, "geometry": { "type": "Point", "coordinates": [ 8.634932208467468, 47.422676710151535 ] } },
{ "type": "Feature", "properties": { "name": "bus_LV_200-4_0_3_node_39", "Landuse Category": "Roads" }, "geometry": { "type": "Point", "coordinates": [ 8.634913208467326, 47.423088710151696 ] } },
{ "type": "Feature", "properties": { "name": "bus_LV_200-4_0_3_node_42", "Landuse Category": "Residential areas (blocks of flats)" }, "geometry": { "type": "Point", "coordinates": [ 8.63484030846743, 47.422504310151567 ] } },
{ "type": "Feature", "properties": { "name": "bus_LV_200-4_0_3_node_40", "Landuse Category": "Residential areas (blocks of flats)" }, "geometry": { "type": "Point", "coordinates": [ 8.634802474255025, 47.42274518668588 ] } },
{ "type": "Feature", "properties": { "name": "bus_LV_200-4_0_3_node_41", "Landuse Category": "Semi-natural grassland, in general" }, "geometry": { "type": "Point", "coordinates": [ 8.634655808467146, 47.422845610151683 ] } },
{ "type": "Feature", "properties": { "name": "bus_LV_200-4_0_3_node_49", "Landuse Category": "Roads" }, "geometry": { "type": "Point", "coordinates": [ 8.634919038407828, 47.423094209407438 ] } },
{ "type": "Feature", "properties": { "name": "bus_LV_200-4_0_3_node_44", "Landuse Category": "Semi-natural grassland, in general" }, "geometry": { "type": "Point", "coordinates": [ 8.634565193732236, 47.422760012189336 ] } },
{ "type": "Feature", "properties": { "name": "bus_LV_200-4_0_3_node_166", "Landuse Category": "Sports facilities" }, "geometry": { "type": "Point", "coordinates": [ 8.63933719978108, 47.421486438308136 ] } },
{ "type": "Feature", "properties": { "name": "bus_LV_200-4_0_3_node_168", "Landuse Category": "Sports facilities" }, "geometry": { "type": "Point", "coordinates": [ 8.639453008472229, 47.421350210149818 ] } },
{ "type": "Feature", "properties": { "name": "bus_LV_200-4_0_3_node_64", "Landuse Category": "Semi-natural grassland, in general" }, "geometry": { "type": "Point", "coordinates": [ 8.634372208466948, 47.422577710151714 ] } },
{ "type": "Feature", "properties": { "name": "bus_LV_200-4_0_3_node_48", "Landuse Category": "Roads" }, "geometry": { "type": "Point", "coordinates": [ 8.635025184144855, 47.423263008088881 ] } },
{ "type": "Feature", "properties": { "name": "bus_LV_200-4_0_3_node_170", "Landuse Category": "Semi-natural grassland, in general" }, "geometry": { "type": "Point", "coordinates": [ 8.635445781171775, 47.421529986036589 ] } },
{ "type": "Feature", "properties": { "name": "bus_LV_200-4_0_3_node_76", "Landuse Category": "Semi-natural grassland, in general" }, "geometry": { "type": "Point", "coordinates": [ 8.635194608468117, 47.421397710151076 ] } },
{ "type": "Feature", "properties": { "name": "bus_LV_200-4_0_3_node_171", "Landuse Category": "Semi-natural grassland, in general" }, "geometry": { "type": "Point", "coordinates": [ 8.635589017846618, 47.421605418684045 ] } },
{ "type": "Feature", "properties": { "name": "bus_LV_200-4_0_3_node_56", "Landuse Category": "Semi-natural grassland, in general" }, "geometry": { "type": "Point", "coordinates": [ 8.635670892161015, 47.421648535930323 ] } },
{ "type": "Feature", "properties": { "name": "bus_LV_200-4_0_3_node_52", "Landuse Category": "Semi-natural grassland, in general" }, "geometry": { "type": "Point", "coordinates": [ 8.63590447588906, 47.422027623861389 ] } },
{ "type": "Feature", "properties": { "name": "bus_LV_200-4_0_3_node_53", "Landuse Category": "Semi-natural grassland, in general" }, "geometry": { "type": "Point", "coordinates": [ 8.635897920173267, 47.422038080712795 ] } },
{ "type": "Feature", "properties": { "name": "bus_LV_200-4_0_3_node_54", "Landuse Category": "Motorways" }, "geometry": { "type": "Point", "coordinates": [ 8.636042408468807, 47.421807610150971 ] } },
{ "type": "Feature", "properties": { "name": "bus_LV_200-4_0_3_node_55", "Landuse Category": "Residential areas (blocks of flats)" }, "geometry": { "type": "Point", "coordinates": [ 8.635806808468464, 47.42218341015117 ] } },
{ "type": "Feature", "properties": { "name": "bus_LV_200-4_0_3_node_57", "Landuse Category": "Roads" }, "geometry": { "type": "Point", "coordinates": [ 8.636845208469456, 47.422203010150838 ] } },
{ "type": "Feature", "properties": { "name": "bus_LV_200-4_0_3_node_70", "Landuse Category": "Roads" }, "geometry": { "type": "Point", "coordinates": [ 8.636054147921744, 47.422235928668222 ] } },
{ "type": "Feature", "properties": { "name": "bus_LV_200-4_0_3_node_68", "Landuse Category": "Residential areas (blocks of flats)" }, "geometry": { "type": "Point", "coordinates": [ 8.635752331429352, 47.422167479259265 ] } },
{ "type": "Feature", "properties": { "name": "bus_LV_200-4_0_3_node_58", "Landuse Category": "Roads" }, "geometry": { "type": "Point", "coordinates": [ 8.636612825012547, 47.422256557892204 ] } },
{ "type": "Feature", "properties": { "name": "bus_LV_200-4_0_3_node_59", "Landuse Category": "Roads" }, "geometry": { "type": "Point", "coordinates": [ 8.63660980846921, 47.422261810150928 ] } },
{ "type": "Feature", "properties": { "name": "bus_LV_200-4_0_3_node_80", "Landuse Category": "Roads" }, "geometry": { "type": "Point", "coordinates": [ 8.636362385235094, 47.422886452027399 ] } },
{ "type": "Feature", "properties": { "name": "bus_LV_200-4_0_3_node_65", "Landuse Category": "Arable land, in general" }, "geometry": { "type": "Point", "coordinates": [ 8.634670351336617, 47.422052502651212 ] } },
{ "type": "Feature", "properties": { "name": "bus_LV_200-4_0_3_node_66", "Landuse Category": "Semi-natural grassland, in general" }, "geometry": { "type": "Point", "coordinates": [ 8.634838822098509, 47.421769264042958 ] } },
{ "type": "Feature", "properties": { "name": "bus_LV_200-4_0_3_node_67", "Landuse Category": "Semi-natural grassland, in general" }, "geometry": { "type": "Point", "coordinates": [ 8.635052899633203, 47.421512575199237 ] } },
{ "type": "Feature", "properties": { "name": "bus_LV_200-4_0_3_node_69", "Landuse Category": "Residential areas (blocks of flats)" }, "geometry": { "type": "Point", "coordinates": [ 8.635551708468249, 47.422108810151201 ] } },
{ "type": "Feature", "properties": { "name": "bus_LV_200-4_0_3_node_95", "Landuse Category": "Farm pastures, in general" }, "geometry": { "type": "Point", "coordinates": [ 8.636206808468341, 47.423808010151532 ] } },
{ "type": "Feature", "properties": { "name": "bus_LV_200-4_0_3_node_79", "Landuse Category": "Roads" }, "geometry": { "type": "Point", "coordinates": [ 8.63621218962102, 47.42287236485658 ] } },
{ "type": "Feature", "properties": { "name": "bus_LV_200-4_0_3_node_81", "Landuse Category": "Roads" }, "geometry": { "type": "Point", "coordinates": [ 8.636063408468486, 47.422858410151285 ] } },
{ "type": "Feature", "properties": { "name": "bus_LV_200-4_0_3_node_94", "Landuse Category": "Roads" }, "geometry": { "type": "Point", "coordinates": [ 8.635911023144441, 47.42379802742672 ] } },
{ "type": "Feature", "properties": { "name": "bus_LV_200-16_0_6_node_0", "Landuse Category": "Residential areas (one and two-family houses)" }, "geometry": { "type": "Point", "coordinates": [ 8.62691431076199, 47.424384294078479 ] } },
{ "type": "Feature", "properties": { "name": "bus_LV_200-16_0_6_node_2", "Landuse Category": "Residential areas (one and two-family houses)" }, "geometry": { "type": "Point", "coordinates": [ 8.627149608459446, 47.424336410154325 ] } },
{ "type": "Feature", "properties": { "name": "bus_LV_200-16_0_6_node_1", "Landuse Category": "Residential areas (blocks of flats)" }, "geometry": { "type": "Point", "coordinates": [ 8.626584108458964, 47.424161710154472 ] } },
{ "type": "Feature", "properties": { "name": "bus_LV_200-16_0_6_node_3", "Landuse Category": "Residential areas (one and two-family houses)" }, "geometry": { "type": "Point", "coordinates": [ 8.627015408459403, 47.424062910154319 ] } },
{ "type": "Feature", "properties": { "name": "bus_LV_200-16_0_6_node_5", "Landuse Category": "Residential areas (blocks of flats)" }, "geometry": { "type": "Point", "coordinates": [ 8.626510108458858, 47.424267610154551 ] } },
{ "type": "Feature", "properties": { "name": "bus_LV_200-16_0_6_node_14", "Landuse Category": "Residential areas (one and two-family houses)" }, "geometry": { "type": "Point", "coordinates": [ 8.627465876408561, 47.424258394224829 ] } },
{ "type": "Feature", "properties": { "name": "bus_LV_200-16_0_6_node_24", "Landuse Category": "Residential areas (one and two-family houses)" }, "geometry": { "type": "Point", "coordinates": [ 8.62707136767486, 47.424050072227402 ] } },
{ "type": "Feature", "properties": { "name": "bus_LV_200-16_0_6_node_4", "Landuse Category": "Residential areas (blocks of flats)" }, "geometry": { "type": "Point", "coordinates": [ 8.626617908458906, 47.42445631015454 ] } },
{ "type": "Feature", "properties": { "name": "bus_LV_200-16_0_6_node_83", "Landuse Category": "Residential areas (one and two-family houses)" }, "geometry": { "type": "Point", "coordinates": [ 8.626981004715558, 47.424397905761701 ] } },
{ "type": "Feature", "properties": { "name": "bus_LV_200-16_0_6_node_92", "Landuse Category": "Residential areas (blocks of flats)" }, "geometry": { "type": "Point", "coordinates": [ 8.626300689528245, 47.424392039913208 ] } },
{ "type": "Feature", "properties": { "name": "bus_LV_200-16_0_6_node_6", "Landuse Category": "Residential areas (terraced houses)" }, "geometry": { "type": "Point", "coordinates": [ 8.626900308459403, 47.423721810154241 ] } },
{ "type": "Feature", "properties": { "name": "bus_LV_200-16_0_6_node_107", "Landuse Category": "Residential areas (terraced houses)" }, "geometry": { "type": "Point", "coordinates": [ 8.626724808459313, 47.423458910154189 ] } },
{ "type": "Feature", "properties": { "name": "bus_LV_200-16_0_6_node_108", "Landuse Category": "Residential areas (terraced houses)" }, "geometry": { "type": "Point", "coordinates": [ 8.626620379023375, 47.423776869691281 ] } },
{ "type": "Feature", "properties": { "name": "bus_LV_200-16_0_6_node_106", "Landuse Category": "Residential areas (terraced houses)" }, "geometry": { "type": "Point", "coordinates": [ 8.627174875325997, 47.423641889340701 ] } },
{ "type": "Feature", "properties": { "name": "bus_LV_200-16_0_6_node_8", "Landuse Category": "Residential areas (blocks of flats)" }, "geometry": { "type": "Point", "coordinates": [ 8.62582520845819, 47.424292010154751 ] } },
{ "type": "Feature", "properties": { "name": "bus_LV_200-16_0_6_node_88", "Landuse Category": "Residential areas (blocks of flats)" }, "geometry": { "type": "Point", "coordinates": [ 8.626095408458381, 47.424514010154731 ] } },
{ "type": "Feature", "properties": { "name": "bus_LV_200-16_0_6_node_39", "Landuse Category": "Residential areas (blocks of flats)" }, "geometry": { "type": "Point", "coordinates": [ 8.6257863693577, 47.424315161063795 ] } },
{ "type": "Feature", "properties": { "name": "bus_LV_200-16_0_6_node_9", "Landuse Category": "Residential areas (blocks of flats)" }, "geometry": { "type": "Point", "coordinates": [ 8.625001108457459, 47.424126810154931 ] } },
{ "type": "Feature", "properties": { "name": "bus_LV_200-16_0_6_node_10", "Landuse Category": "Construction sites" }, "geometry": { "type": "Point", "coordinates": [ 8.624718108457342, 47.42358431015483 ] } },
{ "type": "Feature", "properties": { "name": "bus_LV_200-16_0_6_node_102", "Landuse Category": "Residential areas (blocks of flats)" }, "geometry": { "type": "Point", "coordinates": [ 8.62546440845794, 47.423989210154758 ] } },
{ "type": "Feature", "properties": { "name": "bus_LV_200-16_0_6_node_115", "Landuse Category": "Residential areas (blocks of flats)" }, "geometry": { "type": "Point", "coordinates": [ 8.625013032769292, 47.423984755256768 ] } },
{ "type": "Feature", "properties": { "name": "bus_LV_200-16_0_6_node_18", "Landuse Category": "Residential areas (one and two-family houses)" }, "geometry": { "type": "Point", "coordinates": [ 8.625502208458386, 47.422696810154342 ] } },
{ "type": "Feature", "properties": { "name": "bus_LV_200-16_0_6_node_114", "Landuse Category": "Construction sites" }, "geometry": { "type": "Point", "coordinates": [ 8.624625908457318, 47.423418310154808 ] } },
{ "type": "Feature", "properties": { "name": "bus_LV_200-16_0_6_node_11", "Landuse Category": "Residential areas (terraced houses)" }, "geometry": { "type": "Point", "coordinates": [ 8.627376808459902, 47.423583110154063 ] } },
{ "type": "Feature", "properties": { "name": "bus_LV_200-16_0_6_node_13", "Landuse Category": "Agricultural buildings and surroundings" }, "geometry": { "type": "Point", "coordinates": [ 8.628158308460725, 47.423392610153783 ] } },
{ "type": "Feature", "properties": { "name": "bus_LV_200-16_0_6_node_15", "Landuse Category": "Agricultural buildings and surroundings" }, "geometry": { "type": "Point", "coordinates": [ 8.628366231574278, 47.423826250141062 ] } },
{ "type": "Feature", "properties": { "name": "bus_LV_200-16_0_6_node_21", "Landuse Category": "Residential areas (one and two-family houses)" }, "geometry": { "type": "Point", "coordinates": [ 8.627667408459979, 47.424207210154172 ] } },
{ "type": "Feature", "properties": { "name": "bus_LV_200-16_0_6_node_23", "Landuse Category": "Residential areas (one and two-family houses)" }, "geometry": { "type": "Point", "coordinates": [ 8.627339708459742, 47.423988510154182 ] } },
{ "type": "Feature", "properties": { "name": "bus_LV_200-16_0_6_node_29", "Landuse Category": "Residential areas (blocks of flats)" }, "geometry": { "type": "Point", "coordinates": [ 8.626846708458954, 47.424965810154674 ] } },
{ "type": "Feature", "properties": { "name": "bus_LV_200-16_0_6_node_56", "Landuse Category": "Residential areas (blocks of flats)" }, "geometry": { "type": "Point", "coordinates": [ 8.626920008458995, 47.425125710154667 ] } },
{ "type": "Feature", "properties": { "name": "bus_LV_200-16_0_6_node_86", "Landuse Category": "Residential areas (blocks of flats)" }, "geometry": { "type": "Point", "coordinates": [ 8.627183151955188, 47.424853304176743 ] } },
{ "type": "Feature", "properties": { "name": "bus_LV_200-16_0_6_node_58", "Landuse Category": "Residential areas (blocks of flats)" }, "geometry": { "type": "Point", "coordinates": [ 8.62712430845912, 47.4253030101547 ] } },
{ "type": "Feature", "properties": { "name": "bus_LV_200-16_0_6_node_55", "Landuse Category": "Residential areas (blocks of flats)" }, "geometry": { "type": "Point", "coordinates": [ 8.626668201289199, 47.42523765500453 ] } },
{ "type": "Feature", "properties": { "name": "bus_LV_200-16_0_6_node_78", "Landuse Category": "Residential areas (one and two-family houses)" }, "geometry": { "type": "Point", "coordinates": [ 8.627467308459771, 47.424290810154268 ] } },
{ "type": "Feature", "properties": { "name": "bus_LV_200-16_0_6_node_109", "Landuse Category": "Residential areas (terraced houses)" }, "geometry": { "type": "Point", "coordinates": [ 8.626952415334035, 47.423387271473501 ] } },
{ "type": "Feature", "properties": { "name": "bus_LV_200-16_0_6_node_110", "Landuse Category": "Residential areas (terraced houses)" }, "geometry": { "type": "Point", "coordinates": [ 8.626518616568065, 47.423503163542655 ] } },
{ "type": "Feature", "properties": { "name": "bus_LV_200-16_0_6_node_104", "Landuse Category": "Residential areas (terraced houses)" }, "geometry": { "type": "Point", "coordinates": [ 8.626142100224408, 47.42386487171138 ] } },
{ "type": "Feature", "properties": { "name": "bus_LV_200-16_0_6_node_119", "Landuse Category": "Residential areas (terraced houses)" }, "geometry": { "type": "Point", "coordinates": [ 8.625697208458414, 47.423184710154402 ] } },
{ "type": "Feature", "properties": { "name": "bus_LV_200-16_0_6_node_19", "Landuse Category": "Residential areas (blocks of flats)" }, "geometry": { "type": "Point", "coordinates": [ 8.628856408461212, 47.423972110153755 ] } },
{ "type": "Feature", "properties": { "name": "bus_LV_200-16_0_6_node_60", "Landuse Category": "Residential areas (blocks of flats)" }, "geometry": { "type": "Point", "coordinates": [ 8.628773460079952, 47.424303190146098 ] } },
{ "type": "Feature", "properties": { "name": "bus_LV_200-16_0_6_node_17", "Landuse Category": "Residential areas (blocks of flats)" }, "geometry": { "type": "Point", "coordinates": [ 8.628604308460959, 47.424001510153801 ] } },
{ "type": "Feature", "properties": { "name": "bus_LV_200-16_0_6_node_36", "Landuse Category": "Public parks" }, "geometry": { "type": "Point", "coordinates": [ 8.625303508457467, 47.42498471015513 ] } },
{ "type": "Feature", "properties": { "name": "bus_LV_200-16_0_6_node_97", "Landuse Category": "Residential areas (blocks of flats)" }, "geometry": { "type": "Point", "coordinates": [ 8.625501608457638, 47.425051710155067 ] } },
{ "type": "Feature", "properties": { "name": "bus_LV_200-16_0_6_node_99", "Landuse Category": "Residential areas (blocks of flats)" }, "geometry": { "type": "Point", "coordinates": [ 8.62554603305971, 47.424840581769807 ] } },
{ "type": "Feature", "properties": { "name": "bus_LV_200-16_0_6_node_37", "Landuse Category": "Arable land, in general" }, "geometry": { "type": "Point", "coordinates": [ 8.626575208458368, 47.426007110155055 ] } },
{ "type": "Feature", "properties": { "name": "bus_LV_200-16_0_6_node_48", "Landuse Category": "Residential areas (blocks of flats)" }, "geometry": { "type": "Point", "coordinates": [ 8.626965735367213, 47.426120076507097 ] } },
{ "type": "Feature", "properties": { "name": "bus_LV_200-16_0_6_node_44", "Landuse Category": "Arable land, in general" }, "geometry": { "type": "Point", "coordinates": [ 8.626766007800995, 47.425777115396734 ] } },
{ "type": "Feature", "properties": { "name": "bus_LV_200-16_0_6_node_33", "Landuse Category": "Residential areas (blocks of flats)" }, "geometry": { "type": "Point", "coordinates": [ 8.625378896996802, 47.424558175308739 ] } },
{ "type": "Feature", "properties": { "name": "bus_LV_200-16_0_6_node_34", "Landuse Category": "Residential areas (blocks of flats)" }, "geometry": { "type": "Point", "coordinates": [ 8.625464008457776, 47.424507310154929 ] } },
{ "type": "Feature", "properties": { "name": "bus_LV_200-16_0_6_node_89", "Landuse Category": "Residential areas (blocks of flats)" }, "geometry": { "type": "Point", "coordinates": [ 8.625917163048443, 47.424619947237865 ] } },
{ "type": "Feature", "properties": { "name": "bus_LV_200-16_0_6_node_100", "Landuse Category": "Residential areas (terraced houses)" }, "geometry": { "type": "Point", "coordinates": [ 8.62566843590826, 47.423951256068484 ] } },
{ "type": "Feature", "properties": { "name": "bus_LV_200-16_0_6_node_116", "Landuse Category": "Construction sites" }, "geometry": { "type": "Point", "coordinates": [ 8.62503142932783, 47.423765594672304 ] } },
{ "type": "Feature", "properties": { "name": "bus_LV_200-16_0_6_node_113", "Landuse Category": "Construction sites" }, "geometry": { "type": "Point", "coordinates": [ 8.624642315877798, 47.423249577303928 ] } },
{ "type": "Feature", "properties": { "name": "bus_LV_200-16_0_6_node_62", "Landuse Category": "Residential areas (blocks of flats)" }, "geometry": { "type": "Point", "coordinates": [ 8.628911208460968, 47.42491101015402 ] } },
{ "type": "Feature", "properties": { "name": "bus_LV_200-16_0_6_node_73", "Landuse Category": "Residential areas (blocks of flats)" }, "geometry": { "type": "Point", "coordinates": [ 8.628709308460694, 47.425186510154191 ] } },
{ "type": "Feature", "properties": { "name": "bus_LV_200-16_0_6_node_98", "Landuse Category": "Residential areas (blocks of flats)" }, "geometry": { "type": "Point", "coordinates": [ 8.629149717168294, 47.424585496335069 ] } },
{ "type": "Feature", "properties": { "name": "bus_LV_200-16_0_6_node_16", "Landuse Category": "Residential areas (blocks of flats)" }, "geometry": { "type": "Point", "coordinates": [ 8.628528613406607, 47.423945783523955 ] } },
{ "type": "Feature", "properties": { "name": "bus_LV_200-16_0_6_node_20", "Landuse Category": "Residential areas (one and two-family houses)" }, "geometry": { "type": "Point", "coordinates": [ 8.627984117211806, 47.424125505294228 ] } },
{ "type": "Feature", "properties": { "name": "bus_LV_200-16_0_6_node_61", "Landuse Category": "Residential areas (blocks of flats)" }, "geometry": { "type": "Point", "coordinates": [ 8.628569808460703, 47.424696910154054 ] } },
{ "type": "Feature", "properties": { "name": "bus_LV_200-16_0_6_node_22", "Landuse Category": "Residential areas (terraced houses)" }, "geometry": { "type": "Point", "coordinates": [ 8.627601608460017, 47.423928510154113 ] } },
{ "type": "Feature", "properties": { "name": "bus_LV_200-16_0_6_node_120", "Landuse Category": "Residential areas (terraced houses)" }, "geometry": { "type": "Point", "coordinates": [ 8.627571608460004, 47.423867710154099 ] } },
{ "type": "Feature", "properties": { "name": "bus_LV_200-16_0_6_node_25", "Landuse Category": "Residential areas (blocks of flats)" }, "geometry": { "type": "Point", "coordinates": [ 8.627553016028534, 47.425513723987081 ] } },
{ "type": "Feature", "properties": { "name": "bus_LV_200-16_0_6_node_26", "Landuse Category": "Residential areas (blocks of flats)" }, "geometry": { "type": "Point", "coordinates": [ 8.62727470845924, 47.425370710154652 ] } },
{ "type": "Feature", "properties": { "name": "bus_LV_200-16_0_6_node_27", "Landuse Category": "Residential areas (blocks of flats)" }, "geometry": { "type": "Point", "coordinates": [ 8.627949308459792, 47.425668610154553 ] } },
{ "type": "Feature", "properties": { "name": "bus_LV_200-16_0_6_node_28", "Landuse Category": "Residential areas (blocks of flats)" }, "geometry": { "type": "Point", "coordinates": [ 8.62725800845922, 47.425402810154679 ] } },
{ "type": "Feature", "properties": { "name": "bus_LV_200-16_0_6_node_31", "Landuse Category": "Residential areas (blocks of flats)" }, "geometry": { "type": "Point", "coordinates": [ 8.628268808460065, 47.425787710154516 ] } },
{ "type": "Feature", "properties": { "name": "bus_LV_200-16_0_6_node_87", "Landuse Category": "Residential areas (blocks of flats)" }, "geometry": { "type": "Point", "coordinates": [ 8.627650625534182, 47.42559271482709 ] } },
{ "type": "Feature", "properties": { "name": "bus_LV_200-16_0_6_node_32", "Landuse Category": "Residential areas (blocks of flats)" }, "geometry": { "type": "Point", "coordinates": [ 8.628433308460304, 47.425563210154351 ] } },
{ "type": "Feature", "properties": { "name": "bus_LV_200-16_0_6_node_50", "Landuse Category": "Residential areas (blocks of flats)" }, "geometry": { "type": "Point", "coordinates": [ 8.628357308460151, 47.42579231015447 ] } },
{ "type": "Feature", "properties": { "name": "bus_LV_200-16_0_6_node_75", "Landuse Category": "Residential areas (blocks of flats)" }, "geometry": { "type": "Point", "coordinates": [ 8.628854008460719, 47.425505510154252 ] } },
{ "type": "Feature", "properties": { "name": "bus_LV_200-16_0_6_node_72", "Landuse Category": "Residential areas (blocks of flats)" }, "geometry": { "type": "Point", "coordinates": [ 8.628546094664991, 47.42540927406047 ] } },
{ "type": "Feature", "properties": { "name": "bus_LV_200-16_0_6_node_47", "Landuse Category": "Residential areas (blocks of flats)" }, "geometry": { "type": "Point", "coordinates": [ 8.627012191883059, 47.425458197915745 ] } },
{ "type": "Feature", "properties": { "name": "bus_LV_200-16_0_6_node_85", "Landuse Category": "Residential areas (one and two-family houses)" }, "geometry": { "type": "Point", "coordinates": [ 8.627213195980362, 47.424843257448678 ] } },
{ "type": "Feature", "properties": { "name": "bus_LV_200-16_0_6_node_94", "Landuse Category": "Residential areas (blocks of flats)" }, "geometry": { "type": "Point", "coordinates": [ 8.628008742941805, 47.425168503819954 ] } },
{ "type": "Feature", "properties": { "name": "bus_LV_200-16_0_6_node_74", "Landuse Category": "Residential areas (blocks of flats)" }, "geometry": { "type": "Point", "coordinates": [ 8.628447180149179, 47.4250895572901 ] } },
{ "type": "Feature", "properties": { "name": "bus_LV_200-16_0_6_node_49", "Landuse Category": "Residential areas (blocks of flats)" }, "geometry": { "type": "Point", "coordinates": [ 8.628192450932364, 47.426012186142586 ] } },
{ "type": "Feature", "properties": { "name": "bus_LV_200-16_0_6_node_112", "Landuse Category": "Residential areas (blocks of flats)" }, "geometry": { "type": "Point", "coordinates": [ 8.628925108460772, 47.425589010154248 ] } },
{ "type": "Feature", "properties": { "name": "bus_LV_200-16_0_6_node_111", "Landuse Category": "Residential areas (blocks of flats)" }, "geometry": { "type": "Point", "coordinates": [ 8.629036543448864, 47.42536239175891 ] } },
{ "type": "Feature", "properties": { "name": "bus_LV_200-16_0_6_node_38", "Landuse Category": "Residential areas (blocks of flats)" }, "geometry": { "type": "Point", "coordinates": [ 8.625741008457966, 47.424724710154877 ] } },
{ "type": "Feature", "properties": { "name": "bus_LV_200-16_0_6_node_90", "Landuse Category": "Residential areas (blocks of flats)" }, "geometry": { "type": "Point", "coordinates": [ 8.625848408458097, 47.424660810154855 ] } },
{ "type": "Feature", "properties": { "name": "bus_LV_200-16_0_6_node_68", "Landuse Category": "Residential areas (blocks of flats)" }, "geometry": { "type": "Point", "coordinates": [ 8.625652408457769, 47.425102610155037 ] } },
{ "type": "Feature", "properties": { "name": "bus_LV_200-16_0_6_node_96", "Landuse Category": "Public parks" }, "geometry": { "type": "Point", "coordinates": [ 8.625389954077153, 47.425200803275779 ] } },
{ "type": "Feature", "properties": { "name": "bus_LV_200-16_0_6_node_53", "Landuse Category": "Residential areas (blocks of flats)" }, "geometry": { "type": "Point", "coordinates": [ 8.627354055139149, 47.426223509732544 ] } },
{ "type": "Feature", "properties": { "name": "bus_LV_200-16_0_6_node_45", "Landuse Category": "Residential areas (blocks of flats)" }, "geometry": { "type": "Point", "coordinates": [ 8.626888208458796, 47.425629810154888 ] } },
{ "type": "Feature", "properties": { "name": "bus_LV_200-16_0_6_node_40", "Landuse Category": "Residential areas (blocks of flats)" }, "geometry": { "type": "Point", "coordinates": [ 8.628081100043271, 47.424850163679857 ] } },
{ "type": "Feature", "properties": { "name": "bus_LV_200-16_0_6_node_41", "Landuse Category": "Residential areas (blocks of flats)" }, "geometry": { "type": "Point", "coordinates": [ 8.627893408459984, 47.42490951015435 ] } },
{ "type": "Feature", "properties": { "name": "bus_LV_200-16_0_6_node_42", "Landuse Category": "Residential areas (blocks of flats)" }, "geometry": { "type": "Point", "coordinates": [ 8.627741965873502, 47.424958451655556 ] } },
{ "type": "Feature", "properties": { "name": "bus_LV_200-16_0_6_node_43", "Landuse Category": "Residential areas (one and two-family houses)" }, "geometry": { "type": "Point", "coordinates": [ 8.627735682495747, 47.424642275038181 ] } },
{ "type": "Feature", "properties": { "name": "bus_LV_200-16_0_6_node_69", "Landuse Category": "Residential areas (one and two-family houses)" }, "geometry": { "type": "Point", "coordinates": [ 8.627732019549549, 47.424636068873362 ] } },
{ "type": "Feature", "properties": { "name": "bus_LV_200-16_0_6_node_70", "Landuse Category": "Residential areas (one and two-family houses)" }, "geometry": { "type": "Point", "coordinates": [ 8.627654608459887, 47.424504910154255 ] } },
{ "type": "Feature", "properties": { "name": "bus_LV_200-16_0_6_node_46", "Landuse Category": "Residential areas (blocks of flats)" }, "geometry": { "type": "Point", "coordinates": [ 8.626554608458523, 47.425468910154876 ] } },
{ "type": "Feature", "properties": { "name": "bus_LV_200-16_0_6_node_57", "Landuse Category": "Residential areas (blocks of flats)" }, "geometry": { "type": "Point", "coordinates": [ 8.626359008458365, 47.425375110154931 ] } },
{ "type": "Feature", "properties": { "name": "bus_LV_200-16_0_6_node_93", "Landuse Category": "Residential areas (blocks of flats)" }, "geometry": { "type": "Point", "coordinates": [ 8.626399143801288, 47.425650912345546 ] } },
{ "type": "Feature", "properties": { "name": "bus_LV_200-16_0_6_node_59", "Landuse Category": "Residential areas (blocks of flats)" }, "geometry": { "type": "Point", "coordinates": [ 8.626225108458254, 47.425311210154923 ] } },
{ "type": "Feature", "properties": { "name": "bus_LV_200-16_0_6_node_51", "Landuse Category": "Residential areas (blocks of flats)" }, "geometry": { "type": "Point", "coordinates": [ 8.628018408459679, 47.426244310154672 ] } },
{ "type": "Feature", "properties": { "name": "bus_LV_200-16_0_6_node_54", "Landuse Category": "Residential areas (blocks of flats)" }, "geometry": { "type": "Point", "coordinates": [ 8.628501250165913, 47.426245870934359 ] } },
{ "type": "Feature", "properties": { "name": "bus_LV_200-16_0_6_node_65", "Landuse Category": "Residential areas (blocks of flats)" }, "geometry": { "type": "Point", "coordinates": [ 8.626052708458113, 47.425237810154982 ] } },
{ "type": "Feature", "properties": { "name": "bus_LV_200-16_0_6_node_64", "Landuse Category": "Residential areas (blocks of flats)" }, "geometry": { "type": "Point", "coordinates": [ 8.626043136527601, 47.425524667855854 ] } },
{ "type": "Feature", "properties": { "name": "bus_LV_200-16_0_6_node_67", "Landuse Category": "Residential areas (blocks of flats)" }, "geometry": { "type": "Point", "coordinates": [ 8.625869208457946, 47.425175810154983 ] } },
{ "type": "Feature", "properties": { "name": "bus_LV_200-16_0_6_node_80", "Landuse Category": "Residential areas (blocks of flats)" }, "geometry": { "type": "Point", "coordinates": [ 8.626188492576492, 47.425159063389209 ] } },
{ "type": "Feature", "properties": { "name": "bus_LV_200-16_0_6_node_63", "Landuse Category": "Residential areas (blocks of flats)" }, "geometry": { "type": "Point", "coordinates": [ 8.62850450846064, 47.424682010154093 ] } },
{ "type": "Feature", "properties": { "name": "bus_LV_200-16_0_6_node_66", "Landuse Category": "Residential areas (blocks of flats)" }, "geometry": { "type": "Point", "coordinates": [ 8.625695597276543, 47.425393662065908 ] } },
{ "type": "Feature", "properties": { "name": "bus_LV_200-16_0_6_node_79", "Landuse Category": "Residential areas (blocks of flats)" }, "geometry": { "type": "Point", "coordinates": [ 8.626377357518567, 47.42504953222587 ] } },
{ "type": "Feature", "properties": { "name": "bus_LV_200-16_0_6_node_95", "Landuse Category": "Residential areas (blocks of flats)" }, "geometry": { "type": "Point", "coordinates": [ 8.625888006798037, 47.424966051579887 ] } },
{ "type": "Feature", "properties": { "name": "bus_LV_200-16_0_6_node_91", "Landuse Category": "Residential areas (blocks of flats)" }, "geometry": { "type": "Point", "coordinates": [ 8.626086308458268, 47.424851110154833 ] } },
{ "type": "Feature", "properties": { "name": "bus_LV_200-16_0_6_node_71", "Landuse Category": "Residential areas (one and two-family houses)" }, "geometry": { "type": "Point", "coordinates": [ 8.627563213682542, 47.42445129177559 ] } },
{ "type": "Feature", "properties": { "name": "bus_LV_200-16_0_6_node_84", "Landuse Category": "Residential areas (one and two-family houses)" }, "geometry": { "type": "Point", "coordinates": [ 8.627927908460251, 47.424170110154073 ] } },
{ "type": "Feature", "properties": { "name": "bus_LV_200-16_0_6_node_82", "Landuse Category": "Residential areas (blocks of flats)" }, "geometry": { "type": "Point", "coordinates": [ 8.626321990927167, 47.42471459527728 ] } },
{ "type": "Feature", "properties": { "name": "bus_LV_200-16_0_6_node_101", "Landuse Category": "Residential areas (terraced houses)" }, "geometry": { "type": "Point", "coordinates": [ 8.625909508458387, 47.423906410154608 ] } },
{ "type": "Feature", "properties": { "name": "bus_LV_200-16_0_6_node_103", "Landuse Category": "Residential areas (terraced houses)" }, "geometry": { "type": "Point", "coordinates": [ 8.625741459026079, 47.423669566943282 ] } },
{ "type": "Feature", "properties": { "name": "bus_LV_200-16_0_6_node_105", "Landuse Category": "Residential areas (terraced houses)" }, "geometry": { "type": "Point", "coordinates": [ 8.625483058607234, 47.423647783717399 ] } },
{ "type": "Feature", "properties": { "name": "bus_LV_200-16_0_6_node_117", "Landuse Category": "Construction sites" }, "geometry": { "type": "Point", "coordinates": [ 8.625055430924192, 47.423479657807114 ] } },
{ "type": "Feature", "properties": { "name": "bus_LV_200-16_0_6_node_118", "Landuse Category": "Construction sites" }, "geometry": { "type": "Point", "coordinates": [ 8.625024496494513, 47.423209438612446 ] } },
{ "type": "Feature", "properties": { "name": "bus_LV_54-8_0_5_node_0", "Landuse Category": "Residential areas (blocks of flats)" }, "geometry": { "type": "Point", "coordinates": [ 8.620271772014494, 47.42736222040152 ] } },
{ "type": "Feature", "properties": { "name": "bus_LV_54-8_0_5_node_1", "Landuse Category": "Residential areas (blocks of flats)" }, "geometry": { "type": "Point", "coordinates": [ 8.620443530781156, 47.427724900792512 ] } },
{ "type": "Feature", "properties": { "name": "bus_LV_54-8_0_5_node_2", "Landuse Category": "Residential areas (blocks of flats)" }, "geometry": { "type": "Point", "coordinates": [ 8.620264510300776, 47.42734684998711 ] } },
{ "type": "Feature", "properties": { "name": "bus_LV_54-8_0_5_node_3", "Landuse Category": "Residential areas (blocks of flats)" }, "geometry": { "type": "Point", "coordinates": [ 8.620628308451993, 47.428098810157465 ] } },
{ "type": "Feature", "properties": { "name": "bus_LV_54-8_0_5_node_4", "Landuse Category": "Residential areas (one and two-family houses)" }, "geometry": { "type": "Point", "coordinates": [ 8.619971908451786, 47.426727510157221 ] } },
{ "type": "Feature", "properties": { "name": "bus_LV_54-8_0_5_node_12", "Landuse Category": "Residential areas (blocks of flats)" }, "geometry": { "type": "Point", "coordinates": [ 8.620979862340885, 47.428033945137422 ] } },
{ "type": "Feature", "properties": { "name": "bus_LV_54-8_0_5_node_16", "Landuse Category": "Unspecified buildings and surroundings" }, "geometry": { "type": "Point", "coordinates": [ 8.6210362084529, 47.426436510156826 ] } },
{ "type": "Feature", "properties": { "name": "bus_LV_54-8_0_5_node_7", "Landuse Category": "Residential areas (blocks of flats)" }, "geometry": { "type": "Point", "coordinates": [ 8.621338408452655, 47.428139310157249 ] } },
{ "type": "Feature", "properties": { "name": "bus_LV_54-8_0_5_node_18", "Landuse Category": "Unspecified buildings and surroundings" }, "geometry": { "type": "Point", "coordinates": [ 8.621190808453058, 47.426448910156807 ] } },
{ "type": "Feature", "properties": { "name": "bus_LV_54-8_0_5_node_5", "Landuse Category": "Residential areas (blocks of flats)" }, "geometry": { "type": "Point", "coordinates": [ 8.621162426564007, 47.428253751209468 ] } },
{ "type": "Feature", "properties": { "name": "bus_LV_54-8_0_5_node_13", "Landuse Category": "Residential areas (blocks of flats)" }, "geometry": { "type": "Point", "coordinates": [ 8.621363908452675, 47.428165610157265 ] } },
{ "type": "Feature", "properties": { "name": "bus_LV_54-8_0_5_node_8", "Landuse Category": "Residential areas (blocks of flats)" }, "geometry": { "type": "Point", "coordinates": [ 8.622332908453453, 47.428670910157102 ] } },
{ "type": "Feature", "properties": { "name": "bus_LV_54-8_0_5_node_10", "Landuse Category": "Rivers, streams" }, "geometry": { "type": "Point", "coordinates": [ 8.622086808453266, 47.428485910157143 ] } },
{ "type": "Feature", "properties": { "name": "bus_LV_54-8_0_5_node_24", "Landuse Category": "Residential areas (blocks of flats)" }, "geometry": { "type": "Point", "coordinates": [ 8.622543388163349, 47.428537723469901 ] } },
{ "type": "Feature", "properties": { "name": "bus_LV_54-8_0_5_node_19", "Landuse Category": "Rivers, streams" }, "geometry": { "type": "Point", "coordinates": [ 8.622194604261232, 47.428414550815738 ] } },
{ "type": "Feature", "properties": { "name": "bus_LV_54-8_0_5_node_22", "Landuse Category": "Rivers, streams" }, "geometry": { "type": "Point", "coordinates": [ 8.621640943073745, 47.428003957479973 ] } },
{ "type": "Feature", "properties": { "name": "bus_LV_54-8_0_5_node_23", "Landuse Category": "Rivers, streams" }, "geometry": { "type": "Point", "coordinates": [ 8.621886710111882, 47.428246542737917 ] } },
{ "type": "Feature", "properties": { "name": "bus_LV_54-8_0_5_node_21", "Landuse Category": "Rivers, streams" }, "geometry": { "type": "Point", "coordinates": [ 8.622119308453419, 47.428109010157009 ] } },
{ "type": "Feature", "properties": { "name": "bus_LV_54-8_0_5_node_20", "Landuse Category": "Rivers, streams" }, "geometry": { "type": "Point", "coordinates": [ 8.622414608453647, 47.428268910156987 ] } },
{ "type": "Feature", "properties": { "name": "bus_LV_54-8_0_5_node_17", "Landuse Category": "Rivers, streams" }, "geometry": { "type": "Point", "coordinates": [ 8.621873408453251, 47.427868310157002 ] } },
{ "type": "Feature", "properties": { "name": "bus_LV_54-8_0_5_node_14", "Landuse Category": "Residential areas (blocks of flats)" }, "geometry": { "type": "Point", "coordinates": [ 8.621334751874606, 47.427326544087727 ] } },
{ "type": "Feature", "properties": { "name": "bus_LV_54-8_0_5_node_15", "Landuse Category": "Residential areas (blocks of flats)" }, "geometry": { "type": "Point", "coordinates": [ 8.621574827035701, 47.427555302794936 ] } },
{ "type": "Feature", "properties": { "name": "bus_LV_54-8_0_5_node_29", "Landuse Category": "Industrial and commercial areas > 1 ha" }, "geometry": { "type": "Point", "coordinates": [ 8.621963108453771, 47.426502710156598 ] } },
{ "type": "Feature", "properties": { "name": "bus_LV_54-8_0_5_node_34", "Landuse Category": "Residential areas (blocks of flats)" }, "geometry": { "type": "Point", "coordinates": [ 8.621554176759879, 47.42726211185628 ] } },
{ "type": "Feature", "properties": { "name": "bus_LV_54-8_0_5_node_31", "Landuse Category": "Residential areas (blocks of flats)" }, "geometry": { "type": "Point", "coordinates": [ 8.622194808453735, 47.427343010156761 ] } },
{ "type": "Feature", "properties": { "name": "bus_LV_54-8_0_5_node_26", "Landuse Category": "Semi-natural grassland, in general" }, "geometry": { "type": "Point", "coordinates": [ 8.622947608454716, 47.426522510156254 ] } },
{ "type": "Feature", "properties": { "name": "bus_LV_54-8_0_5_node_35", "Landuse Category": "Rivers, streams" }, "geometry": { "type": "Point", "coordinates": [ 8.62190870151359, 47.427607811730709 ] } },
{ "type": "Feature", "properties": { "name": "bus_LV_54-8_0_5_node_25", "Landuse Category": "Semi-natural grassland, in general" }, "geometry": { "type": "Point", "coordinates": [ 8.623094208454839, 47.426582910156284 ] } },
{ "type": "Feature", "properties": { "name": "bus_LV_54-8_0_5_node_30", "Landuse Category": "Semi-natural grassland, in general" }, "geometry": { "type": "Point", "coordinates": [ 8.623202147072185, 47.425930725744209 ] } },
{ "type": "Feature", "properties": { "name": "bus_LV_54-8_0_5_node_32", "Landuse Category": "Residential areas (blocks of flats)" }, "geometry": { "type": "Point", "coordinates": [ 8.62224310499011, 47.427455184402049 ] } },
{ "type": "Feature", "properties": { "name": "bus_LV_54-8_0_5_node_33", "Landuse Category": "Rivers, streams" }, "geometry": { "type": "Point", "coordinates": [ 8.622736846876295, 47.427770342534039 ] } },
{ "type": "Feature", "properties": { "name": "bus_LV_54-8_0_5_node_37", "Landuse Category": "Rivers, streams" }, "geometry": { "type": "Point", "coordinates": [ 8.622795108454138, 47.427879210156725 ] } },
{ "type": "Feature", "properties": { "name": "bus_LV_54-8_0_5_node_36", "Landuse Category": "Rivers, streams" }, "geometry": { "type": "Point", "coordinates": [ 8.622140258105128, 47.427934524599131 ] } },
{ "type": "Feature", "properties": { "name": "bus_LV_54-5_0_4_node_0", "Landuse Category": "Residential areas (one and two-family houses)" }, "geometry": { "type": "Point", "coordinates": [ 8.621576482982562, 47.431595886178457 ] } },
{ "type": "Feature", "properties": { "name": "bus_LV_54-5_0_4_node_1", "Landuse Category": "Residential areas (one and two-family houses)" }, "geometry": { "type": "Point", "coordinates": [ 8.621365468772195, 47.43156948139373 ] } },
{ "type": "Feature", "properties": { "name": "bus_LV_54-5_0_4_node_2", "Landuse Category": "Residential areas (blocks of flats)" }, "geometry": { "type": "Point", "coordinates": [ 8.621856008452042, 47.431668010158241 ] } },
{ "type": "Feature", "properties": { "name": "bus_LV_54-5_0_4_node_3", "Landuse Category": "Residential areas (one and two-family houses)" }, "geometry": { "type": "Point", "coordinates": [ 8.621072767327266, 47.431518901623576 ] } },
{ "type": "Feature", "properties": { "name": "bus_LV_54-5_0_4_node_4", "Landuse Category": "Residential areas (blocks of flats)" }, "geometry": { "type": "Point", "coordinates": [ 8.621983208452153, 47.431700910158185 ] } },
{ "type": "Feature", "properties": { "name": "bus_LV_54-5_0_4_node_5", "Landuse Category": "Residential areas (one and two-family houses)" }, "geometry": { "type": "Point", "coordinates": [ 8.621902008452242, 47.431181610158049 ] } },
{ "type": "Feature", "properties": { "name": "bus_LV_54-5_0_4_node_12", "Landuse Category": "Residential areas (blocks of flats)" }, "geometry": { "type": "Point", "coordinates": [ 8.621882106776246, 47.431882140176526 ] } },
{ "type": "Feature", "properties": { "name": "bus_LV_54-5_0_4_node_11", "Landuse Category": "Residential areas (blocks of flats)" }, "geometry": { "type": "Point", "coordinates": [ 8.622097341031569, 47.431719629497643 ] } },
{ "type": "Feature", "properties": { "name": "bus_LV_54-5_0_4_node_24", "Landuse Category": "Residential areas (one and two-family houses)" }, "geometry": { "type": "Point", "coordinates": [ 8.622028908452384, 47.431095010157982 ] } },
{ "type": "Feature", "properties": { "name": "bus_LV_54-5_0_4_node_25", "Landuse Category": "Residential areas (blocks of flats)" }, "geometry": { "type": "Point", "coordinates": [ 8.621880035748815, 47.431885852587136 ] } },
{ "type": "Feature", "properties": { "name": "bus_LV_54-5_0_4_node_56", "Landuse Category": "Residential areas (one and two-family houses)" }, "geometry": { "type": "Point", "coordinates": [ 8.622210877831954, 47.43098483582159 ] } },
{ "type": "Feature", "properties": { "name": "bus_LV_54-5_0_4_node_60", "Landuse Category": "Residential areas (one and two-family houses)" }, "geometry": { "type": "Point", "coordinates": [ 8.621947720584513, 47.431026472782548 ] } },
{ "type": "Feature", "properties": { "name": "bus_LV_54-5_0_4_node_6", "Landuse Category": "Residential areas (one and two-family houses)" }, "geometry": { "type": "Point", "coordinates": [ 8.620840422014505, 47.431815319557629 ] } },
{ "type": "Feature", "properties": { "name": "bus_LV_54-5_0_4_node_7", "Landuse Category": "Residential areas (one and two-family houses)" }, "geometry": { "type": "Point", "coordinates": [ 8.620887688170322, 47.431827960396674 ] } },
{ "type": "Feature", "properties": { "name": "bus_LV_54-5_0_4_node_8", "Landuse Category": "Residential areas (one and two-family houses)" }, "geometry": { "type": "Point", "coordinates": [ 8.62045191102245, 47.431711415393885 ] } },
{ "type": "Feature", "properties": { "name": "bus_LV_54-5_0_4_node_9", "Landuse Category": "Residential areas (one and two-family houses)" }, "geometry": { "type": "Point", "coordinates": [ 8.621183936060604, 47.431907188218226 ] } },
{ "type": "Feature", "properties": { "name": "bus_LV_54-5_0_4_node_10", "Landuse Category": "Residential areas (one and two-family houses)" }, "geometry": { "type": "Point", "coordinates": [ 8.620346261676202, 47.431683160022843 ] } },
{ "type": "Feature", "properties": { "name": "bus_LV_54-5_0_4_node_26", "Landuse Category": "Residential areas (blocks of flats)" }, "geometry": { "type": "Point", "coordinates": [ 8.621779308451851, 47.43206641015832 ] } },
{ "type": "Feature", "properties": { "name": "bus_LV_54-5_0_4_node_34", "Landuse Category": "Residential areas (one and two-family houses)" }, "geometry": { "type": "Point", "coordinates": [ 8.620296643538079, 47.431669889864729 ] } },
{ "type": "Feature", "properties": { "name": "bus_LV_54-5_0_4_node_27", "Landuse Category": "Farm pastures, in general" }, "geometry": { "type": "Point", "coordinates": [ 8.621845008451791, 47.432451310158427 ] } },
{ "type": "Feature", "properties": { "name": "bus_LV_54-5_0_4_node_33", "Landuse Category": "Residential areas (one and two-family houses)" }, "geometry": { "type": "Point", "coordinates": [ 8.619997431995237, 47.431584916410031 ] } },
{ "type": "Feature", "properties": { "name": "bus_LV_54-5_0_4_node_13", "Landuse Category": "Residential areas (one and two-family houses)" }, "geometry": { "type": "Point", "coordinates": [ 8.619293690772155, 47.431391439668879 ] } },
{ "type": "Feature", "properties": { "name": "bus_LV_54-5_0_4_node_14", "Landuse Category": "Residential areas (one and two-family houses)" }, "geometry": { "type": "Point", "coordinates": [ 8.61962047214271, 47.431473922298146 ] } },
{ "type": "Feature", "properties": { "name": "bus_LV_54-5_0_4_node_15", "Landuse Category": "Garden allotments" }, "geometry": { "type": "Point", "coordinates": [ 8.618785508449198, 47.431328510159013 ] } },
{ "type": "Feature", "properties": { "name": "bus_LV_54-5_0_4_node_16", "Landuse Category": "Residential areas (one and two-family houses)" }, "geometry": { "type": "Point", "coordinates": [ 8.619900063470133, 47.431556246853809 ] } },
{ "type": "Feature", "properties": { "name": "bus_LV_54-5_0_4_node_17", "Landuse Category": "Garden allotments" }, "geometry": { "type": "Point", "coordinates": [ 8.61863549155278, 47.43126342961444 ] } },
{ "type": "Feature", "properties": { "name": "bus_LV_54-5_0_4_node_18", "Landuse Category": "Residential areas (blocks of flats)" }, "geometry": { "type": "Point", "coordinates": [ 8.618367948973066, 47.431147363027812 ] } },
{ "type": "Feature", "properties": { "name": "bus_LV_54-5_0_4_node_19", "Landuse Category": "Residential areas (blocks of flats)" }, "geometry": { "type": "Point", "coordinates": [ 8.618135676932454, 47.431046596756602 ] } },
{ "type": "Feature", "properties": { "name": "bus_LV_54-5_0_4_node_20", "Landuse Category": "Residential areas (blocks of flats)" }, "geometry": { "type": "Point", "coordinates": [ 8.617801708448379, 47.430901710159148 ] } },
{ "type": "Feature", "properties": { "name": "bus_LV_54-5_0_4_node_35", "Landuse Category": "Residential areas (blocks of flats)" }, "geometry": { "type": "Point", "coordinates": [ 8.618127408448734, 47.430810710159022 ] } },
{ "type": "Feature", "properties": { "name": "bus_LV_54-5_0_4_node_44", "Landuse Category": "Residential areas (blocks of flats)" }, "geometry": { "type": "Point", "coordinates": [ 8.618374244665137, 47.430813643747506 ] } },
{ "type": "Feature", "properties": { "name": "bus_LV_54-5_0_4_node_21", "Landuse Category": "Construction sites" }, "geometry": { "type": "Point", "coordinates": [ 8.620744859218565, 47.431150846937328 ] } },
{ "type": "Feature", "properties": { "name": "bus_LV_54-5_0_4_node_22", "Landuse Category": "Construction sites" }, "geometry": { "type": "Point", "coordinates": [ 8.620600657358803, 47.431124816713513 ] } },
{ "type": "Feature", "properties": { "name": "bus_LV_54-5_0_4_node_23", "Landuse Category": "Construction sites" }, "geometry": { "type": "Point", "coordinates": [ 8.620367731638076, 47.431082770298183 ] } },
{ "type": "Feature", "properties": { "name": "bus_LV_54-5_0_4_node_40", "Landuse Category": "Residential areas (one and two-family houses)" }, "geometry": { "type": "Point", "coordinates": [ 8.620276986934778, 47.431066389439543 ] } },
{ "type": "Feature", "properties": { "name": "bus_LV_54-5_0_4_node_31", "Landuse Category": "Residential areas (one and two-family houses)" }, "geometry": { "type": "Point", "coordinates": [ 8.620107230404724, 47.431023530741932 ] } },
{ "type": "Feature", "properties": { "name": "bus_LV_54-5_0_4_node_54", "Landuse Category": "Residential areas (one and two-family houses)" }, "geometry": { "type": "Point", "coordinates": [ 8.622378820631893, 47.430883119040949 ] } },
{ "type": "Feature", "properties": { "name": "bus_LV_54-5_0_4_node_61", "Landuse Category": "Residential areas (one and two-family houses)" }, "geometry": { "type": "Point", "coordinates": [ 8.621806208452238, 47.430907010157988 ] } },
{ "type": "Feature", "properties": { "name": "bus_LV_54-5_0_4_node_137", "Landuse Category": "Dumps" }, "geometry": { "type": "Point", "coordinates": [ 8.621428308451415, 47.432337010158541 ] } },
{ "type": "Feature", "properties": { "name": "bus_LV_54-5_0_4_node_28", "Landuse Category": "Residential areas (one and two-family houses)" }, "geometry": { "type": "Point", "coordinates": [ 8.619796885419152, 47.430927170383477 ] } },
{ "type": "Feature", "properties": { "name": "bus_LV_54-5_0_4_node_29", "Landuse Category": "Residential areas (one and two-family houses)" }, "geometry": { "type": "Point", "coordinates": [ 8.619973266558524, 47.430981935872644 ] } },
{ "type": "Feature", "properties": { "name": "bus_LV_54-5_0_4_node_30", "Landuse Category": "Residential areas (one and two-family houses)" }, "geometry": { "type": "Point", "coordinates": [ 8.619687735827922, 47.430880527355029 ] } },
{ "type": "Feature", "properties": { "name": "bus_LV_54-5_0_4_node_32", "Landuse Category": "Residential areas (one and two-family houses)" }, "geometry": { "type": "Point", "coordinates": [ 8.619448908450011, 47.430765310158634 ] } },
{ "type": "Feature", "properties": { "name": "bus_LV_54-5_0_4_node_39", "Landuse Category": "Residential areas (one and two-family houses)" }, "geometry": { "type": "Point", "coordinates": [ 8.619314208449852, 47.430824810158676 ] } },
{ "type": "Feature", "properties": { "name": "bus_LV_54-5_0_4_node_36", "Landuse Category": "Residential areas (one and two-family houses)" }, "geometry": { "type": "Point", "coordinates": [ 8.619398491223997, 47.430732013742301 ] } },
{ "type": "Feature", "properties": { "name": "bus_LV_54-5_0_4_node_43", "Landuse Category": "Residential areas (one and two-family houses)" }, "geometry": { "type": "Point", "coordinates": [ 8.619141840759475, 47.430822763069173 ] } },
{ "type": "Feature", "properties": { "name": "bus_LV_54-5_0_4_node_37", "Landuse Category": "Residential areas (one and two-family houses)" }, "geometry": { "type": "Point", "coordinates": [ 8.619092203164708, 47.43052973438428 ] } },
{ "type": "Feature", "properties": { "name": "bus_LV_54-5_0_4_node_42", "Landuse Category": "Residential areas (blocks of flats)" }, "geometry": { "type": "Point", "coordinates": [ 8.61880716210149, 47.430818787591924 ] } },
{ "type": "Feature", "properties": { "name": "bus_LV_54-5_0_4_node_38", "Landuse Category": "Residential areas (blocks of flats)" }, "geometry": { "type": "Point", "coordinates": [ 8.6188539749871, 47.430372401632148 ] } },
{ "type": "Feature", "properties": { "name": "bus_LV_54-5_0_4_node_45", "Landuse Category": "Residential areas (blocks of flats)" }, "geometry": { "type": "Point", "coordinates": [ 8.618842040028635, 47.430364519404165 ] } },
{ "type": "Feature", "properties": { "name": "bus_LV_54-5_0_4_node_46", "Landuse Category": "Residential areas (one and two-family houses)" }, "geometry": { "type": "Point", "coordinates": [ 8.618638108136048, 47.430229835709682 ] } },
{ "type": "Feature", "properties": { "name": "bus_LV_54-5_0_4_node_41", "Landuse Category": "Residential areas (one and two-family houses)" }, "geometry": { "type": "Point", "coordinates": [ 8.618991736462309, 47.430820980176662 ] } },
{ "type": "Feature", "properties": { "name": "bus_LV_54-5_0_4_node_48", "Landuse Category": "Residential areas (blocks of flats)" }, "geometry": { "type": "Point", "coordinates": [ 8.620423987300507, 47.428938311300058 ] } },
{ "type": "Feature", "properties": { "name": "bus_LV_54-5_0_4_node_49", "Landuse Category": "Residential areas (blocks of flats)" }, "geometry": { "type": "Point", "coordinates": [ 8.62080530968726, 47.42922840801878 ] } },
{ "type": "Feature", "properties": { "name": "bus_LV_54-5_0_4_node_50", "Landuse Category": "Residential areas (terraced houses)" }, "geometry": { "type": "Point", "coordinates": [ 8.620167108451344, 47.428737010157775 ] } },
{ "type": "Feature", "properties": { "name": "bus_LV_54-5_0_4_node_51", "Landuse Category": "Residential areas (blocks of flats)" }, "geometry": { "type": "Point", "coordinates": [ 8.621013691768878, 47.429386935929337 ] } },
{ "type": "Feature", "properties": { "name": "bus_LV_54-5_0_4_node_52", "Landuse Category": "Residential areas (terraced houses)" }, "geometry": { "type": "Point", "coordinates": [ 8.62000649582469, 47.42861105169618 ] } },
{ "type": "Feature", "properties": { "name": "bus_LV_54-5_0_4_node_64", "Landuse Category": "Residential areas (one and two-family houses)" }, "geometry": { "type": "Point", "coordinates": [ 8.621207808452091, 47.429534610157738 ] } },
{ "type": "Feature", "properties": { "name": "bus_LV_54-5_0_4_node_58", "Landuse Category": "Residential areas (blocks of flats)" }, "geometry": { "type": "Point", "coordinates": [ 8.619716308451025, 47.428387610157827 ] } },
{ "type": "Feature", "properties": { "name": "bus_LV_54-5_0_4_node_53", "Landuse Category": "Residential areas (blocks of flats)" }, "geometry": { "type": "Point", "coordinates": [ 8.620626176236739, 47.428465481017298 ] } },
{ "type": "Feature", "properties": { "name": "bus_LV_54-5_0_4_node_76", "Landuse Category": "Residential areas (blocks of flats)" }, "geometry": { "type": "Point", "coordinates": [ 8.62081040845208, 47.428356510157464 ] } },
{ "type": "Feature", "properties": { "name": "bus_LV_54-5_0_4_node_65", "Landuse Category": "Residential areas (one and two-family houses)" }, "geometry": { "type": "Point", "coordinates": [ 8.621357108452202, 47.429647210157704 ] } },
{ "type": "Feature", "properties": { "name": "bus_LV_54-5_0_4_node_67", "Landuse Category": "Residential areas (one and two-family houses)" }, "geometry": { "type": "Point", "coordinates": [ 8.621065008451966, 47.429487910157746 ] } },
{ "type": "Feature", "properties": { "name": "bus_LV_54-5_0_4_node_59", "Landuse Category": "Residential areas (blocks of flats)" }, "geometry": { "type": "Point", "coordinates": [ 8.619671608450963, 47.428421810157872 ] } },
{ "type": "Feature", "properties": { "name": "bus_LV_54-5_0_4_node_77", "Landuse Category": "Residential areas (blocks of flats)" }, "geometry": { "type": "Point", "coordinates": [ 8.620628308451993, 47.428098810157465 ] } },
{ "type": "Feature", "properties": { "name": "bus_LV_54-5_0_4_node_78", "Landuse Category": "Residential areas (blocks of flats)" }, "geometry": { "type": "Point", "coordinates": [ 8.620900608452144, 47.428424010157464 ] } },
{ "type": "Feature", "properties": { "name": "bus_LV_54-5_0_4_node_55", "Landuse Category": "Residential areas (one and two-family houses)" }, "geometry": { "type": "Point", "coordinates": [ 8.622476883590744, 47.430823725617167 ] } },
{ "type": "Feature", "properties": { "name": "bus_LV_54-5_0_4_node_57", "Landuse Category": "Residential areas (one and two-family houses)" }, "geometry": { "type": "Point", "coordinates": [ 8.622574508453024, 47.430770710157731 ] } },
{ "type": "Feature", "properties": { "name": "bus_LV_54-5_0_4_node_114", "Landuse Category": "Roads" }, "geometry": { "type": "Point", "coordinates": [ 8.623340181283197, 47.43052140279628 ] } },
{ "type": "Feature", "properties": { "name": "bus_LV_54-5_0_4_node_90", "Landuse Category": "Residential areas (one and two-family houses)" }, "geometry": { "type": "Point", "coordinates": [ 8.622335908452849, 47.430595110157732 ] } },
{ "type": "Feature", "properties": { "name": "bus_LV_54-5_0_4_node_91", "Landuse Category": "Residential areas (one and two-family houses)" }, "geometry": { "type": "Point", "coordinates": [ 8.622426308452948, 47.43054181015772 ] } },
{ "type": "Feature", "properties": { "name": "bus_LV_54-5_0_4_node_102", "Landuse Category": "Residential areas (one and two-family houses)" }, "geometry": { "type": "Point", "coordinates": [ 8.62221380734627, 47.430658568563089 ] } },
{ "type": "Feature", "properties": { "name": "bus_LV_54-5_0_4_node_72", "Landuse Category": "Residential areas (one and two-family houses)" }, "geometry": { "type": "Point", "coordinates": [ 8.622317001197681, 47.430457141070427 ] } },
{ "type": "Feature", "properties": { "name": "bus_LV_54-5_0_4_node_92", "Landuse Category": "Roads" }, "geometry": { "type": "Point", "coordinates": [ 8.623397808453705, 47.4311049101576 ] } },
{ "type": "Feature", "properties": { "name": "bus_LV_54-5_0_4_node_98", "Landuse Category": "Agricultural buildings and surroundings" }, "geometry": { "type": "Point", "coordinates": [ 8.623258426558058, 47.431223140064404 ] } },
{ "type": "Feature", "properties": { "name": "bus_LV_54-5_0_4_node_115", "Landuse Category": "Roads" }, "geometry": { "type": "Point", "coordinates": [ 8.623575208454012, 47.430670110157415 ] } },
{ "type": "Feature", "properties": { "name": "bus_LV_54-5_0_4_node_96", "Landuse Category": "Residential areas (terraced houses)" }, "geometry": { "type": "Point", "coordinates": [ 8.619414708450652, 47.428635910157965 ] } },
{ "type": "Feature", "properties": { "name": "bus_LV_54-5_0_4_node_95", "Landuse Category": "Residential areas (terraced houses)" }, "geometry": { "type": "Point", "coordinates": [ 8.619748653280839, 47.42888605664244 ] } },
{ "type": "Feature", "properties": { "name": "bus_LV_54-5_0_4_node_62", "Landuse Category": "Residential areas (one and two-family houses)" }, "geometry": { "type": "Point", "coordinates": [ 8.621708314341534, 47.430833976627589 ] } },
{ "type": "Feature", "properties": { "name": "bus_LV_54-5_0_4_node_63", "Landuse Category": "Residential areas (one and two-family houses)" }, "geometry": { "type": "Point", "coordinates": [ 8.622062811815585, 47.430750993462944 ] } },
{ "type": "Feature", "properties": { "name": "bus_LV_54-5_0_4_node_79", "Landuse Category": "Construction sites" }, "geometry": { "type": "Point", "coordinates": [ 8.621121808451738, 47.430396410158032 ] } },
{ "type": "Feature", "properties": { "name": "bus_LV_54-5_0_4_node_80", "Landuse Category": "Residential areas (one and two-family houses)" }, "geometry": { "type": "Point", "coordinates": [ 8.620903952776834, 47.43023392943276 ] } },
{ "type": "Feature", "properties": { "name": "bus_LV_54-5_0_4_node_81", "Landuse Category": "Construction sites" }, "geometry": { "type": "Point", "coordinates": [ 8.620908508330819, 47.430525004280135 ] } },
{ "type": "Feature", "properties": { "name": "bus_LV_54-5_0_4_node_66", "Landuse Category": "Residential areas (one and two-family houses)" }, "geometry": { "type": "Point", "coordinates": [ 8.621436108452238, 47.429766310157717 ] } },
{ "type": "Feature", "properties": { "name": "bus_LV_54-5_0_4_node_104", "Landuse Category": "Residential areas (one and two-family houses)" }, "geometry": { "type": "Point", "coordinates": [ 8.621566032964479, 47.429519915865775 ] } },
{ "type": "Feature", "properties": { "name": "bus_LV_54-5_0_4_node_113", "Landuse Category": "Residential areas (one and two-family houses)" }, "geometry": { "type": "Point", "coordinates": [ 8.62144801858104, 47.429781088025933 ] } },
{ "type": "Feature", "properties": { "name": "bus_LV_54-5_0_4_node_87", "Landuse Category": "Residential areas (blocks of flats)" }, "geometry": { "type": "Point", "coordinates": [ 8.620936957010942, 47.429389360187713 ] } },
{ "type": "Feature", "properties": { "name": "bus_LV_54-5_0_4_node_82", "Landuse Category": "Residential areas (one and two-family houses)" }, "geometry": { "type": "Point", "coordinates": [ 8.620764872734664, 47.429806386543561 ] } },
{ "type": "Feature", "properties": { "name": "bus_LV_54-5_0_4_node_75", "Landuse Category": "Arable land, in general" }, "geometry": { "type": "Point", "coordinates": [ 8.621716008452426, 47.430050410157733 ] } },
{ "type": "Feature", "properties": { "name": "bus_LV_54-5_0_4_node_71", "Landuse Category": "Arable land, in general" }, "geometry": { "type": "Point", "coordinates": [ 8.621885608452544, 47.430165810157689 ] } },
{ "type": "Feature", "properties": { "name": "bus_LV_54-5_0_4_node_103", "Landuse Category": "Arable land, in general" }, "geometry": { "type": "Point", "coordinates": [ 8.621694620011336, 47.429436341788886 ] } },
{ "type": "Feature", "properties": { "name": "bus_LV_54-5_0_4_node_97", "Landuse Category": "Residential areas (blocks of flats)" }, "geometry": { "type": "Point", "coordinates": [ 8.620614208640799, 47.429141513223975 ] } },
{ "type": "Feature", "properties": { "name": "bus_LV_54-5_0_4_node_83", "Landuse Category": "Residential areas (one and two-family houses)" }, "geometry": { "type": "Point", "coordinates": [ 8.620539808451303, 47.42996221015806 ] } },
{ "type": "Feature", "properties": { "name": "bus_LV_54-5_0_4_node_68", "Landuse Category": "Residential areas (one and two-family houses)" }, "geometry": { "type": "Point", "coordinates": [ 8.621979805961953, 47.430461024195658 ] } },
{ "type": "Feature", "properties": { "name": "bus_LV_54-5_0_4_node_69", "Landuse Category": "Residential areas (one and two-family houses)" }, "geometry": { "type": "Point", "coordinates": [ 8.621724480257686, 47.430592640366548 ] } },
{ "type": "Feature", "properties": { "name": "bus_LV_54-5_0_4_node_70", "Landuse Category": "Residential areas (one and two-family houses)" }, "geometry": { "type": "Point", "coordinates": [ 8.622175008452757, 47.430350010157746 ] } },
{ "type": "Feature", "properties": { "name": "bus_LV_54-5_0_4_node_73", "Landuse Category": "Arable land, in general" }, "geometry": { "type": "Point", "coordinates": [ 8.621754149295056, 47.430243642352188 ] } },
{ "type": "Feature", "properties": { "name": "bus_LV_54-5_0_4_node_74", "Landuse Category": "Construction sites" }, "geometry": { "type": "Point", "coordinates": [ 8.62147998451079, 47.430368237609215 ] } },
{ "type": "Feature", "properties": { "name": "bus_LV_54-5_0_4_node_119", "Landuse Category": "Residential areas (blocks of flats)" }, "geometry": { "type": "Point", "coordinates": [ 8.620606086111477, 47.428066911179911 ] } },
{ "type": "Feature", "properties": { "name": "bus_LV_54-5_0_4_node_108", "Landuse Category": "Residential areas (blocks of flats)" }, "geometry": { "type": "Point", "coordinates": [ 8.621104095089267, 47.428576361951983 ] } },
{ "type": "Feature", "properties": { "name": "bus_LV_54-5_0_4_node_109", "Landuse Category": "Residential areas (blocks of flats)" }, "geometry": { "type": "Point", "coordinates": [ 8.621497108452582, 47.428870610157439 ] } },
{ "type": "Feature", "properties": { "name": "bus_LV_54-5_0_4_node_88", "Landuse Category": "Residential areas (one and two-family houses)" }, "geometry": { "type": "Point", "coordinates": [ 8.620822808451514, 47.430173410158027 ] } },
{ "type": "Feature", "properties": { "name": "bus_LV_54-5_0_4_node_127", "Landuse Category": "Construction sites" }, "geometry": { "type": "Point", "coordinates": [ 8.620693046843947, 47.430654900407802 ] } },
{ "type": "Feature", "properties": { "name": "bus_LV_54-5_0_4_node_89", "Landuse Category": "Construction sites" }, "geometry": { "type": "Point", "coordinates": [ 8.620440406114389, 47.430408187545098 ] } },
{ "type": "Feature", "properties": { "name": "bus_LV_54-5_0_4_node_84", "Landuse Category": "Residential areas (one and two-family houses)" }, "geometry": { "type": "Point", "coordinates": [ 8.620800163238808, 47.430156510355637 ] } },
{ "type": "Feature", "properties": { "name": "bus_LV_54-5_0_4_node_86", "Landuse Category": "Construction sites" }, "geometry": { "type": "Point", "coordinates": [ 8.620282650967942, 47.430117794441109 ] } },
{ "type": "Feature", "properties": { "name": "bus_LV_54-5_0_4_node_131", "Landuse Category": "Construction sites" }, "geometry": { "type": "Point", "coordinates": [ 8.62014890845086, 47.430198710158244 ] } },
{ "type": "Feature", "properties": { "name": "bus_LV_54-5_0_4_node_128", "Landuse Category": "Construction sites" }, "geometry": { "type": "Point", "coordinates": [ 8.619951939380174, 47.429863179271969 ] } },
{ "type": "Feature", "properties": { "name": "bus_LV_54-5_0_4_node_129", "Landuse Category": "Construction sites" }, "geometry": { "type": "Point", "coordinates": [ 8.619819908450628, 47.429944210158261 ] } },
{ "type": "Feature", "properties": { "name": "bus_LV_54-5_0_4_node_132", "Landuse Category": "Construction sites" }, "geometry": { "type": "Point", "coordinates": [ 8.619991799562278, 47.430293810960237 ] } },
{ "type": "Feature", "properties": { "name": "bus_LV_54-5_0_4_node_133", "Landuse Category": "Residential areas (one and two-family houses)" }, "geometry": { "type": "Point", "coordinates": [ 8.620225180969204, 47.430540324375947 ] } },
{ "type": "Feature", "properties": { "name": "bus_LV_54-5_0_4_node_99", "Landuse Category": "Agricultural buildings and surroundings" }, "geometry": { "type": "Point", "coordinates": [ 8.62303672554904, 47.431411195256672 ] } },
{ "type": "Feature", "properties": { "name": "bus_LV_54-5_0_4_node_93", "Landuse Category": "Residential areas (terraced houses)" }, "geometry": { "type": "Point", "coordinates": [ 8.61982576773946, 47.428943819933203 ] } },
{ "type": "Feature", "properties": { "name": "bus_LV_54-5_0_4_node_94", "Landuse Category": "Residential areas (terraced houses)" }, "geometry": { "type": "Point", "coordinates": [ 8.620051995187008, 47.429113276645637 ] } },
{ "type": "Feature", "properties": { "name": "bus_LV_54-5_0_4_node_100", "Landuse Category": "Agricultural buildings and surroundings" }, "geometry": { "type": "Point", "coordinates": [ 8.622981645035033, 47.431483769360291 ] } },
{ "type": "Feature", "properties": { "name": "bus_LV_54-5_0_4_node_107", "Landuse Category": "Agricultural buildings and surroundings" }, "geometry": { "type": "Point", "coordinates": [ 8.623178678810717, 47.431481645672747 ] } },
{ "type": "Feature", "properties": { "name": "bus_LV_54-5_0_4_node_105", "Landuse Category": "Residential areas (blocks of flats)" }, "geometry": { "type": "Point", "coordinates": [ 8.62184268097837, 47.429340110295037 ] } },
{ "type": "Feature", "properties": { "name": "bus_LV_54-5_0_4_node_106", "Landuse Category": "Residential areas (blocks of flats)" }, "geometry": { "type": "Point", "coordinates": [ 8.621993308452947, 47.429242210157426 ] } },
{ "type": "Feature", "properties": { "name": "bus_LV_54-5_0_4_node_116", "Landuse Category": "Residential areas (blocks of flats)" }, "geometry": { "type": "Point", "coordinates": [ 8.621774272675134, 47.429078156190357 ] } },
{ "type": "Feature", "properties": { "name": "bus_LV_54-5_0_4_node_117", "Landuse Category": "Residential areas (blocks of flats)" }, "geometry": { "type": "Point", "coordinates": [ 8.622302242666647, 47.429062078549244 ] } },
{ "type": "Feature", "properties": { "name": "bus_LV_54-5_0_4_node_111", "Landuse Category": "Residential areas (blocks of flats)" }, "geometry": { "type": "Point", "coordinates": [ 8.621747508452762, 47.429058110157413 ] } },
{ "type": "Feature", "properties": { "name": "bus_LV_54-5_0_4_node_122", "Landuse Category": "Residential areas (blocks of flats)" }, "geometry": { "type": "Point", "coordinates": [ 8.62261260845365, 47.428881110157079 ] } },
{ "type": "Feature", "properties": { "name": "bus_LV_54-5_0_4_node_112", "Landuse Category": "Residential areas (blocks of flats)" }, "geometry": { "type": "Point", "coordinates": [ 8.621772545203008, 47.428711558181014 ] } },
{ "type": "Feature", "properties": { "name": "bus_LV_54-5_0_4_node_118", "Landuse Category": "Residential areas (blocks of flats)" }, "geometry": { "type": "Point", "coordinates": [ 8.622022738318101, 47.428886245935807 ] } },
{ "type": "Feature", "properties": { "name": "bus_LV_54-5_0_4_node_123", "Landuse Category": "Residential areas (blocks of flats)" }, "geometry": { "type": "Point", "coordinates": [ 8.621983408453145, 47.428579710157173 ] } },
{ "type": "Feature", "properties": { "name": "bus_LV_54-5_0_4_node_125", "Landuse Category": "Residential areas (blocks of flats)" }, "geometry": { "type": "Point", "coordinates": [ 8.62155639884103, 47.428335144660501 ] } },
{ "type": "Feature", "properties": { "name": "bus_LV_54-5_0_4_node_124", "Landuse Category": "Rivers, streams" }, "geometry": { "type": "Point", "coordinates": [ 8.621660308452892, 47.428380410157224 ] } },
{ "type": "Feature", "properties": { "name": "bus_LV_54-5_0_4_node_126", "Landuse Category": "Residential areas (blocks of flats)" }, "geometry": { "type": "Point", "coordinates": [ 8.62282633099275, 47.428756497721977 ] } },
{ "type": "Feature", "properties": { "name": "bus_LV_54-5_0_4_node_130", "Landuse Category": "Construction sites" }, "geometry": { "type": "Point", "coordinates": [ 8.619801808450607, 47.429955310158292 ] } },
{ "type": "Feature", "properties": { "name": "bus_LV_54-5_0_4_node_136", "Landuse Category": "Construction sites" }, "geometry": { "type": "Point", "coordinates": [ 8.619641055171805, 47.430053952768183 ] } },
{ "type": "Feature", "properties": { "name": "bus_LV_54-5_0_4_node_135", "Landuse Category": "Construction sites" }, "geometry": { "type": "Point", "coordinates": [ 8.619425542262981, 47.430186196455622 ] } },
{ "type": "Feature", "properties": { "name": "bus_LV_54-5_0_4_node_134", "Landuse Category": "Residential areas (one and two-family houses)" }, "geometry": { "type": "Point", "coordinates": [ 8.619776723726297, 47.430423999283249 ] } },
{ "type": "Feature", "properties": { "name": "bus_LV_52-15_0_5_node_0", "Landuse Category": "Roads" }, "geometry": { "type": "Point", "coordinates": [ 8.643688763794465, 47.427729116567299 ] } },
{ "type": "Feature", "properties": { "name": "bus_LV_52-15_0_5_node_254", "Landuse Category": "Roads" }, "geometry": { "type": "Point", "coordinates": [ 8.643522408474007, 47.428120110150743 ] } },
{ "type": "Feature", "properties": { "name": "bus_LV_52-15_0_5_node_12", "Landuse Category": "Roads" }, "geometry": { "type": "Point", "coordinates": [ 8.643489808473937, 47.42823781015079 ] } },
{ "type": "Feature", "properties": { "name": "bus_LV_52-15_0_5_node_2", "Landuse Category": "Roads" }, "geometry": { "type": "Point", "coordinates": [ 8.642859608473204, 47.428658210151127 ] } },
{ "type": "Feature", "properties": { "name": "bus_LV_52-15_0_5_node_255", "Landuse Category": "Roads" }, "geometry": { "type": "Point", "coordinates": [ 8.643317608473749, 47.428300010150842 ] } },
{ "type": "Feature", "properties": { "name": "bus_LV_52-15_0_5_node_10", "Landuse Category": "Roads" }, "geometry": { "type": "Point", "coordinates": [ 8.642984808473249, 47.428877810151114 ] } },
{ "type": "Feature", "properties": { "name": "bus_LV_52-15_0_5_node_6", "Landuse Category": "Roads" }, "geometry": { "type": "Point", "coordinates": [ 8.643670808473949, 47.428720710150877 ] } },
{ "type": "Feature", "properties": { "name": "bus_LV_52-15_0_5_node_8", "Landuse Category": "Roads" }, "geometry": { "type": "Point", "coordinates": [ 8.643881008474219, 47.42853181015078 ] } },
{ "type": "Feature", "properties": { "name": "bus_LV_52-15_0_5_node_9", "Landuse Category": "Roads" }, "geometry": { "type": "Point", "coordinates": [ 8.643168008473415, 47.428895710151089 ] } },
{ "type": "Feature", "properties": { "name": "bus_LV_52-15_0_5_node_5", "Landuse Category": "Industrial and commercial areas < 1 ha" }, "geometry": { "type": "Point", "coordinates": [ 8.644384108549797, 47.428734062883841 ] } },
{ "type": "Feature", "properties": { "name": "bus_LV_52-15_0_5_node_165", "Landuse Category": "Roads" }, "geometry": { "type": "Point", "coordinates": [ 8.643821206986303, 47.428915682094562 ] } },
{ "type": "Feature", "properties": { "name": "bus_LV_52-15_0_5_node_195", "Landuse Category": "Roads" }, "geometry": { "type": "Point", "coordinates": [ 8.643133408473371, 47.428915910151126 ] } },
{ "type": "Feature", "properties": { "name": "bus_LV_52-15_0_5_node_196", "Landuse Category": "Residential areas (blocks of flats)" }, "geometry": { "type": "Point", "coordinates": [ 8.642434255233189, 47.429376087543361 ] } },
{ "type": "Feature", "properties": { "name": "bus_LV_52-15_0_5_node_194", "Landuse Category": "Unspecified buildings and surroundings" }, "geometry": { "type": "Point", "coordinates": [ 8.642617717643583, 47.428738299278919 ] } },
{ "type": "Feature", "properties": { "name": "bus_LV_52-15_0_5_node_193", "Landuse Category": "Unspecified buildings and surroundings" }, "geometry": { "type": "Point", "coordinates": [ 8.642278938955428, 47.428676975437412 ] } },
{ "type": "Feature", "properties": { "name": "bus_LV_52-15_0_5_node_201", "Landuse Category": "Unspecified buildings and surroundings" }, "geometry": { "type": "Point", "coordinates": [ 8.641676008471896, 47.42916161015161 ] } },
{ "type": "Feature", "properties": { "name": "bus_LV_52-15_0_5_node_202", "Landuse Category": "Unspecified buildings and surroundings" }, "geometry": { "type": "Point", "coordinates": [ 8.641665704920172, 47.429081336788379 ] } },
{ "type": "Feature", "properties": { "name": "bus_LV_52-15_0_5_node_200", "Landuse Category": "Residential areas (blocks of flats)" }, "geometry": { "type": "Point", "coordinates": [ 8.641746938379349, 47.429371272966904 ] } },
{ "type": "Feature", "properties": { "name": "bus_LV_52-15_0_5_node_11", "Landuse Category": "Roads" }, "geometry": { "type": "Point", "coordinates": [ 8.64395870847429, 47.428530510150729 ] } },
{ "type": "Feature", "properties": { "name": "bus_LV_52-15_0_5_node_253", "Landuse Category": "Roads" }, "geometry": { "type": "Point", "coordinates": [ 8.643111372820835, 47.428187323802604 ] } },
{ "type": "Feature", "properties": { "name": "bus_LV_52-15_0_5_node_61", "Landuse Category": "Residential areas (blocks of flats)" }, "geometry": { "type": "Point", "coordinates": [ 8.642093808472099, 47.429803410151699 ] } },
{ "type": "Feature", "properties": { "name": "bus_LV_52-15_0_5_node_13", "Landuse Category": "Residential areas (terraced houses)" }, "geometry": { "type": "Point", "coordinates": [ 8.645259552819635, 47.429791564943883 ] } },
{ "type": "Feature", "properties": { "name": "bus_LV_52-15_0_5_node_14", "Landuse Category": "Residential areas (terraced houses)" }, "geometry": { "type": "Point", "coordinates": [ 8.645305908475219, 47.429726110150739 ] } },
{ "type": "Feature", "properties": { "name": "bus_LV_52-15_0_5_node_15", "Landuse Category": "Residential areas (terraced houses)" }, "geometry": { "type": "Point", "coordinates": [ 8.645186008475033, 47.429895410150799 ] } },
{ "type": "Feature", "properties": { "name": "bus_LV_52-15_0_5_node_16", "Landuse Category": "Roads" }, "geometry": { "type": "Point", "coordinates": [ 8.645494437461732, 47.429992226712073 ] } },
{ "type": "Feature", "properties": { "name": "bus_LV_52-15_0_5_node_18", "Landuse Category": "Residential areas (terraced houses)" }, "geometry": { "type": "Point", "coordinates": [ 8.645216808475199, 47.429515310150677 ] } },
{ "type": "Feature", "properties": { "name": "bus_LV_52-15_0_5_node_19", "Landuse Category": "Residential areas (terraced houses)" }, "geometry": { "type": "Point", "coordinates": [ 8.645106599426711, 47.430009067450172 ] } },
{ "type": "Feature", "properties": { "name": "bus_LV_52-15_0_5_node_17", "Landuse Category": "Residential areas (terraced houses)" }, "geometry": { "type": "Point", "coordinates": [ 8.644992208474948, 47.429614210150824 ] } },
{ "type": "Feature", "properties": { "name": "bus_LV_52-15_0_5_node_23", "Landuse Category": "Residential areas (terraced houses)" }, "geometry": { "type": "Point", "coordinates": [ 8.644839821823107, 47.429679465779536 ] } },
{ "type": "Feature", "properties": { "name": "bus_LV_52-15_0_5_node_113", "Landuse Category": "Residential areas (terraced houses)" }, "geometry": { "type": "Point", "coordinates": [ 8.644898096150824, 47.429509053150454 ] } },
{ "type": "Feature", "properties": { "name": "bus_LV_52-15_0_5_node_148", "Landuse Category": "Residential areas (terraced houses)" }, "geometry": { "type": "Point", "coordinates": [ 8.645454308475479, 47.429330910150576 ] } },
{ "type": "Feature", "properties": { "name": "bus_LV_52-15_0_5_node_157", "Landuse Category": "Residential areas (terraced houses)" }, "geometry": { "type": "Point", "coordinates": [ 8.645438564218146, 47.429693766186659 ] } },
{ "type": "Feature", "properties": { "name": "bus_LV_52-15_0_5_node_22", "Landuse Category": "Residential areas (blocks of flats)" }, "geometry": { "type": "Point", "coordinates": [ 8.645049208474854, 47.430091210150927 ] } },
{ "type": "Feature", "properties": { "name": "bus_LV_52-15_0_5_node_20", "Landuse Category": "Residential areas (terraced houses)" }, "geometry": { "type": "Point", "coordinates": [ 8.644705208474637, 47.429737110150917 ] } },
{ "type": "Feature", "properties": { "name": "bus_LV_52-15_0_5_node_24", "Landuse Category": "Residential areas (terraced houses)" }, "geometry": { "type": "Point", "coordinates": [ 8.644380508474351, 47.42967051015097 ] } },
{ "type": "Feature", "properties": { "name": "bus_LV_52-15_0_5_node_21", "Landuse Category": "Residential areas (blocks of flats)" }, "geometry": { "type": "Point", "coordinates": [ 8.645163614706455, 47.430428501048006 ] } },
{ "type": "Feature", "properties": { "name": "bus_LV_52-15_0_5_node_105", "Landuse Category": "Residential areas (blocks of flats)" }, "geometry": { "type": "Point", "coordinates": [ 8.644970808474602, 47.430629810151125 ] } },
{ "type": "Feature", "properties": { "name": "bus_LV_52-15_0_5_node_111", "Landuse Category": "Residential areas (terraced houses)" }, "geometry": { "type": "Point", "coordinates": [ 8.644787708474825, 47.429385710150775 ] } },
{ "type": "Feature", "properties": { "name": "bus_LV_52-15_0_5_node_160", "Landuse Category": "Residential areas (terraced houses)" }, "geometry": { "type": "Point", "coordinates": [ 8.645390140628031, 47.429186477799078 ] } },
{ "type": "Feature", "properties": { "name": "bus_LV_52-15_0_5_node_145", "Landuse Category": "Roads" }, "geometry": { "type": "Point", "coordinates": [ 8.645725908475766, 47.429243910150468 ] } },
{ "type": "Feature", "properties": { "name": "bus_LV_52-15_0_5_node_147", "Landuse Category": "Roads" }, "geometry": { "type": "Point", "coordinates": [ 8.645988808475998, 47.429310610150431 ] } },
{ "type": "Feature", "properties": { "name": "bus_LV_52-15_0_5_node_143", "Landuse Category": "Roads" }, "geometry": { "type": "Point", "coordinates": [ 8.645743926714056, 47.429211426435842 ] } },
{ "type": "Feature", "properties": { "name": "bus_LV_52-15_0_5_node_141", "Landuse Category": "Residential areas (blocks of flats)" }, "geometry": { "type": "Point", "coordinates": [ 8.644948142374759, 47.430225157627 ] } },
{ "type": "Feature", "properties": { "name": "bus_LV_52-15_0_5_node_136", "Landuse Category": "Residential areas (terraced houses)" }, "geometry": { "type": "Point", "coordinates": [ 8.64448096814669, 47.429551012662607 ] } },
{ "type": "Feature", "properties": { "name": "bus_LV_52-15_0_5_node_134", "Landuse Category": "Residential areas (terraced houses)" }, "geometry": { "type": "Point", "coordinates": [ 8.644352260410546, 47.429669120921083 ] } },
{ "type": "Feature", "properties": { "name": "bus_LV_52-15_0_5_node_106", "Landuse Category": "Residential areas (blocks of flats)" }, "geometry": { "type": "Point", "coordinates": [ 8.644695208474369, 47.430538110151176 ] } },
{ "type": "Feature", "properties": { "name": "bus_LV_52-15_0_5_node_140", "Landuse Category": "Residential areas (blocks of flats)" }, "geometry": { "type": "Point", "coordinates": [ 8.644856108474585, 47.430317510151021 ] } },
{ "type": "Feature", "properties": { "name": "bus_LV_52-15_0_5_node_138", "Landuse Category": "Residential areas (terraced houses)" }, "geometry": { "type": "Point", "coordinates": [ 8.644488729162125, 47.429485141285703 ] } },
{ "type": "Feature", "properties": { "name": "bus_LV_52-15_0_5_node_142", "Landuse Category": "Residential areas (blocks of flats)" }, "geometry": { "type": "Point", "coordinates": [ 8.644579505749714, 47.430200861333745 ] } },
{ "type": "Feature", "properties": { "name": "bus_LV_52-15_0_5_node_131", "Landuse Category": "Residential areas (blocks of flats)" }, "geometry": { "type": "Point", "coordinates": [ 8.644564808474334, 47.430217910151086 ] } },
{ "type": "Feature", "properties": { "name": "bus_LV_52-15_0_5_node_26", "Landuse Category": "Residential areas (one and two-family houses)" }, "geometry": { "type": "Point", "coordinates": [ 8.64329726842165, 47.430715099002107 ] } },
{ "type": "Feature", "properties": { "name": "bus_LV_52-15_0_5_node_27", "Landuse Category": "Residential areas (one and two-family houses)" }, "geometry": { "type": "Point", "coordinates": [ 8.64347561165237, 47.43083521958981 ] } },
{ "type": "Feature", "properties": { "name": "bus_LV_52-15_0_5_node_28", "Landuse Category": "Residential areas (one and two-family houses)" }, "geometry": { "type": "Point", "coordinates": [ 8.643288219622127, 47.430709004287905 ] } },
{ "type": "Feature", "properties": { "name": "bus_LV_52-15_0_5_node_29", "Landuse Category": "Residential areas (one and two-family houses)" }, "geometry": { "type": "Point", "coordinates": [ 8.643620208473202, 47.430932610151622 ] } },
{ "type": "Feature", "properties": { "name": "bus_LV_52-15_0_5_node_30", "Landuse Category": "Residential areas (one and two-family houses)" }, "geometry": { "type": "Point", "coordinates": [ 8.643059748698459, 47.430555950454405 ] } },
{ "type": "Feature", "properties": { "name": "bus_LV_52-15_0_5_node_31", "Landuse Category": "Residential areas (one and two-family houses)" }, "geometry": { "type": "Point", "coordinates": [ 8.643860008473506, 47.430755310151454 ] } },
{ "type": "Feature", "properties": { "name": "bus_LV_52-15_0_5_node_32", "Landuse Category": "Residential areas (blocks of flats)" }, "geometry": { "type": "Point", "coordinates": [ 8.643443049292488, 47.431072699229475 ] } },
{ "type": "Feature", "properties": { "name": "bus_LV_52-15_0_5_node_36", "Landuse Category": "Residential areas (one and two-family houses)" }, "geometry": { "type": "Point", "coordinates": [ 8.642906208472672, 47.430466010151655 ] } },
{ "type": "Feature", "properties": { "name": "bus_LV_52-15_0_5_node_48", "Landuse Category": "Residential areas (one and two-family houses)" }, "geometry": { "type": "Point", "coordinates": [ 8.643906972515527, 47.43072303030133 ] } },
{ "type": "Feature", "properties": { "name": "bus_LV_52-15_0_5_node_39", "Landuse Category": "Residential areas (blocks of flats)" }, "geometry": { "type": "Point", "coordinates": [ 8.643365408472892, 47.431136610151711 ] } },
{ "type": "Feature", "properties": { "name": "bus_LV_52-15_0_5_node_33", "Landuse Category": "Residential areas (blocks of flats)" }, "geometry": { "type": "Point", "coordinates": [ 8.644150408473642, 47.431181310151516 ] } },
{ "type": "Feature", "properties": { "name": "bus_LV_52-15_0_5_node_46", "Landuse Category": "Roads" }, "geometry": { "type": "Point", "coordinates": [ 8.644353808473811, 47.431250810151504 ] } },
{ "type": "Feature", "properties": { "name": "bus_LV_52-15_0_5_node_43", "Landuse Category": "Roads" }, "geometry": { "type": "Point", "coordinates": [ 8.644244404554835, 47.431051783769334 ] } },
{ "type": "Feature", "properties": { "name": "bus_LV_52-15_0_5_node_34", "Landuse Category": "Roads" }, "geometry": { "type": "Point", "coordinates": [ 8.6442585084736, 47.431645510151625 ] } },
{ "type": "Feature", "properties": { "name": "bus_LV_52-15_0_5_node_103", "Landuse Category": "Residential areas (blocks of flats)" }, "geometry": { "type": "Point", "coordinates": [ 8.644131755360101, 47.431817178021213 ] } },
{ "type": "Feature", "properties": { "name": "bus_LV_52-15_0_5_node_102", "Landuse Category": "Roads" }, "geometry": { "type": "Point", "coordinates": [ 8.644363214180775, 47.431504999800417 ] } },
{ "type": "Feature", "properties": { "name": "bus_LV_52-15_0_5_node_53", "Landuse Category": "Residential areas (one and two-family houses)" }, "geometry": { "type": "Point", "coordinates": [ 8.643270508473115, 47.430168510151475 ] } },
{ "type": "Feature", "properties": { "name": "bus_LV_52-15_0_5_node_51", "Landuse Category": "Semi-natural grassland, in general" }, "geometry": { "type": "Point", "coordinates": [ 8.64270969175629, 47.430624186793999 ] } },
{ "type": "Feature", "properties": { "name": "bus_LV_52-15_0_5_node_129", "Landuse Category": "Residential areas (one and two-family houses)" }, "geometry": { "type": "Point", "coordinates": [ 8.644110408473789, 47.430590210151358 ] } },
{ "type": "Feature", "properties": { "name": "bus_LV_52-15_0_5_node_44", "Landuse Category": "Residential areas (blocks of flats)" }, "geometry": { "type": "Point", "coordinates": [ 8.644329508473886, 47.43093451015141 ] } },
{ "type": "Feature", "properties": { "name": "bus_LV_52-15_0_5_node_47", "Landuse Category": "Residential areas (blocks of flats)" }, "geometry": { "type": "Point", "coordinates": [ 8.644400508474003, 47.430820110151288 ] } },
{ "type": "Feature", "properties": { "name": "bus_LV_52-15_0_5_node_42", "Landuse Category": "Residential areas (blocks of flats)" }, "geometry": { "type": "Point", "coordinates": [ 8.643340561650717, 47.43115896719322 ] } },
{ "type": "Feature", "properties": { "name": "bus_LV_52-15_0_5_node_38", "Landuse Category": "Residential areas (blocks of flats)" }, "geometry": { "type": "Point", "coordinates": [ 8.643446809574096, 47.431297065445357 ] } },
{ "type": "Feature", "properties": { "name": "bus_LV_52-15_0_5_node_45", "Landuse Category": "Roads" }, "geometry": { "type": "Point", "coordinates": [ 8.644555408474014, 47.431211410151406 ] } },
{ "type": "Feature", "properties": { "name": "bus_LV_52-15_0_5_node_107", "Landuse Category": "Roads" }, "geometry": { "type": "Point", "coordinates": [ 8.644647592118528, 47.431082314567554 ] } },
{ "type": "Feature", "properties": { "name": "bus_LV_52-15_0_5_node_41", "Landuse Category": "Residential areas (blocks of flats)" }, "geometry": { "type": "Point", "coordinates": [ 8.644023708473279, 47.43196351015181 ] } },
{ "type": "Feature", "properties": { "name": "bus_LV_52-15_0_5_node_40", "Landuse Category": "Residential areas (blocks of flats)" }, "geometry": { "type": "Point", "coordinates": [ 8.643416208472678, 47.431968610152019 ] } },
{ "type": "Feature", "properties": { "name": "bus_LV_52-15_0_5_node_88", "Landuse Category": "Residential areas (blocks of flats)" }, "geometry": { "type": "Point", "coordinates": [ 8.643193408472383, 47.432212210152102 ] } },
{ "type": "Feature", "properties": { "name": "bus_LV_52-15_0_5_node_93", "Landuse Category": "Residential areas (blocks of flats)" }, "geometry": { "type": "Point", "coordinates": [ 8.643347375401106, 47.43182590304977 ] } },
{ "type": "Feature", "properties": { "name": "bus_LV_52-15_0_5_node_139", "Landuse Category": "Residential areas (blocks of flats)" }, "geometry": { "type": "Point", "coordinates": [ 8.643876993456338, 47.432164475305029 ] } },
{ "type": "Feature", "properties": { "name": "bus_LV_52-15_0_5_node_37", "Landuse Category": "Residential areas (blocks of flats)" }, "geometry": { "type": "Point", "coordinates": [ 8.643541615547626, 47.431483942699266 ] } },
{ "type": "Feature", "properties": { "name": "bus_LV_52-15_0_5_node_57", "Landuse Category": "Residential areas (one and two-family houses)" }, "geometry": { "type": "Point", "coordinates": [ 8.643331308473201, 47.430109610151433 ] } },
{ "type": "Feature", "properties": { "name": "bus_LV_52-15_0_5_node_58", "Landuse Category": "Residential areas (one and two-family houses)" }, "geometry": { "type": "Point", "coordinates": [ 8.643437530028361, 47.4302628046782 ] } },
{ "type": "Feature", "properties": { "name": "bus_LV_52-15_0_5_node_54", "Landuse Category": "Residential areas (blocks of flats)" }, "geometry": { "type": "Point", "coordinates": [ 8.641945808471867, 47.430077610151884 ] } },
{ "type": "Feature", "properties": { "name": "bus_LV_52-15_0_5_node_59", "Landuse Category": "Semi-natural grassland, in general" }, "geometry": { "type": "Point", "coordinates": [ 8.641791808471654, 47.430272910151935 ] } },
{ "type": "Feature", "properties": { "name": "bus_LV_52-15_0_5_node_60", "Landuse Category": "Residential areas (blocks of flats)" }, "geometry": { "type": "Point", "coordinates": [ 8.642086425820318, 47.429902492962285 ] } },
{ "type": "Feature", "properties": { "name": "bus_LV_52-15_0_5_node_91", "Landuse Category": "Residential areas (blocks of flats)" }, "geometry": { "type": "Point", "coordinates": [ 8.643145001493716, 47.431339235870794 ] } },
{ "type": "Feature", "properties": { "name": "bus_LV_52-15_0_5_node_77", "Landuse Category": "Residential areas (blocks of flats)" }, "geometry": { "type": "Point", "coordinates": [ 8.643768408472914, 47.432313210151989 ] } },
{ "type": "Feature", "properties": { "name": "bus_LV_52-15_0_5_node_75", "Landuse Category": "Residential areas (blocks of flats)" }, "geometry": { "type": "Point", "coordinates": [ 8.643635897039955, 47.432492181649046 ] } },
{ "type": "Feature", "properties": { "name": "bus_LV_52-15_0_5_node_89", "Landuse Category": "Residential areas (blocks of flats)" }, "geometry": { "type": "Point", "coordinates": [ 8.643155758989636, 47.432135867576058 ] } },
{ "type": "Feature", "properties": { "name": "bus_LV_52-15_0_5_node_84", "Landuse Category": "Residential areas (blocks of flats)" }, "geometry": { "type": "Point", "coordinates": [ 8.643216408472394, 47.432259410152156 ] } },
{ "type": "Feature", "properties": { "name": "bus_LV_52-15_0_5_node_92", "Landuse Category": "Residential areas (blocks of flats)" }, "geometry": { "type": "Point", "coordinates": [ 8.643122708472585, 47.431360110151864 ] } },
{ "type": "Feature", "properties": { "name": "bus_LV_52-15_0_5_node_50", "Landuse Category": "Residential areas (blocks of flats)" }, "geometry": { "type": "Point", "coordinates": [ 8.6444708084741, 47.430725110151293 ] } },
{ "type": "Feature", "properties": { "name": "bus_LV_52-15_0_5_node_49", "Landuse Category": "Residential areas (blocks of flats)" }, "geometry": { "type": "Point", "coordinates": [ 8.644745208474276, 47.430945610151262 ] } },
{ "type": "Feature", "properties": { "name": "bus_LV_52-15_0_5_node_104", "Landuse Category": "Residential areas (blocks of flats)" }, "geometry": { "type": "Point", "coordinates": [ 8.644817733852113, 47.430844087941843 ] } },
{ "type": "Feature", "properties": { "name": "bus_LV_52-15_0_5_node_132", "Landuse Category": "Residential areas (blocks of flats)" }, "geometry": { "type": "Point", "coordinates": [ 8.644579053519363, 47.430627908408589 ] } },
{ "type": "Feature", "properties": { "name": "bus_LV_52-15_0_5_node_127", "Landuse Category": "Residential areas (one and two-family houses)" }, "geometry": { "type": "Point", "coordinates": [ 8.644110552916819, 47.430590114776088 ] } },
{ "type": "Feature", "properties": { "name": "bus_LV_52-15_0_5_node_108", "Landuse Category": "Residential areas (blocks of flats)" }, "geometry": { "type": "Point", "coordinates": [ 8.644652708474338, 47.43052391015118 ] } },
{ "type": "Feature", "properties": { "name": "bus_LV_52-15_0_5_node_52", "Landuse Category": "Semi-natural grassland, in general" }, "geometry": { "type": "Point", "coordinates": [ 8.642369108472016, 47.430898310151989 ] } },
{ "type": "Feature", "properties": { "name": "bus_LV_52-15_0_5_node_55", "Landuse Category": "Residential areas (blocks of flats)" }, "geometry": { "type": "Point", "coordinates": [ 8.642628660455831, 47.431041903979981 ] } },
{ "type": "Feature", "properties": { "name": "bus_LV_52-15_0_5_node_56", "Landuse Category": "Residential areas (blocks of flats)" }, "geometry": { "type": "Point", "coordinates": [ 8.642245408471872, 47.431000810152064 ] } },
{ "type": "Feature", "properties": { "name": "bus_LV_52-15_0_5_node_63", "Landuse Category": "Residential areas (blocks of flats)" }, "geometry": { "type": "Point", "coordinates": [ 8.642057308471641, 47.43115971015213 ] } },
{ "type": "Feature", "properties": { "name": "bus_LV_52-15_0_5_node_64", "Landuse Category": "Semi-natural grassland, in general" }, "geometry": { "type": "Point", "coordinates": [ 8.641997590420409, 47.430813059121149 ] } },
{ "type": "Feature", "properties": { "name": "bus_LV_52-15_0_5_node_99", "Landuse Category": "Residential areas (blocks of flats)" }, "geometry": { "type": "Point", "coordinates": [ 8.643487070662408, 47.429956065894039 ] } },
{ "type": "Feature", "properties": { "name": "bus_LV_52-15_0_5_node_176", "Landuse Category": "Residential areas (blocks of flats)" }, "geometry": { "type": "Point", "coordinates": [ 8.642794203558438, 47.42990112703761 ] } },
{ "type": "Feature", "properties": { "name": "bus_LV_52-15_0_5_node_65", "Landuse Category": "Residential areas (one and two-family houses)" }, "geometry": { "type": "Point", "coordinates": [ 8.643449794490905, 47.430269728741877 ] } },
{ "type": "Feature", "properties": { "name": "bus_LV_52-15_0_5_node_192", "Landuse Category": "Semi-natural grassland, in general" }, "geometry": { "type": "Point", "coordinates": [ 8.641723118799664, 47.430359972116186 ] } },
{ "type": "Feature", "properties": { "name": "bus_LV_52-15_0_5_node_62", "Landuse Category": "Semi-natural grassland, in general" }, "geometry": { "type": "Point", "coordinates": [ 8.641726908471608, 47.430247810151911 ] } },
{ "type": "Feature", "properties": { "name": "bus_LV_52-15_0_5_node_198", "Landuse Category": "Residential areas (blocks of flats)" }, "geometry": { "type": "Point", "coordinates": [ 8.642150008472141, 47.429823310151711 ] } },
{ "type": "Feature", "properties": { "name": "bus_LV_52-15_0_5_node_189", "Landuse Category": "Residential areas (blocks of flats)" }, "geometry": { "type": "Point", "coordinates": [ 8.641870908471923, 47.429711810151723 ] } },
{ "type": "Feature", "properties": { "name": "bus_LV_52-15_0_5_node_187", "Landuse Category": "Semi-natural grassland, in general" }, "geometry": { "type": "Point", "coordinates": [ 8.641690817853744, 47.430178160895167 ] } },
{ "type": "Feature", "properties": { "name": "bus_LV_52-15_0_5_node_151", "Landuse Category": "Residential areas (blocks of flats)" }, "geometry": { "type": "Point", "coordinates": [ 8.642329206185726, 47.43127908384438 ] } },
{ "type": "Feature", "properties": { "name": "bus_LV_52-15_0_5_node_186", "Landuse Category": "Semi-natural grassland, in general" }, "geometry": { "type": "Point", "coordinates": [ 8.641581208471379, 47.430499310152051 ] } },
{ "type": "Feature", "properties": { "name": "bus_LV_52-15_0_5_node_98", "Landuse Category": "Residential areas (blocks of flats)" }, "geometry": { "type": "Point", "coordinates": [ 8.643573908473501, 47.429870410151288 ] } },
{ "type": "Feature", "properties": { "name": "bus_LV_52-15_0_5_node_66", "Landuse Category": "Residential areas (one and two-family houses)" }, "geometry": { "type": "Point", "coordinates": [ 8.643685682844257, 47.430402902007913 ] } },
{ "type": "Feature", "properties": { "name": "bus_LV_52-15_0_5_node_222", "Landuse Category": "Residential areas (blocks of flats)" }, "geometry": { "type": "Point", "coordinates": [ 8.642249308472291, 47.429692610151605 ] } },
{ "type": "Feature", "properties": { "name": "bus_LV_52-15_0_5_node_191", "Landuse Category": "Residential areas (blocks of flats)" }, "geometry": { "type": "Point", "coordinates": [ 8.641852144069279, 47.429601201321397 ] } },
{ "type": "Feature", "properties": { "name": "bus_LV_52-15_0_5_node_188", "Landuse Category": "Residential areas (blocks of flats)" }, "geometry": { "type": "Point", "coordinates": [ 8.641840108471873, 47.429742910151738 ] } },
{ "type": "Feature", "properties": { "name": "bus_LV_52-15_0_5_node_190", "Landuse Category": "Semi-natural grassland, in general" }, "geometry": { "type": "Point", "coordinates": [ 8.641531408471343, 47.430477710152047 ] } },
{ "type": "Feature", "properties": { "name": "bus_LV_52-15_0_5_node_185", "Landuse Category": "Residential areas (one and two-family houses)" }, "geometry": { "type": "Point", "coordinates": [ 8.64142856765746, 47.430554035592849 ] } },
{ "type": "Feature", "properties": { "name": "bus_LV_52-15_0_5_node_153", "Landuse Category": "Residential areas (one and two-family houses)" }, "geometry": { "type": "Point", "coordinates": [ 8.641501908471175, 47.430939210152246 ] } },
{ "type": "Feature", "properties": { "name": "bus_LV_52-15_0_5_node_155", "Landuse Category": "Residential areas (one and two-family houses)" }, "geometry": { "type": "Point", "coordinates": [ 8.641490468241411, 47.430932406057821 ] } },
{ "type": "Feature", "properties": { "name": "bus_LV_52-15_0_5_node_152", "Landuse Category": "Residential areas (blocks of flats)" }, "geometry": { "type": "Point", "coordinates": [ 8.642406708471915, 47.431313110152068 ] } },
{ "type": "Feature", "properties": { "name": "bus_LV_52-15_0_5_node_181", "Landuse Category": "Residential areas (one and two-family houses)" }, "geometry": { "type": "Point", "coordinates": [ 8.641392894832579, 47.430634770034366 ] } },
{ "type": "Feature", "properties": { "name": "bus_LV_52-15_0_5_node_67", "Landuse Category": "Residential areas (one and two-family houses)" }, "geometry": { "type": "Point", "coordinates": [ 8.643688708473443, 47.430404610151413 ] } },
{ "type": "Feature", "properties": { "name": "bus_LV_52-15_0_5_node_68", "Landuse Category": "Arable land, in general" }, "geometry": { "type": "Point", "coordinates": [ 8.643398008092241, 47.432814474363383 ] } },
{ "type": "Feature", "properties": { "name": "bus_LV_52-15_0_5_node_69", "Landuse Category": "Arable land, in general" }, "geometry": { "type": "Point", "coordinates": [ 8.643263808472208, 47.432996810152332 ] } },
{ "type": "Feature", "properties": { "name": "bus_LV_52-15_0_5_node_70", "Landuse Category": "Residential areas (blocks of flats)" }, "geometry": { "type": "Point", "coordinates": [ 8.643521408472568, 47.432646810152136 ] } },
{ "type": "Feature", "properties": { "name": "bus_LV_52-15_0_5_node_71", "Landuse Category": "Arable land, in general" }, "geometry": { "type": "Point", "coordinates": [ 8.643200709812438, 47.433212106678596 ] } },
{ "type": "Feature", "properties": { "name": "bus_LV_52-15_0_5_node_74", "Landuse Category": "Residential areas (blocks of flats)" }, "geometry": { "type": "Point", "coordinates": [ 8.643223208472309, 47.432547610152213 ] } },
{ "type": "Feature", "properties": { "name": "bus_LV_52-15_0_5_node_72", "Landuse Category": "Residential areas (blocks of flats)" }, "geometry": { "type": "Point", "coordinates": [ 8.643112508472161, 47.432705710152284 ] } },
{ "type": "Feature", "properties": { "name": "bus_LV_52-15_0_5_node_87", "Landuse Category": "Residential areas (blocks of flats)" }, "geometry": { "type": "Point", "coordinates": [ 8.643025289467063, 47.432664542911375 ] } },
{ "type": "Feature", "properties": { "name": "bus_LV_52-15_0_5_node_73", "Landuse Category": "Roads" }, "geometry": { "type": "Point", "coordinates": [ 8.642217608471439, 47.432262710152422 ] } },
{ "type": "Feature", "properties": { "name": "bus_LV_52-15_0_5_node_82", "Landuse Category": "Roads" }, "geometry": { "type": "Point", "coordinates": [ 8.642566937754005, 47.43199256905843 ] } },
{ "type": "Feature", "properties": { "name": "bus_LV_52-15_0_5_node_162", "Landuse Category": "Roads" }, "geometry": { "type": "Point", "coordinates": [ 8.641737804458577, 47.432164282981951 ] } },
{ "type": "Feature", "properties": { "name": "bus_LV_52-15_0_5_node_76", "Landuse Category": "Residential areas (blocks of flats)" }, "geometry": { "type": "Point", "coordinates": [ 8.643275656047521, 47.432388677719068 ] } },
{ "type": "Feature", "properties": { "name": "bus_LV_52-15_0_5_node_83", "Landuse Category": "Residential areas (blocks of flats)" }, "geometry": { "type": "Point", "coordinates": [ 8.642900425829307, 47.432424226001096 ] } },
{ "type": "Feature", "properties": { "name": "bus_LV_52-15_0_5_node_164", "Landuse Category": "Agricultural buildings and surroundings" }, "geometry": { "type": "Point", "coordinates": [ 8.641448308470553, 47.432731510152784 ] } },
{ "type": "Feature", "properties": { "name": "bus_LV_52-15_0_5_node_251", "Landuse Category": "Agricultural buildings and surroundings" }, "geometry": { "type": "Point", "coordinates": [ 8.641022169245808, 47.432612532410793 ] } },
{ "type": "Feature", "properties": { "name": "bus_LV_52-15_0_5_node_173", "Landuse Category": "Agricultural buildings and surroundings" }, "geometry": { "type": "Point", "coordinates": [ 8.641175717364982, 47.432431652184206 ] } },
{ "type": "Feature", "properties": { "name": "bus_LV_52-15_0_5_node_79", "Landuse Category": "Roads" }, "geometry": { "type": "Point", "coordinates": [ 8.642647908471975, 47.431896910152147 ] } },
{ "type": "Feature", "properties": { "name": "bus_LV_52-15_0_5_node_163", "Landuse Category": "Roads" }, "geometry": { "type": "Point", "coordinates": [ 8.64170530847097, 47.432155310152538 ] } },
{ "type": "Feature", "properties": { "name": "bus_LV_52-15_0_5_node_78", "Landuse Category": "Roads" }, "geometry": { "type": "Point", "coordinates": [ 8.64279497296727, 47.432208914825303 ] } },
{ "type": "Feature", "properties": { "name": "bus_LV_52-15_0_5_node_80", "Landuse Category": "Roads" }, "geometry": { "type": "Point", "coordinates": [ 8.642857708472034, 47.43234201015224 ] } },
{ "type": "Feature", "properties": { "name": "bus_LV_52-15_0_5_node_81", "Landuse Category": "Residential areas (blocks of flats)" }, "geometry": { "type": "Point", "coordinates": [ 8.64289420847231, 47.431605510152011 ] } },
{ "type": "Feature", "properties": { "name": "bus_LV_52-15_0_5_node_85", "Landuse Category": "Residential areas (blocks of flats)" }, "geometry": { "type": "Point", "coordinates": [ 8.643028858521832, 47.431878547353023 ] } },
{ "type": "Feature", "properties": { "name": "bus_LV_52-15_0_5_node_86", "Landuse Category": "Residential areas (blocks of flats)" }, "geometry": { "type": "Point", "coordinates": [ 8.642968908472394, 47.431521710151941 ] } },
{ "type": "Feature", "properties": { "name": "bus_LV_52-15_0_5_node_90", "Landuse Category": "Residential areas (blocks of flats)" }, "geometry": { "type": "Point", "coordinates": [ 8.643055062185894, 47.431931681595557 ] } },
{ "type": "Feature", "properties": { "name": "bus_LV_52-15_0_5_node_133", "Landuse Category": "Residential areas (blocks of flats)" }, "geometry": { "type": "Point", "coordinates": [ 8.642747416848371, 47.431427402185406 ] } },
{ "type": "Feature", "properties": { "name": "bus_LV_52-15_0_5_node_94", "Landuse Category": "Residential areas (blocks of flats)" }, "geometry": { "type": "Point", "coordinates": [ 8.643814947392329, 47.429993575198303 ] } },
{ "type": "Feature", "properties": { "name": "bus_LV_52-15_0_5_node_95", "Landuse Category": "Residential areas (one and two-family houses)" }, "geometry": { "type": "Point", "coordinates": [ 8.644035639718894, 47.430106342684333 ] } },
{ "type": "Feature", "properties": { "name": "bus_LV_52-15_0_5_node_96", "Landuse Category": "Residential areas (blocks of flats)" }, "geometry": { "type": "Point", "coordinates": [ 8.643748955893159, 47.429959855248391 ] } },
{ "type": "Feature", "properties": { "name": "bus_LV_52-15_0_5_node_97", "Landuse Category": "Residential areas (one and two-family houses)" }, "geometry": { "type": "Point", "coordinates": [ 8.644028308473834, 47.430219610151248 ] } },
{ "type": "Feature", "properties": { "name": "bus_LV_52-15_0_5_node_100", "Landuse Category": "Residential areas (blocks of flats)" }, "geometry": { "type": "Point", "coordinates": [ 8.643777708473797, 47.429528810151133 ] } },
{ "type": "Feature", "properties": { "name": "bus_LV_52-15_0_5_node_210", "Landuse Category": "Residential areas (blocks of flats)" }, "geometry": { "type": "Point", "coordinates": [ 8.643843508473934, 47.429336910151036 ] } },
{ "type": "Feature", "properties": { "name": "bus_LV_52-15_0_5_node_207", "Landuse Category": "Residential areas (blocks of flats)" }, "geometry": { "type": "Point", "coordinates": [ 8.643475908473523, 47.4295242101512 ] } },
{ "type": "Feature", "properties": { "name": "bus_LV_52-15_0_5_node_212", "Landuse Category": "Residential areas (blocks of flats)" }, "geometry": { "type": "Point", "coordinates": [ 8.643932208536972, 47.429198548345418 ] } },
{ "type": "Feature", "properties": { "name": "bus_LV_52-15_0_5_node_213", "Landuse Category": "Residential areas (blocks of flats)" }, "geometry": { "type": "Point", "coordinates": [ 8.643660279380173, 47.429267906739028 ] } },
{ "type": "Feature", "properties": { "name": "bus_LV_52-15_0_5_node_208", "Landuse Category": "Residential areas (blocks of flats)" }, "geometry": { "type": "Point", "coordinates": [ 8.643281540193593, 47.429446002797448 ] } },
{ "type": "Feature", "properties": { "name": "bus_LV_52-15_0_5_node_135", "Landuse Category": "Residential areas (terraced houses)" }, "geometry": { "type": "Point", "coordinates": [ 8.644149719773763, 47.429532653028225 ] } },
{ "type": "Feature", "properties": { "name": "bus_LV_52-15_0_5_node_137", "Landuse Category": "Residential areas (terraced houses)" }, "geometry": { "type": "Point", "coordinates": [ 8.644158461518554, 47.429466844069957 ] } },
{ "type": "Feature", "properties": { "name": "bus_LV_52-15_0_5_node_109", "Landuse Category": "Residential areas (blocks of flats)" }, "geometry": { "type": "Point", "coordinates": [ 8.644774401414704, 47.430429533886205 ] } },
{ "type": "Feature", "properties": { "name": "bus_LV_52-15_0_5_node_130", "Landuse Category": "Residential areas (blocks of flats)" }, "geometry": { "type": "Point", "coordinates": [ 8.644351808474076, 47.430417910151213 ] } },
{ "type": "Feature", "properties": { "name": "bus_LV_52-15_0_5_node_128", "Landuse Category": "Residential areas (blocks of flats)" }, "geometry": { "type": "Point", "coordinates": [ 8.644328293497303, 47.430436704159064 ] } },
{ "type": "Feature", "properties": { "name": "bus_LV_52-15_0_5_node_110", "Landuse Category": "Residential areas (terraced houses)" }, "geometry": { "type": "Point", "coordinates": [ 8.644810975077041, 47.429313151651762 ] } },
{ "type": "Feature", "properties": { "name": "bus_LV_52-15_0_5_node_112", "Landuse Category": "Residential areas (terraced houses)" }, "geometry": { "type": "Point", "coordinates": [ 8.644696908474796, 47.429192110150758 ] } },
{ "type": "Feature", "properties": { "name": "bus_LV_52-15_0_5_node_114", "Landuse Category": "Semi-natural grassland, in general" }, "geometry": { "type": "Point", "coordinates": [ 8.639676629666207, 47.433026567264243 ] } },
{ "type": "Feature", "properties": { "name": "bus_LV_52-15_0_5_node_115", "Landuse Category": "Semi-natural grassland, in general" }, "geometry": { "type": "Point", "coordinates": [ 8.639337708468226, 47.433642310153701 ] } },
{ "type": "Feature", "properties": { "name": "bus_LV_52-15_0_5_node_116", "Landuse Category": "Semi-natural grassland, in general" }, "geometry": { "type": "Point", "coordinates": [ 8.639789708468921, 47.432875310153314 ] } },
{ "type": "Feature", "properties": { "name": "bus_LV_52-15_0_5_node_117", "Landuse Category": "Semi-natural grassland, in general" }, "geometry": { "type": "Point", "coordinates": [ 8.639280508468181, 47.433625510153718 ] } },
{ "type": "Feature", "properties": { "name": "bus_LV_52-15_0_5_node_118", "Landuse Category": "Roads" }, "geometry": { "type": "Point", "coordinates": [ 8.640872182405229, 47.4341227598754 ] } },
{ "type": "Feature", "properties": { "name": "bus_LV_52-15_0_5_node_119", "Landuse Category": "Agricultural buildings and surroundings" }, "geometry": { "type": "Point", "coordinates": [ 8.63990366142494, 47.432682394216371 ] } },
{ "type": "Feature", "properties": { "name": "bus_LV_52-15_0_5_node_120", "Landuse Category": "Semi-natural grassland, in general" }, "geometry": { "type": "Point", "coordinates": [ 8.639721708468855, 47.432862110153373 ] } },
{ "type": "Feature", "properties": { "name": "bus_LV_52-15_0_5_node_122", "Landuse Category": "Residential areas (one and two-family houses)" }, "geometry": { "type": "Point", "coordinates": [ 8.638905542682783, 47.434259831889065 ] } },
{ "type": "Feature", "properties": { "name": "bus_LV_52-15_0_5_node_123", "Landuse Category": "Roads" }, "geometry": { "type": "Point", "coordinates": [ 8.641227333171377, 47.434233954802032 ] } },
{ "type": "Feature", "properties": { "name": "bus_LV_52-15_0_5_node_125", "Landuse Category": "Semi-natural grassland, in general" }, "geometry": { "type": "Point", "coordinates": [ 8.639230477357843, 47.432916760978145 ] } },
{ "type": "Feature", "properties": { "name": "bus_LV_52-15_0_5_node_126", "Landuse Category": "Agricultural buildings and surroundings" }, "geometry": { "type": "Point", "coordinates": [ 8.639807430645149, 47.432721336203308 ] } },
{ "type": "Feature", "properties": { "name": "bus_LV_52-15_0_5_node_234", "Landuse Category": "Residential areas (one and two-family houses)" }, "geometry": { "type": "Point", "coordinates": [ 8.638892026654275, 47.434282527510646 ] } },
{ "type": "Feature", "properties": { "name": "bus_LV_52-15_0_5_node_232", "Landuse Category": "Roads" }, "geometry": { "type": "Point", "coordinates": [ 8.6412564219278, 47.434243062195016 ] } },
{ "type": "Feature", "properties": { "name": "bus_LV_52-15_0_5_node_124", "Landuse Category": "Agricultural buildings and surroundings" }, "geometry": { "type": "Point", "coordinates": [ 8.640201708469528, 47.432177810152972 ] } },
{ "type": "Feature", "properties": { "name": "bus_LV_52-15_0_5_node_166", "Landuse Category": "Agricultural buildings and surroundings" }, "geometry": { "type": "Point", "coordinates": [ 8.640436908469738, 47.432231910152936 ] } },
{ "type": "Feature", "properties": { "name": "bus_LV_52-15_0_5_node_167", "Landuse Category": "Agricultural buildings and surroundings" }, "geometry": { "type": "Point", "coordinates": [ 8.640135508469477, 47.432161610153045 ] } },
{ "type": "Feature", "properties": { "name": "bus_LV_52-15_0_5_node_174", "Landuse Category": "Agricultural buildings and surroundings" }, "geometry": { "type": "Point", "coordinates": [ 8.639963487772517, 47.432459363128984 ] } },
{ "type": "Feature", "properties": { "name": "bus_LV_52-15_0_5_node_233", "Landuse Category": "Roads" }, "geometry": { "type": "Point", "coordinates": [ 8.641539641566428, 47.434326808456909 ] } },
{ "type": "Feature", "properties": { "name": "bus_LV_52-15_0_5_node_172", "Landuse Category": "Agricultural buildings and surroundings" }, "geometry": { "type": "Point", "coordinates": [ 8.640811593912172, 47.432553739162152 ] } },
{ "type": "Feature", "properties": { "name": "bus_LV_52-15_0_5_node_175", "Landuse Category": "Agricultural buildings and surroundings" }, "geometry": { "type": "Point", "coordinates": [ 8.640139809135077, 47.432151692054802 ] } },
{ "type": "Feature", "properties": { "name": "bus_LV_52-15_0_5_node_168", "Landuse Category": "Agricultural buildings and surroundings" }, "geometry": { "type": "Point", "coordinates": [ 8.640201808469586, 47.432008710152935 ] } },
{ "type": "Feature", "properties": { "name": "bus_LV_52-15_0_5_node_169", "Landuse Category": "Agricultural buildings and surroundings" }, "geometry": { "type": "Point", "coordinates": [ 8.640214308469597, 47.431980510152918 ] } },
{ "type": "Feature", "properties": { "name": "bus_LV_52-15_0_5_node_171", "Landuse Category": "Semi-natural grassland, in general" }, "geometry": { "type": "Point", "coordinates": [ 8.640346508469904, 47.431407110152698 ] } },
{ "type": "Feature", "properties": { "name": "bus_LV_52-15_0_5_node_226", "Landuse Category": "Public parks" }, "geometry": { "type": "Point", "coordinates": [ 8.640011638050316, 47.431904354523397 ] } },
{ "type": "Feature", "properties": { "name": "bus_LV_52-15_0_5_node_170", "Landuse Category": "Semi-natural grassland, in general" }, "geometry": { "type": "Point", "coordinates": [ 8.640375008469908, 47.431500210152727 ] } },
{ "type": "Feature", "properties": { "name": "bus_LV_52-15_0_5_node_223", "Landuse Category": "Semi-natural grassland, in general" }, "geometry": { "type": "Point", "coordinates": [ 8.640436803715493, 47.431345898157474 ] } },
{ "type": "Feature", "properties": { "name": "bus_LV_52-15_0_5_node_224", "Landuse Category": "Public parks" }, "geometry": { "type": "Point", "coordinates": [ 8.640097146211652, 47.431326467210752 ] } },
{ "type": "Feature", "properties": { "name": "bus_LV_52-15_0_5_node_219", "Landuse Category": "Semi-natural grassland, in general" }, "geometry": { "type": "Point", "coordinates": [ 8.640431830155647, 47.431237171379898 ] } },
{ "type": "Feature", "properties": { "name": "bus_LV_52-15_0_5_node_154", "Landuse Category": "Residential areas (blocks of flats)" }, "geometry": { "type": "Point", "coordinates": [ 8.642174769366218, 47.431591612479259 ] } },
{ "type": "Feature", "properties": { "name": "bus_LV_52-15_0_5_node_246", "Landuse Category": "Residential areas (terraced houses)" }, "geometry": { "type": "Point", "coordinates": [ 8.644175945101631, 47.429335224955274 ] } },
{ "type": "Feature", "properties": { "name": "bus_LV_52-15_0_5_node_249", "Landuse Category": "Residential areas (terraced houses)" }, "geometry": { "type": "Point", "coordinates": [ 8.644503932617063, 47.429356101957261 ] } },
{ "type": "Feature", "properties": { "name": "bus_LV_52-15_0_5_node_244", "Landuse Category": "Residential areas (terraced houses)" }, "geometry": { "type": "Point", "coordinates": [ 8.644184684099903, 47.429269436179077 ] } },
{ "type": "Feature", "properties": { "name": "bus_LV_52-15_0_5_node_248", "Landuse Category": "Residential areas (terraced houses)" }, "geometry": { "type": "Point", "coordinates": [ 8.644513408474603, 47.429224110150805 ] } },
{ "type": "Feature", "properties": { "name": "bus_LV_52-15_0_5_node_144", "Landuse Category": "Roads" }, "geometry": { "type": "Point", "coordinates": [ 8.645838696825335, 47.4290405718885 ] } },
{ "type": "Feature", "properties": { "name": "bus_LV_52-15_0_5_node_149", "Landuse Category": "Roads" }, "geometry": { "type": "Point", "coordinates": [ 8.645903081254128, 47.429422850889004 ] } },
{ "type": "Feature", "properties": { "name": "bus_LV_52-15_0_5_node_150", "Landuse Category": "Roads" }, "geometry": { "type": "Point", "coordinates": [ 8.64602704752793, 47.429300908776092 ] } },
{ "type": "Feature", "properties": { "name": "bus_LV_52-15_0_5_node_158", "Landuse Category": "Roads" }, "geometry": { "type": "Point", "coordinates": [ 8.645791138375836, 47.429569414386876 ] } },
{ "type": "Feature", "properties": { "name": "bus_LV_52-15_0_5_node_161", "Landuse Category": "Roads" }, "geometry": { "type": "Point", "coordinates": [ 8.646236365366331, 47.429119627914268 ] } },
{ "type": "Feature", "properties": { "name": "bus_LV_52-15_0_5_node_159", "Landuse Category": "Industrial and commercial areas < 1 ha" }, "geometry": { "type": "Point", "coordinates": [ 8.645371645857207, 47.429021776759519 ] } },
{ "type": "Feature", "properties": { "name": "bus_LV_52-15_0_5_node_177", "Landuse Category": "Residential areas (one and two-family houses)" }, "geometry": { "type": "Point", "coordinates": [ 8.641326007524912, 47.430834682394597 ] } },
{ "type": "Feature", "properties": { "name": "bus_LV_52-15_0_5_node_156", "Landuse Category": "Roads" }, "geometry": { "type": "Point", "coordinates": [ 8.641873639984707, 47.431953190380042 ] } },
{ "type": "Feature", "properties": { "name": "bus_LV_52-15_0_5_node_178", "Landuse Category": "Residential areas (one and two-family houses)" }, "geometry": { "type": "Point", "coordinates": [ 8.641136608470882, 47.43075861015226 ] } },
{ "type": "Feature", "properties": { "name": "bus_LV_52-15_0_5_node_252", "Landuse Category": "Agricultural buildings and surroundings" }, "geometry": { "type": "Point", "coordinates": [ 8.641007155257316, 47.432608340478339 ] } },
{ "type": "Feature", "properties": { "name": "bus_LV_52-15_0_5_node_227", "Landuse Category": "Public parks" }, "geometry": { "type": "Point", "coordinates": [ 8.639751682037605, 47.431806672362448 ] } },
{ "type": "Feature", "properties": { "name": "bus_LV_52-15_0_5_node_225", "Landuse Category": "Public parks" }, "geometry": { "type": "Point", "coordinates": [ 8.63982399626353, 47.431213625548523 ] } },
{ "type": "Feature", "properties": { "name": "bus_LV_52-15_0_5_node_205", "Landuse Category": "Semi-natural grassland, in general" }, "geometry": { "type": "Point", "coordinates": [ 8.640528208470196, 47.43109751015259 ] } },
{ "type": "Feature", "properties": { "name": "bus_LV_52-15_0_5_node_203", "Landuse Category": "Residential areas (blocks of flats)" }, "geometry": { "type": "Point", "coordinates": [ 8.642395373172823, 47.429511141950293 ] } },
{ "type": "Feature", "properties": { "name": "bus_LV_52-15_0_5_node_180", "Landuse Category": "Residential areas (one and two-family houses)" }, "geometry": { "type": "Point", "coordinates": [ 8.641066808470814, 47.430745110152294 ] } },
{ "type": "Feature", "properties": { "name": "bus_LV_52-15_0_5_node_179", "Landuse Category": "Residential areas (one and two-family houses)" }, "geometry": { "type": "Point", "coordinates": [ 8.640791608470483, 47.430928310152403 ] } },
{ "type": "Feature", "properties": { "name": "bus_LV_52-15_0_5_node_182", "Landuse Category": "Residential areas (one and two-family houses)" }, "geometry": { "type": "Point", "coordinates": [ 8.640752108470457, 47.430902510152443 ] } },
{ "type": "Feature", "properties": { "name": "bus_LV_52-15_0_5_node_183", "Landuse Category": "Semi-natural grassland, in general" }, "geometry": { "type": "Point", "coordinates": [ 8.640614169575569, 47.431071093776843 ] } },
{ "type": "Feature", "properties": { "name": "bus_LV_52-15_0_5_node_184", "Landuse Category": "Residential areas (one and two-family houses)" }, "geometry": { "type": "Point", "coordinates": [ 8.640912696958726, 47.430659889591631 ] } },
{ "type": "Feature", "properties": { "name": "bus_LV_52-15_0_5_node_206", "Landuse Category": "Residential areas (one and two-family houses)" }, "geometry": { "type": "Point", "coordinates": [ 8.640625418114567, 47.430832323982379 ] } },
{ "type": "Feature", "properties": { "name": "bus_LV_52-15_0_5_node_204", "Landuse Category": "Residential areas (one and two-family houses)" }, "geometry": { "type": "Point", "coordinates": [ 8.64073295523912, 47.430559653083051 ] } },
{ "type": "Feature", "properties": { "name": "bus_LV_52-15_0_5_node_216", "Landuse Category": "Residential areas (one and two-family houses)" }, "geometry": { "type": "Point", "coordinates": [ 8.640313208470031, 47.430913410152549 ] } },
{ "type": "Feature", "properties": { "name": "bus_LV_52-15_0_5_node_215", "Landuse Category": "Residential areas (one and two-family houses)" }, "geometry": { "type": "Point", "coordinates": [ 8.640402108470187, 47.430708610152479 ] } },
{ "type": "Feature", "properties": { "name": "bus_LV_52-15_0_5_node_197", "Landuse Category": "Residential areas (blocks of flats)" }, "geometry": { "type": "Point", "coordinates": [ 8.641806381252039, 47.429502725653286 ] } },
{ "type": "Feature", "properties": { "name": "bus_LV_52-15_0_5_node_199", "Landuse Category": "Residential areas (blocks of flats)" }, "geometry": { "type": "Point", "coordinates": [ 8.641747778779717, 47.429373178378604 ] } },
{ "type": "Feature", "properties": { "name": "bus_LV_52-15_0_5_node_218", "Landuse Category": "Semi-natural grassland, in general" }, "geometry": { "type": "Point", "coordinates": [ 8.640071987711483, 47.430844798405147 ] } },
{ "type": "Feature", "properties": { "name": "bus_LV_52-15_0_5_node_214", "Landuse Category": "Residential areas (one and two-family houses)" }, "geometry": { "type": "Point", "coordinates": [ 8.640336792175216, 47.430859080248716 ] } },
{ "type": "Feature", "properties": { "name": "bus_LV_52-15_0_5_node_209", "Landuse Category": "Residential areas (blocks of flats)" }, "geometry": { "type": "Point", "coordinates": [ 8.643278407483434, 47.429444742294159 ] } },
{ "type": "Feature", "properties": { "name": "bus_LV_52-15_0_5_node_211", "Landuse Category": "Residential areas (blocks of flats)" }, "geometry": { "type": "Point", "coordinates": [ 8.643079008473192, 47.429364510151281 ] } },
{ "type": "Feature", "properties": { "name": "bus_LV_52-15_0_5_node_220", "Landuse Category": "Residential areas (blocks of flats)" }, "geometry": { "type": "Point", "coordinates": [ 8.643036875471683, 47.42941349238356 ] } },
{ "type": "Feature", "properties": { "name": "bus_LV_52-15_0_5_node_221", "Landuse Category": "Residential areas (blocks of flats)" }, "geometry": { "type": "Point", "coordinates": [ 8.64317558250411, 47.429252254008539 ] } },
{ "type": "Feature", "properties": { "name": "bus_LV_52-15_0_5_node_242", "Landuse Category": "Roads" }, "geometry": { "type": "Point", "coordinates": [ 8.643964010723687, 47.429148940431091 ] } },
{ "type": "Feature", "properties": { "name": "bus_LV_52-15_0_5_node_240", "Landuse Category": "Roads" }, "geometry": { "type": "Point", "coordinates": [ 8.64354810117055, 47.429116121567901 ] } },
{ "type": "Feature", "properties": { "name": "bus_LV_52-15_0_5_node_243", "Landuse Category": "Residential areas (terraced houses)" }, "geometry": { "type": "Point", "coordinates": [ 8.644193308474298, 47.429204510150896 ] } },
{ "type": "Feature", "properties": { "name": "bus_LV_52-15_0_5_node_241", "Landuse Category": "Roads" }, "geometry": { "type": "Point", "coordinates": [ 8.64356790847374, 47.429085310151038 ] } },
{ "type": "Feature", "properties": { "name": "bus_LV_52-15_0_5_node_230", "Landuse Category": "Public parks" }, "geometry": { "type": "Point", "coordinates": [ 8.639736647792851, 47.431177540563944 ] } },
{ "type": "Feature", "properties": { "name": "bus_LV_52-15_0_5_node_231", "Landuse Category": "Public parks" }, "geometry": { "type": "Point", "coordinates": [ 8.63948782881012, 47.431073912992687 ] } },
{ "type": "Feature", "properties": { "name": "bus_LV_52-15_0_5_node_228", "Landuse Category": "Public parks" }, "geometry": { "type": "Point", "coordinates": [ 8.639443129225281, 47.431690728035825 ] } },
{ "type": "Feature", "properties": { "name": "bus_LV_52-15_0_5_node_229", "Landuse Category": "Public parks" }, "geometry": { "type": "Point", "coordinates": [ 8.639284208468824, 47.43163101015309 ] } },
{ "type": "Feature", "properties": { "name": "bus_LV_52-15_0_5_node_236", "Landuse Category": "Farm pastures, in general" }, "geometry": { "type": "Point", "coordinates": [ 8.641722008470285, 47.434375710153184 ] } },
{ "type": "Feature", "properties": { "name": "bus_LV_52-15_0_5_node_237", "Landuse Category": "Farm pastures, in general" }, "geometry": { "type": "Point", "coordinates": [ 8.642391941647334, 47.434493724530853 ] } },
{ "type": "Feature", "properties": { "name": "bus_LV_52-15_0_5_node_238", "Landuse Category": "Forest" }, "geometry": { "type": "Point", "coordinates": [ 8.642980608471435, 47.434603810152936 ] } },
{ "type": "Feature", "properties": { "name": "bus_LV_52-15_0_5_node_239", "Landuse Category": "Horticulture" }, "geometry": { "type": "Point", "coordinates": [ 8.642514820526799, 47.435025043814903 ] } },
{ "type": "Feature", "properties": { "name": "bus_LV_52-15_0_5_node_245", "Landuse Category": "Residential areas (terraced houses)" }, "geometry": { "type": "Point", "coordinates": [ 8.644338812902863, 47.429213419624638 ] } },
{ "type": "Feature", "properties": { "name": "bus_LV_52-15_0_5_node_247", "Landuse Category": "Residential areas (terraced houses)" }, "geometry": { "type": "Point", "coordinates": [ 8.64438787119979, 47.429216423502311 ] } },
{ "type": "Feature", "properties": { "name": "bus_LV_52-15_0_5_node_250", "Landuse Category": "Industrial and commercial areas < 1 ha" }, "geometry": { "type": "Point", "coordinates": [ 8.644498508474628, 47.429102610150764 ] } },
{ "type": "Feature", "properties": { "name": "bus_LV_54-12_0_4_node_0", "Landuse Category": "Roads" }, "geometry": { "type": "Point", "coordinates": [ 8.618963421725599, 47.41634808195289 ] } },
{ "type": "Feature", "properties": { "name": "bus_LV_54-12_0_4_node_1", "Landuse Category": "Roads" }, "geometry": { "type": "Point", "coordinates": [ 8.618829011058446, 47.416452279167579 ] } },
{ "type": "Feature", "properties": { "name": "bus_LV_54-12_0_4_node_2", "Landuse Category": "Roads" }, "geometry": { "type": "Point", "coordinates": [ 8.619109408454261, 47.416234910154138 ] } },
{ "type": "Feature", "properties": { "name": "bus_LV_54-12_0_4_node_3", "Landuse Category": "Residential areas (blocks of flats)" }, "geometry": { "type": "Point", "coordinates": [ 8.618502694841052, 47.416705242151259 ] } },
{ "type": "Feature", "properties": { "name": "bus_LV_54-12_0_4_node_4", "Landuse Category": "Roads" }, "geometry": { "type": "Point", "coordinates": [ 8.619268702137012, 47.416353126066369 ] } },
{ "type": "Feature", "properties": { "name": "bus_LV_54-12_0_4_node_12", "Landuse Category": "Residential areas (blocks of flats)" }, "geometry": { "type": "Point", "coordinates": [ 8.6184728084535, 47.416728410154505 ] } },
{ "type": "Feature", "properties": { "name": "bus_LV_54-12_0_4_node_15", "Landuse Category": "Roads" }, "geometry": { "type": "Point", "coordinates": [ 8.619595215131724, 47.416595437360613 ] } },
{ "type": "Feature", "properties": { "name": "bus_LV_54-12_0_4_node_14", "Landuse Category": "Roads" }, "geometry": { "type": "Point", "coordinates": [ 8.618570144484551, 47.416839186100447 ] } },
{ "type": "Feature", "properties": { "name": "bus_LV_54-12_0_4_node_10", "Landuse Category": "Roads" }, "geometry": { "type": "Point", "coordinates": [ 8.618295191877449, 47.416875068383241 ] } },
{ "type": "Feature", "properties": { "name": "bus_LV_54-12_0_4_node_16", "Landuse Category": "Roads" }, "geometry": { "type": "Point", "coordinates": [ 8.61960392610456, 47.416601901890509 ] } },
{ "type": "Feature", "properties": { "name": "bus_LV_54-12_0_4_node_5", "Landuse Category": "Residential areas (blocks of flats)" }, "geometry": { "type": "Point", "coordinates": [ 8.617756758937542, 47.416541689824797 ] } },
{ "type": "Feature", "properties": { "name": "bus_LV_54-12_0_4_node_6", "Landuse Category": "Residential areas (blocks of flats)" }, "geometry": { "type": "Point", "coordinates": [ 8.617971382826131, 47.416365797360399 ] } },
{ "type": "Feature", "properties": { "name": "bus_LV_54-12_0_4_node_7", "Landuse Category": "Residential areas (blocks of flats)" }, "geometry": { "type": "Point", "coordinates": [ 8.61758370845266, 47.416683510154769 ] } },
{ "type": "Feature", "properties": { "name": "bus_LV_54-12_0_4_node_8", "Landuse Category": "Residential areas (blocks of flats)" }, "geometry": { "type": "Point", "coordinates": [ 8.618359508453505, 47.416341010154426 ] } },
{ "type": "Feature", "properties": { "name": "bus_LV_54-12_0_4_node_9", "Landuse Category": "Roads" }, "geometry": { "type": "Point", "coordinates": [ 8.617907708452799, 47.417195010154828 ] } },
{ "type": "Feature", "properties": { "name": "bus_LV_54-12_0_4_node_13", "Landuse Category": "Roads" }, "geometry": { "type": "Point", "coordinates": [ 8.617932450713685, 47.417174580834988 ] } },
{ "type": "Feature", "properties": { "name": "bus_LV_54-12_0_4_node_36", "Landuse Category": "Roads" }, "geometry": { "type": "Point", "coordinates": [ 8.617695108452509, 47.417470310154997 ] } },
{ "type": "Feature", "properties": { "name": "bus_LV_54-12_0_4_node_11", "Landuse Category": "Roads" }, "geometry": { "type": "Point", "coordinates": [ 8.618045185013427, 47.41708149751949 ] } },
{ "type": "Feature", "properties": { "name": "bus_LV_54-12_0_4_node_35", "Landuse Category": "Roads" }, "geometry": { "type": "Point", "coordinates": [ 8.617835018662216, 47.417724399435087 ] } },
{ "type": "Feature", "properties": { "name": "bus_LV_54-12_0_4_node_37", "Landuse Category": "Roads" }, "geometry": { "type": "Point", "coordinates": [ 8.618016708452618, 47.418086010155072 ] } },
{ "type": "Feature", "properties": { "name": "bus_LV_54-12_0_4_node_27", "Landuse Category": "Roads" }, "geometry": { "type": "Point", "coordinates": [ 8.618663444818987, 47.416945368597339 ] } },
{ "type": "Feature", "properties": { "name": "bus_LV_54-12_0_4_node_25", "Landuse Category": "Roads" }, "geometry": { "type": "Point", "coordinates": [ 8.618674232966296, 47.416957646253145 ] } },
{ "type": "Feature", "properties": { "name": "bus_LV_54-12_0_4_node_34", "Landuse Category": "Roads" }, "geometry": { "type": "Point", "coordinates": [ 8.619616641562333, 47.41661133819845 ] } },
{ "type": "Feature", "properties": { "name": "bus_LV_54-12_0_4_node_41", "Landuse Category": "Roads" }, "geometry": { "type": "Point", "coordinates": [ 8.61974380845472, 47.416705710154112 ] } },
{ "type": "Feature", "properties": { "name": "bus_LV_54-12_0_4_node_17", "Landuse Category": "Residential areas (one and two-family houses)" }, "geometry": { "type": "Point", "coordinates": [ 8.619140257595575, 47.418130357474077 ] } },
{ "type": "Feature", "properties": { "name": "bus_LV_54-12_0_4_node_18", "Landuse Category": "Residential areas (one and two-family houses)" }, "geometry": { "type": "Point", "coordinates": [ 8.619073966320965, 47.418181340743196 ] } },
{ "type": "Feature", "properties": { "name": "bus_LV_54-12_0_4_node_19", "Landuse Category": "Residential areas (one and two-family houses)" }, "geometry": { "type": "Point", "coordinates": [ 8.619237535215884, 47.418055542990331 ] } },
{ "type": "Feature", "properties": { "name": "bus_LV_54-12_0_4_node_21", "Landuse Category": "Residential areas (one and two-family houses)" }, "geometry": { "type": "Point", "coordinates": [ 8.619465708454094, 47.417880110154606 ] } },
{ "type": "Feature", "properties": { "name": "bus_LV_54-12_0_4_node_32", "Landuse Category": "Residential areas (blocks of flats)" }, "geometry": { "type": "Point", "coordinates": [ 8.619313052962431, 47.417697203430535 ] } },
{ "type": "Feature", "properties": { "name": "bus_LV_54-12_0_4_node_38", "Landuse Category": "Roads" }, "geometry": { "type": "Point", "coordinates": [ 8.618101508452723, 47.418065210155035 ] } },
{ "type": "Feature", "properties": { "name": "bus_LV_54-12_0_4_node_43", "Landuse Category": "Residential areas (blocks of flats)" }, "geometry": { "type": "Point", "coordinates": [ 8.619226800146121, 47.41759385752988 ] } },
{ "type": "Feature", "properties": { "name": "bus_LV_54-12_0_4_node_33", "Landuse Category": "Residential areas (blocks of flats)" }, "geometry": { "type": "Point", "coordinates": [ 8.619842716915722, 47.417588021503946 ] } },
{ "type": "Feature", "properties": { "name": "bus_LV_54-12_0_4_node_49", "Landuse Category": "Residential areas (blocks of flats)" }, "geometry": { "type": "Point", "coordinates": [ 8.620039849751599, 47.417435290358938 ] } },
{ "type": "Feature", "properties": { "name": "bus_LV_54-12_0_4_node_22", "Landuse Category": "Residential areas (blocks of flats)" }, "geometry": { "type": "Point", "coordinates": [ 8.61889364505876, 47.417207350891125 ] } },
{ "type": "Feature", "properties": { "name": "bus_LV_54-12_0_4_node_23", "Landuse Category": "Residential areas (blocks of flats)" }, "geometry": { "type": "Point", "coordinates": [ 8.618807057676587, 47.417108809384985 ] } },
{ "type": "Feature", "properties": { "name": "bus_LV_54-12_0_4_node_24", "Landuse Category": "Residential areas (blocks of flats)" }, "geometry": { "type": "Point", "coordinates": [ 8.618958302493429, 47.417280934551769 ] } },
{ "type": "Feature", "properties": { "name": "bus_LV_54-12_0_4_node_26", "Landuse Category": "Residential areas (blocks of flats)" }, "geometry": { "type": "Point", "coordinates": [ 8.619049382527537, 47.417384588151293 ] } },
{ "type": "Feature", "properties": { "name": "bus_LV_54-12_0_4_node_42", "Landuse Category": "Residential areas (blocks of flats)" }, "geometry": { "type": "Point", "coordinates": [ 8.619104408453872, 47.417447210154535 ] } },
{ "type": "Feature", "properties": { "name": "bus_LV_54-12_0_4_node_28", "Landuse Category": "Residential areas (terraced houses)" }, "geometry": { "type": "Point", "coordinates": [ 8.6202945792355, 47.416270618943507 ] } },
{ "type": "Feature", "properties": { "name": "bus_LV_54-12_0_4_node_29", "Landuse Category": "Residential areas (terraced houses)" }, "geometry": { "type": "Point", "coordinates": [ 8.620295888116324, 47.416269545868936 ] } },
{ "type": "Feature", "properties": { "name": "bus_LV_54-12_0_4_node_30", "Landuse Category": "Residential areas (terraced houses)" }, "geometry": { "type": "Point", "coordinates": [ 8.620154899123996, 47.416385134130472 ] } },
{ "type": "Feature", "properties": { "name": "bus_LV_54-12_0_4_node_31", "Landuse Category": "Residential areas (terraced houses)" }, "geometry": { "type": "Point", "coordinates": [ 8.620117992668872, 47.416415391366378 ] } },
{ "type": "Feature", "properties": { "name": "bus_LV_54-12_0_4_node_39", "Landuse Category": "Residential areas (terraced houses)" }, "geometry": { "type": "Point", "coordinates": [ 8.620096512474742, 47.416433001578653 ] } },
{ "type": "Feature", "properties": { "name": "bus_LV_54-12_0_4_node_40", "Landuse Category": "Roads" }, "geometry": { "type": "Point", "coordinates": [ 8.619893978327433, 47.416593964015412 ] } },
{ "type": "Feature", "properties": { "name": "bus_LV_54-12_0_4_node_48", "Landuse Category": "Residential areas (blocks of flats)" }, "geometry": { "type": "Point", "coordinates": [ 8.620346108455148, 47.41719801015411 ] } },
{ "type": "Feature", "properties": { "name": "bus_LV_54-12_0_4_node_46", "Landuse Category": "Roads" }, "geometry": { "type": "Point", "coordinates": [ 8.619824544320078, 47.416769452768797 ] } },
{ "type": "Feature", "properties": { "name": "bus_LV_54-12_0_4_node_44", "Landuse Category": "Residential areas (blocks of flats)" }, "geometry": { "type": "Point", "coordinates": [ 8.620020147365407, 47.416923884495631 ] } },
{ "type": "Feature", "properties": { "name": "bus_LV_54-12_0_4_node_45", "Landuse Category": "Residential areas (blocks of flats)" }, "geometry": { "type": "Point", "coordinates": [ 8.620102971159289, 47.416989274830861 ] } },
{ "type": "Feature", "properties": { "name": "bus_LV_54-12_0_4_node_47", "Landuse Category": "Residential areas (blocks of flats)" }, "geometry": { "type": "Point", "coordinates": [ 8.620220073636409, 47.417081728201815 ] } },
{ "type": "Feature", "properties": { "name": "bus_LV_54-12_0_4_node_50", "Landuse Category": "Residential areas (blocks of flats)" }, "geometry": { "type": "Point", "coordinates": [ 8.620574508455318, 47.417370710154088 ] } },
{ "type": "Feature", "properties": { "name": "bus_LV_54-12_0_4_node_51", "Landuse Category": "Residential areas (blocks of flats)" }, "geometry": { "type": "Point", "coordinates": [ 8.620834847368419, 47.417174766981113 ] } },
{ "type": "Feature", "properties": { "name": "bus_LV_54-15_0_5_node_0", "Landuse Category": "Residential areas (one and two-family houses)" }, "geometry": { "type": "Point", "coordinates": [ 8.614491811313757, 47.423459767097214 ] } },
{ "type": "Feature", "properties": { "name": "bus_LV_54-15_0_5_node_1", "Landuse Category": "Residential areas (one and two-family houses)" }, "geometry": { "type": "Point", "coordinates": [ 8.614459034331036, 47.423490602721863 ] } },
{ "type": "Feature", "properties": { "name": "bus_LV_54-15_0_5_node_2", "Landuse Category": "Residential areas (one and two-family houses)" }, "geometry": { "type": "Point", "coordinates": [ 8.614587508447658, 47.423350810157721 ] } },
{ "type": "Feature", "properties": { "name": "bus_LV_54-15_0_5_node_3", "Landuse Category": "Residential areas (one and two-family houses)" }, "geometry": { "type": "Point", "coordinates": [ 8.614350866335629, 47.423550541181861 ] } },
{ "type": "Feature", "properties": { "name": "bus_LV_54-15_0_5_node_4", "Landuse Category": "Residential areas (one and two-family houses)" }, "geometry": { "type": "Point", "coordinates": [ 8.614269275542723, 47.423231284125833 ] } },
{ "type": "Feature", "properties": { "name": "bus_LV_54-15_0_5_node_5", "Landuse Category": "Residential areas (one and two-family houses)" }, "geometry": { "type": "Point", "coordinates": [ 8.614169747089013, 47.423606346369489 ] } },
{ "type": "Feature", "properties": { "name": "bus_LV_54-15_0_5_node_12", "Landuse Category": "Roads" }, "geometry": { "type": "Point", "coordinates": [ 8.614030608447189, 47.423141710157815 ] } },
{ "type": "Feature", "properties": { "name": "bus_LV_54-15_0_5_node_20", "Landuse Category": "Roads" }, "geometry": { "type": "Point", "coordinates": [ 8.614177708447423, 47.422881510157687 ] } },
{ "type": "Feature", "properties": { "name": "bus_LV_54-15_0_5_node_11", "Landuse Category": "Residential areas (one and two-family houses)" }, "geometry": { "type": "Point", "coordinates": [ 8.613696908446776, 47.423471610158025 ] } },
{ "type": "Feature", "properties": { "name": "bus_LV_54-15_0_5_node_6", "Landuse Category": "Residential areas (one and two-family houses)" }, "geometry": { "type": "Point", "coordinates": [ 8.613878158884567, 47.42389342884492 ] } },
{ "type": "Feature", "properties": { "name": "bus_LV_54-15_0_5_node_7", "Landuse Category": "Residential areas (one and two-family houses)" }, "geometry": { "type": "Point", "coordinates": [ 8.613897208446819, 47.423937510158083 ] } },
{ "type": "Feature", "properties": { "name": "bus_LV_54-15_0_5_node_8", "Landuse Category": "Residential areas (one and two-family houses)" }, "geometry": { "type": "Point", "coordinates": [ 8.613803908446794, 47.423721610158069 ] } },
{ "type": "Feature", "properties": { "name": "bus_LV_54-15_0_5_node_9", "Landuse Category": "Residential areas (one and two-family houses)" }, "geometry": { "type": "Point", "coordinates": [ 8.613559402711852, 47.424074982640107 ] } },
{ "type": "Feature", "properties": { "name": "bus_LV_54-15_0_5_node_10", "Landuse Category": "Residential areas (one and two-family houses)" }, "geometry": { "type": "Point", "coordinates": [ 8.613752850523149, 47.423602316251902 ] } },
{ "type": "Feature", "properties": { "name": "bus_LV_54-15_0_5_node_115", "Landuse Category": "Residential areas (blocks of flats)" }, "geometry": { "type": "Point", "coordinates": [ 8.613341708446205, 47.424159010158334 ] } },
{ "type": "Feature", "properties": { "name": "bus_LV_54-15_0_5_node_45", "Landuse Category": "Residential areas (blocks of flats)" }, "geometry": { "type": "Point", "coordinates": [ 8.612938608445837, 47.424121410158435 ] } },
{ "type": "Feature", "properties": { "name": "bus_LV_54-15_0_5_node_13", "Landuse Category": "Residential areas (one and two-family houses)" }, "geometry": { "type": "Point", "coordinates": [ 8.61364731285321, 47.423504288401439 ] } },
{ "type": "Feature", "properties": { "name": "bus_LV_54-15_0_5_node_16", "Landuse Category": "Roads" }, "geometry": { "type": "Point", "coordinates": [ 8.613555608446831, 47.422862610157907 ] } },
{ "type": "Feature", "properties": { "name": "bus_LV_54-15_0_5_node_18", "Landuse Category": "Residential areas (one and two-family houses)" }, "geometry": { "type": "Point", "coordinates": [ 8.613401508446698, 47.42276371015793 ] } },
{ "type": "Feature", "properties": { "name": "bus_LV_54-15_0_5_node_14", "Landuse Category": "Roads" }, "geometry": { "type": "Point", "coordinates": [ 8.613654141145267, 47.422730410287549 ] } },
{ "type": "Feature", "properties": { "name": "bus_LV_54-15_0_5_node_22", "Landuse Category": "Roads" }, "geometry": { "type": "Point", "coordinates": [ 8.614556109822313, 47.422885796860783 ] } },
{ "type": "Feature", "properties": { "name": "bus_LV_54-15_0_5_node_19", "Landuse Category": "Roads" }, "geometry": { "type": "Point", "coordinates": [ 8.614150497368781, 47.422619925114901 ] } },
{ "type": "Feature", "properties": { "name": "bus_LV_54-15_0_5_node_15", "Landuse Category": "Roads" }, "geometry": { "type": "Point", "coordinates": [ 8.613768886997992, 47.422590188138791 ] } },
{ "type": "Feature", "properties": { "name": "bus_LV_54-15_0_5_node_17", "Landuse Category": "Roads" }, "geometry": { "type": "Point", "coordinates": [ 8.61410290844746, 47.422521210157626 ] } },
{ "type": "Feature", "properties": { "name": "bus_LV_54-15_0_5_node_21", "Landuse Category": "Roads" }, "geometry": { "type": "Point", "coordinates": [ 8.614044813920483, 47.422424326373061 ] } },
{ "type": "Feature", "properties": { "name": "bus_LV_54-15_0_5_node_28", "Landuse Category": "Residential areas (one and two-family houses)" }, "geometry": { "type": "Point", "coordinates": [ 8.613261508446501, 47.423009210158035 ] } },
{ "type": "Feature", "properties": { "name": "bus_LV_54-15_0_5_node_26", "Landuse Category": "Residential areas (one and two-family houses)" }, "geometry": { "type": "Point", "coordinates": [ 8.61306564739788, 47.422573763481317 ] } },
{ "type": "Feature", "properties": { "name": "bus_LV_54-15_0_5_node_29", "Landuse Category": "Public buildings and surroundings" }, "geometry": { "type": "Point", "coordinates": [ 8.613941308447385, 47.422251710157589 ] } },
{ "type": "Feature", "properties": { "name": "bus_LV_54-15_0_5_node_24", "Landuse Category": "Residential areas (one and two-family houses)" }, "geometry": { "type": "Point", "coordinates": [ 8.613059320224735, 47.422570313476726 ] } },
{ "type": "Feature", "properties": { "name": "bus_LV_54-15_0_5_node_30", "Landuse Category": "Public buildings and surroundings" }, "geometry": { "type": "Point", "coordinates": [ 8.61366800844727, 47.421807510157514 ] } },
{ "type": "Feature", "properties": { "name": "bus_LV_54-15_0_5_node_23", "Landuse Category": "Residential areas (one and two-family houses)" }, "geometry": { "type": "Point", "coordinates": [ 8.612779542380894, 47.422440634972759 ] } },
{ "type": "Feature", "properties": { "name": "bus_LV_54-15_0_5_node_25", "Landuse Category": "Residential areas (one and two-family houses)" }, "geometry": { "type": "Point", "coordinates": [ 8.612631365554401, 47.422380385944166 ] } },
{ "type": "Feature", "properties": { "name": "bus_LV_54-15_0_5_node_27", "Landuse Category": "Residential areas (one and two-family houses)" }, "geometry": { "type": "Point", "coordinates": [ 8.612544608446003, 47.422345110158034 ] } },
{ "type": "Feature", "properties": { "name": "bus_LV_54-15_0_5_node_149", "Landuse Category": "Residential areas (one and two-family houses)" }, "geometry": { "type": "Point", "coordinates": [ 8.612322308445821, 47.422269710158027 ] } },
{ "type": "Feature", "properties": { "name": "bus_LV_54-15_0_5_node_151", "Landuse Category": "Cemeteries" }, "geometry": { "type": "Point", "coordinates": [ 8.611937698321311, 47.422132627007883 ] } },
{ "type": "Feature", "properties": { "name": "bus_LV_54-15_0_5_node_147", "Landuse Category": "Residential areas (one and two-family houses)" }, "geometry": { "type": "Point", "coordinates": [ 8.611997685217965, 47.422565473970636 ] } },
{ "type": "Feature", "properties": { "name": "bus_LV_54-15_0_5_node_31", "Landuse Category": "Residential areas (one and two-family houses)" }, "geometry": { "type": "Point", "coordinates": [ 8.613404352944318, 47.421878739831534 ] } },
{ "type": "Feature", "properties": { "name": "bus_LV_54-15_0_5_node_32", "Landuse Category": "Residential areas (one and two-family houses)" }, "geometry": { "type": "Point", "coordinates": [ 8.613296008446881, 47.421908010157622 ] } },
{ "type": "Feature", "properties": { "name": "bus_LV_54-15_0_5_node_33", "Landuse Category": "Residential areas (one and two-family houses)" }, "geometry": { "type": "Point", "coordinates": [ 8.612957821554895, 47.421637304194725 ] } },
{ "type": "Feature", "properties": { "name": "bus_LV_54-15_0_5_node_34", "Landuse Category": "Residential areas (one and two-family houses)" }, "geometry": { "type": "Point", "coordinates": [ 8.613020544264961, 47.42198679594722 ] } },
{ "type": "Feature", "properties": { "name": "bus_LV_54-15_0_5_node_196", "Landuse Category": "Residential areas (one and two-family houses)" }, "geometry": { "type": "Point", "coordinates": [ 8.612355336277055, 47.421290980758556 ] } },
{ "type": "Feature", "properties": { "name": "bus_LV_54-15_0_5_node_35", "Landuse Category": "Residential areas (one and two-family houses)" }, "geometry": { "type": "Point", "coordinates": [ 8.613017895155117, 47.421987553617484 ] } },
{ "type": "Feature", "properties": { "name": "bus_LV_54-15_0_5_node_197", "Landuse Category": "Arable land, in general" }, "geometry": { "type": "Point", "coordinates": [ 8.612083308445888, 47.421329910157837 ] } },
{ "type": "Feature", "properties": { "name": "bus_LV_54-15_0_5_node_36", "Landuse Category": "Residential areas (one and two-family houses)" }, "geometry": { "type": "Point", "coordinates": [ 8.611565223819744, 47.424002470088567 ] } },
{ "type": "Feature", "properties": { "name": "bus_LV_54-15_0_5_node_37", "Landuse Category": "Residential areas (one and two-family houses)" }, "geometry": { "type": "Point", "coordinates": [ 8.611656383451859, 47.423801047553617 ] } },
{ "type": "Feature", "properties": { "name": "bus_LV_54-15_0_5_node_38", "Landuse Category": "Residential areas (blocks of flats)" }, "geometry": { "type": "Point", "coordinates": [ 8.611368371001106, 47.424171600820536 ] } },
{ "type": "Feature", "properties": { "name": "bus_LV_54-15_0_5_node_40", "Landuse Category": "Residential areas (blocks of flats)" }, "geometry": { "type": "Point", "coordinates": [ 8.611324223812742, 47.424162930630899 ] } },
{ "type": "Feature", "properties": { "name": "bus_LV_54-15_0_5_node_39", "Landuse Category": "Residential areas (one and two-family houses)" }, "geometry": { "type": "Point", "coordinates": [ 8.611409750186345, 47.423630985250277 ] } },
{ "type": "Feature", "properties": { "name": "bus_LV_54-15_0_5_node_63", "Landuse Category": "Residential areas (one and two-family houses)" }, "geometry": { "type": "Point", "coordinates": [ 8.611220608444345, 47.423597710158774 ] } },
{ "type": "Feature", "properties": { "name": "bus_LV_54-15_0_5_node_62", "Landuse Category": "Residential areas (one and two-family houses)" }, "geometry": { "type": "Point", "coordinates": [ 8.610996208443975, 47.424098510159027 ] } },
{ "type": "Feature", "properties": { "name": "bus_LV_54-15_0_5_node_80", "Landuse Category": "Residential areas (one and two-family houses)" }, "geometry": { "type": "Point", "coordinates": [ 8.611248527139061, 47.423529978580831 ] } },
{ "type": "Feature", "properties": { "name": "bus_LV_54-15_0_5_node_61", "Landuse Category": "Residential areas (one and two-family houses)" }, "geometry": { "type": "Point", "coordinates": [ 8.611039308444132, 47.42371651015884 ] } },
{ "type": "Feature", "properties": { "name": "bus_LV_54-15_0_5_node_65", "Landuse Category": "Residential areas (blocks of flats)" }, "geometry": { "type": "Point", "coordinates": [ 8.610901031035263, 47.424318679859404 ] } },
{ "type": "Feature", "properties": { "name": "bus_LV_54-15_0_5_node_60", "Landuse Category": "Residential areas (one and two-family houses)" }, "geometry": { "type": "Point", "coordinates": [ 8.611080037911904, 47.423841281313308 ] } },
{ "type": "Feature", "properties": { "name": "bus_LV_54-15_0_5_node_41", "Landuse Category": "Residential areas (blocks of flats)" }, "geometry": { "type": "Point", "coordinates": [ 8.612181964674271, 47.424219485950019 ] } },
{ "type": "Feature", "properties": { "name": "bus_LV_54-15_0_5_node_42", "Landuse Category": "Residential areas (blocks of flats)" }, "geometry": { "type": "Point", "coordinates": [ 8.611921777887366, 47.424480327463229 ] } },
{ "type": "Feature", "properties": { "name": "bus_LV_54-15_0_5_node_43", "Landuse Category": "Residential areas (blocks of flats)" }, "geometry": { "type": "Point", "coordinates": [ 8.611875908444675, 47.424550610158903 ] } },
{ "type": "Feature", "properties": { "name": "bus_LV_54-15_0_5_node_67", "Landuse Category": "Residential areas (blocks of flats)" }, "geometry": { "type": "Point", "coordinates": [ 8.611780308444532, 47.424701310158959 ] } },
{ "type": "Feature", "properties": { "name": "bus_LV_54-15_0_5_node_68", "Landuse Category": "Residential areas (blocks of flats)" }, "geometry": { "type": "Point", "coordinates": [ 8.612352665772136, 47.424869109771329 ] } },
{ "type": "Feature", "properties": { "name": "bus_LV_54-15_0_5_node_123", "Landuse Category": "Residential areas (blocks of flats)" }, "geometry": { "type": "Point", "coordinates": [ 8.61126440844407, 47.424609710159082 ] } },
{ "type": "Feature", "properties": { "name": "bus_LV_54-15_0_5_node_101", "Landuse Category": "Residential areas (one and two-family houses)" }, "geometry": { "type": "Point", "coordinates": [ 8.611703685756986, 47.425075024531168 ] } },
{ "type": "Feature", "properties": { "name": "bus_LV_54-15_0_5_node_119", "Landuse Category": "Residential areas (blocks of flats)" }, "geometry": { "type": "Point", "coordinates": [ 8.612426708445067, 47.424958710158847 ] } },
{ "type": "Feature", "properties": { "name": "bus_LV_54-15_0_5_node_44", "Landuse Category": "Residential areas (blocks of flats)" }, "geometry": { "type": "Point", "coordinates": [ 8.612760808445735, 47.423893910158448 ] } },
{ "type": "Feature", "properties": { "name": "bus_LV_54-15_0_5_node_46", "Landuse Category": "Residential areas (blocks of flats)" }, "geometry": { "type": "Point", "coordinates": [ 8.61296865662039, 47.423817263485141 ] } },
{ "type": "Feature", "properties": { "name": "bus_LV_54-15_0_5_node_116", "Landuse Category": "Residential areas (blocks of flats)" }, "geometry": { "type": "Point", "coordinates": [ 8.613022849000954, 47.424220325228539 ] } },
{ "type": "Feature", "properties": { "name": "bus_LV_54-15_0_5_node_47", "Landuse Category": "Roads" }, "geometry": { "type": "Point", "coordinates": [ 8.608976455151771, 47.423913177568494 ] } },
{ "type": "Feature", "properties": { "name": "bus_LV_54-15_0_5_node_48", "Landuse Category": "Roads" }, "geometry": { "type": "Point", "coordinates": [ 8.609190208442309, 47.423865110159504 ] } },
{ "type": "Feature", "properties": { "name": "bus_LV_54-15_0_5_node_49", "Landuse Category": "Roads" }, "geometry": { "type": "Point", "coordinates": [ 8.608875808441978, 47.423935810159591 ] } },
{ "type": "Feature", "properties": { "name": "bus_LV_54-15_0_5_node_50", "Landuse Category": "Roads" }, "geometry": { "type": "Point", "coordinates": [ 8.60903640844222, 47.423619210159444 ] } },
{ "type": "Feature", "properties": { "name": "bus_LV_54-15_0_5_node_51", "Landuse Category": "Roads" }, "geometry": { "type": "Point", "coordinates": [ 8.609390132269429, 47.423817823621974 ] } },
{ "type": "Feature", "properties": { "name": "bus_LV_54-15_0_5_node_78", "Landuse Category": "Residential areas (one and two-family houses)" }, "geometry": { "type": "Point", "coordinates": [ 8.609600008442797, 47.423509510159271 ] } },
{ "type": "Feature", "properties": { "name": "bus_LV_54-15_0_5_node_66", "Landuse Category": "Residential areas (one and two-family houses)" }, "geometry": { "type": "Point", "coordinates": [ 8.609553808442669, 47.423779110159359 ] } },
{ "type": "Feature", "properties": { "name": "bus_LV_54-15_0_5_node_77", "Landuse Category": "Residential areas (one and two-family houses)" }, "geometry": { "type": "Point", "coordinates": [ 8.61010880611002, 47.423509188104738 ] } },
{ "type": "Feature", "properties": { "name": "bus_LV_54-15_0_5_node_87", "Landuse Category": "Roads" }, "geometry": { "type": "Point", "coordinates": [ 8.608377427707785, 47.423810129242419 ] } },
{ "type": "Feature", "properties": { "name": "bus_LV_54-15_0_5_node_85", "Landuse Category": "Residential areas (one and two-family houses)" }, "geometry": { "type": "Point", "coordinates": [ 8.608162108441311, 47.423872510159747 ] } },
{ "type": "Feature", "properties": { "name": "bus_LV_54-15_0_5_node_52", "Landuse Category": "Residential areas (one and two-family houses)" }, "geometry": { "type": "Point", "coordinates": [ 8.609773194877546, 47.42404157655362 ] } },
{ "type": "Feature", "properties": { "name": "bus_LV_54-15_0_5_node_53", "Landuse Category": "Roads" }, "geometry": { "type": "Point", "coordinates": [ 8.609443391164254, 47.42406734560528 ] } },
{ "type": "Feature", "properties": { "name": "bus_LV_54-15_0_5_node_54", "Landuse Category": "Residential areas (one and two-family houses)" }, "geometry": { "type": "Point", "coordinates": [ 8.60986770936567, 47.42424172568537 ] } },
{ "type": "Feature", "properties": { "name": "bus_LV_54-15_0_5_node_55", "Landuse Category": "Residential areas (one and two-family houses)" }, "geometry": { "type": "Point", "coordinates": [ 8.609855608442777, 47.424395810159474 ] } },
{ "type": "Feature", "properties": { "name": "bus_LV_54-15_0_5_node_179", "Landuse Category": "Residential areas (one and two-family houses)" }, "geometry": { "type": "Point", "coordinates": [ 8.609978708442819, 47.424629710159437 ] } },
{ "type": "Feature", "properties": { "name": "bus_LV_54-15_0_5_node_82", "Landuse Category": "Residential areas (one and two-family houses)" }, "geometry": { "type": "Point", "coordinates": [ 8.609519695781978, 47.424385886745213 ] } },
{ "type": "Feature", "properties": { "name": "bus_LV_54-15_0_5_node_181", "Landuse Category": "Residential areas (one and two-family houses)" }, "geometry": { "type": "Point", "coordinates": [ 8.609962908442803, 47.424627510159461 ] } },
{ "type": "Feature", "properties": { "name": "bus_LV_54-15_0_5_node_188", "Landuse Category": "Residential areas (one and two-family houses)" }, "geometry": { "type": "Point", "coordinates": [ 8.61010221538492, 47.424647969021947 ] } },
{ "type": "Feature", "properties": { "name": "bus_LV_54-15_0_5_node_56", "Landuse Category": "Residential areas (one and two-family houses)" }, "geometry": { "type": "Point", "coordinates": [ 8.608867708441872, 47.424234610159687 ] } },
{ "type": "Feature", "properties": { "name": "bus_LV_54-15_0_5_node_57", "Landuse Category": "Residential areas (one and two-family houses)" }, "geometry": { "type": "Point", "coordinates": [ 8.608893946070909, 47.424323646287121 ] } },
{ "type": "Feature", "properties": { "name": "bus_LV_54-15_0_5_node_58", "Landuse Category": "Residential areas (one and two-family houses)" }, "geometry": { "type": "Point", "coordinates": [ 8.609021508442043, 47.424145910159588 ] } },
{ "type": "Feature", "properties": { "name": "bus_LV_54-15_0_5_node_59", "Landuse Category": "Residential areas (one and two-family houses)" }, "geometry": { "type": "Point", "coordinates": [ 8.608934808441871, 47.424462310159747 ] } },
{ "type": "Feature", "properties": { "name": "bus_LV_54-15_0_5_node_81", "Landuse Category": "Residential areas (one and two-family houses)" }, "geometry": { "type": "Point", "coordinates": [ 8.608750114760367, 47.424486443470656 ] } },
{ "type": "Feature", "properties": { "name": "bus_LV_54-15_0_5_node_72", "Landuse Category": "Residential areas (one and two-family houses)" }, "geometry": { "type": "Point", "coordinates": [ 8.608709047536035, 47.424491809545565 ] } },
{ "type": "Feature", "properties": { "name": "bus_LV_54-15_0_5_node_64", "Landuse Category": "Residential areas (one and two-family houses)" }, "geometry": { "type": "Point", "coordinates": [ 8.6106529084438, 47.423566210158938 ] } },
{ "type": "Feature", "properties": { "name": "bus_LV_54-15_0_5_node_79", "Landuse Category": "Residential areas (one and two-family houses)" }, "geometry": { "type": "Point", "coordinates": [ 8.610751325413796, 47.423476324994319 ] } },
{ "type": "Feature", "properties": { "name": "bus_LV_54-15_0_5_node_76", "Landuse Category": "Residential areas (one and two-family houses)" }, "geometry": { "type": "Point", "coordinates": [ 8.610587407600216, 47.423557454734002 ] } },
{ "type": "Feature", "properties": { "name": "bus_LV_54-15_0_5_node_134", "Landuse Category": "Residential areas (one and two-family houses)" }, "geometry": { "type": "Point", "coordinates": [ 8.610882257981194, 47.424362106510962 ] } },
{ "type": "Feature", "properties": { "name": "bus_LV_54-15_0_5_node_166", "Landuse Category": "Residential areas (one and two-family houses)" }, "geometry": { "type": "Point", "coordinates": [ 8.611329527726987, 47.423333467740107 ] } },
{ "type": "Feature", "properties": { "name": "bus_LV_54-15_0_5_node_145", "Landuse Category": "Residential areas (one and two-family houses)" }, "geometry": { "type": "Point", "coordinates": [ 8.610881808444127, 47.423237810158767 ] } },
{ "type": "Feature", "properties": { "name": "bus_LV_54-15_0_5_node_75", "Landuse Category": "Residential areas (one and two-family houses)" }, "geometry": { "type": "Point", "coordinates": [ 8.610109337391124, 47.423509194378333 ] } },
{ "type": "Feature", "properties": { "name": "bus_LV_54-15_0_5_node_133", "Landuse Category": "Residential areas (one and two-family houses)" }, "geometry": { "type": "Point", "coordinates": [ 8.610812008443652, 47.424524610159231 ] } },
{ "type": "Feature", "properties": { "name": "bus_LV_54-15_0_5_node_127", "Landuse Category": "Residential areas (one and two-family houses)" }, "geometry": { "type": "Point", "coordinates": [ 8.610818654635169, 47.424525860374914 ] } },
{ "type": "Feature", "properties": { "name": "bus_LV_54-15_0_5_node_124", "Landuse Category": "Residential areas (blocks of flats)" }, "geometry": { "type": "Point", "coordinates": [ 8.611190680530415, 47.424821993102142 ] } },
{ "type": "Feature", "properties": { "name": "bus_LV_54-15_0_5_node_100", "Landuse Category": "Residential areas (one and two-family houses)" }, "geometry": { "type": "Point", "coordinates": [ 8.61168283630826, 47.425323464952456 ] } },
{ "type": "Feature", "properties": { "name": "bus_LV_54-15_0_5_node_120", "Landuse Category": "Residential areas (blocks of flats)" }, "geometry": { "type": "Point", "coordinates": [ 8.612324608444931, 47.425086210158959 ] } },
{ "type": "Feature", "properties": { "name": "bus_LV_54-15_0_5_node_69", "Landuse Category": "Residential areas (one and two-family houses)" }, "geometry": { "type": "Point", "coordinates": [ 8.608314756402507, 47.424543329048106 ] } },
{ "type": "Feature", "properties": { "name": "bus_LV_54-15_0_5_node_70", "Landuse Category": "Residential areas (one and two-family houses)" }, "geometry": { "type": "Point", "coordinates": [ 8.608332833794988, 47.424540967022388 ] } },
{ "type": "Feature", "properties": { "name": "bus_LV_54-15_0_5_node_71", "Landuse Category": "Residential areas (one and two-family houses)" }, "geometry": { "type": "Point", "coordinates": [ 8.608040908440968, 47.424579110160046 ] } },
{ "type": "Feature", "properties": { "name": "bus_LV_54-15_0_5_node_73", "Landuse Category": "Residential areas (one and two-family houses)" }, "geometry": { "type": "Point", "coordinates": [ 8.60808593362801, 47.424867024625627 ] } },
{ "type": "Feature", "properties": { "name": "bus_LV_54-15_0_5_node_74", "Landuse Category": "Residential areas (one and two-family houses)" }, "geometry": { "type": "Point", "coordinates": [ 8.608009902838983, 47.424518319706181 ] } },
{ "type": "Feature", "properties": { "name": "bus_LV_54-15_0_5_node_131", "Landuse Category": "Arable land, in general" }, "geometry": { "type": "Point", "coordinates": [ 8.608124652475652, 47.425114610548739 ] } },
{ "type": "Feature", "properties": { "name": "bus_LV_54-15_0_5_node_86", "Landuse Category": "Residential areas (one and two-family houses)" }, "geometry": { "type": "Point", "coordinates": [ 8.607908808440932, 47.424320110159996 ] } },
{ "type": "Feature", "properties": { "name": "bus_LV_54-15_0_5_node_129", "Landuse Category": "Arable land, in general" }, "geometry": { "type": "Point", "coordinates": [ 8.608160705975134, 47.425345150921494 ] } },
{ "type": "Feature", "properties": { "name": "bus_LV_54-15_0_5_node_136", "Landuse Category": "Residential areas (one and two-family houses)" }, "geometry": { "type": "Point", "coordinates": [ 8.607650566623185, 47.424386512574479 ] } },
{ "type": "Feature", "properties": { "name": "bus_LV_54-15_0_5_node_84", "Landuse Category": "Residential areas (one and two-family houses)" }, "geometry": { "type": "Point", "coordinates": [ 8.607718608440848, 47.424000410159927 ] } },
{ "type": "Feature", "properties": { "name": "bus_LV_54-15_0_5_node_144", "Landuse Category": "Residential areas (one and two-family houses)" }, "geometry": { "type": "Point", "coordinates": [ 8.610958626053314, 47.423189667404749 ] } },
{ "type": "Feature", "properties": { "name": "bus_LV_54-15_0_5_node_164", "Landuse Category": "Residential areas (one and two-family houses)" }, "geometry": { "type": "Point", "coordinates": [ 8.611400558899414, 47.423167536148945 ] } },
{ "type": "Feature", "properties": { "name": "bus_LV_54-15_0_5_node_83", "Landuse Category": "Residential areas (one and two-family houses)" }, "geometry": { "type": "Point", "coordinates": [ 8.608105568817836, 47.423888815627926 ] } },
{ "type": "Feature", "properties": { "name": "bus_LV_54-15_0_5_node_88", "Landuse Category": "Residential areas (one and two-family houses)" }, "geometry": { "type": "Point", "coordinates": [ 8.60805518530821, 47.423704571428949 ] } },
{ "type": "Feature", "properties": { "name": "bus_LV_54-15_0_5_node_137", "Landuse Category": "Residential areas (one and two-family houses)" }, "geometry": { "type": "Point", "coordinates": [ 8.60794561870595, 47.423556912871909 ] } },
{ "type": "Feature", "properties": { "name": "bus_LV_54-15_0_5_node_89", "Landuse Category": "Residential areas (one and two-family houses)" }, "geometry": { "type": "Point", "coordinates": [ 8.609593063416233, 47.42501282878959 ] } },
{ "type": "Feature", "properties": { "name": "bus_LV_54-15_0_5_node_90", "Landuse Category": "Residential areas (one and two-family houses)" }, "geometry": { "type": "Point", "coordinates": [ 8.609671273003901, 47.425010218269371 ] } },
{ "type": "Feature", "properties": { "name": "bus_LV_54-15_0_5_node_91", "Landuse Category": "Residential areas (one and two-family houses)" }, "geometry": { "type": "Point", "coordinates": [ 8.609452808442194, 47.425017510159755 ] } },
{ "type": "Feature", "properties": { "name": "bus_LV_54-15_0_5_node_92", "Landuse Category": "Residential areas (one and two-family houses)" }, "geometry": { "type": "Point", "coordinates": [ 8.609821308442553, 47.425005210159668 ] } },
{ "type": "Feature", "properties": { "name": "bus_LV_54-15_0_5_node_94", "Landuse Category": "Residential areas (one and two-family houses)" }, "geometry": { "type": "Point", "coordinates": [ 8.609233136956028, 47.425004655568856 ] } },
{ "type": "Feature", "properties": { "name": "bus_LV_54-15_0_5_node_104", "Landuse Category": "Residential areas (one and two-family houses)" }, "geometry": { "type": "Point", "coordinates": [ 8.610036162492285, 47.425017961701663 ] } },
{ "type": "Feature", "properties": { "name": "bus_LV_54-15_0_5_node_105", "Landuse Category": "Residential areas (one and two-family houses)" }, "geometry": { "type": "Point", "coordinates": [ 8.609838608442629, 47.424814110159595 ] } },
{ "type": "Feature", "properties": { "name": "bus_LV_54-15_0_5_node_93", "Landuse Category": "Residential areas (one and two-family houses)" }, "geometry": { "type": "Point", "coordinates": [ 8.609316421057065, 47.425238432378826 ] } },
{ "type": "Feature", "properties": { "name": "bus_LV_54-15_0_5_node_111", "Landuse Category": "Residential areas (one and two-family houses)" }, "geometry": { "type": "Point", "coordinates": [ 8.609283501851079, 47.425240759116114 ] } },
{ "type": "Feature", "properties": { "name": "bus_LV_54-15_0_5_node_96", "Landuse Category": "Residential areas (one and two-family houses)" }, "geometry": { "type": "Point", "coordinates": [ 8.608862318882812, 47.425034733602487 ] } },
{ "type": "Feature", "properties": { "name": "bus_LV_54-15_0_5_node_114", "Landuse Category": "Arable land, in general" }, "geometry": { "type": "Point", "coordinates": [ 8.610190508442892, 47.425037710159529 ] } },
{ "type": "Feature", "properties": { "name": "bus_LV_54-15_0_5_node_182", "Landuse Category": "Residential areas (one and two-family houses)" }, "geometry": { "type": "Point", "coordinates": [ 8.6099234084427, 47.424807810159557 ] } },
{ "type": "Feature", "properties": { "name": "bus_LV_54-15_0_5_node_191", "Landuse Category": "Residential areas (one and two-family houses)" }, "geometry": { "type": "Point", "coordinates": [ 8.609697825602677, 47.424806051592242 ] } },
{ "type": "Feature", "properties": { "name": "bus_LV_54-15_0_5_node_98", "Landuse Category": "Residential areas (one and two-family houses)" }, "geometry": { "type": "Point", "coordinates": [ 8.60893129145089, 47.42526565283061 ] } },
{ "type": "Feature", "properties": { "name": "bus_LV_54-15_0_5_node_95", "Landuse Category": "Residential areas (one and two-family houses)" }, "geometry": { "type": "Point", "coordinates": [ 8.608698533468003, 47.425141339730999 ] } },
{ "type": "Feature", "properties": { "name": "bus_LV_54-15_0_5_node_97", "Landuse Category": "Residential areas (one and two-family houses)" }, "geometry": { "type": "Point", "coordinates": [ 8.608733808441407, 47.425279610160054 ] } },
{ "type": "Feature", "properties": { "name": "bus_LV_54-15_0_5_node_99", "Landuse Category": "Residential areas (one and two-family houses)" }, "geometry": { "type": "Point", "coordinates": [ 8.608774567082442, 47.425439429297853 ] } },
{ "type": "Feature", "properties": { "name": "bus_LV_54-15_0_5_node_132", "Landuse Category": "Residential areas (one and two-family houses)" }, "geometry": { "type": "Point", "coordinates": [ 8.608815808441339, 47.425779510160226 ] } },
{ "type": "Feature", "properties": { "name": "bus_LV_54-15_0_5_node_110", "Landuse Category": "Residential areas (one and two-family houses)" }, "geometry": { "type": "Point", "coordinates": [ 8.608929208441458, 47.425772510160144 ] } },
{ "type": "Feature", "properties": { "name": "bus_LV_54-15_0_5_node_130", "Landuse Category": "Arable land, in general" }, "geometry": { "type": "Point", "coordinates": [ 8.608240708440764, 47.425827010160361 ] } },
{ "type": "Feature", "properties": { "name": "bus_LV_54-15_0_5_node_102", "Landuse Category": "Residential areas (one and two-family houses)" }, "geometry": { "type": "Point", "coordinates": [ 8.611661526257514, 47.425550435539726 ] } },
{ "type": "Feature", "properties": { "name": "bus_LV_54-15_0_5_node_103", "Landuse Category": "Residential areas (one and two-family houses)" }, "geometry": { "type": "Point", "coordinates": [ 8.611636108444063, 47.425757910159362 ] } },
{ "type": "Feature", "properties": { "name": "bus_LV_54-15_0_5_node_118", "Landuse Category": "Residential areas (one and two-family houses)" }, "geometry": { "type": "Point", "coordinates": [ 8.611027088701846, 47.425755625097842 ] } },
{ "type": "Feature", "properties": { "name": "bus_LV_54-15_0_5_node_117", "Landuse Category": "Arable land, in general" }, "geometry": { "type": "Point", "coordinates": [ 8.610403806263543, 47.425039490370509 ] } },
{ "type": "Feature", "properties": { "name": "bus_LV_54-15_0_5_node_113", "Landuse Category": "Arable land, in general" }, "geometry": { "type": "Point", "coordinates": [ 8.610117408442754, 47.42528041015963 ] } },
{ "type": "Feature", "properties": { "name": "bus_LV_54-15_0_5_node_184", "Landuse Category": "Residential areas (one and two-family houses)" }, "geometry": { "type": "Point", "coordinates": [ 8.610044629610718, 47.424823982225597 ] } },
{ "type": "Feature", "properties": { "name": "bus_LV_54-15_0_5_node_180", "Landuse Category": "Residential areas (one and two-family houses)" }, "geometry": { "type": "Point", "coordinates": [ 8.609937196732993, 47.424744872864714 ] } },
{ "type": "Feature", "properties": { "name": "bus_LV_54-15_0_5_node_106", "Landuse Category": "Residential areas (one and two-family houses)" }, "geometry": { "type": "Point", "coordinates": [ 8.609428002565009, 47.425741198126161 ] } },
{ "type": "Feature", "properties": { "name": "bus_LV_54-15_0_5_node_107", "Landuse Category": "Arable land, in general" }, "geometry": { "type": "Point", "coordinates": [ 8.609685304741946, 47.425722466736794 ] } },
{ "type": "Feature", "properties": { "name": "bus_LV_54-15_0_5_node_108", "Landuse Category": "Residential areas (one and two-family houses)" }, "geometry": { "type": "Point", "coordinates": [ 8.609076552904874, 47.425766782428411 ] } },
{ "type": "Feature", "properties": { "name": "bus_LV_54-15_0_5_node_109", "Landuse Category": "Arable land, in general" }, "geometry": { "type": "Point", "coordinates": [ 8.609978462690767, 47.425701124361829 ] } },
{ "type": "Feature", "properties": { "name": "bus_LV_54-15_0_5_node_112", "Landuse Category": "Arable land, in general" }, "geometry": { "type": "Point", "coordinates": [ 8.610022610541083, 47.425326812658597 ] } },
{ "type": "Feature", "properties": { "name": "bus_LV_54-15_0_5_node_192", "Landuse Category": "Arable land, in general" }, "geometry": { "type": "Point", "coordinates": [ 8.610427378416043, 47.425042217306654 ] } },
{ "type": "Feature", "properties": { "name": "bus_LV_54-15_0_5_node_193", "Landuse Category": "Arable land, in general" }, "geometry": { "type": "Point", "coordinates": [ 8.610623130206561, 47.425064862586979 ] } },
{ "type": "Feature", "properties": { "name": "bus_LV_54-15_0_5_node_121", "Landuse Category": "Residential areas (blocks of flats)" }, "geometry": { "type": "Point", "coordinates": [ 8.612452984655125, 47.425425016746779 ] } },
{ "type": "Feature", "properties": { "name": "bus_LV_54-15_0_5_node_125", "Landuse Category": "Residential areas (blocks of flats)" }, "geometry": { "type": "Point", "coordinates": [ 8.611185355718916, 47.424837324631113 ] } },
{ "type": "Feature", "properties": { "name": "bus_LV_54-15_0_5_node_126", "Landuse Category": "Residential areas (one and two-family houses)" }, "geometry": { "type": "Point", "coordinates": [ 8.611091208443728, 47.425119010159307 ] } },
{ "type": "Feature", "properties": { "name": "bus_LV_54-15_0_5_node_135", "Landuse Category": "Arable land, in general" }, "geometry": { "type": "Point", "coordinates": [ 8.610861431634353, 47.425092429690501 ] } },
{ "type": "Feature", "properties": { "name": "bus_LV_54-15_0_5_node_195", "Landuse Category": "Arable land, in general" }, "geometry": { "type": "Point", "coordinates": [ 8.610840628440579, 47.425090023163335 ] } },
{ "type": "Feature", "properties": { "name": "bus_LV_54-15_0_5_node_128", "Landuse Category": "Arable land, in general" }, "geometry": { "type": "Point", "coordinates": [ 8.608202517169557, 47.425600838319134 ] } },
{ "type": "Feature", "properties": { "name": "bus_LV_54-15_0_5_node_194", "Landuse Category": "Arable land, in general" }, "geometry": { "type": "Point", "coordinates": [ 8.610644579945413, 47.425067343949571 ] } },
{ "type": "Feature", "properties": { "name": "bus_LV_54-15_0_5_node_138", "Landuse Category": "Semi-natural grassland, in general" }, "geometry": { "type": "Point", "coordinates": [ 8.610174498410275, 47.422340831226983 ] } },
{ "type": "Feature", "properties": { "name": "bus_LV_54-15_0_5_node_139", "Landuse Category": "Semi-natural grassland, in general" }, "geometry": { "type": "Point", "coordinates": [ 8.610252021772107, 47.422352176196469 ] } },
{ "type": "Feature", "properties": { "name": "bus_LV_54-15_0_5_node_141", "Landuse Category": "Semi-natural grassland, in general" }, "geometry": { "type": "Point", "coordinates": [ 8.610566676064298, 47.42239822293616 ] } },
{ "type": "Feature", "properties": { "name": "bus_LV_54-15_0_5_node_140", "Landuse Category": "Residential areas (one and two-family houses)" }, "geometry": { "type": "Point", "coordinates": [ 8.609597808443191, 47.422280010158836 ] } },
{ "type": "Feature", "properties": { "name": "bus_LV_54-15_0_5_node_142", "Landuse Category": "Semi-natural grassland, in general" }, "geometry": { "type": "Point", "coordinates": [ 8.609585555303672, 47.422334173058509 ] } },
{ "type": "Feature", "properties": { "name": "bus_LV_54-15_0_5_node_143", "Landuse Category": "Residential areas (one and two-family houses)" }, "geometry": { "type": "Point", "coordinates": [ 8.609651798086762, 47.422060115071517 ] } },
{ "type": "Feature", "properties": { "name": "bus_LV_54-15_0_5_node_159", "Landuse Category": "Semi-natural grassland, in general" }, "geometry": { "type": "Point", "coordinates": [ 8.610761247582184, 47.422429257979516 ] } },
{ "type": "Feature", "properties": { "name": "bus_LV_54-15_0_5_node_154", "Landuse Category": "Semi-natural grassland, in general" }, "geometry": { "type": "Point", "coordinates": [ 8.609557002371593, 47.422505679060706 ] } },
{ "type": "Feature", "properties": { "name": "bus_LV_54-15_0_5_node_172", "Landuse Category": "Residential areas (one and two-family houses)" }, "geometry": { "type": "Point", "coordinates": [ 8.609653065178277, 47.422054954296485 ] } },
{ "type": "Feature", "properties": { "name": "bus_LV_54-15_0_5_node_160", "Landuse Category": "Residential areas (one and two-family houses)" }, "geometry": { "type": "Point", "coordinates": [ 8.610924093632425, 47.422462647955733 ] } },
{ "type": "Feature", "properties": { "name": "bus_LV_54-15_0_5_node_153", "Landuse Category": "Semi-natural grassland, in general" }, "geometry": { "type": "Point", "coordinates": [ 8.609531806825938, 47.422657017658757 ] } },
{ "type": "Feature", "properties": { "name": "bus_LV_54-15_0_5_node_170", "Landuse Category": "Residential areas (one and two-family houses)" }, "geometry": { "type": "Point", "coordinates": [ 8.609706949395983, 47.421838943843127 ] } },
{ "type": "Feature", "properties": { "name": "bus_LV_54-15_0_5_node_146", "Landuse Category": "Residential areas (one and two-family houses)" }, "geometry": { "type": "Point", "coordinates": [ 8.61099110844426, 47.423169310158734 ] } },
{ "type": "Feature", "properties": { "name": "bus_LV_54-15_0_5_node_148", "Landuse Category": "Residential areas (one and two-family houses)" }, "geometry": { "type": "Point", "coordinates": [ 8.611904231229158, 47.422641923378912 ] } },
{ "type": "Feature", "properties": { "name": "bus_LV_54-15_0_5_node_150", "Landuse Category": "Residential areas (one and two-family houses)" }, "geometry": { "type": "Point", "coordinates": [ 8.611871608445263, 47.422668610158347 ] } },
{ "type": "Feature", "properties": { "name": "bus_LV_54-15_0_5_node_168", "Landuse Category": "Residential areas (one and two-family houses)" }, "geometry": { "type": "Point", "coordinates": [ 8.611558479883909, 47.422598124418897 ] } },
{ "type": "Feature", "properties": { "name": "bus_LV_54-15_0_5_node_167", "Landuse Category": "Residential areas (one and two-family houses)" }, "geometry": { "type": "Point", "coordinates": [ 8.611701223926534, 47.42281459512035 ] } },
{ "type": "Feature", "properties": { "name": "bus_LV_54-15_0_5_node_156", "Landuse Category": "Cemeteries" }, "geometry": { "type": "Point", "coordinates": [ 8.611571568983063, 47.421991329157834 ] } },
{ "type": "Feature", "properties": { "name": "bus_LV_54-15_0_5_node_161", "Landuse Category": "Residential areas (one and two-family houses)" }, "geometry": { "type": "Point", "coordinates": [ 8.611279509149709, 47.422535521457547 ] } },
{ "type": "Feature", "properties": { "name": "bus_LV_54-15_0_5_node_165", "Landuse Category": "Residential areas (one and two-family houses)" }, "geometry": { "type": "Point", "coordinates": [ 8.611578608444924, 47.422840310158456 ] } },
{ "type": "Feature", "properties": { "name": "bus_LV_54-15_0_5_node_155", "Landuse Category": "Cemeteries" }, "geometry": { "type": "Point", "coordinates": [ 8.611284762083759, 47.421867863494683 ] } },
{ "type": "Feature", "properties": { "name": "bus_LV_54-15_0_5_node_152", "Landuse Category": "Residential areas (one and two-family houses)" }, "geometry": { "type": "Point", "coordinates": [ 8.609512252282128, 47.422774472629712 ] } },
{ "type": "Feature", "properties": { "name": "bus_LV_54-15_0_5_node_157", "Landuse Category": "Cemeteries" }, "geometry": { "type": "Point", "coordinates": [ 8.610961844608346, 47.421723310092119 ] } },
{ "type": "Feature", "properties": { "name": "bus_LV_54-15_0_5_node_158", "Landuse Category": "Residential areas (one and two-family houses)" }, "geometry": { "type": "Point", "coordinates": [ 8.610691208444454, 47.421599910158292 ] } },
{ "type": "Feature", "properties": { "name": "bus_LV_54-15_0_5_node_177", "Landuse Category": "Residential areas (one and two-family houses)" }, "geometry": { "type": "Point", "coordinates": [ 8.610665108444454, 47.421532310158312 ] } },
{ "type": "Feature", "properties": { "name": "bus_LV_54-15_0_5_node_175", "Landuse Category": "Residential areas (one and two-family houses)" }, "geometry": { "type": "Point", "coordinates": [ 8.610597848256006, 47.42155775154351 ] } },
{ "type": "Feature", "properties": { "name": "bus_LV_54-15_0_5_node_174", "Landuse Category": "Residential areas (one and two-family houses)" }, "geometry": { "type": "Point", "coordinates": [ 8.610543419286703, 47.42153317301446 ] } },
{ "type": "Feature", "properties": { "name": "bus_LV_54-15_0_5_node_162", "Landuse Category": "Residential areas (one and two-family houses)" }, "geometry": { "type": "Point", "coordinates": [ 8.611409234549901, 47.423151900339029 ] } },
{ "type": "Feature", "properties": { "name": "bus_LV_54-15_0_5_node_163", "Landuse Category": "Residential areas (one and two-family houses)" }, "geometry": { "type": "Point", "coordinates": [ 8.611558267498459, 47.422878153036883 ] } },
{ "type": "Feature", "properties": { "name": "bus_LV_54-15_0_5_node_169", "Landuse Category": "Residential areas (one and two-family houses)" }, "geometry": { "type": "Point", "coordinates": [ 8.609725129365829, 47.421771849167001 ] } },
{ "type": "Feature", "properties": { "name": "bus_LV_54-15_0_5_node_171", "Landuse Category": "Residential areas (one and two-family houses)" }, "geometry": { "type": "Point", "coordinates": [ 8.609818038586404, 47.421525737289038 ] } },
{ "type": "Feature", "properties": { "name": "bus_LV_54-15_0_5_node_173", "Landuse Category": "Arable land, in general" }, "geometry": { "type": "Point", "coordinates": [ 8.610024208443917, 47.421298710158403 ] } },
{ "type": "Feature", "properties": { "name": "bus_LV_54-15_0_5_node_176", "Landuse Category": "Arable land, in general" }, "geometry": { "type": "Point", "coordinates": [ 8.610262825273823, 47.421406464202917 ] } },
{ "type": "Feature", "properties": { "name": "bus_LV_54-15_0_5_node_183", "Landuse Category": "Residential areas (one and two-family houses)" }, "geometry": { "type": "Point", "coordinates": [ 8.609844966835078, 47.42462524414784 ] } },
{ "type": "Feature", "properties": { "name": "bus_LV_54-15_0_5_node_189", "Landuse Category": "Residential areas (one and two-family houses)" }, "geometry": { "type": "Point", "coordinates": [ 8.610234967733833, 47.424667594533801 ] } },
{ "type": "Feature", "properties": { "name": "bus_LV_54-15_0_5_node_185", "Landuse Category": "Residential areas (one and two-family houses)" }, "geometry": { "type": "Point", "coordinates": [ 8.609703459339736, 47.424622525205805 ] } },
{ "type": "Feature", "properties": { "name": "bus_LV_54-15_0_5_node_187", "Landuse Category": "Residential areas (one and two-family houses)" }, "geometry": { "type": "Point", "coordinates": [ 8.610178247707731, 47.42484180800195 ] } },
{ "type": "Feature", "properties": { "name": "bus_LV_54-15_0_5_node_186", "Landuse Category": "Residential areas (one and two-family houses)" }, "geometry": { "type": "Point", "coordinates": [ 8.609619408442471, 47.424620910159561 ] } },
{ "type": "Feature", "properties": { "name": "bus_LV_54-15_0_5_node_190", "Landuse Category": "Residential areas (one and two-family houses)" }, "geometry": { "type": "Point", "coordinates": [ 8.610239808443056, 47.424668310159419 ] } },
{ "type": "Feature", "properties": { "name": "bus_LV_54-14_0_7_node_0", "Landuse Category": "Public buildings and surroundings" }, "geometry": { "type": "Point", "coordinates": [ 8.6167179477966, 47.425682957515498 ] } },
{ "type": "Feature", "properties": { "name": "bus_LV_54-14_0_7_node_1", "Landuse Category": "Agricultural buildings and surroundings" }, "geometry": { "type": "Point", "coordinates": [ 8.616733408448935, 47.425909710157939 ] } },
{ "type": "Feature", "properties": { "name": "bus_LV_54-14_0_7_node_2", "Landuse Category": "Public buildings and surroundings" }, "geometry": { "type": "Point", "coordinates": [ 8.616707908449023, 47.425494810157787 ] } },
{ "type": "Feature", "properties": { "name": "bus_LV_54-14_0_7_node_3", "Landuse Category": "Agricultural buildings and surroundings" }, "geometry": { "type": "Point", "coordinates": [ 8.617437147039887, 47.425972432661425 ] } },
{ "type": "Feature", "properties": { "name": "bus_LV_54-14_0_7_node_4", "Landuse Category": "Agricultural buildings and surroundings" }, "geometry": { "type": "Point", "coordinates": [ 8.616468792463747, 47.425930035797769 ] } },
{ "type": "Feature", "properties": { "name": "bus_LV_54-14_0_7_node_5", "Landuse Category": "Agricultural buildings and surroundings" }, "geometry": { "type": "Point", "coordinates": [ 8.616677451872894, 47.426147510893571 ] } },
{ "type": "Feature", "properties": { "name": "bus_LV_54-14_0_7_node_6", "Landuse Category": "Public buildings and surroundings" }, "geometry": { "type": "Point", "coordinates": [ 8.616660808449096, 47.425161410157699 ] } },
{ "type": "Feature", "properties": { "name": "bus_LV_54-14_0_7_node_7", "Landuse Category": "Public buildings and surroundings" }, "geometry": { "type": "Point", "coordinates": [ 8.616424615415571, 47.425457425505854 ] } },
{ "type": "Feature", "properties": { "name": "bus_LV_54-14_0_7_node_14", "Landuse Category": "Residential areas (one and two-family houses)" }, "geometry": { "type": "Point", "coordinates": [ 8.617651253707814, 47.426009970811002 ] } },
{ "type": "Feature", "properties": { "name": "bus_LV_54-14_0_7_node_67", "Landuse Category": "Agricultural buildings and surroundings" }, "geometry": { "type": "Point", "coordinates": [ 8.616271187515835, 47.425945213791252 ] } },
{ "type": "Feature", "properties": { "name": "bus_LV_54-14_0_7_node_64", "Landuse Category": "Agricultural buildings and surroundings" }, "geometry": { "type": "Point", "coordinates": [ 8.616652081351175, 47.426383013382861 ] } },
{ "type": "Feature", "properties": { "name": "bus_LV_54-14_0_7_node_19", "Landuse Category": "Public buildings and surroundings" }, "geometry": { "type": "Point", "coordinates": [ 8.616770946208582, 47.42514314560227 ] } },
{ "type": "Feature", "properties": { "name": "bus_LV_54-14_0_7_node_39", "Landuse Category": "Public buildings and surroundings" }, "geometry": { "type": "Point", "coordinates": [ 8.616395608448839, 47.425153810157781 ] } },
{ "type": "Feature", "properties": { "name": "bus_LV_54-14_0_7_node_60", "Landuse Category": "Public buildings and surroundings" }, "geometry": { "type": "Point", "coordinates": [ 8.616358907035776, 47.425448754218962 ] } },
{ "type": "Feature", "properties": { "name": "bus_LV_54-14_0_7_node_15", "Landuse Category": "Residential areas (one and two-family houses)" }, "geometry": { "type": "Point", "coordinates": [ 8.617727908449842, 47.426023410157661 ] } },
{ "type": "Feature", "properties": { "name": "bus_LV_54-14_0_7_node_18", "Landuse Category": "Public buildings and surroundings" }, "geometry": { "type": "Point", "coordinates": [ 8.617015488424078, 47.425095439761776 ] } },
{ "type": "Feature", "properties": { "name": "bus_LV_54-14_0_7_node_37", "Landuse Category": "Roads" }, "geometry": { "type": "Point", "coordinates": [ 8.616204508448648, 47.425164410157841 ] } },
{ "type": "Feature", "properties": { "name": "bus_LV_54-14_0_7_node_59", "Landuse Category": "Roads" }, "geometry": { "type": "Point", "coordinates": [ 8.616121033121512, 47.425417362559919 ] } },
{ "type": "Feature", "properties": { "name": "bus_LV_54-14_0_7_node_8", "Landuse Category": "Roads" }, "geometry": { "type": "Point", "coordinates": [ 8.618172281181939, 47.425335008034324 ] } },
{ "type": "Feature", "properties": { "name": "bus_LV_54-14_0_7_node_9", "Landuse Category": "Roads" }, "geometry": { "type": "Point", "coordinates": [ 8.618203148809961, 47.42542172985825 ] } },
{ "type": "Feature", "properties": { "name": "bus_LV_54-14_0_7_node_10", "Landuse Category": "Roads" }, "geometry": { "type": "Point", "coordinates": [ 8.618126508450491, 47.425206410157294 ] } },
{ "type": "Feature", "properties": { "name": "bus_LV_54-14_0_7_node_11", "Landuse Category": "Roads" }, "geometry": { "type": "Point", "coordinates": [ 8.618274646943856, 47.425657424074878 ] } },
{ "type": "Feature", "properties": { "name": "bus_LV_54-14_0_7_node_12", "Landuse Category": "Public buildings and surroundings" }, "geometry": { "type": "Point", "coordinates": [ 8.617939508450398, 47.424899510157253 ] } },
{ "type": "Feature", "properties": { "name": "bus_LV_54-14_0_7_node_45", "Landuse Category": "Roads" }, "geometry": { "type": "Point", "coordinates": [ 8.617651967513403, 47.424960453227207 ] } },
{ "type": "Feature", "properties": { "name": "bus_LV_54-14_0_7_node_21", "Landuse Category": "Public buildings and surroundings" }, "geometry": { "type": "Point", "coordinates": [ 8.617312525253707, 47.425032427569839 ] } },
{ "type": "Feature", "properties": { "name": "bus_LV_54-14_0_7_node_16", "Landuse Category": "Residential areas (one and two-family houses)" }, "geometry": { "type": "Point", "coordinates": [ 8.61777549680335, 47.426162261960499 ] } },
{ "type": "Feature", "properties": { "name": "bus_LV_54-14_0_7_node_61", "Landuse Category": "Residential areas (one and two-family houses)" }, "geometry": { "type": "Point", "coordinates": [ 8.61777734317721, 47.426167649236973 ] } },
{ "type": "Feature", "properties": { "name": "bus_LV_54-14_0_7_node_52", "Landuse Category": "Roads" }, "geometry": { "type": "Point", "coordinates": [ 8.617610786531365, 47.427338082753209 ] } },
{ "type": "Feature", "properties": { "name": "bus_LV_54-14_0_7_node_49", "Landuse Category": "Residential areas (blocks of flats)" }, "geometry": { "type": "Point", "coordinates": [ 8.617553908449258, 47.427353410158119 ] } },
{ "type": "Feature", "properties": { "name": "bus_LV_54-14_0_7_node_47", "Landuse Category": "Residential areas (blocks of flats)" }, "geometry": { "type": "Point", "coordinates": [ 8.617127520830927, 47.427471851572463 ] } },
{ "type": "Feature", "properties": { "name": "bus_LV_54-14_0_7_node_20", "Landuse Category": "Public buildings and surroundings" }, "geometry": { "type": "Point", "coordinates": [ 8.617061720336958, 47.425085632370774 ] } },
{ "type": "Feature", "properties": { "name": "bus_LV_54-14_0_7_node_22", "Landuse Category": "Residential areas (blocks of flats)" }, "geometry": { "type": "Point", "coordinates": [ 8.616079213399635, 47.424318099090655 ] } },
{ "type": "Feature", "properties": { "name": "bus_LV_54-14_0_7_node_24", "Landuse Category": "Residential areas (blocks of flats)" }, "geometry": { "type": "Point", "coordinates": [ 8.615874208448577, 47.424376710157667 ] } },
{ "type": "Feature", "properties": { "name": "bus_LV_54-14_0_7_node_25", "Landuse Category": "Residential areas (blocks of flats)" }, "geometry": { "type": "Point", "coordinates": [ 8.6156546954532, 47.424098494357622 ] } },
{ "type": "Feature", "properties": { "name": "bus_LV_54-14_0_7_node_26", "Landuse Category": "Residential areas (blocks of flats)" }, "geometry": { "type": "Point", "coordinates": [ 8.615917749248617, 47.42444277803763 ] } },
{ "type": "Feature", "properties": { "name": "bus_LV_54-14_0_7_node_27", "Landuse Category": "Industrial and commercial areas < 1 ha" }, "geometry": { "type": "Point", "coordinates": [ 8.615535403582978, 47.423978251831812 ] } },
{ "type": "Feature", "properties": { "name": "bus_LV_54-14_0_7_node_38", "Landuse Category": "Residential areas (blocks of flats)" }, "geometry": { "type": "Point", "coordinates": [ 8.616065694120785, 47.424733417492526 ] } },
{ "type": "Feature", "properties": { "name": "bus_LV_54-14_0_7_node_28", "Landuse Category": "Industrial and commercial areas < 1 ha" }, "geometry": { "type": "Point", "coordinates": [ 8.615461011784088, 47.423909066491838 ] } },
{ "type": "Feature", "properties": { "name": "bus_LV_54-14_0_7_node_36", "Landuse Category": "Residential areas (blocks of flats)" }, "geometry": { "type": "Point", "coordinates": [ 8.616069742846259, 47.424743881738905 ] } },
{ "type": "Feature", "properties": { "name": "bus_LV_54-14_0_7_node_46", "Landuse Category": "Industrial and commercial areas < 1 ha" }, "geometry": { "type": "Point", "coordinates": [ 8.615384608448286, 47.423838010157631 ] } },
{ "type": "Feature", "properties": { "name": "bus_LV_54-14_0_7_node_43", "Landuse Category": "Industrial and commercial areas < 1 ha" }, "geometry": { "type": "Point", "coordinates": [ 8.615064612307037, 47.423951150505751 ] } },
{ "type": "Feature", "properties": { "name": "bus_LV_54-14_0_7_node_29", "Landuse Category": "Residential areas (blocks of flats)" }, "geometry": { "type": "Point", "coordinates": [ 8.615082682918411, 47.424372124749993 ] } },
{ "type": "Feature", "properties": { "name": "bus_LV_54-14_0_7_node_30", "Landuse Category": "Residential areas (blocks of flats)" }, "geometry": { "type": "Point", "coordinates": [ 8.615190262182455, 47.424565213219914 ] } },
{ "type": "Feature", "properties": { "name": "bus_LV_54-14_0_7_node_31", "Landuse Category": "Residential areas (blocks of flats)" }, "geometry": { "type": "Point", "coordinates": [ 8.614928008447725, 47.424225910157915 ] } },
{ "type": "Feature", "properties": { "name": "bus_LV_54-14_0_7_node_32", "Landuse Category": "Residential areas (blocks of flats)" }, "geometry": { "type": "Point", "coordinates": [ 8.615242008447877, 47.424682210157968 ] } },
{ "type": "Feature", "properties": { "name": "bus_LV_54-14_0_7_node_33", "Landuse Category": "Residential areas (one and two-family houses)" }, "geometry": { "type": "Point", "coordinates": [ 8.614753608447598, 47.424061110157872 ] } },
{ "type": "Feature", "properties": { "name": "bus_LV_54-14_0_7_node_34", "Landuse Category": "Unspecified buildings and surroundings" }, "geometry": { "type": "Point", "coordinates": [ 8.614623198766298, 47.424425364047863 ] } },
{ "type": "Feature", "properties": { "name": "bus_LV_54-14_0_7_node_41", "Landuse Category": "Unspecified buildings and surroundings" }, "geometry": { "type": "Point", "coordinates": [ 8.614603712337896, 47.424107047584712 ] } },
{ "type": "Feature", "properties": { "name": "bus_LV_54-14_0_7_node_35", "Landuse Category": "Residential areas (blocks of flats)" }, "geometry": { "type": "Point", "coordinates": [ 8.616125830730722, 47.424908158613356 ] } },
{ "type": "Feature", "properties": { "name": "bus_LV_54-14_0_7_node_40", "Landuse Category": "Roads" }, "geometry": { "type": "Point", "coordinates": [ 8.615751151994216, 47.425372239019993 ] } },
{ "type": "Feature", "properties": { "name": "bus_LV_54-14_0_7_node_56", "Landuse Category": "Roads" }, "geometry": { "type": "Point", "coordinates": [ 8.615733508448136, 47.425380710158002 ] } },
{ "type": "Feature", "properties": { "name": "bus_LV_54-14_0_7_node_58", "Landuse Category": "Roads" }, "geometry": { "type": "Point", "coordinates": [ 8.615878843304934, 47.425392877466528 ] } },
{ "type": "Feature", "properties": { "name": "bus_LV_54-14_0_7_node_54", "Landuse Category": "Roads" }, "geometry": { "type": "Point", "coordinates": [ 8.61557382222324, 47.425433215787002 ] } },
{ "type": "Feature", "properties": { "name": "bus_LV_54-14_0_7_node_91", "Landuse Category": "Unspecified buildings and surroundings" }, "geometry": { "type": "Point", "coordinates": [ 8.614179708446805, 47.424853910158312 ] } },
{ "type": "Feature", "properties": { "name": "bus_LV_54-14_0_7_node_93", "Landuse Category": "Unspecified buildings and surroundings" }, "geometry": { "type": "Point", "coordinates": [ 8.613883008446507, 47.424881810158425 ] } },
{ "type": "Feature", "properties": { "name": "bus_LV_54-14_0_7_node_89", "Landuse Category": "Unspecified buildings and surroundings" }, "geometry": { "type": "Point", "coordinates": [ 8.614204082262104, 47.424969609057193 ] } },
{ "type": "Feature", "properties": { "name": "bus_LV_54-14_0_7_node_48", "Landuse Category": "Residential areas (blocks of flats)" }, "geometry": { "type": "Point", "coordinates": [ 8.616926408448606, 47.427531910158386 ] } },
{ "type": "Feature", "properties": { "name": "bus_LV_54-14_0_7_node_50", "Landuse Category": "Residential areas (blocks of flats)" }, "geometry": { "type": "Point", "coordinates": [ 8.616784408448575, 47.427177510158295 ] } },
{ "type": "Feature", "properties": { "name": "bus_LV_54-14_0_7_node_51", "Landuse Category": "Residential areas (blocks of flats)" }, "geometry": { "type": "Point", "coordinates": [ 8.616843247884015, 47.427620990207544 ] } },
{ "type": "Feature", "properties": { "name": "bus_LV_54-14_0_7_node_66", "Landuse Category": "Residential areas (blocks of flats)" }, "geometry": { "type": "Point", "coordinates": [ 8.616408008448147, 47.427407110158484 ] } },
{ "type": "Feature", "properties": { "name": "bus_LV_54-14_0_7_node_62", "Landuse Category": "Residential areas (blocks of flats)" }, "geometry": { "type": "Point", "coordinates": [ 8.616776739314103, 47.427133957050941 ] } },
{ "type": "Feature", "properties": { "name": "bus_LV_54-14_0_7_node_53", "Landuse Category": "Residential areas (blocks of flats)" }, "geometry": { "type": "Point", "coordinates": [ 8.616771008448351, 47.427814610158507 ] } },
{ "type": "Feature", "properties": { "name": "bus_LV_54-14_0_7_node_87", "Landuse Category": "Orchards" }, "geometry": { "type": "Point", "coordinates": [ 8.615445408446869, 47.428504310159084 ] } },
{ "type": "Feature", "properties": { "name": "bus_LV_54-14_0_7_node_86", "Landuse Category": "Residential areas (blocks of flats)" }, "geometry": { "type": "Point", "coordinates": [ 8.616217703557817, 47.427547669409009 ] } },
{ "type": "Feature", "properties": { "name": "bus_LV_54-14_0_7_node_63", "Landuse Category": "Agricultural buildings and surroundings" }, "geometry": { "type": "Point", "coordinates": [ 8.616686608448633, 47.426696810158191 ] } },
{ "type": "Feature", "properties": { "name": "bus_LV_54-14_0_7_node_115", "Landuse Category": "Orchards" }, "geometry": { "type": "Point", "coordinates": [ 8.615240314583049, 47.428426938955525 ] } },
{ "type": "Feature", "properties": { "name": "bus_LV_54-14_0_7_node_55", "Landuse Category": "Roads" }, "geometry": { "type": "Point", "coordinates": [ 8.615391971713942, 47.425493008747431 ] } },
{ "type": "Feature", "properties": { "name": "bus_LV_54-14_0_7_node_57", "Landuse Category": "Roads" }, "geometry": { "type": "Point", "coordinates": [ 8.615358208447736, 47.425504110158194 ] } },
{ "type": "Feature", "properties": { "name": "bus_LV_54-14_0_7_node_94", "Landuse Category": "Roads" }, "geometry": { "type": "Point", "coordinates": [ 8.615133710615583, 47.42554203648173 ] } },
{ "type": "Feature", "properties": { "name": "bus_LV_54-14_0_7_node_71", "Landuse Category": "Roads" }, "geometry": { "type": "Point", "coordinates": [ 8.615505608447792, 47.42576601015822 ] } },
{ "type": "Feature", "properties": { "name": "bus_LV_54-14_0_7_node_98", "Landuse Category": "Roads" }, "geometry": { "type": "Point", "coordinates": [ 8.614770139095262, 47.425603456662436 ] } },
{ "type": "Feature", "properties": { "name": "bus_LV_54-14_0_7_node_72", "Landuse Category": "Roads" }, "geometry": { "type": "Point", "coordinates": [ 8.61531230844759, 47.425818010158288 ] } },
{ "type": "Feature", "properties": { "name": "bus_LV_54-14_0_7_node_69", "Landuse Category": "Semi-natural grassland, in general" }, "geometry": { "type": "Point", "coordinates": [ 8.615656514443222, 47.425880354034462 ] } },
{ "type": "Feature", "properties": { "name": "bus_LV_54-14_0_7_node_65", "Landuse Category": "Agricultural buildings and surroundings" }, "geometry": { "type": "Point", "coordinates": [ 8.616505308448485, 47.426614610158204 ] } },
{ "type": "Feature", "properties": { "name": "bus_LV_54-14_0_7_node_73", "Landuse Category": "Agricultural buildings and surroundings" }, "geometry": { "type": "Point", "coordinates": [ 8.616267708887634, 47.426739418559009 ] } },
{ "type": "Feature", "properties": { "name": "bus_LV_54-14_0_7_node_74", "Landuse Category": "Residential areas (blocks of flats)" }, "geometry": { "type": "Point", "coordinates": [ 8.615956608447885, 47.426818610158385 ] } },
{ "type": "Feature", "properties": { "name": "bus_LV_54-14_0_7_node_83", "Landuse Category": "Orchards" }, "geometry": { "type": "Point", "coordinates": [ 8.615604878425758, 47.427696890009628 ] } },
{ "type": "Feature", "properties": { "name": "bus_LV_54-14_0_7_node_68", "Landuse Category": "Semi-natural grassland, in general" }, "geometry": { "type": "Point", "coordinates": [ 8.615790808447986, 47.425982110158188 ] } },
{ "type": "Feature", "properties": { "name": "bus_LV_54-14_0_7_node_70", "Landuse Category": "Semi-natural grassland, in general" }, "geometry": { "type": "Point", "coordinates": [ 8.615781608447973, 47.426034010158212 ] } },
{ "type": "Feature", "properties": { "name": "bus_LV_54-14_0_7_node_85", "Landuse Category": "Semi-natural grassland, in general" }, "geometry": { "type": "Point", "coordinates": [ 8.615783308447902, 47.426287110158334 ] } },
{ "type": "Feature", "properties": { "name": "bus_LV_54-14_0_7_node_112", "Landuse Category": "Semi-natural grassland, in general" }, "geometry": { "type": "Point", "coordinates": [ 8.615554450943815, 47.426072560783787 ] } },
{ "type": "Feature", "properties": { "name": "bus_LV_54-14_0_7_node_84", "Landuse Category": "Semi-natural grassland, in general" }, "geometry": { "type": "Point", "coordinates": [ 8.615827022351199, 47.426511103997775 ] } },
{ "type": "Feature", "properties": { "name": "bus_LV_54-14_0_7_node_111", "Landuse Category": "Semi-natural grassland, in general" }, "geometry": { "type": "Point", "coordinates": [ 8.615534394671414, 47.426075964485385 ] } },
{ "type": "Feature", "properties": { "name": "bus_LV_54-14_0_7_node_106", "Landuse Category": "Roads" }, "geometry": { "type": "Point", "coordinates": [ 8.615168706381699, 47.425854993178724 ] } },
{ "type": "Feature", "properties": { "name": "bus_LV_54-14_0_7_node_108", "Landuse Category": "Semi-natural grassland, in general" }, "geometry": { "type": "Point", "coordinates": [ 8.615295877198825, 47.425988234499862 ] } },
{ "type": "Feature", "properties": { "name": "bus_LV_54-14_0_7_node_109", "Landuse Category": "Semi-natural grassland, in general" }, "geometry": { "type": "Point", "coordinates": [ 8.61536309513213, 47.426070638824726 ] } },
{ "type": "Feature", "properties": { "name": "bus_LV_54-14_0_7_node_107", "Landuse Category": "Semi-natural grassland, in general" }, "geometry": { "type": "Point", "coordinates": [ 8.615073508447335, 47.425879510158367 ] } },
{ "type": "Feature", "properties": { "name": "bus_LV_54-14_0_7_node_76", "Landuse Category": "Residential areas (blocks of flats)" }, "geometry": { "type": "Point", "coordinates": [ 8.615808708447654, 47.427105110158571 ] } },
{ "type": "Feature", "properties": { "name": "bus_LV_54-14_0_7_node_77", "Landuse Category": "Semi-natural grassland, in general" }, "geometry": { "type": "Point", "coordinates": [ 8.61589570844786, 47.426741610158423 ] } },
{ "type": "Feature", "properties": { "name": "bus_LV_54-14_0_7_node_81", "Landuse Category": "Semi-natural grassland, in general" }, "geometry": { "type": "Point", "coordinates": [ 8.615872508447852, 47.426712210158357 ] } },
{ "type": "Feature", "properties": { "name": "bus_LV_54-14_0_7_node_88", "Landuse Category": "Semi-natural grassland, in general" }, "geometry": { "type": "Point", "coordinates": [ 8.616119758090932, 47.426682270556967 ] } },
{ "type": "Feature", "properties": { "name": "bus_LV_54-14_0_7_node_79", "Landuse Category": "Residential areas (blocks of flats)" }, "geometry": { "type": "Point", "coordinates": [ 8.615338008447301, 47.426818410158596 ] } },
{ "type": "Feature", "properties": { "name": "bus_LV_54-14_0_7_node_78", "Landuse Category": "Residential areas (blocks of flats)" }, "geometry": { "type": "Point", "coordinates": [ 8.615308039166651, 47.426824958998154 ] } },
{ "type": "Feature", "properties": { "name": "bus_LV_54-14_0_7_node_80", "Landuse Category": "Arable land, in general" }, "geometry": { "type": "Point", "coordinates": [ 8.614738508446674, 47.426949410158798 ] } },
{ "type": "Feature", "properties": { "name": "bus_LV_54-14_0_7_node_82", "Landuse Category": "Residential areas (blocks of flats)" }, "geometry": { "type": "Point", "coordinates": [ 8.615226808447053, 47.427246210158756 ] } },
{ "type": "Feature", "properties": { "name": "bus_LV_54-14_0_7_node_114", "Landuse Category": "Arable land, in general" }, "geometry": { "type": "Point", "coordinates": [ 8.612768708444531, 47.427735110159645 ] } },
{ "type": "Feature", "properties": { "name": "bus_LV_54-14_0_7_node_113", "Landuse Category": "Arable land, in general" }, "geometry": { "type": "Point", "coordinates": [ 8.612278542335305, 47.427675656608137 ] } },
{ "type": "Feature", "properties": { "name": "bus_LV_54-14_0_7_node_90", "Landuse Category": "Roads" }, "geometry": { "type": "Point", "coordinates": [ 8.614236673113083, 47.425124312208759 ] } },
{ "type": "Feature", "properties": { "name": "bus_LV_54-14_0_7_node_92", "Landuse Category": "Roads" }, "geometry": { "type": "Point", "coordinates": [ 8.614265592290025, 47.42526974394471 ] } },
{ "type": "Feature", "properties": { "name": "bus_LV_54-14_0_7_node_95", "Landuse Category": "Roads" }, "geometry": { "type": "Point", "coordinates": [ 8.614283308446739, 47.425360210158473 ] } },
{ "type": "Feature", "properties": { "name": "bus_LV_54-14_0_7_node_96", "Landuse Category": "Roads" }, "geometry": { "type": "Point", "coordinates": [ 8.614342408446698, 47.425662310158557 ] } },
{ "type": "Feature", "properties": { "name": "bus_LV_54-14_0_7_node_97", "Landuse Category": "Roads" }, "geometry": { "type": "Point", "coordinates": [ 8.613851108446314, 47.425375410158594 ] } },
{ "type": "Feature", "properties": { "name": "bus_LV_54-14_0_7_node_99", "Landuse Category": "Roads" }, "geometry": { "type": "Point", "coordinates": [ 8.614617069477729, 47.425629315188402 ] } },
{ "type": "Feature", "properties": { "name": "bus_LV_54-14_0_7_node_100", "Landuse Category": "Roads" }, "geometry": { "type": "Point", "coordinates": [ 8.614349731115325, 47.425661545478384 ] } },
{ "type": "Feature", "properties": { "name": "bus_LV_54-14_0_7_node_102", "Landuse Category": "Roads" }, "geometry": { "type": "Point", "coordinates": [ 8.613853523848944, 47.425487513692694 ] } },
{ "type": "Feature", "properties": { "name": "bus_LV_54-14_0_7_node_103", "Landuse Category": "Roads" }, "geometry": { "type": "Point", "coordinates": [ 8.613857908446226, 47.425691010158651 ] } },
{ "type": "Feature", "properties": { "name": "bus_LV_54-14_0_7_node_104", "Landuse Category": "Residential areas (blocks of flats)" }, "geometry": { "type": "Point", "coordinates": [ 8.613082108445557, 47.425436210158843 ] } },
{ "type": "Feature", "properties": { "name": "bus_LV_54-14_0_7_node_101", "Landuse Category": "Roads" }, "geometry": { "type": "Point", "coordinates": [ 8.613854326629014, 47.42552477217081 ] } },
{ "type": "Feature", "properties": { "name": "bus_LV_54-14_0_7_node_105", "Landuse Category": "Residential areas (blocks of flats)" }, "geometry": { "type": "Point", "coordinates": [ 8.613081057104873, 47.425408731054496 ] } },
{ "type": "Feature", "properties": { "name": "bus_LV_54-14_0_7_node_110", "Landuse Category": "Semi-natural grassland, in general" }, "geometry": { "type": "Point", "coordinates": [ 8.615387087962402, 47.426090204655772 ] } },
{ "type": "Feature", "properties": { "name": "bus_LV_54-7_0_4_node_0", "Landuse Category": "Residential areas (one and two-family houses)" }, "geometry": { "type": "Point", "coordinates": [ 8.617303308448255, 47.429765010158953 ] } },
{ "type": "Feature", "properties": { "name": "bus_LV_54-7_0_4_node_1", "Landuse Category": "Residential areas (one and two-family houses)" }, "geometry": { "type": "Point", "coordinates": [ 8.617182986292699, 47.429563536585583 ] } },
{ "type": "Feature", "properties": { "name": "bus_LV_54-7_0_4_node_2", "Landuse Category": "Residential areas (one and two-family houses)" }, "geometry": { "type": "Point", "coordinates": [ 8.61717550844809, 47.429930510159011 ] } },
{ "type": "Feature", "properties": { "name": "bus_LV_54-7_0_4_node_3", "Landuse Category": "Residential areas (one and two-family houses)" }, "geometry": { "type": "Point", "coordinates": [ 8.617185761277723, 47.429557344335059 ] } },
{ "type": "Feature", "properties": { "name": "bus_LV_54-7_0_4_node_4", "Landuse Category": "Residential areas (one and two-family houses)" }, "geometry": { "type": "Point", "coordinates": [ 8.617242734812336, 47.430059708709344 ] } },
{ "type": "Feature", "properties": { "name": "bus_LV_54-7_0_4_node_5", "Landuse Category": "Residential areas (one and two-family houses)" }, "geometry": { "type": "Point", "coordinates": [ 8.617173734183615, 47.429921047425594 ] } },
{ "type": "Feature", "properties": { "name": "bus_LV_54-7_0_4_node_27", "Landuse Category": "Residential areas (one and two-family houses)" }, "geometry": { "type": "Point", "coordinates": [ 8.617271908448355, 47.429365110158848 ] } },
{ "type": "Feature", "properties": { "name": "bus_LV_54-7_0_4_node_20", "Landuse Category": "Residential areas (one and two-family houses)" }, "geometry": { "type": "Point", "coordinates": [ 8.617268908448107, 47.430110010159055 ] } },
{ "type": "Feature", "properties": { "name": "bus_LV_54-7_0_4_node_28", "Landuse Category": "Residential areas (one and two-family houses)" }, "geometry": { "type": "Point", "coordinates": [ 8.617358317637661, 47.429407783925576 ] } },
{ "type": "Feature", "properties": { "name": "bus_LV_54-7_0_4_node_29", "Landuse Category": "Residential areas (one and two-family houses)" }, "geometry": { "type": "Point", "coordinates": [ 8.617119508448214, 47.429329910158884 ] } },
{ "type": "Feature", "properties": { "name": "bus_LV_54-7_0_4_node_30", "Landuse Category": "Residential areas (one and two-family houses)" }, "geometry": { "type": "Point", "coordinates": [ 8.617138465596476, 47.430204854945401 ] } },
{ "type": "Feature", "properties": { "name": "bus_LV_54-7_0_4_node_18", "Landuse Category": "Residential areas (one and two-family houses)" }, "geometry": { "type": "Point", "coordinates": [ 8.617412171417314, 47.430190399420951 ] } },
{ "type": "Feature", "properties": { "name": "bus_LV_54-7_0_4_node_6", "Landuse Category": "Farm pastures, in general" }, "geometry": { "type": "Point", "coordinates": [ 8.617246983148041, 47.430663865466379 ] } },
{ "type": "Feature", "properties": { "name": "bus_LV_54-7_0_4_node_7", "Landuse Category": "Farm pastures, in general" }, "geometry": { "type": "Point", "coordinates": [ 8.617658508448262, 47.430837110159182 ] } },
{ "type": "Feature", "properties": { "name": "bus_LV_54-7_0_4_node_8", "Landuse Category": "Farm pastures, in general" }, "geometry": { "type": "Point", "coordinates": [ 8.616938008447658, 47.43053071015931 ] } },
{ "type": "Feature", "properties": { "name": "bus_LV_54-7_0_4_node_9", "Landuse Category": "Residential areas (blocks of flats)" }, "geometry": { "type": "Point", "coordinates": [ 8.61777612383818, 47.430814251042818 ] } },
{ "type": "Feature", "properties": { "name": "bus_LV_54-7_0_4_node_10", "Landuse Category": "Farm pastures, in general" }, "geometry": { "type": "Point", "coordinates": [ 8.61701599361821, 47.430393656604359 ] } },
{ "type": "Feature", "properties": { "name": "bus_LV_54-7_0_4_node_11", "Landuse Category": "Residential areas (one and two-family houses)" }, "geometry": { "type": "Point", "coordinates": [ 8.616495749041334, 47.430332011820639 ] } },
{ "type": "Feature", "properties": { "name": "bus_LV_54-7_0_4_node_110", "Landuse Category": "Residential areas (one and two-family houses)" }, "geometry": { "type": "Point", "coordinates": [ 8.61646799830614, 47.430318776517488 ] } },
{ "type": "Feature", "properties": { "name": "bus_LV_54-7_0_4_node_108", "Landuse Category": "Semi-natural grassland, in general" }, "geometry": { "type": "Point", "coordinates": [ 8.616171201338704, 47.430166582551948 ] } },
{ "type": "Feature", "properties": { "name": "bus_LV_54-7_0_4_node_12", "Landuse Category": "Residential areas (one and two-family houses)" }, "geometry": { "type": "Point", "coordinates": [ 8.618378242139377, 47.430058209674847 ] } },
{ "type": "Feature", "properties": { "name": "bus_LV_54-7_0_4_node_13", "Landuse Category": "Residential areas (one and two-family houses)" }, "geometry": { "type": "Point", "coordinates": [ 8.618612574415121, 47.430212972281019 ] } },
{ "type": "Feature", "properties": { "name": "bus_LV_54-7_0_4_node_14", "Landuse Category": "Residential areas (one and two-family houses)" }, "geometry": { "type": "Point", "coordinates": [ 8.618355373083075, 47.430043105941863 ] } },
{ "type": "Feature", "properties": { "name": "bus_LV_54-7_0_4_node_15", "Landuse Category": "Residential areas (one and two-family houses)" }, "geometry": { "type": "Point", "coordinates": [ 8.618150044267722, 47.429907497150111 ] } },
{ "type": "Feature", "properties": { "name": "bus_LV_54-7_0_4_node_21", "Landuse Category": "Residential areas (one and two-family houses)" }, "geometry": { "type": "Point", "coordinates": [ 8.618131355085733, 47.429895153883962 ] } },
{ "type": "Feature", "properties": { "name": "bus_LV_54-7_0_4_node_22", "Landuse Category": "Residential areas (one and two-family houses)" }, "geometry": { "type": "Point", "coordinates": [ 8.617983208448896, 47.429797310158747 ] } },
{ "type": "Feature", "properties": { "name": "bus_LV_54-7_0_4_node_16", "Landuse Category": "Residential areas (one and two-family houses)" }, "geometry": { "type": "Point", "coordinates": [ 8.617612915386324, 47.430303042330181 ] } },
{ "type": "Feature", "properties": { "name": "bus_LV_54-7_0_4_node_17", "Landuse Category": "Residential areas (blocks of flats)" }, "geometry": { "type": "Point", "coordinates": [ 8.617964785635545, 47.430515137981551 ] } },
{ "type": "Feature", "properties": { "name": "bus_LV_54-7_0_4_node_26", "Landuse Category": "Residential areas (one and two-family houses)" }, "geometry": { "type": "Point", "coordinates": [ 8.618272726368412, 47.429562694611036 ] } },
{ "type": "Feature", "properties": { "name": "bus_LV_54-7_0_4_node_23", "Landuse Category": "Residential areas (one and two-family houses)" }, "geometry": { "type": "Point", "coordinates": [ 8.617920613077461, 47.429757086529762 ] } },
{ "type": "Feature", "properties": { "name": "bus_LV_54-7_0_4_node_74", "Landuse Category": "Residential areas (one and two-family houses)" }, "geometry": { "type": "Point", "coordinates": [ 8.618417208449429, 47.429445610158503 ] } },
{ "type": "Feature", "properties": { "name": "bus_LV_54-7_0_4_node_24", "Landuse Category": "Residential areas (one and two-family houses)" }, "geometry": { "type": "Point", "coordinates": [ 8.61783699235929, 47.429703351916963 ] } },
{ "type": "Feature", "properties": { "name": "bus_LV_54-7_0_4_node_25", "Landuse Category": "Residential areas (one and two-family houses)" }, "geometry": { "type": "Point", "coordinates": [ 8.617587816096499, 47.429543025705726 ] } },
{ "type": "Feature", "properties": { "name": "bus_LV_54-7_0_4_node_79", "Landuse Category": "Residential areas (blocks of flats)" }, "geometry": { "type": "Point", "coordinates": [ 8.618716008449789, 47.429204610158394 ] } },
{ "type": "Feature", "properties": { "name": "bus_LV_54-7_0_4_node_87", "Landuse Category": "Residential areas (one and two-family houses)" }, "geometry": { "type": "Point", "coordinates": [ 8.616697923538608, 47.429306258717226 ] } },
{ "type": "Feature", "properties": { "name": "bus_LV_54-7_0_4_node_86", "Landuse Category": "Residential areas (one and two-family houses)" }, "geometry": { "type": "Point", "coordinates": [ 8.617119657128478, 47.429195850489435 ] } },
{ "type": "Feature", "properties": { "name": "bus_LV_54-7_0_4_node_106", "Landuse Category": "Residential areas (one and two-family houses)" }, "geometry": { "type": "Point", "coordinates": [ 8.616643186408714, 47.429307832897685 ] } },
{ "type": "Feature", "properties": { "name": "bus_LV_54-7_0_4_node_85", "Landuse Category": "Residential areas (one and two-family houses)" }, "geometry": { "type": "Point", "coordinates": [ 8.61711969726043, 47.429159664830287 ] } },
{ "type": "Feature", "properties": { "name": "bus_LV_54-7_0_4_node_31", "Landuse Category": "Residential areas (blocks of flats)" }, "geometry": { "type": "Point", "coordinates": [ 8.619742928356024, 47.428407646250314 ] } },
{ "type": "Feature", "properties": { "name": "bus_LV_54-7_0_4_node_32", "Landuse Category": "Residential areas (blocks of flats)" }, "geometry": { "type": "Point", "coordinates": [ 8.619716308451025, 47.428387610157827 ] } },
{ "type": "Feature", "properties": { "name": "bus_LV_54-7_0_4_node_34", "Landuse Category": "Residential areas (blocks of flats)" }, "geometry": { "type": "Point", "coordinates": [ 8.619671608450963, 47.428421810157872 ] } },
{ "type": "Feature", "properties": { "name": "bus_LV_54-7_0_4_node_75", "Landuse Category": "Residential areas (terraced houses)" }, "geometry": { "type": "Point", "coordinates": [ 8.619512568942529, 47.428554329785079 ] } },
{ "type": "Feature", "properties": { "name": "bus_LV_54-7_0_4_node_53", "Landuse Category": "Residential areas (blocks of flats)" }, "geometry": { "type": "Point", "coordinates": [ 8.619349981952968, 47.428085230589637 ] } },
{ "type": "Feature", "properties": { "name": "bus_LV_54-7_0_4_node_76", "Landuse Category": "Residential areas (terraced houses)" }, "geometry": { "type": "Point", "coordinates": [ 8.619414708450652, 47.428635910157965 ] } },
{ "type": "Feature", "properties": { "name": "bus_LV_54-7_0_4_node_45", "Landuse Category": "Residential areas (blocks of flats)" }, "geometry": { "type": "Point", "coordinates": [ 8.619200408450702, 47.427798310157762 ] } },
{ "type": "Feature", "properties": { "name": "bus_LV_54-7_0_4_node_35", "Landuse Category": "Residential areas (blocks of flats)" }, "geometry": { "type": "Point", "coordinates": [ 8.617285758208515, 47.427989797292881 ] } },
{ "type": "Feature", "properties": { "name": "bus_LV_54-7_0_4_node_36", "Landuse Category": "Residential areas (blocks of flats)" }, "geometry": { "type": "Point", "coordinates": [ 8.617153008448661, 47.42802561015845 ] } },
{ "type": "Feature", "properties": { "name": "bus_LV_54-7_0_4_node_37", "Landuse Category": "Residential areas (blocks of flats)" }, "geometry": { "type": "Point", "coordinates": [ 8.617455108448979, 47.427944110158315 ] } },
{ "type": "Feature", "properties": { "name": "bus_LV_54-7_0_4_node_39", "Landuse Category": "Residential areas (blocks of flats)" }, "geometry": { "type": "Point", "coordinates": [ 8.617047708448574, 47.427990910158471 ] } },
{ "type": "Feature", "properties": { "name": "bus_LV_54-7_0_4_node_40", "Landuse Category": "Residential areas (blocks of flats)" }, "geometry": { "type": "Point", "coordinates": [ 8.617747208449227, 47.428085010158306 ] } },
{ "type": "Feature", "properties": { "name": "bus_LV_54-7_0_4_node_41", "Landuse Category": "Residential areas (blocks of flats)" }, "geometry": { "type": "Point", "coordinates": [ 8.617473708448994, 47.427939010158319 ] } },
{ "type": "Feature", "properties": { "name": "bus_LV_54-7_0_4_node_38", "Landuse Category": "Residential areas (blocks of flats)" }, "geometry": { "type": "Point", "coordinates": [ 8.617086486390935, 47.428055097406826 ] } },
{ "type": "Feature", "properties": { "name": "bus_LV_54-7_0_4_node_55", "Landuse Category": "Residential areas (blocks of flats)" }, "geometry": { "type": "Point", "coordinates": [ 8.616907308448484, 47.427831910158474 ] } },
{ "type": "Feature", "properties": { "name": "bus_LV_54-7_0_4_node_46", "Landuse Category": "Residential areas (blocks of flats)" }, "geometry": { "type": "Point", "coordinates": [ 8.617830508449265, 47.428183610158293 ] } },
{ "type": "Feature", "properties": { "name": "bus_LV_54-7_0_4_node_118", "Landuse Category": "Residential areas (blocks of flats)" }, "geometry": { "type": "Point", "coordinates": [ 8.617640508449167, 47.427894010158262 ] } },
{ "type": "Feature", "properties": { "name": "bus_LV_54-7_0_4_node_54", "Landuse Category": "Residential areas (blocks of flats)" }, "geometry": { "type": "Point", "coordinates": [ 8.617186503712558, 47.427757304509463 ] } },
{ "type": "Feature", "properties": { "name": "bus_LV_54-7_0_4_node_47", "Landuse Category": "Residential areas (blocks of flats)" }, "geometry": { "type": "Point", "coordinates": [ 8.617610619186612, 47.428291483432389 ] } },
{ "type": "Feature", "properties": { "name": "bus_LV_54-7_0_4_node_56", "Landuse Category": "Residential areas (blocks of flats)" }, "geometry": { "type": "Point", "coordinates": [ 8.617342908448945, 47.427715510158286 ] } },
{ "type": "Feature", "properties": { "name": "bus_LV_54-7_0_4_node_58", "Landuse Category": "Residential areas (blocks of flats)" }, "geometry": { "type": "Point", "coordinates": [ 8.617535382845062, 47.42766412698122 ] } },
{ "type": "Feature", "properties": { "name": "bus_LV_54-7_0_4_node_42", "Landuse Category": "Residential areas (blocks of flats)" }, "geometry": { "type": "Point", "coordinates": [ 8.618297579584052, 47.427744741208315 ] } },
{ "type": "Feature", "properties": { "name": "bus_LV_54-7_0_4_node_43", "Landuse Category": "Residential areas (blocks of flats)" }, "geometry": { "type": "Point", "coordinates": [ 8.618584240346246, 47.427962216452826 ] } },
{ "type": "Feature", "properties": { "name": "bus_LV_54-7_0_4_node_49", "Landuse Category": "Residential areas (blocks of flats)" }, "geometry": { "type": "Point", "coordinates": [ 8.617383342824807, 47.428358039949238 ] } },
{ "type": "Feature", "properties": { "name": "bus_LV_54-7_0_4_node_48", "Landuse Category": "Residential areas (blocks of flats)" }, "geometry": { "type": "Point", "coordinates": [ 8.617220628641304, 47.428393777295135 ] } },
{ "type": "Feature", "properties": { "name": "bus_LV_54-7_0_4_node_50", "Landuse Category": "Residential areas (blocks of flats)" }, "geometry": { "type": "Point", "coordinates": [ 8.616999408448388, 47.428411310158623 ] } },
{ "type": "Feature", "properties": { "name": "bus_LV_54-7_0_4_node_51", "Landuse Category": "Residential areas (one and two-family houses)" }, "geometry": { "type": "Point", "coordinates": [ 8.617081903638894, 47.428690597489059 ] } },
{ "type": "Feature", "properties": { "name": "bus_LV_54-7_0_4_node_52", "Landuse Category": "Residential areas (blocks of flats)" }, "geometry": { "type": "Point", "coordinates": [ 8.616937041048132, 47.428363825410358 ] } },
{ "type": "Feature", "properties": { "name": "bus_LV_54-7_0_4_node_68", "Landuse Category": "Residential areas (one and two-family houses)" }, "geometry": { "type": "Point", "coordinates": [ 8.617102008448351, 47.428831210158705 ] } },
{ "type": "Feature", "properties": { "name": "bus_LV_54-7_0_4_node_57", "Landuse Category": "Residential areas (blocks of flats)" }, "geometry": { "type": "Point", "coordinates": [ 8.616651408448124, 47.428191910158617 ] } },
{ "type": "Feature", "properties": { "name": "bus_LV_54-7_0_4_node_83", "Landuse Category": "Residential areas (one and two-family houses)" }, "geometry": { "type": "Point", "coordinates": [ 8.617110695891194, 47.428942585375772 ] } },
{ "type": "Feature", "properties": { "name": "bus_LV_54-7_0_4_node_66", "Landuse Category": "Residential areas (one and two-family houses)" }, "geometry": { "type": "Point", "coordinates": [ 8.617301314293083, 47.428792681491522 ] } },
{ "type": "Feature", "properties": { "name": "bus_LV_54-7_0_4_node_88", "Landuse Category": "Residential areas (blocks of flats)" }, "geometry": { "type": "Point", "coordinates": [ 8.616618365810046, 47.428262179911556 ] } },
{ "type": "Feature", "properties": { "name": "bus_LV_54-7_0_4_node_89", "Landuse Category": "Residential areas (blocks of flats)" }, "geometry": { "type": "Point", "coordinates": [ 8.616611101327972, 47.428277628813895 ] } },
{ "type": "Feature", "properties": { "name": "bus_LV_54-7_0_4_node_60", "Landuse Category": "Residential areas (blocks of flats)" }, "geometry": { "type": "Point", "coordinates": [ 8.618270882242307, 47.428325442501624 ] } },
{ "type": "Feature", "properties": { "name": "bus_LV_54-7_0_4_node_61", "Landuse Category": "Residential areas (blocks of flats)" }, "geometry": { "type": "Point", "coordinates": [ 8.618747608450105, 47.428312410158107 ] } },
{ "type": "Feature", "properties": { "name": "bus_LV_54-7_0_4_node_63", "Landuse Category": "Residential areas (terraced houses)" }, "geometry": { "type": "Point", "coordinates": [ 8.619084908450361, 47.428538210158045 ] } },
{ "type": "Feature", "properties": { "name": "bus_LV_54-7_0_4_node_64", "Landuse Category": "Residential areas (blocks of flats)" }, "geometry": { "type": "Point", "coordinates": [ 8.618296508449488, 47.428909810158402 ] } },
{ "type": "Feature", "properties": { "name": "bus_LV_54-7_0_4_node_81", "Landuse Category": "Residential areas (blocks of flats)" }, "geometry": { "type": "Point", "coordinates": [ 8.618589335157825, 47.429115592104914 ] } },
{ "type": "Feature", "properties": { "name": "bus_LV_54-7_0_4_node_82", "Landuse Category": "Residential areas (blocks of flats)" }, "geometry": { "type": "Point", "coordinates": [ 8.618558242552201, 47.428635255668446 ] } },
{ "type": "Feature", "properties": { "name": "bus_LV_54-7_0_4_node_77", "Landuse Category": "Residential areas (terraced houses)" }, "geometry": { "type": "Point", "coordinates": [ 8.619141908450311, 47.428863210158134 ] } },
{ "type": "Feature", "properties": { "name": "bus_LV_54-7_0_4_node_80", "Landuse Category": "Residential areas (terraced houses)" }, "geometry": { "type": "Point", "coordinates": [ 8.619415447394882, 47.429078634535031 ] } },
{ "type": "Feature", "properties": { "name": "bus_LV_54-7_0_4_node_78", "Landuse Category": "Residential areas (terraced houses)" }, "geometry": { "type": "Point", "coordinates": [ 8.618999553236986, 47.428975715183824 ] } },
{ "type": "Feature", "properties": { "name": "bus_LV_54-7_0_4_node_65", "Landuse Category": "Residential areas (one and two-family houses)" }, "geometry": { "type": "Point", "coordinates": [ 8.617525508448797, 47.428718710158556 ] } },
{ "type": "Feature", "properties": { "name": "bus_LV_54-7_0_4_node_67", "Landuse Category": "Residential areas (blocks of flats)" }, "geometry": { "type": "Point", "coordinates": [ 8.617660738840272, 47.428828949606078 ] } },
{ "type": "Feature", "properties": { "name": "bus_LV_54-7_0_4_node_69", "Landuse Category": "Residential areas (blocks of flats)" }, "geometry": { "type": "Point", "coordinates": [ 8.61771969732775, 47.428877012211025 ] } },
{ "type": "Feature", "properties": { "name": "bus_LV_54-7_0_4_node_73", "Landuse Category": "Residential areas (blocks of flats)" }, "geometry": { "type": "Point", "coordinates": [ 8.61787785969315, 47.429005944640345 ] } },
{ "type": "Feature", "properties": { "name": "bus_LV_54-7_0_4_node_84", "Landuse Category": "Residential areas (one and two-family houses)" }, "geometry": { "type": "Point", "coordinates": [ 8.617112506112653, 47.428965792813777 ] } },
{ "type": "Feature", "properties": { "name": "bus_LV_54-7_0_4_node_71", "Landuse Category": "Residential areas (blocks of flats)" }, "geometry": { "type": "Point", "coordinates": [ 8.617914184513536, 47.429035556162738 ] } },
{ "type": "Feature", "properties": { "name": "bus_LV_54-7_0_4_node_70", "Landuse Category": "Residential areas (blocks of flats)" }, "geometry": { "type": "Point", "coordinates": [ 8.61806957755778, 47.42916223005254 ] } },
{ "type": "Feature", "properties": { "name": "bus_LV_54-7_0_4_node_72", "Landuse Category": "Residential areas (blocks of flats)" }, "geometry": { "type": "Point", "coordinates": [ 8.618103744739781, 47.429190082475607 ] } },
{ "type": "Feature", "properties": { "name": "bus_LV_54-7_0_4_node_105", "Landuse Category": "Residential areas (one and two-family houses)" }, "geometry": { "type": "Point", "coordinates": [ 8.616536440586666, 47.429310902716765 ] } },
{ "type": "Feature", "properties": { "name": "bus_LV_54-7_0_4_node_90", "Landuse Category": "Residential areas (blocks of flats)" }, "geometry": { "type": "Point", "coordinates": [ 8.616456463024024, 47.428491949659865 ] } },
{ "type": "Feature", "properties": { "name": "bus_LV_54-7_0_4_node_91", "Landuse Category": "Residential areas (one and two-family houses)" }, "geometry": { "type": "Point", "coordinates": [ 8.616392232697738, 47.428579224681812 ] } },
{ "type": "Feature", "properties": { "name": "bus_LV_54-7_0_4_node_92", "Landuse Category": "Residential areas (one and two-family houses)" }, "geometry": { "type": "Point", "coordinates": [ 8.616365308447714, 47.42861581015886 ] } },
{ "type": "Feature", "properties": { "name": "bus_LV_54-7_0_4_node_99", "Landuse Category": "Orchards" }, "geometry": { "type": "Point", "coordinates": [ 8.616043209588353, 47.428557359851439 ] } },
{ "type": "Feature", "properties": { "name": "bus_LV_54-7_0_4_node_96", "Landuse Category": "Residential areas (one and two-family houses)" }, "geometry": { "type": "Point", "coordinates": [ 8.616262735586623, 47.428754422025548 ] } },
{ "type": "Feature", "properties": { "name": "bus_LV_54-7_0_4_node_117", "Landuse Category": "Residential areas (one and two-family houses)" }, "geometry": { "type": "Point", "coordinates": [ 8.615625319173654, 47.428572202150598 ] } },
{ "type": "Feature", "properties": { "name": "bus_LV_54-7_0_4_node_94", "Landuse Category": "Residential areas (one and two-family houses)" }, "geometry": { "type": "Point", "coordinates": [ 8.616221441383535, 47.428809042059996 ] } },
{ "type": "Feature", "properties": { "name": "bus_LV_54-7_0_4_node_93", "Landuse Category": "Residential areas (one and two-family houses)" }, "geometry": { "type": "Point", "coordinates": [ 8.616129266064329, 47.428930962322255 ] } },
{ "type": "Feature", "properties": { "name": "bus_LV_54-7_0_4_node_97", "Landuse Category": "Residential areas (one and two-family houses)" }, "geometry": { "type": "Point", "coordinates": [ 8.615891108447066, 47.429239310159211 ] } },
{ "type": "Feature", "properties": { "name": "bus_LV_54-7_0_4_node_101", "Landuse Category": "Residential areas (one and two-family houses)" }, "geometry": { "type": "Point", "coordinates": [ 8.616032508447182, 47.429310210159208 ] } },
{ "type": "Feature", "properties": { "name": "bus_LV_54-7_0_4_node_102", "Landuse Category": "Semi-natural grassland, in general" }, "geometry": { "type": "Point", "coordinates": [ 8.6156097084467, 47.429528710159389 ] } },
{ "type": "Feature", "properties": { "name": "bus_LV_54-7_0_4_node_100", "Landuse Category": "Residential areas (one and two-family houses)" }, "geometry": { "type": "Point", "coordinates": [ 8.61566423308912, 47.429203291413828 ] } },
{ "type": "Feature", "properties": { "name": "bus_LV_54-7_0_4_node_98", "Landuse Category": "Residential areas (one and two-family houses)" }, "geometry": { "type": "Point", "coordinates": [ 8.61550177475932, 47.428823586803418 ] } },
{ "type": "Feature", "properties": { "name": "bus_LV_54-7_0_4_node_114", "Landuse Category": "Residential areas (one and two-family houses)" }, "geometry": { "type": "Point", "coordinates": [ 8.615292408446624, 47.428769810159224 ] } },
{ "type": "Feature", "properties": { "name": "bus_LV_54-7_0_4_node_103", "Landuse Category": "Residential areas (one and two-family houses)" }, "geometry": { "type": "Point", "coordinates": [ 8.616254763204932, 47.429313164662311 ] } },
{ "type": "Feature", "properties": { "name": "bus_LV_54-7_0_4_node_112", "Landuse Category": "Semi-natural grassland, in general" }, "geometry": { "type": "Point", "coordinates": [ 8.615455908446501, 47.429686810159467 ] } },
{ "type": "Feature", "properties": { "name": "bus_LV_54-7_0_4_node_113", "Landuse Category": "Residential areas (one and two-family houses)" }, "geometry": { "type": "Point", "coordinates": [ 8.615254958624623, 47.429420497961708 ] } },
{ "type": "Feature", "properties": { "name": "bus_LV_54-7_0_4_node_115", "Landuse Category": "Orchards" }, "geometry": { "type": "Point", "coordinates": [ 8.615445408446869, 47.428504310159084 ] } },
{ "type": "Feature", "properties": { "name": "bus_LV_54-7_0_4_node_116", "Landuse Category": "Residential areas (one and two-family houses)" }, "geometry": { "type": "Point", "coordinates": [ 8.615102408446472, 47.428721010159265 ] } },
{ "type": "Feature", "properties": { "name": "bus_LV_54-7_0_4_node_104", "Landuse Category": "Residential areas (one and two-family houses)" }, "geometry": { "type": "Point", "coordinates": [ 8.61627579753185, 47.429313444256124 ] } },
{ "type": "Feature", "properties": { "name": "bus_LV_54-7_0_4_node_111", "Landuse Category": "Semi-natural grassland, in general" }, "geometry": { "type": "Point", "coordinates": [ 8.615645186180357, 47.42981376674993 ] } },
{ "type": "Feature", "properties": { "name": "bus_LV_54-7_0_4_node_107", "Landuse Category": "Semi-natural grassland, in general" }, "geometry": { "type": "Point", "coordinates": [ 8.616048570420652, 47.430084330566416 ] } },
{ "type": "Feature", "properties": { "name": "bus_LV_54-7_0_4_node_109", "Landuse Category": "Semi-natural grassland, in general" }, "geometry": { "type": "Point", "coordinates": [ 8.615911241899164, 47.429992220028375 ] } },
{ "type": "Feature", "properties": { "name": "bus_LV_54-2_0_4_node_0", "Landuse Category": "Unspecified buildings and surroundings" }, "geometry": { "type": "Point", "coordinates": [ 8.620477893105068, 47.426665624721508 ] } },
{ "type": "Feature", "properties": { "name": "bus_LV_54-2_0_4_node_1", "Landuse Category": "Residential areas (blocks of flats)" }, "geometry": { "type": "Point", "coordinates": [ 8.620135308451957, 47.42668011015715 ] } },
{ "type": "Feature", "properties": { "name": "bus_LV_54-2_0_4_node_2", "Landuse Category": "Unspecified buildings and surroundings" }, "geometry": { "type": "Point", "coordinates": [ 8.620847608452678, 47.426589410156915 ] } },
{ "type": "Feature", "properties": { "name": "bus_LV_54-2_0_4_node_4", "Landuse Category": "Residential areas (blocks of flats)" }, "geometry": { "type": "Point", "coordinates": [ 8.620112808451951, 47.426627310157144 ] } },
{ "type": "Feature", "properties": { "name": "bus_LV_54-2_0_4_node_5", "Landuse Category": "Unspecified buildings and surroundings" }, "geometry": { "type": "Point", "coordinates": [ 8.620792408452658, 47.426457310156891 ] } },
{ "type": "Feature", "properties": { "name": "bus_LV_54-2_0_4_node_3", "Landuse Category": "Residential areas (one and two-family houses)" }, "geometry": { "type": "Point", "coordinates": [ 8.619971908451786, 47.426727510157221 ] } },
{ "type": "Feature", "properties": { "name": "bus_LV_54-2_0_4_node_22", "Landuse Category": "Residential areas (blocks of flats)" }, "geometry": { "type": "Point", "coordinates": [ 8.619949308451778, 47.426673610157181 ] } },
{ "type": "Feature", "properties": { "name": "bus_LV_54-2_0_4_node_20", "Landuse Category": "Residential areas (one and two-family houses)" }, "geometry": { "type": "Point", "coordinates": [ 8.620147155455491, 47.427098451034745 ] } },
{ "type": "Feature", "properties": { "name": "bus_LV_54-2_0_4_node_21", "Landuse Category": "Residential areas (one and two-family houses)" }, "geometry": { "type": "Point", "coordinates": [ 8.619730805728661, 47.426800083577504 ] } },
{ "type": "Feature", "properties": { "name": "bus_LV_54-2_0_4_node_31", "Landuse Category": "Unspecified buildings and surroundings" }, "geometry": { "type": "Point", "coordinates": [ 8.620375336411534, 47.42655305655434 ] } },
{ "type": "Feature", "properties": { "name": "bus_LV_54-2_0_4_node_27", "Landuse Category": "Unspecified buildings and surroundings" }, "geometry": { "type": "Point", "coordinates": [ 8.6210362084529, 47.426436510156826 ] } },
{ "type": "Feature", "properties": { "name": "bus_LV_54-2_0_4_node_34", "Landuse Category": "Residential areas (blocks of flats)" }, "geometry": { "type": "Point", "coordinates": [ 8.619804153853638, 47.426210330049173 ] } },
{ "type": "Feature", "properties": { "name": "bus_LV_54-2_0_4_node_18", "Landuse Category": "Residential areas (one and two-family houses)" }, "geometry": { "type": "Point", "coordinates": [ 8.620181965364146, 47.427172131630748 ] } },
{ "type": "Feature", "properties": { "name": "bus_LV_54-2_0_4_node_17", "Landuse Category": "Residential areas (one and two-family houses)" }, "geometry": { "type": "Point", "coordinates": [ 8.619440474591601, 47.426887474124115 ] } },
{ "type": "Feature", "properties": { "name": "bus_LV_54-2_0_4_node_26", "Landuse Category": "Unspecified buildings and surroundings" }, "geometry": { "type": "Point", "coordinates": [ 8.62108175517689, 47.426225373324826 ] } },
{ "type": "Feature", "properties": { "name": "bus_LV_54-2_0_4_node_6", "Landuse Category": "Residential areas (one and two-family houses)" }, "geometry": { "type": "Point", "coordinates": [ 8.619154276328038, 47.426977601860685 ] } },
{ "type": "Feature", "properties": { "name": "bus_LV_54-2_0_4_node_7", "Landuse Category": "Residential areas (one and two-family houses)" }, "geometry": { "type": "Point", "coordinates": [ 8.6189727084507, 47.427159710157667 ] } },
{ "type": "Feature", "properties": { "name": "bus_LV_54-2_0_4_node_8", "Landuse Category": "Residential areas (one and two-family houses)" }, "geometry": { "type": "Point", "coordinates": [ 8.619184208450957, 47.426964610157519 ] } },
{ "type": "Feature", "properties": { "name": "bus_LV_54-2_0_4_node_9", "Landuse Category": "Residential areas (one and two-family houses)" }, "geometry": { "type": "Point", "coordinates": [ 8.619032588644385, 47.427284731376318 ] } },
{ "type": "Feature", "properties": { "name": "bus_LV_54-2_0_4_node_10", "Landuse Category": "Residential areas (one and two-family houses)" }, "geometry": { "type": "Point", "coordinates": [ 8.61897260845063, 47.427336010157681 ] } },
{ "type": "Feature", "properties": { "name": "bus_LV_54-2_0_4_node_15", "Landuse Category": "Roads" }, "geometry": { "type": "Point", "coordinates": [ 8.618505408450263, 47.427097010157759 ] } },
{ "type": "Feature", "properties": { "name": "bus_LV_54-2_0_4_node_14", "Landuse Category": "Residential areas (one and two-family houses)" }, "geometry": { "type": "Point", "coordinates": [ 8.619154408450944, 47.426915610157494 ] } },
{ "type": "Feature", "properties": { "name": "bus_LV_54-2_0_4_node_23", "Landuse Category": "Residential areas (one and two-family houses)" }, "geometry": { "type": "Point", "coordinates": [ 8.619103790633073, 47.427435609763009 ] } },
{ "type": "Feature", "properties": { "name": "bus_LV_54-2_0_4_node_78", "Landuse Category": "Residential areas (one and two-family houses)" }, "geometry": { "type": "Point", "coordinates": [ 8.619061108450648, 47.427543310157752 ] } },
{ "type": "Feature", "properties": { "name": "bus_LV_54-2_0_4_node_77", "Landuse Category": "Roads" }, "geometry": { "type": "Point", "coordinates": [ 8.618699962993942, 47.427383553057567 ] } },
{ "type": "Feature", "properties": { "name": "bus_LV_54-2_0_4_node_11", "Landuse Category": "Roads" }, "geometry": { "type": "Point", "coordinates": [ 8.618464508450122, 47.427424610157864 ] } },
{ "type": "Feature", "properties": { "name": "bus_LV_54-2_0_4_node_75", "Landuse Category": "Roads" }, "geometry": { "type": "Point", "coordinates": [ 8.618291518260753, 47.427533952636466 ] } },
{ "type": "Feature", "properties": { "name": "bus_LV_54-2_0_4_node_12", "Landuse Category": "Residential areas (blocks of flats)" }, "geometry": { "type": "Point", "coordinates": [ 8.617580108449266, 47.427399710158106 ] } },
{ "type": "Feature", "properties": { "name": "bus_LV_54-2_0_4_node_72", "Landuse Category": "Residential areas (blocks of flats)" }, "geometry": { "type": "Point", "coordinates": [ 8.617553908449258, 47.427353410158119 ] } },
{ "type": "Feature", "properties": { "name": "bus_LV_54-2_0_4_node_74", "Landuse Category": "Roads" }, "geometry": { "type": "Point", "coordinates": [ 8.617677200718619, 47.427571639653344 ] } },
{ "type": "Feature", "properties": { "name": "bus_LV_54-2_0_4_node_13", "Landuse Category": "Roads" }, "geometry": { "type": "Point", "coordinates": [ 8.618806108450645, 47.426800610157592 ] } },
{ "type": "Feature", "properties": { "name": "bus_LV_54-2_0_4_node_52", "Landuse Category": "Residential areas (one and two-family houses)" }, "geometry": { "type": "Point", "coordinates": [ 8.618649008450625, 47.426399010157546 ] } },
{ "type": "Feature", "properties": { "name": "bus_LV_54-2_0_4_node_58", "Landuse Category": "Roads" }, "geometry": { "type": "Point", "coordinates": [ 8.618896308450726, 47.426781810157586 ] } },
{ "type": "Feature", "properties": { "name": "bus_LV_54-2_0_4_node_59", "Landuse Category": "Residential areas (one and two-family houses)" }, "geometry": { "type": "Point", "coordinates": [ 8.619436033709405, 47.426829872815105 ] } },
{ "type": "Feature", "properties": { "name": "bus_LV_54-2_0_4_node_67", "Landuse Category": "Roads" }, "geometry": { "type": "Point", "coordinates": [ 8.618079593181793, 47.42721174816095 ] } },
{ "type": "Feature", "properties": { "name": "bus_LV_54-2_0_4_node_64", "Landuse Category": "Roads" }, "geometry": { "type": "Point", "coordinates": [ 8.618329609834104, 47.426991321605307 ] } },
{ "type": "Feature", "properties": { "name": "bus_LV_54-2_0_4_node_82", "Landuse Category": "Residential areas (one and two-family houses)" }, "geometry": { "type": "Point", "coordinates": [ 8.618992008450583, 47.427555410157716 ] } },
{ "type": "Feature", "properties": { "name": "bus_LV_54-2_0_4_node_25", "Landuse Category": "Residential areas (blocks of flats)" }, "geometry": { "type": "Point", "coordinates": [ 8.619200408450702, 47.427798310157762 ] } },
{ "type": "Feature", "properties": { "name": "bus_LV_54-2_0_4_node_51", "Landuse Category": "Residential areas (one and two-family houses)" }, "geometry": { "type": "Point", "coordinates": [ 8.618525808450578, 47.426121610157459 ] } },
{ "type": "Feature", "properties": { "name": "bus_LV_54-2_0_4_node_60", "Landuse Category": "Residential areas (one and two-family houses)" }, "geometry": { "type": "Point", "coordinates": [ 8.619651738232463, 47.426764203576248 ] } },
{ "type": "Feature", "properties": { "name": "bus_LV_54-2_0_4_node_65", "Landuse Category": "Roads" }, "geometry": { "type": "Point", "coordinates": [ 8.618111710760695, 47.426851648132427 ] } },
{ "type": "Feature", "properties": { "name": "bus_LV_54-2_0_4_node_63", "Landuse Category": "Residential areas (one and two-family houses)" }, "geometry": { "type": "Point", "coordinates": [ 8.618471855702619, 47.426203392446652 ] } },
{ "type": "Feature", "properties": { "name": "bus_LV_54-2_0_4_node_53", "Landuse Category": "Residential areas (one and two-family houses)" }, "geometry": { "type": "Point", "coordinates": [ 8.618448508450502, 47.426132410157479 ] } },
{ "type": "Feature", "properties": { "name": "bus_LV_54-2_0_4_node_19", "Landuse Category": "Residential areas (one and two-family houses)" }, "geometry": { "type": "Point", "coordinates": [ 8.620195609382991, 47.427201011263726 ] } },
{ "type": "Feature", "properties": { "name": "bus_LV_54-2_0_4_node_32", "Landuse Category": "Residential areas (blocks of flats)" }, "geometry": { "type": "Point", "coordinates": [ 8.619801108451794, 47.426200610157068 ] } },
{ "type": "Feature", "properties": { "name": "bus_LV_54-2_0_4_node_76", "Landuse Category": "Residential areas (blocks of flats)" }, "geometry": { "type": "Point", "coordinates": [ 8.618929540964775, 47.427847558975799 ] } },
{ "type": "Feature", "properties": { "name": "bus_LV_54-2_0_4_node_28", "Landuse Category": "Unspecified buildings and surroundings" }, "geometry": { "type": "Point", "coordinates": [ 8.621084508453022, 47.426212610156703 ] } },
{ "type": "Feature", "properties": { "name": "bus_LV_54-2_0_4_node_29", "Landuse Category": "Unspecified buildings and surroundings" }, "geometry": { "type": "Point", "coordinates": [ 8.621250521710625, 47.42623566658115 ] } },
{ "type": "Feature", "properties": { "name": "bus_LV_54-2_0_4_node_30", "Landuse Category": "Unspecified buildings and surroundings" }, "geometry": { "type": "Point", "coordinates": [ 8.621147079056664, 47.425927464459157 ] } },
{ "type": "Feature", "properties": { "name": "bus_LV_54-2_0_4_node_79", "Landuse Category": "Residential areas (blocks of flats)" }, "geometry": { "type": "Point", "coordinates": [ 8.621200584827809, 47.425703323852133 ] } },
{ "type": "Feature", "properties": { "name": "bus_LV_54-2_0_4_node_80", "Landuse Category": "Residential areas (blocks of flats)" }, "geometry": { "type": "Point", "coordinates": [ 8.621470826228856, 47.42531991060936 ] } },
{ "type": "Feature", "properties": { "name": "bus_LV_54-2_0_4_node_33", "Landuse Category": "Residential areas (blocks of flats)" }, "geometry": { "type": "Point", "coordinates": [ 8.619731909956654, 47.426040465055152 ] } },
{ "type": "Feature", "properties": { "name": "bus_LV_54-2_0_4_node_35", "Landuse Category": "Residential areas (blocks of flats)" }, "geometry": { "type": "Point", "coordinates": [ 8.619689158880705, 47.425941526335968 ] } },
{ "type": "Feature", "properties": { "name": "bus_LV_54-2_0_4_node_47", "Landuse Category": "Residential areas (blocks of flats)" }, "geometry": { "type": "Point", "coordinates": [ 8.619662386995344, 47.425879568024705 ] } },
{ "type": "Feature", "properties": { "name": "bus_LV_54-2_0_4_node_48", "Landuse Category": "Public buildings and surroundings" }, "geometry": { "type": "Point", "coordinates": [ 8.619599708451743, 47.425734510157014 ] } },
{ "type": "Feature", "properties": { "name": "bus_LV_54-2_0_4_node_36", "Landuse Category": "Residential areas (blocks of flats)" }, "geometry": { "type": "Point", "coordinates": [ 8.620576196031708, 47.425029532161744 ] } },
{ "type": "Feature", "properties": { "name": "bus_LV_54-2_0_4_node_38", "Landuse Category": "Residential areas (blocks of flats)" }, "geometry": { "type": "Point", "coordinates": [ 8.620518208452806, 47.42517281015656 ] } },
{ "type": "Feature", "properties": { "name": "bus_LV_54-2_0_4_node_40", "Landuse Category": "Residential areas (blocks of flats)" }, "geometry": { "type": "Point", "coordinates": [ 8.620426238690465, 47.425377839035015 ] } },
{ "type": "Feature", "properties": { "name": "bus_LV_54-2_0_4_node_41", "Landuse Category": "Public buildings and surroundings" }, "geometry": { "type": "Point", "coordinates": [ 8.619880688601516, 47.425158054258461 ] } },
{ "type": "Feature", "properties": { "name": "bus_LV_54-2_0_4_node_39", "Landuse Category": "Residential areas (blocks of flats)" }, "geometry": { "type": "Point", "coordinates": [ 8.621395779257764, 47.424983122011071 ] } },
{ "type": "Feature", "properties": { "name": "bus_LV_54-2_0_4_node_45", "Landuse Category": "Industrial and commercial areas > 1 ha" }, "geometry": { "type": "Point", "coordinates": [ 8.621700508453987, 47.425042710156227 ] } },
{ "type": "Feature", "properties": { "name": "bus_LV_54-2_0_4_node_42", "Landuse Category": "Residential areas (blocks of flats)" }, "geometry": { "type": "Point", "coordinates": [ 8.62022800845239, 47.425603610156777 ] } },
{ "type": "Feature", "properties": { "name": "bus_LV_54-2_0_4_node_46", "Landuse Category": "Residential areas (blocks of flats)" }, "geometry": { "type": "Point", "coordinates": [ 8.621500762024061, 47.425283781683213 ] } },
{ "type": "Feature", "properties": { "name": "bus_LV_54-2_0_4_node_43", "Landuse Category": "Residential areas (blocks of flats)" }, "geometry": { "type": "Point", "coordinates": [ 8.620449908452585, 47.42567251015673 ] } },
{ "type": "Feature", "properties": { "name": "bus_LV_54-2_0_4_node_44", "Landuse Category": "Public buildings and surroundings" }, "geometry": { "type": "Point", "coordinates": [ 8.619999108452141, 47.425684810156859 ] } },
{ "type": "Feature", "properties": { "name": "bus_LV_54-2_0_4_node_57", "Landuse Category": "Residential areas (blocks of flats)" }, "geometry": { "type": "Point", "coordinates": [ 8.620734308452844, 47.425707010156664 ] } },
{ "type": "Feature", "properties": { "name": "bus_LV_54-2_0_4_node_56", "Landuse Category": "Unspecified buildings and surroundings" }, "geometry": { "type": "Point", "coordinates": [ 8.6204916057312, 47.425858141103333 ] } },
{ "type": "Feature", "properties": { "name": "bus_LV_54-2_0_4_node_49", "Landuse Category": "Roads" }, "geometry": { "type": "Point", "coordinates": [ 8.618414108450583, 47.425788810157385 ] } },
{ "type": "Feature", "properties": { "name": "bus_LV_54-2_0_4_node_54", "Landuse Category": "Roads" }, "geometry": { "type": "Point", "coordinates": [ 8.618126508450491, 47.425206410157294 ] } },
{ "type": "Feature", "properties": { "name": "bus_LV_54-2_0_4_node_50", "Landuse Category": "Residential areas (one and two-family houses)" }, "geometry": { "type": "Point", "coordinates": [ 8.618497034551158, 47.426047310869663 ] } },
{ "type": "Feature", "properties": { "name": "bus_LV_54-2_0_4_node_55", "Landuse Category": "Roads" }, "geometry": { "type": "Point", "coordinates": [ 8.618493108450879, 47.425093710157128 ] } },
{ "type": "Feature", "properties": { "name": "bus_LV_54-2_0_4_node_81", "Landuse Category": "Roads" }, "geometry": { "type": "Point", "coordinates": [ 8.618453134387384, 47.425287846617692 ] } },
{ "type": "Feature", "properties": { "name": "bus_LV_54-2_0_4_node_61", "Landuse Category": "Residential areas (one and two-family houses)" }, "geometry": { "type": "Point", "coordinates": [ 8.618356351193293, 47.425871213729479 ] } },
{ "type": "Feature", "properties": { "name": "bus_LV_54-2_0_4_node_68", "Landuse Category": "Residential areas (one and two-family houses)" }, "geometry": { "type": "Point", "coordinates": [ 8.61781584565915, 47.426279989996274 ] } },
{ "type": "Feature", "properties": { "name": "bus_LV_54-2_0_4_node_69", "Landuse Category": "Residential areas (one and two-family houses)" }, "geometry": { "type": "Point", "coordinates": [ 8.617893056911536, 47.426505271933216 ] } },
{ "type": "Feature", "properties": { "name": "bus_LV_54-2_0_4_node_66", "Landuse Category": "Residential areas (one and two-family houses)" }, "geometry": { "type": "Point", "coordinates": [ 8.617943093347527, 47.426651263914955 ] } },
{ "type": "Feature", "properties": { "name": "bus_LV_54-2_0_4_node_71", "Landuse Category": "Residential areas (one and two-family houses)" }, "geometry": { "type": "Point", "coordinates": [ 8.617930211661506, 47.426613678925833 ] } },
{ "type": "Feature", "properties": { "name": "bus_LV_54-2_0_4_node_70", "Landuse Category": "Residential areas (one and two-family houses)" }, "geometry": { "type": "Point", "coordinates": [ 8.617927536494001, 47.426605873563219 ] } },
{ "type": "Feature", "properties": { "name": "bus_LV_54-6_0_5_node_0", "Landuse Category": "Public buildings and surroundings" }, "geometry": { "type": "Point", "coordinates": [ 8.617160538425725, 47.423549478036399 ] } },
{ "type": "Feature", "properties": { "name": "bus_LV_54-6_0_5_node_1", "Landuse Category": "Public buildings and surroundings" }, "geometry": { "type": "Point", "coordinates": [ 8.616859863096604, 47.423745061371569 ] } },
{ "type": "Feature", "properties": { "name": "bus_LV_54-6_0_5_node_2", "Landuse Category": "Public buildings and surroundings" }, "geometry": { "type": "Point", "coordinates": [ 8.616952108449764, 47.423915910157206 ] } },
{ "type": "Feature", "properties": { "name": "bus_LV_54-6_0_5_node_68", "Landuse Category": "Public buildings and surroundings" }, "geometry": { "type": "Point", "coordinates": [ 8.61729967046136, 47.423846990534159 ] } },
{ "type": "Feature", "properties": { "name": "bus_LV_54-6_0_5_node_65", "Landuse Category": "Sports facilities" }, "geometry": { "type": "Point", "coordinates": [ 8.61669584397322, 47.424149881232836 ] } },
{ "type": "Feature", "properties": { "name": "bus_LV_54-6_0_5_node_34", "Landuse Category": "Unspecified buildings and surroundings" }, "geometry": { "type": "Point", "coordinates": [ 8.617734908450556, 47.423760710156962 ] } },
{ "type": "Feature", "properties": { "name": "bus_LV_54-6_0_5_node_3", "Landuse Category": "Public buildings and surroundings" }, "geometry": { "type": "Point", "coordinates": [ 8.621096723442475, 47.423821644071495 ] } },
{ "type": "Feature", "properties": { "name": "bus_LV_54-6_0_5_node_4", "Landuse Category": "Public buildings and surroundings" }, "geometry": { "type": "Point", "coordinates": [ 8.621103463520502, 47.423811675294829 ] } },
{ "type": "Feature", "properties": { "name": "bus_LV_54-6_0_5_node_5", "Landuse Category": "Public buildings and surroundings" }, "geometry": { "type": "Point", "coordinates": [ 8.621012428867894, 47.423992965004054 ] } },
{ "type": "Feature", "properties": { "name": "bus_LV_54-6_0_5_node_6", "Landuse Category": "Public buildings and surroundings" }, "geometry": { "type": "Point", "coordinates": [ 8.621320008454134, 47.423401910155739 ] } },
{ "type": "Feature", "properties": { "name": "bus_LV_54-6_0_5_node_7", "Landuse Category": "Roads" }, "geometry": { "type": "Point", "coordinates": [ 8.620735108453179, 47.424636710156328 ] } },
{ "type": "Feature", "properties": { "name": "bus_LV_54-6_0_5_node_80", "Landuse Category": "Sports facilities" }, "geometry": { "type": "Point", "coordinates": [ 8.621618519449182, 47.423665306842381 ] } },
{ "type": "Feature", "properties": { "name": "bus_LV_54-6_0_5_node_49", "Landuse Category": "Residential areas (blocks of flats)" }, "geometry": { "type": "Point", "coordinates": [ 8.6199515201219, 47.424471101705343 ] } },
{ "type": "Feature", "properties": { "name": "bus_LV_54-6_0_5_node_56", "Landuse Category": "Railway surfaces" }, "geometry": { "type": "Point", "coordinates": [ 8.620178808453284, 47.422613510155855 ] } },
{ "type": "Feature", "properties": { "name": "bus_LV_54-6_0_5_node_13", "Landuse Category": "Residential areas (one and two-family houses)" }, "geometry": { "type": "Point", "coordinates": [ 8.619757108452868, 47.42264001015598 ] } },
{ "type": "Feature", "properties": { "name": "bus_LV_54-6_0_5_node_55", "Landuse Category": "Railway surfaces" }, "geometry": { "type": "Point", "coordinates": [ 8.620296019969393, 47.423052271328579 ] } },
{ "type": "Feature", "properties": { "name": "bus_LV_54-6_0_5_node_47", "Landuse Category": "Residential areas (blocks of flats)" }, "geometry": { "type": "Point", "coordinates": [ 8.619862608452399, 47.424452310156511 ] } },
{ "type": "Feature", "properties": { "name": "bus_LV_54-6_0_5_node_8", "Landuse Category": "Unspecified buildings and surroundings" }, "geometry": { "type": "Point", "coordinates": [ 8.618577881161611, 47.423144326310215 ] } },
{ "type": "Feature", "properties": { "name": "bus_LV_54-6_0_5_node_9", "Landuse Category": "Unspecified buildings and surroundings" }, "geometry": { "type": "Point", "coordinates": [ 8.618570790269255, 47.423071691864578 ] } },
{ "type": "Feature", "properties": { "name": "bus_LV_54-6_0_5_node_10", "Landuse Category": "Residential areas (terraced houses)" }, "geometry": { "type": "Point", "coordinates": [ 8.619142608452075, 47.423313910156402 ] } },
{ "type": "Feature", "properties": { "name": "bus_LV_54-6_0_5_node_12", "Landuse Category": "Residential areas (terraced houses)" }, "geometry": { "type": "Point", "coordinates": [ 8.6191157678654, 47.423504235596248 ] } },
{ "type": "Feature", "properties": { "name": "bus_LV_54-6_0_5_node_20", "Landuse Category": "Unspecified buildings and surroundings" }, "geometry": { "type": "Point", "coordinates": [ 8.618800074559021, 47.424025964079263 ] } },
{ "type": "Feature", "properties": { "name": "bus_LV_54-6_0_5_node_19", "Landuse Category": "Residential areas (one and two-family houses)" }, "geometry": { "type": "Point", "coordinates": [ 8.619855702637038, 47.423112056461918 ] } },
{ "type": "Feature", "properties": { "name": "bus_LV_54-6_0_5_node_25", "Landuse Category": "Unspecified buildings and surroundings" }, "geometry": { "type": "Point", "coordinates": [ 8.618012508450864, 47.423662310156814 ] } },
{ "type": "Feature", "properties": { "name": "bus_LV_54-6_0_5_node_32", "Landuse Category": "Unspecified buildings and surroundings" }, "geometry": { "type": "Point", "coordinates": [ 8.617820508450688, 47.423660210156882 ] } },
{ "type": "Feature", "properties": { "name": "bus_LV_54-6_0_5_node_23", "Landuse Category": "Unspecified buildings and surroundings" }, "geometry": { "type": "Point", "coordinates": [ 8.618444408451282, 47.423667110156714 ] } },
{ "type": "Feature", "properties": { "name": "bus_LV_54-6_0_5_node_21", "Landuse Category": "Public buildings and surroundings" }, "geometry": { "type": "Point", "coordinates": [ 8.618788908451457, 47.424143610156769 ] } },
{ "type": "Feature", "properties": { "name": "bus_LV_54-6_0_5_node_17", "Landuse Category": "Residential areas (terraced houses)" }, "geometry": { "type": "Point", "coordinates": [ 8.619883511238626, 47.423279230797235 ] } },
{ "type": "Feature", "properties": { "name": "bus_LV_54-6_0_5_node_62", "Landuse Category": "Unspecified buildings and surroundings" }, "geometry": { "type": "Point", "coordinates": [ 8.617373308450528, 47.422789210156679 ] } },
{ "type": "Feature", "properties": { "name": "bus_LV_54-6_0_5_node_64", "Landuse Category": "Unspecified buildings and surroundings" }, "geometry": { "type": "Point", "coordinates": [ 8.617343708450509, 47.422753210156742 ] } },
{ "type": "Feature", "properties": { "name": "bus_LV_54-6_0_5_node_61", "Landuse Category": "Unspecified buildings and surroundings" }, "geometry": { "type": "Point", "coordinates": [ 8.617549364832159, 47.423160211370885 ] } },
{ "type": "Feature", "properties": { "name": "bus_LV_54-6_0_5_node_63", "Landuse Category": "Unspecified buildings and surroundings" }, "geometry": { "type": "Point", "coordinates": [ 8.61814175250878, 47.423115178656431 ] } },
{ "type": "Feature", "properties": { "name": "bus_LV_54-6_0_5_node_36", "Landuse Category": "Unspecified buildings and surroundings" }, "geometry": { "type": "Point", "coordinates": [ 8.617860308450759, 47.423527210156848 ] } },
{ "type": "Feature", "properties": { "name": "bus_LV_54-6_0_5_node_15", "Landuse Category": "Residential areas (terraced houses)" }, "geometry": { "type": "Point", "coordinates": [ 8.619840675653533, 47.423367570927063 ] } },
{ "type": "Feature", "properties": { "name": "bus_LV_54-6_0_5_node_16", "Landuse Category": "Residential areas (terraced houses)" }, "geometry": { "type": "Point", "coordinates": [ 8.619795268058303, 47.423420527470128 ] } },
{ "type": "Feature", "properties": { "name": "bus_LV_54-6_0_5_node_18", "Landuse Category": "Residential areas (terraced houses)" }, "geometry": { "type": "Point", "coordinates": [ 8.619652532163256, 47.423586992195361 ] } },
{ "type": "Feature", "properties": { "name": "bus_LV_54-6_0_5_node_29", "Landuse Category": "Residential areas (terraced houses)" }, "geometry": { "type": "Point", "coordinates": [ 8.619621444188192, 47.423623248163103 ] } },
{ "type": "Feature", "properties": { "name": "bus_LV_54-6_0_5_node_27", "Landuse Category": "Residential areas (terraced houses)" }, "geometry": { "type": "Point", "coordinates": [ 8.619524908830128, 47.423735830963707 ] } },
{ "type": "Feature", "properties": { "name": "bus_LV_54-6_0_5_node_44", "Landuse Category": "Residential areas (blocks of flats)" }, "geometry": { "type": "Point", "coordinates": [ 8.618894789340134, 47.424095435618611 ] } },
{ "type": "Feature", "properties": { "name": "bus_LV_54-6_0_5_node_40", "Landuse Category": "Public buildings and surroundings" }, "geometry": { "type": "Point", "coordinates": [ 8.618677593502998, 47.424194236687484 ] } },
{ "type": "Feature", "properties": { "name": "bus_LV_54-6_0_5_node_46", "Landuse Category": "Residential areas (terraced houses)" }, "geometry": { "type": "Point", "coordinates": [ 8.619124264263339, 47.423986363005142 ] } },
{ "type": "Feature", "properties": { "name": "bus_LV_54-6_0_5_node_39", "Landuse Category": "Public buildings and surroundings" }, "geometry": { "type": "Point", "coordinates": [ 8.617979808450592, 47.42444541015707 ] } },
{ "type": "Feature", "properties": { "name": "bus_LV_54-6_0_5_node_22", "Landuse Category": "Unspecified buildings and surroundings" }, "geometry": { "type": "Point", "coordinates": [ 8.618442417278054, 47.423539861927502 ] } },
{ "type": "Feature", "properties": { "name": "bus_LV_54-6_0_5_node_24", "Landuse Category": "Unspecified buildings and surroundings" }, "geometry": { "type": "Point", "coordinates": [ 8.618441208451348, 47.423462610156648 ] } },
{ "type": "Feature", "properties": { "name": "bus_LV_54-6_0_5_node_31", "Landuse Category": "Unspecified buildings and surroundings" }, "geometry": { "type": "Point", "coordinates": [ 8.617840951185041, 47.423891861641813 ] } },
{ "type": "Feature", "properties": { "name": "bus_LV_54-6_0_5_node_26", "Landuse Category": "Residential areas (terraced houses)" }, "geometry": { "type": "Point", "coordinates": [ 8.619444818597312, 47.423809850121323 ] } },
{ "type": "Feature", "properties": { "name": "bus_LV_54-6_0_5_node_28", "Landuse Category": "Residential areas (terraced houses)" }, "geometry": { "type": "Point", "coordinates": [ 8.619352056879743, 47.423860929469718 ] } },
{ "type": "Feature", "properties": { "name": "bus_LV_54-6_0_5_node_30", "Landuse Category": "Residential areas (terraced houses)" }, "geometry": { "type": "Point", "coordinates": [ 8.619326466527975, 47.423875020796373 ] } },
{ "type": "Feature", "properties": { "name": "bus_LV_54-6_0_5_node_45", "Landuse Category": "Residential areas (terraced houses)" }, "geometry": { "type": "Point", "coordinates": [ 8.619149711031048, 47.423972350846761 ] } },
{ "type": "Feature", "properties": { "name": "bus_LV_54-6_0_5_node_33", "Landuse Category": "Public buildings and surroundings" }, "geometry": { "type": "Point", "coordinates": [ 8.617875208450606, 47.424060410157011 ] } },
{ "type": "Feature", "properties": { "name": "bus_LV_54-6_0_5_node_37", "Landuse Category": "Public buildings and surroundings" }, "geometry": { "type": "Point", "coordinates": [ 8.617809108450553, 47.424067310156993 ] } },
{ "type": "Feature", "properties": { "name": "bus_LV_54-6_0_5_node_38", "Landuse Category": "Public buildings and surroundings" }, "geometry": { "type": "Point", "coordinates": [ 8.61792709843945, 47.424251401748101 ] } },
{ "type": "Feature", "properties": { "name": "bus_LV_54-6_0_5_node_79", "Landuse Category": "Unspecified buildings and surroundings" }, "geometry": { "type": "Point", "coordinates": [ 8.617786889221527, 47.423975499004598 ] } },
{ "type": "Feature", "properties": { "name": "bus_LV_54-6_0_5_node_35", "Landuse Category": "Unspecified buildings and surroundings" }, "geometry": { "type": "Point", "coordinates": [ 8.617745608450653, 47.423489310156846 ] } },
{ "type": "Feature", "properties": { "name": "bus_LV_54-6_0_5_node_60", "Landuse Category": "Unspecified buildings and surroundings" }, "geometry": { "type": "Point", "coordinates": [ 8.617630960609315, 47.423332155179693 ] } },
{ "type": "Feature", "properties": { "name": "bus_LV_54-6_0_5_node_76", "Landuse Category": "Public buildings and surroundings" }, "geometry": { "type": "Point", "coordinates": [ 8.617864696948308, 47.424299285470461 ] } },
{ "type": "Feature", "properties": { "name": "bus_LV_54-6_0_5_node_77", "Landuse Category": "Public buildings and surroundings" }, "geometry": { "type": "Point", "coordinates": [ 8.617552908450273, 47.424117810157135 ] } },
{ "type": "Feature", "properties": { "name": "bus_LV_54-6_0_5_node_78", "Landuse Category": "Public buildings and surroundings" }, "geometry": { "type": "Point", "coordinates": [ 8.617536507906367, 47.424074849257316 ] } },
{ "type": "Feature", "properties": { "name": "bus_LV_54-6_0_5_node_41", "Landuse Category": "Public buildings and surroundings" }, "geometry": { "type": "Point", "coordinates": [ 8.617926408450492, 47.424556810157135 ] } },
{ "type": "Feature", "properties": { "name": "bus_LV_54-6_0_5_node_74", "Landuse Category": "Public buildings and surroundings" }, "geometry": { "type": "Point", "coordinates": [ 8.617935619302635, 47.424596447150499 ] } },
{ "type": "Feature", "properties": { "name": "bus_LV_54-6_0_5_node_42", "Landuse Category": "Public buildings and surroundings" }, "geometry": { "type": "Point", "coordinates": [ 8.617939508450398, 47.424899510157253 ] } },
{ "type": "Feature", "properties": { "name": "bus_LV_54-6_0_5_node_43", "Landuse Category": "Roads" }, "geometry": { "type": "Point", "coordinates": [ 8.618118608450546, 47.424997910157188 ] } },
{ "type": "Feature", "properties": { "name": "bus_LV_54-6_0_5_node_75", "Landuse Category": "Public buildings and surroundings" }, "geometry": { "type": "Point", "coordinates": [ 8.617917308450409, 47.424850510157235 ] } },
{ "type": "Feature", "properties": { "name": "bus_LV_54-6_0_5_node_59", "Landuse Category": "Roads" }, "geometry": { "type": "Point", "coordinates": [ 8.618432750368681, 47.424957878939992 ] } },
{ "type": "Feature", "properties": { "name": "bus_LV_54-6_0_5_node_58", "Landuse Category": "Roads" }, "geometry": { "type": "Point", "coordinates": [ 8.618452908450884, 47.424955310157124 ] } },
{ "type": "Feature", "properties": { "name": "bus_LV_54-6_0_5_node_48", "Landuse Category": "Residential areas (blocks of flats)" }, "geometry": { "type": "Point", "coordinates": [ 8.619688219636569, 47.424548035195123 ] } },
{ "type": "Feature", "properties": { "name": "bus_LV_54-6_0_5_node_50", "Landuse Category": "Residential areas (blocks of flats)" }, "geometry": { "type": "Point", "coordinates": [ 8.619370009990782, 47.424723434931565 ] } },
{ "type": "Feature", "properties": { "name": "bus_LV_54-6_0_5_node_57", "Landuse Category": "Public buildings and surroundings" }, "geometry": { "type": "Point", "coordinates": [ 8.618675418507928, 47.424928779538476 ] } },
{ "type": "Feature", "properties": { "name": "bus_LV_54-6_0_5_node_51", "Landuse Category": "Public buildings and surroundings" }, "geometry": { "type": "Point", "coordinates": [ 8.620274693310742, 47.423358785218056 ] } },
{ "type": "Feature", "properties": { "name": "bus_LV_54-6_0_5_node_52", "Landuse Category": "Public buildings and surroundings" }, "geometry": { "type": "Point", "coordinates": [ 8.620274994990606, 47.423357666374329 ] } },
{ "type": "Feature", "properties": { "name": "bus_LV_54-6_0_5_node_53", "Landuse Category": "Public buildings and surroundings" }, "geometry": { "type": "Point", "coordinates": [ 8.620235508453062, 47.423504110156138 ] } },
{ "type": "Feature", "properties": { "name": "bus_LV_54-6_0_5_node_54", "Landuse Category": "Public buildings and surroundings" }, "geometry": { "type": "Point", "coordinates": [ 8.620306611463487, 47.423202682554034 ] } },
{ "type": "Feature", "properties": { "name": "bus_LV_54-6_0_5_node_69", "Landuse Category": "Unspecified buildings and surroundings" }, "geometry": { "type": "Point", "coordinates": [ 8.616826501868276, 47.423011753924676 ] } },
{ "type": "Feature", "properties": { "name": "bus_LV_54-6_0_5_node_71", "Landuse Category": "Semi-natural grassland, in general" }, "geometry": { "type": "Point", "coordinates": [ 8.615789408448899, 47.423112310157293 ] } },
{ "type": "Feature", "properties": { "name": "bus_LV_54-6_0_5_node_73", "Landuse Category": "Industrial and commercial areas < 1 ha" }, "geometry": { "type": "Point", "coordinates": [ 8.615504186411414, 47.423339898516232 ] } },
{ "type": "Feature", "properties": { "name": "bus_LV_54-6_0_5_node_72", "Landuse Category": "Public buildings and surroundings" }, "geometry": { "type": "Point", "coordinates": [ 8.616338196592423, 47.423175558165262 ] } },
{ "type": "Feature", "properties": { "name": "bus_LV_54-6_0_5_node_70", "Landuse Category": "Unspecified buildings and surroundings" }, "geometry": { "type": "Point", "coordinates": [ 8.616600108449703, 47.423029310157048 ] } },
{ "type": "Feature", "properties": { "name": "bus_LV_54-9_0_5_node_0", "Landuse Category": "Railway surfaces" }, "geometry": { "type": "Point", "coordinates": [ 8.620932010435371, 47.422990302409886 ] } },
{ "type": "Feature", "properties": { "name": "bus_LV_54-9_0_5_node_1", "Landuse Category": "Railway surfaces" }, "geometry": { "type": "Point", "coordinates": [ 8.620255008453352, 47.422598910155834 ] } },
{ "type": "Feature", "properties": { "name": "bus_LV_54-9_0_5_node_2", "Landuse Category": "Railway surfaces" }, "geometry": { "type": "Point", "coordinates": [ 8.62017350444429, 47.422365896541727 ] } },
{ "type": "Feature", "properties": { "name": "bus_LV_54-9_0_5_node_3", "Landuse Category": "Railway surfaces" }, "geometry": { "type": "Point", "coordinates": [ 8.620178808453284, 47.422613510155855 ] } },
{ "type": "Feature", "properties": { "name": "bus_LV_54-9_0_5_node_77", "Landuse Category": "Railway surfaces" }, "geometry": { "type": "Point", "coordinates": [ 8.620170070144107, 47.422360406518131 ] } },
{ "type": "Feature", "properties": { "name": "bus_LV_54-9_0_5_node_88", "Landuse Category": "Residential areas (one and two-family houses)" }, "geometry": { "type": "Point", "coordinates": [ 8.619751008452871, 47.422610610155978 ] } },
{ "type": "Feature", "properties": { "name": "bus_LV_54-9_0_5_node_92", "Landuse Category": "Railway surfaces" }, "geometry": { "type": "Point", "coordinates": [ 8.620205952055167, 47.422715118226058 ] } },
{ "type": "Feature", "properties": { "name": "bus_LV_54-9_0_5_node_90", "Landuse Category": "Residential areas (one and two-family houses)" }, "geometry": { "type": "Point", "coordinates": [ 8.619508399499884, 47.422234769801861 ] } },
{ "type": "Feature", "properties": { "name": "bus_LV_54-9_0_5_node_87", "Landuse Category": "Residential areas (one and two-family houses)" }, "geometry": { "type": "Point", "coordinates": [ 8.619757108452868, 47.42264001015598 ] } },
{ "type": "Feature", "properties": { "name": "bus_LV_54-9_0_5_node_91", "Landuse Category": "Railway surfaces" }, "geometry": { "type": "Point", "coordinates": [ 8.620250484332521, 47.422881817376428 ] } },
{ "type": "Feature", "properties": { "name": "bus_LV_54-9_0_5_node_4", "Landuse Category": "Parking areas" }, "geometry": { "type": "Point", "coordinates": [ 8.621214141975804, 47.421993191239281 ] } },
{ "type": "Feature", "properties": { "name": "bus_LV_54-9_0_5_node_6", "Landuse Category": "Parking areas" }, "geometry": { "type": "Point", "coordinates": [ 8.620795308454074, 47.42196071015551 ] } },
{ "type": "Feature", "properties": { "name": "bus_LV_54-9_0_5_node_7", "Landuse Category": "Unspecified buildings and surroundings" }, "geometry": { "type": "Point", "coordinates": [ 8.619802808453269, 47.421524310155611 ] } },
{ "type": "Feature", "properties": { "name": "bus_LV_54-9_0_5_node_9", "Landuse Category": "Unspecified buildings and surroundings" }, "geometry": { "type": "Point", "coordinates": [ 8.619441608452941, 47.421439210155725 ] } },
{ "type": "Feature", "properties": { "name": "bus_LV_54-9_0_5_node_78", "Landuse Category": "Unspecified buildings and surroundings" }, "geometry": { "type": "Point", "coordinates": [ 8.619794386012691, 47.421759468533729 ] } },
{ "type": "Feature", "properties": { "name": "bus_LV_54-9_0_5_node_8", "Landuse Category": "Unspecified buildings and surroundings" }, "geometry": { "type": "Point", "coordinates": [ 8.61921820845256, 47.421994110155957 ] } },
{ "type": "Feature", "properties": { "name": "bus_LV_54-9_0_5_node_66", "Landuse Category": "Unspecified buildings and surroundings" }, "geometry": { "type": "Point", "coordinates": [ 8.619105008452454, 47.421955010155976 ] } },
{ "type": "Feature", "properties": { "name": "bus_LV_54-9_0_5_node_71", "Landuse Category": "Unspecified buildings and surroundings" }, "geometry": { "type": "Point", "coordinates": [ 8.619457922815007, 47.421375535494306 ] } },
{ "type": "Feature", "properties": { "name": "bus_LV_54-9_0_5_node_70", "Landuse Category": "Unspecified buildings and surroundings" }, "geometry": { "type": "Point", "coordinates": [ 8.619356593367479, 47.421632903994414 ] } },
{ "type": "Feature", "properties": { "name": "bus_LV_54-9_0_5_node_61", "Landuse Category": "Unspecified buildings and surroundings" }, "geometry": { "type": "Point", "coordinates": [ 8.618583808451859, 47.422263510156199 ] } },
{ "type": "Feature", "properties": { "name": "bus_LV_54-9_0_5_node_63", "Landuse Category": "Unspecified buildings and surroundings" }, "geometry": { "type": "Point", "coordinates": [ 8.6183435084516, 47.422366710156297 ] } },
{ "type": "Feature", "properties": { "name": "bus_LV_54-9_0_5_node_64", "Landuse Category": "Unspecified buildings and surroundings" }, "geometry": { "type": "Point", "coordinates": [ 8.618667308451863, 47.422482810156254 ] } },
{ "type": "Feature", "properties": { "name": "bus_LV_54-9_0_5_node_65", "Landuse Category": "Unspecified buildings and surroundings" }, "geometry": { "type": "Point", "coordinates": [ 8.618804108452107, 47.422121210156128 ] } },
{ "type": "Feature", "properties": { "name": "bus_LV_54-9_0_5_node_59", "Landuse Category": "Residential areas (one and two-family houses)" }, "geometry": { "type": "Point", "coordinates": [ 8.618457881304796, 47.421977338820057 ] } },
{ "type": "Feature", "properties": { "name": "bus_LV_54-9_0_5_node_81", "Landuse Category": "Unspecified buildings and surroundings" }, "geometry": { "type": "Point", "coordinates": [ 8.618471812598619, 47.422714536971867 ] } },
{ "type": "Feature", "properties": { "name": "bus_LV_54-9_0_5_node_79", "Landuse Category": "Unspecified buildings and surroundings" }, "geometry": { "type": "Point", "coordinates": [ 8.618741708451898, 47.422602410156259 ] } },
{ "type": "Feature", "properties": { "name": "bus_LV_54-9_0_5_node_62", "Landuse Category": "Unspecified buildings and surroundings" }, "geometry": { "type": "Point", "coordinates": [ 8.61879938739594, 47.421775612887657 ] } },
{ "type": "Feature", "properties": { "name": "bus_LV_54-9_0_5_node_31", "Landuse Category": "Residential areas (one and two-family houses)" }, "geometry": { "type": "Point", "coordinates": [ 8.618580808452283, 47.420920410155766 ] } },
{ "type": "Feature", "properties": { "name": "bus_LV_54-9_0_5_node_69", "Landuse Category": "Residential areas (one and two-family houses)" }, "geometry": { "type": "Point", "coordinates": [ 8.618624608452272, 47.421093310155861 ] } },
{ "type": "Feature", "properties": { "name": "bus_LV_54-9_0_5_node_67", "Landuse Category": "Roads" }, "geometry": { "type": "Point", "coordinates": [ 8.619170871534076, 47.420885547883728 ] } },
{ "type": "Feature", "properties": { "name": "bus_LV_54-9_0_5_node_29", "Landuse Category": "Residential areas (one and two-family houses)" }, "geometry": { "type": "Point", "coordinates": [ 8.618093208451759, 47.421051010155978 ] } },
{ "type": "Feature", "properties": { "name": "bus_LV_54-9_0_5_node_32", "Landuse Category": "Residential areas (one and two-family houses)" }, "geometry": { "type": "Point", "coordinates": [ 8.61760580845149, 47.420448310155926 ] } },
{ "type": "Feature", "properties": { "name": "bus_LV_54-9_0_5_node_154", "Landuse Category": "Roads" }, "geometry": { "type": "Point", "coordinates": [ 8.617575108451469, 47.420413010155933 ] } },
{ "type": "Feature", "properties": { "name": "bus_LV_54-9_0_5_node_27", "Landuse Category": "Residential areas (one and two-family houses)" }, "geometry": { "type": "Point", "coordinates": [ 8.617502608451382, 47.420487810155976 ] } },
{ "type": "Feature", "properties": { "name": "bus_LV_54-9_0_5_node_48", "Landuse Category": "Residential areas (one and two-family houses)" }, "geometry": { "type": "Point", "coordinates": [ 8.618027117154957, 47.421141609525037 ] } },
{ "type": "Feature", "properties": { "name": "bus_LV_54-9_0_5_node_58", "Landuse Category": "Residential areas (one and two-family houses)" }, "geometry": { "type": "Point", "coordinates": [ 8.617861343396587, 47.42085272261987 ] } },
{ "type": "Feature", "properties": { "name": "bus_LV_54-9_0_5_node_12", "Landuse Category": "Residential areas (one and two-family houses)" }, "geometry": { "type": "Point", "coordinates": [ 8.613711083813529, 47.420279378969994 ] } },
{ "type": "Feature", "properties": { "name": "bus_LV_54-9_0_5_node_13", "Landuse Category": "Residential areas (one and two-family houses)" }, "geometry": { "type": "Point", "coordinates": [ 8.613488246289917, 47.420362906262042 ] } },
{ "type": "Feature", "properties": { "name": "bus_LV_54-9_0_5_node_14", "Landuse Category": "Residential areas (one and two-family houses)" }, "geometry": { "type": "Point", "coordinates": [ 8.613730713068669, 47.420272021205818 ] } },
{ "type": "Feature", "properties": { "name": "bus_LV_54-9_0_5_node_15", "Landuse Category": "Public buildings and surroundings" }, "geometry": { "type": "Point", "coordinates": [ 8.613444662328112, 47.420379242973041 ] } },
{ "type": "Feature", "properties": { "name": "bus_LV_54-9_0_5_node_16", "Landuse Category": "Residential areas (one and two-family houses)" }, "geometry": { "type": "Point", "coordinates": [ 8.61403940844815, 47.420156310156884 ] } },
{ "type": "Feature", "properties": { "name": "bus_LV_54-9_0_5_node_21", "Landuse Category": "Public buildings and surroundings" }, "geometry": { "type": "Point", "coordinates": [ 8.61342334540466, 47.420387217636872 ] } },
{ "type": "Feature", "properties": { "name": "bus_LV_54-9_0_5_node_152", "Landuse Category": "Residential areas (one and two-family houses)" }, "geometry": { "type": "Point", "coordinates": [ 8.614171890009253, 47.420360398046647 ] } },
{ "type": "Feature", "properties": { "name": "bus_LV_54-9_0_5_node_19", "Landuse Category": "Public buildings and surroundings" }, "geometry": { "type": "Point", "coordinates": [ 8.613351595710686, 47.420413768371084 ] } },
{ "type": "Feature", "properties": { "name": "bus_LV_54-9_0_5_node_151", "Landuse Category": "Residential areas (one and two-family houses)" }, "geometry": { "type": "Point", "coordinates": [ 8.614172574044055, 47.420361451797994 ] } },
{ "type": "Feature", "properties": { "name": "bus_LV_54-9_0_5_node_17", "Landuse Category": "Public buildings and surroundings" }, "geometry": { "type": "Point", "coordinates": [ 8.613295227629518, 47.420434627140914 ] } },
{ "type": "Feature", "properties": { "name": "bus_LV_54-9_0_5_node_18", "Landuse Category": "Public buildings and surroundings" }, "geometry": { "type": "Point", "coordinates": [ 8.613144819423267, 47.420490284845599 ] } },
{ "type": "Feature", "properties": { "name": "bus_LV_54-9_0_5_node_22", "Landuse Category": "Roads" }, "geometry": { "type": "Point", "coordinates": [ 8.616659937034253, 47.420467828562145 ] } },
{ "type": "Feature", "properties": { "name": "bus_LV_54-9_0_5_node_23", "Landuse Category": "Roads" }, "geometry": { "type": "Point", "coordinates": [ 8.616470608450362, 47.420538810156302 ] } },
{ "type": "Feature", "properties": { "name": "bus_LV_54-9_0_5_node_25", "Landuse Category": "Roads" }, "geometry": { "type": "Point", "coordinates": [ 8.616560236702577, 47.420650789065448 ] } },
{ "type": "Feature", "properties": { "name": "bus_LV_54-9_0_5_node_26", "Landuse Category": "Roads" }, "geometry": { "type": "Point", "coordinates": [ 8.616419729098459, 47.420473664400625 ] } },
{ "type": "Feature", "properties": { "name": "bus_LV_54-9_0_5_node_54", "Landuse Category": "Roads" }, "geometry": { "type": "Point", "coordinates": [ 8.616569467785276, 47.420662322078414 ] } },
{ "type": "Feature", "properties": { "name": "bus_LV_54-9_0_5_node_94", "Landuse Category": "Residential areas (one and two-family houses)" }, "geometry": { "type": "Point", "coordinates": [ 8.616261947855291, 47.420271640647734 ] } },
{ "type": "Feature", "properties": { "name": "bus_LV_54-9_0_5_node_28", "Landuse Category": "Roads" }, "geometry": { "type": "Point", "coordinates": [ 8.61730220845117, 47.420540010156074 ] } },
{ "type": "Feature", "properties": { "name": "bus_LV_54-9_0_5_node_37", "Landuse Category": "Residential areas (one and two-family houses)" }, "geometry": { "type": "Point", "coordinates": [ 8.61764406719638, 47.420667491618751 ] } },
{ "type": "Feature", "properties": { "name": "bus_LV_54-9_0_5_node_153", "Landuse Category": "Roads" }, "geometry": { "type": "Point", "coordinates": [ 8.617218808451092, 47.420524610156072 ] } },
{ "type": "Feature", "properties": { "name": "bus_LV_54-9_0_5_node_53", "Landuse Category": "Roads" }, "geometry": { "type": "Point", "coordinates": [ 8.616673334239449, 47.42079208903283 ] } },
{ "type": "Feature", "properties": { "name": "bus_LV_54-9_0_5_node_35", "Landuse Category": "Residential areas (one and two-family houses)" }, "geometry": { "type": "Point", "coordinates": [ 8.617752908451529, 47.420731810155985 ] } },
{ "type": "Feature", "properties": { "name": "bus_LV_54-9_0_5_node_47", "Landuse Category": "Residential areas (one and two-family houses)" }, "geometry": { "type": "Point", "coordinates": [ 8.617886500790526, 47.42133430352618 ] } },
{ "type": "Feature", "properties": { "name": "bus_LV_54-9_0_5_node_36", "Landuse Category": "Residential areas (one and two-family houses)" }, "geometry": { "type": "Point", "coordinates": [ 8.617799308451573, 47.420777510155986 ] } },
{ "type": "Feature", "properties": { "name": "bus_LV_54-9_0_5_node_34", "Landuse Category": "Residential areas (one and two-family houses)" }, "geometry": { "type": "Point", "coordinates": [ 8.618170935848116, 47.420570030851579 ] } },
{ "type": "Feature", "properties": { "name": "bus_LV_54-9_0_5_node_33", "Landuse Category": "Residential areas (one and two-family houses)" }, "geometry": { "type": "Point", "coordinates": [ 8.617879563714343, 47.42063296679482 ] } },
{ "type": "Feature", "properties": { "name": "bus_LV_54-9_0_5_node_52", "Landuse Category": "Residential areas (one and two-family houses)" }, "geometry": { "type": "Point", "coordinates": [ 8.617581270580844, 47.420861224186041 ] } },
{ "type": "Feature", "properties": { "name": "bus_LV_54-9_0_5_node_41", "Landuse Category": "Residential areas (one and two-family houses)" }, "geometry": { "type": "Point", "coordinates": [ 8.617500317386929, 47.420892305394545 ] } },
{ "type": "Feature", "properties": { "name": "bus_LV_54-9_0_5_node_38", "Landuse Category": "Roads" }, "geometry": { "type": "Point", "coordinates": [ 8.617106207091059, 47.421043618959381 ] } },
{ "type": "Feature", "properties": { "name": "bus_LV_54-9_0_5_node_39", "Landuse Category": "Residential areas (one and two-family houses)" }, "geometry": { "type": "Point", "coordinates": [ 8.617465478228743, 47.420905681529121 ] } },
{ "type": "Feature", "properties": { "name": "bus_LV_54-9_0_5_node_40", "Landuse Category": "Roads" }, "geometry": { "type": "Point", "coordinates": [ 8.616930408450623, 47.421111310156327 ] } },
{ "type": "Feature", "properties": { "name": "bus_LV_54-9_0_5_node_42", "Landuse Category": "Roads" }, "geometry": { "type": "Point", "coordinates": [ 8.617024385393162, 47.42123398393592 ] } },
{ "type": "Feature", "properties": { "name": "bus_LV_54-9_0_5_node_43", "Landuse Category": "Roads" }, "geometry": { "type": "Point", "coordinates": [ 8.61672431458115, 47.420855781742127 ] } },
{ "type": "Feature", "properties": { "name": "bus_LV_54-9_0_5_node_44", "Landuse Category": "Roads" }, "geometry": { "type": "Point", "coordinates": [ 8.616687513199494, 47.421194238121352 ] } },
{ "type": "Feature", "properties": { "name": "bus_LV_54-9_0_5_node_100", "Landuse Category": "Roads" }, "geometry": { "type": "Point", "coordinates": [ 8.61650840571466, 47.421255399757399 ] } },
{ "type": "Feature", "properties": { "name": "bus_LV_54-9_0_5_node_45", "Landuse Category": "Residential areas (one and two-family houses)" }, "geometry": { "type": "Point", "coordinates": [ 8.61721987971757, 47.421489172413523 ] } },
{ "type": "Feature", "properties": { "name": "bus_LV_54-9_0_5_node_46", "Landuse Category": "Residential areas (one and two-family houses)" }, "geometry": { "type": "Point", "coordinates": [ 8.617220227920871, 47.421489626938119 ] } },
{ "type": "Feature", "properties": { "name": "bus_LV_54-9_0_5_node_101", "Landuse Category": "Residential areas (one and two-family houses)" }, "geometry": { "type": "Point", "coordinates": [ 8.616151529705498, 47.421377264550614 ] } },
{ "type": "Feature", "properties": { "name": "bus_LV_54-9_0_5_node_55", "Landuse Category": "Residential areas (one and two-family houses)" }, "geometry": { "type": "Point", "coordinates": [ 8.617351425381216, 47.421660883943858 ] } },
{ "type": "Feature", "properties": { "name": "bus_LV_54-9_0_5_node_56", "Landuse Category": "Residential areas (one and two-family houses)" }, "geometry": { "type": "Point", "coordinates": [ 8.617536008450992, 47.421807510156405 ] } },
{ "type": "Feature", "properties": { "name": "bus_LV_54-9_0_5_node_49", "Landuse Category": "Residential areas (one and two-family houses)" }, "geometry": { "type": "Point", "coordinates": [ 8.617704408451216, 47.421581110156268 ] } },
{ "type": "Feature", "properties": { "name": "bus_LV_54-9_0_5_node_50", "Landuse Category": "Residential areas (one and two-family houses)" }, "geometry": { "type": "Point", "coordinates": [ 8.61768387922986, 47.421608710129135 ] } },
{ "type": "Feature", "properties": { "name": "bus_LV_54-9_0_5_node_51", "Landuse Category": "Residential areas (one and two-family houses)" }, "geometry": { "type": "Point", "coordinates": [ 8.617822886007678, 47.421726767341724 ] } },
{ "type": "Feature", "properties": { "name": "bus_LV_54-9_0_5_node_74", "Landuse Category": "Residential areas (one and two-family houses)" }, "geometry": { "type": "Point", "coordinates": [ 8.618024808451407, 47.421975010156316 ] } },
{ "type": "Feature", "properties": { "name": "bus_LV_54-9_0_5_node_57", "Landuse Category": "Residential areas (one and two-family houses)" }, "geometry": { "type": "Point", "coordinates": [ 8.617313462466445, 47.422064683201071 ] } },
{ "type": "Feature", "properties": { "name": "bus_LV_54-9_0_5_node_75", "Landuse Category": "Residential areas (one and two-family houses)" }, "geometry": { "type": "Point", "coordinates": [ 8.61762220845098, 47.42212241015644 ] } },
{ "type": "Feature", "properties": { "name": "bus_LV_54-9_0_5_node_72", "Landuse Category": "Residential areas (one and two-family houses)" }, "geometry": { "type": "Point", "coordinates": [ 8.618037887359234, 47.421991084992179 ] } },
{ "type": "Feature", "properties": { "name": "bus_LV_54-9_0_5_node_60", "Landuse Category": "Residential areas (one and two-family houses)" }, "geometry": { "type": "Point", "coordinates": [ 8.618368500060893, 47.421748676690783 ] } },
{ "type": "Feature", "properties": { "name": "bus_LV_54-9_0_5_node_73", "Landuse Category": "Unspecified buildings and surroundings" }, "geometry": { "type": "Point", "coordinates": [ 8.618254918005409, 47.422257828249741 ] } },
{ "type": "Feature", "properties": { "name": "bus_LV_54-9_0_5_node_76", "Landuse Category": "Unspecified buildings and surroundings" }, "geometry": { "type": "Point", "coordinates": [ 8.617928308451148, 47.422547510156505 ] } },
{ "type": "Feature", "properties": { "name": "bus_LV_54-9_0_5_node_115", "Landuse Category": "Unspecified buildings and surroundings" }, "geometry": { "type": "Point", "coordinates": [ 8.617713169354685, 47.422641202843096 ] } },
{ "type": "Feature", "properties": { "name": "bus_LV_54-9_0_5_node_119", "Landuse Category": "Unspecified buildings and surroundings" }, "geometry": { "type": "Point", "coordinates": [ 8.617773608451051, 47.422352610156445 ] } },
{ "type": "Feature", "properties": { "name": "bus_LV_54-9_0_5_node_126", "Landuse Category": "Residential areas (one and two-family houses)" }, "geometry": { "type": "Point", "coordinates": [ 8.617558608450944, 47.422028810156434 ] } },
{ "type": "Feature", "properties": { "name": "bus_LV_54-9_0_5_node_122", "Landuse Category": "Unspecified buildings and surroundings" }, "geometry": { "type": "Point", "coordinates": [ 8.617751851228126, 47.422285274100979 ] } },
{ "type": "Feature", "properties": { "name": "bus_LV_54-9_0_5_node_114", "Landuse Category": "Unspecified buildings and surroundings" }, "geometry": { "type": "Point", "coordinates": [ 8.617552997350096, 47.422710956984645 ] } },
{ "type": "Feature", "properties": { "name": "bus_LV_54-9_0_5_node_117", "Landuse Category": "Unspecified buildings and surroundings" }, "geometry": { "type": "Point", "coordinates": [ 8.617505853936128, 47.42245106137792 ] } },
{ "type": "Feature", "properties": { "name": "bus_LV_54-9_0_5_node_85", "Landuse Category": "Unspecified buildings and surroundings" }, "geometry": { "type": "Point", "coordinates": [ 8.617373308450528, 47.422789210156679 ] } },
{ "type": "Feature", "properties": { "name": "bus_LV_54-9_0_5_node_116", "Landuse Category": "Unspecified buildings and surroundings" }, "geometry": { "type": "Point", "coordinates": [ 8.617343708450509, 47.422753210156742 ] } },
{ "type": "Feature", "properties": { "name": "bus_LV_54-9_0_5_node_86", "Landuse Category": "Residential areas (one and two-family houses)" }, "geometry": { "type": "Point", "coordinates": [ 8.619596536592816, 47.422721396909289 ] } },
{ "type": "Feature", "properties": { "name": "bus_LV_54-9_0_5_node_93", "Landuse Category": "Residential areas (one and two-family houses)" }, "geometry": { "type": "Point", "coordinates": [ 8.619820799843787, 47.422944950881011 ] } },
{ "type": "Feature", "properties": { "name": "bus_LV_54-9_0_5_node_89", "Landuse Category": "Residential areas (one and two-family houses)" }, "geometry": { "type": "Point", "coordinates": [ 8.619779216193914, 47.422745857683978 ] } },
{ "type": "Feature", "properties": { "name": "bus_LV_54-9_0_5_node_121", "Landuse Category": "Unspecified buildings and surroundings" }, "geometry": { "type": "Point", "coordinates": [ 8.617241331544397, 47.422628780952174 ] } },
{ "type": "Feature", "properties": { "name": "bus_LV_54-9_0_5_node_97", "Landuse Category": "Residential areas (blocks of flats)" }, "geometry": { "type": "Point", "coordinates": [ 8.614814308448764, 47.420529510156783 ] } },
{ "type": "Feature", "properties": { "name": "bus_LV_54-9_0_5_node_99", "Landuse Category": "Residential areas (blocks of flats)" }, "geometry": { "type": "Point", "coordinates": [ 8.614365408448307, 47.420658510156969 ] } },
{ "type": "Feature", "properties": { "name": "bus_LV_54-9_0_5_node_96", "Landuse Category": "Public buildings and surroundings" }, "geometry": { "type": "Point", "coordinates": [ 8.614867793493721, 47.420435131164851 ] } },
{ "type": "Feature", "properties": { "name": "bus_LV_54-9_0_5_node_142", "Landuse Category": "Residential areas (blocks of flats)" }, "geometry": { "type": "Point", "coordinates": [ 8.614276337214688, 47.420521297781875 ] } },
{ "type": "Feature", "properties": { "name": "bus_LV_54-9_0_5_node_135", "Landuse Category": "Residential areas (blocks of flats)" }, "geometry": { "type": "Point", "coordinates": [ 8.614470378334067, 47.420834593936782 ] } },
{ "type": "Feature", "properties": { "name": "bus_LV_54-9_0_5_node_112", "Landuse Category": "Residential areas (blocks of flats)" }, "geometry": { "type": "Point", "coordinates": [ 8.614596368811638, 47.421045937439878 ] } },
{ "type": "Feature", "properties": { "name": "bus_LV_54-9_0_5_node_102", "Landuse Category": "Semi-natural grassland, in general" }, "geometry": { "type": "Point", "coordinates": [ 8.616092052016782, 47.421397574625445 ] } },
{ "type": "Feature", "properties": { "name": "bus_LV_54-9_0_5_node_103", "Landuse Category": "Semi-natural grassland, in general" }, "geometry": { "type": "Point", "coordinates": [ 8.615754445150372, 47.421512857662648 ] } },
{ "type": "Feature", "properties": { "name": "bus_LV_54-9_0_5_node_104", "Landuse Category": "Semi-natural grassland, in general" }, "geometry": { "type": "Point", "coordinates": [ 8.615528208449122, 47.421590110156934 ] } },
{ "type": "Feature", "properties": { "name": "bus_LV_54-9_0_5_node_113", "Landuse Category": "Semi-natural grassland, in general" }, "geometry": { "type": "Point", "coordinates": [ 8.615644607648949, 47.421760022607984 ] } },
{ "type": "Feature", "properties": { "name": "bus_LV_54-9_0_5_node_107", "Landuse Category": "Semi-natural grassland, in general" }, "geometry": { "type": "Point", "coordinates": [ 8.615200208448774, 47.421712310157012 ] } },
{ "type": "Feature", "properties": { "name": "bus_LV_54-9_0_5_node_125", "Landuse Category": "Semi-natural grassland, in general" }, "geometry": { "type": "Point", "coordinates": [ 8.615844808449275, 47.422062810156973 ] } },
{ "type": "Feature", "properties": { "name": "bus_LV_54-9_0_5_node_109", "Landuse Category": "Semi-natural grassland, in general" }, "geometry": { "type": "Point", "coordinates": [ 8.61504690844861, 47.421769410157104 ] } },
{ "type": "Feature", "properties": { "name": "bus_LV_54-9_0_5_node_105", "Landuse Category": "Semi-natural grassland, in general" }, "geometry": { "type": "Point", "coordinates": [ 8.615029223393371, 47.421553191914185 ] } },
{ "type": "Feature", "properties": { "name": "bus_LV_54-9_0_5_node_106", "Landuse Category": "Residential areas (blocks of flats)" }, "geometry": { "type": "Point", "coordinates": [ 8.614835687143509, 47.421373086125755 ] } },
{ "type": "Feature", "properties": { "name": "bus_LV_54-9_0_5_node_108", "Landuse Category": "Residential areas (blocks of flats)" }, "geometry": { "type": "Point", "coordinates": [ 8.614709947512099, 47.421236459161996 ] } },
{ "type": "Feature", "properties": { "name": "bus_LV_54-9_0_5_node_110", "Landuse Category": "Residential areas (blocks of flats)" }, "geometry": { "type": "Point", "coordinates": [ 8.614707455723458, 47.421232279346185 ] } },
{ "type": "Feature", "properties": { "name": "bus_LV_54-9_0_5_node_134", "Landuse Category": "Public buildings and surroundings" }, "geometry": { "type": "Point", "coordinates": [ 8.614517484419256, 47.422012110117386 ] } },
{ "type": "Feature", "properties": { "name": "bus_LV_54-9_0_5_node_111", "Landuse Category": "Residential areas (blocks of flats)" }, "geometry": { "type": "Point", "coordinates": [ 8.614704213471835, 47.4212268406757 ] } },
{ "type": "Feature", "properties": { "name": "bus_LV_54-9_0_5_node_133", "Landuse Category": "Public buildings and surroundings" }, "geometry": { "type": "Point", "coordinates": [ 8.613941308447385, 47.422251710157589 ] } },
{ "type": "Feature", "properties": { "name": "bus_LV_54-9_0_5_node_123", "Landuse Category": "Residential areas (one and two-family houses)" }, "geometry": { "type": "Point", "coordinates": [ 8.616654208450095, 47.421958010156665 ] } },
{ "type": "Feature", "properties": { "name": "bus_LV_54-9_0_5_node_127", "Landuse Category": "Public buildings and surroundings" }, "geometry": { "type": "Point", "coordinates": [ 8.613513663353242, 47.421557772728541 ] } },
{ "type": "Feature", "properties": { "name": "bus_LV_54-9_0_5_node_128", "Landuse Category": "Residential areas (one and two-family houses)" }, "geometry": { "type": "Point", "coordinates": [ 8.613410451153827, 47.421390769229951 ] } },
{ "type": "Feature", "properties": { "name": "bus_LV_54-9_0_5_node_129", "Landuse Category": "Public buildings and surroundings" }, "geometry": { "type": "Point", "coordinates": [ 8.61366800844727, 47.421807510157514 ] } },
{ "type": "Feature", "properties": { "name": "bus_LV_54-9_0_5_node_130", "Landuse Category": "Residential areas (one and two-family houses)" }, "geometry": { "type": "Point", "coordinates": [ 8.613404866042307, 47.421381732153421 ] } },
{ "type": "Feature", "properties": { "name": "bus_LV_54-9_0_5_node_131", "Landuse Category": "Public buildings and surroundings" }, "geometry": { "type": "Point", "coordinates": [ 8.613742549448386, 47.421920445296848 ] } },
{ "type": "Feature", "properties": { "name": "bus_LV_54-9_0_5_node_132", "Landuse Category": "Residential areas (one and two-family houses)" }, "geometry": { "type": "Point", "coordinates": [ 8.613296008446881, 47.421908010157622 ] } },
{ "type": "Feature", "properties": { "name": "bus_LV_54-9_0_5_node_136", "Landuse Category": "Residential areas (one and two-family houses)" }, "geometry": { "type": "Point", "coordinates": [ 8.613373256316915, 47.421330585482217 ] } },
{ "type": "Feature", "properties": { "name": "bus_LV_54-9_0_5_node_143", "Landuse Category": "Residential areas (one and two-family houses)" }, "geometry": { "type": "Point", "coordinates": [ 8.61305700457493, 47.421716696884495 ] } },
{ "type": "Feature", "properties": { "name": "bus_LV_54-9_0_5_node_137", "Landuse Category": "Residential areas (one and two-family houses)" }, "geometry": { "type": "Point", "coordinates": [ 8.613295939762546, 47.421205481619452 ] } },
{ "type": "Feature", "properties": { "name": "bus_LV_54-9_0_5_node_144", "Landuse Category": "Residential areas (one and two-family houses)" }, "geometry": { "type": "Point", "coordinates": [ 8.612907608446601, 47.42159711015767 ] } },
{ "type": "Feature", "properties": { "name": "bus_LV_54-9_0_5_node_139", "Landuse Category": "Residential areas (one and two-family houses)" }, "geometry": { "type": "Point", "coordinates": [ 8.613268208447083, 47.421160610157429 ] } },
{ "type": "Feature", "properties": { "name": "bus_LV_54-9_0_5_node_140", "Landuse Category": "Residential areas (one and two-family houses)" }, "geometry": { "type": "Point", "coordinates": [ 8.613172529912376, 47.421002629753097 ] } },
{ "type": "Feature", "properties": { "name": "bus_LV_54-9_0_5_node_141", "Landuse Category": "Residential areas (one and two-family houses)" }, "geometry": { "type": "Point", "coordinates": [ 8.612996238279441, 47.421199234630144 ] } },
{ "type": "Feature", "properties": { "name": "bus_LV_54-9_0_5_node_149", "Landuse Category": "Residential areas (one and two-family houses)" }, "geometry": { "type": "Point", "coordinates": [ 8.612838651025326, 47.421221804490344 ] } },
{ "type": "Feature", "properties": { "name": "bus_LV_54-9_0_5_node_147", "Landuse Category": "Residential areas (one and two-family houses)" }, "geometry": { "type": "Point", "coordinates": [ 8.61259041275571, 47.42125733883676 ] } },
{ "type": "Feature", "properties": { "name": "bus_LV_54-9_0_5_node_145", "Landuse Category": "Residential areas (one and two-family houses)" }, "geometry": { "type": "Point", "coordinates": [ 8.612503268110695, 47.421269810214753 ] } },
{ "type": "Feature", "properties": { "name": "bus_LV_54-9_0_5_node_146", "Landuse Category": "Residential areas (one and two-family houses)" }, "geometry": { "type": "Point", "coordinates": [ 8.612456915894516, 47.421276443708592 ] } },
{ "type": "Feature", "properties": { "name": "bus_LV_54-9_0_5_node_148", "Landuse Category": "Residential areas (one and two-family houses)" }, "geometry": { "type": "Point", "coordinates": [ 8.612188978438242, 47.42131478800377 ] } },
{ "type": "Feature", "properties": { "name": "bus_LV_54-9_0_5_node_150", "Landuse Category": "Arable land, in general" }, "geometry": { "type": "Point", "coordinates": [ 8.612083308445888, 47.421329910157837 ] } },
{ "type": "Feature", "properties": { "name": "bus_LV_54-1_0_4_node_0", "Landuse Category": "Railway surfaces" }, "geometry": { "type": "Point", "coordinates": [ 8.619413023131477, 47.420389025341507 ] } },
{ "type": "Feature", "properties": { "name": "bus_LV_54-1_0_4_node_1", "Landuse Category": "Railway surfaces" }, "geometry": { "type": "Point", "coordinates": [ 8.619418714544747, 47.420399229399223 ] } },
{ "type": "Feature", "properties": { "name": "bus_LV_54-1_0_4_node_2", "Landuse Category": "Railway surfaces" }, "geometry": { "type": "Point", "coordinates": [ 8.619357108453233, 47.420236310155346 ] } },
{ "type": "Feature", "properties": { "name": "bus_LV_54-1_0_4_node_4", "Landuse Category": "Railway surfaces" }, "geometry": { "type": "Point", "coordinates": [ 8.619528508453408, 47.420192310155301 ] } },
{ "type": "Feature", "properties": { "name": "bus_LV_54-1_0_4_node_5", "Landuse Category": "Railway surfaces" }, "geometry": { "type": "Point", "coordinates": [ 8.619225352126811, 47.420270144651063 ] } },
{ "type": "Feature", "properties": { "name": "bus_LV_54-1_0_4_node_7", "Landuse Category": "Railway surfaces" }, "geometry": { "type": "Point", "coordinates": [ 8.619726908453696, 47.419923610155124 ] } },
{ "type": "Feature", "properties": { "name": "bus_LV_54-1_0_4_node_6", "Landuse Category": "Railway surfaces" }, "geometry": { "type": "Point", "coordinates": [ 8.619631374556336, 47.420376256708778 ] } },
{ "type": "Feature", "properties": { "name": "bus_LV_54-1_0_4_node_8", "Landuse Category": "Railway surfaces" }, "geometry": { "type": "Point", "coordinates": [ 8.619154108453024, 47.420288410155443 ] } },
{ "type": "Feature", "properties": { "name": "bus_LV_54-1_0_4_node_134", "Landuse Category": "Railway surfaces" }, "geometry": { "type": "Point", "coordinates": [ 8.619106755768707, 47.420211121832907 ] } },
{ "type": "Feature", "properties": { "name": "bus_LV_54-1_0_4_node_13", "Landuse Category": "Residential areas (blocks of flats)" }, "geometry": { "type": "Point", "coordinates": [ 8.621413908455068, 47.420727010154906 ] } },
{ "type": "Feature", "properties": { "name": "bus_LV_54-1_0_4_node_14", "Landuse Category": "Residential areas (blocks of flats)" }, "geometry": { "type": "Point", "coordinates": [ 8.621298908454929, 47.420777310154968 ] } },
{ "type": "Feature", "properties": { "name": "bus_LV_54-1_0_4_node_15", "Landuse Category": "Sports facilities" }, "geometry": { "type": "Point", "coordinates": [ 8.621501108454883, 47.421559410155176 ] } },
{ "type": "Feature", "properties": { "name": "bus_LV_54-1_0_4_node_133", "Landuse Category": "Industrial and commercial areas > 1 ha" }, "geometry": { "type": "Point", "coordinates": [ 8.621736818103637, 47.420672894631188 ] } },
{ "type": "Feature", "properties": { "name": "bus_LV_54-1_0_4_node_116", "Landuse Category": "Residential areas (blocks of flats)" }, "geometry": { "type": "Point", "coordinates": [ 8.621060117777199, 47.420831363066114 ] } },
{ "type": "Feature", "properties": { "name": "bus_LV_54-1_0_4_node_131", "Landuse Category": "Sports facilities" }, "geometry": { "type": "Point", "coordinates": [ 8.621964015594688, 47.421653729837423 ] } },
{ "type": "Feature", "properties": { "name": "bus_LV_54-1_0_4_node_47", "Landuse Category": "Residential areas (blocks of flats)" }, "geometry": { "type": "Point", "coordinates": [ 8.620270208454308, 47.419640910154932 ] } },
{ "type": "Feature", "properties": { "name": "bus_LV_54-1_0_4_node_59", "Landuse Category": "Railway surfaces" }, "geometry": { "type": "Point", "coordinates": [ 8.619457648829128, 47.419677235763935 ] } },
{ "type": "Feature", "properties": { "name": "bus_LV_54-1_0_4_node_62", "Landuse Category": "Residential areas (blocks of flats)" }, "geometry": { "type": "Point", "coordinates": [ 8.620356429432835, 47.419869119952857 ] } },
{ "type": "Feature", "properties": { "name": "bus_LV_54-1_0_4_node_65", "Landuse Category": "Residential areas (blocks of flats)" }, "geometry": { "type": "Point", "coordinates": [ 8.621001844836512, 47.419588213450893 ] } },
{ "type": "Feature", "properties": { "name": "bus_LV_54-1_0_4_node_45", "Landuse Category": "Residential areas (blocks of flats)" }, "geometry": { "type": "Point", "coordinates": [ 8.620211154500325, 47.419438916284406 ] } },
{ "type": "Feature", "properties": { "name": "bus_LV_54-1_0_4_node_51", "Landuse Category": "Industrial and commercial areas < 1 ha" }, "geometry": { "type": "Point", "coordinates": [ 8.619283379888245, 47.419356112975578 ] } },
{ "type": "Feature", "properties": { "name": "bus_LV_54-1_0_4_node_135", "Landuse Category": "Railway surfaces" }, "geometry": { "type": "Point", "coordinates": [ 8.619164054675421, 47.420078483025286 ] } },
{ "type": "Feature", "properties": { "name": "bus_LV_54-1_0_4_node_54", "Landuse Category": "Residential areas (one and two-family houses)" }, "geometry": { "type": "Point", "coordinates": [ 8.618347908452753, 47.418711110155165 ] } },
{ "type": "Feature", "properties": { "name": "bus_LV_54-1_0_4_node_129", "Landuse Category": "Residential areas (one and two-family houses)" }, "geometry": { "type": "Point", "coordinates": [ 8.617870540158833, 47.418865284200066 ] } },
{ "type": "Feature", "properties": { "name": "bus_LV_54-1_0_4_node_53", "Landuse Category": "Residential areas (one and two-family houses)" }, "geometry": { "type": "Point", "coordinates": [ 8.618813308453266, 47.418471710154932 ] } },
{ "type": "Feature", "properties": { "name": "bus_LV_54-1_0_4_node_90", "Landuse Category": "Roads" }, "geometry": { "type": "Point", "coordinates": [ 8.617646508452466, 47.41748351015503 ] } },
{ "type": "Feature", "properties": { "name": "bus_LV_54-1_0_4_node_108", "Landuse Category": "Roads" }, "geometry": { "type": "Point", "coordinates": [ 8.617862643958118, 47.417908459537784 ] } },
{ "type": "Feature", "properties": { "name": "bus_LV_54-1_0_4_node_103", "Landuse Category": "Residential areas (blocks of flats)" }, "geometry": { "type": "Point", "coordinates": [ 8.617317008452066, 47.417703210155153 ] } },
{ "type": "Feature", "properties": { "name": "bus_LV_54-1_0_4_node_105", "Landuse Category": "Roads" }, "geometry": { "type": "Point", "coordinates": [ 8.61745727352487, 47.417186331727237 ] } },
{ "type": "Feature", "properties": { "name": "bus_LV_54-1_0_4_node_109", "Landuse Category": "Roads" }, "geometry": { "type": "Point", "coordinates": [ 8.617961008452566, 47.418099710155111 ] } },
{ "type": "Feature", "properties": { "name": "bus_LV_54-1_0_4_node_123", "Landuse Category": "Roads" }, "geometry": { "type": "Point", "coordinates": [ 8.617979129176987, 47.418135421592062 ] } },
{ "type": "Feature", "properties": { "name": "bus_LV_54-1_0_4_node_128", "Landuse Category": "Residential areas (one and two-family houses)" }, "geometry": { "type": "Point", "coordinates": [ 8.617687308452059, 47.418917610155425 ] } },
{ "type": "Feature", "properties": { "name": "bus_LV_54-1_0_4_node_130", "Landuse Category": "Residential areas (one and two-family houses)" }, "geometry": { "type": "Point", "coordinates": [ 8.617816858381527, 47.419084108550216 ] } },
{ "type": "Feature", "properties": { "name": "bus_LV_54-1_0_4_node_126", "Landuse Category": "Roads" }, "geometry": { "type": "Point", "coordinates": [ 8.617472412021613, 47.418633269863236 ] } },
{ "type": "Feature", "properties": { "name": "bus_LV_54-1_0_4_node_111", "Landuse Category": "Residential areas (blocks of flats)" }, "geometry": { "type": "Point", "coordinates": [ 8.620330308453958, 47.420940110155314 ] } },
{ "type": "Feature", "properties": { "name": "bus_LV_54-1_0_4_node_74", "Landuse Category": "Residential areas (blocks of flats)" }, "geometry": { "type": "Point", "coordinates": [ 8.620496909104636, 47.420613749462667 ] } },
{ "type": "Feature", "properties": { "name": "bus_LV_54-1_0_4_node_64", "Landuse Category": "Residential areas (blocks of flats)" }, "geometry": { "type": "Point", "coordinates": [ 8.620870108454662, 47.420354310154941 ] } },
{ "type": "Feature", "properties": { "name": "bus_LV_54-1_0_4_node_63", "Landuse Category": "Residential areas (blocks of flats)" }, "geometry": { "type": "Point", "coordinates": [ 8.620475978083846, 47.420134549493881 ] } },
{ "type": "Feature", "properties": { "name": "bus_LV_54-1_0_4_node_75", "Landuse Category": "Residential areas (blocks of flats)" }, "geometry": { "type": "Point", "coordinates": [ 8.621377808455179, 47.420267510154773 ] } },
{ "type": "Feature", "properties": { "name": "bus_LV_54-1_0_4_node_122", "Landuse Category": "Residential areas (blocks of flats)" }, "geometry": { "type": "Point", "coordinates": [ 8.621368278572707, 47.420134522938326 ] } },
{ "type": "Feature", "properties": { "name": "bus_LV_54-1_0_4_node_33", "Landuse Category": "Residential areas (blocks of flats)" }, "geometry": { "type": "Point", "coordinates": [ 8.621429708455224, 47.420265610154743 ] } },
{ "type": "Feature", "properties": { "name": "bus_LV_54-1_0_4_node_132", "Landuse Category": "Industrial and commercial areas > 1 ha" }, "geometry": { "type": "Point", "coordinates": [ 8.622052438897914, 47.420658328582874 ] } },
{ "type": "Feature", "properties": { "name": "bus_LV_54-1_0_4_node_16", "Landuse Category": "Residential areas (blocks of flats)" }, "geometry": { "type": "Point", "coordinates": [ 8.623906002227137, 47.419264137215002 ] } },
{ "type": "Feature", "properties": { "name": "bus_LV_54-1_0_4_node_17", "Landuse Category": "Residential areas (blocks of flats)" }, "geometry": { "type": "Point", "coordinates": [ 8.623941466936616, 47.419658667443585 ] } },
{ "type": "Feature", "properties": { "name": "bus_LV_54-1_0_4_node_18", "Landuse Category": "Residential areas (blocks of flats)" }, "geometry": { "type": "Point", "coordinates": [ 8.623894008457965, 47.419130710153659 ] } },
{ "type": "Feature", "properties": { "name": "bus_LV_54-1_0_4_node_19", "Landuse Category": "Residential areas (blocks of flats)" }, "geometry": { "type": "Point", "coordinates": [ 8.623954208457796, 47.419800410153876 ] } },
{ "type": "Feature", "properties": { "name": "bus_LV_54-1_0_4_node_20", "Landuse Category": "Residential areas (blocks of flats)" }, "geometry": { "type": "Point", "coordinates": [ 8.623875108458012, 47.418920010153627 ] } },
{ "type": "Feature", "properties": { "name": "bus_LV_54-1_0_4_node_112", "Landuse Category": "Residential areas (blocks of flats)" }, "geometry": { "type": "Point", "coordinates": [ 8.623982381368222, 47.420114205022166 ] } },
{ "type": "Feature", "properties": { "name": "bus_LV_54-1_0_4_node_24", "Landuse Category": "Residential areas (blocks of flats)" }, "geometry": { "type": "Point", "coordinates": [ 8.623849793771509, 47.418638373441453 ] } },
{ "type": "Feature", "properties": { "name": "bus_LV_54-1_0_4_node_21", "Landuse Category": "Residential areas (blocks of flats)" }, "geometry": { "type": "Point", "coordinates": [ 8.623646418266093, 47.418936463180131 ] } },
{ "type": "Feature", "properties": { "name": "bus_LV_54-1_0_4_node_113", "Landuse Category": "Industrial and commercial areas > 1 ha" }, "geometry": { "type": "Point", "coordinates": [ 8.624023008457639, 47.420566710154084 ] } },
{ "type": "Feature", "properties": { "name": "bus_LV_54-1_0_4_node_22", "Landuse Category": "Residential areas (blocks of flats)" }, "geometry": { "type": "Point", "coordinates": [ 8.623496383495132, 47.419095588696671 ] } },
{ "type": "Feature", "properties": { "name": "bus_LV_54-1_0_4_node_23", "Landuse Category": "Residential areas (blocks of flats)" }, "geometry": { "type": "Point", "coordinates": [ 8.623238108457254, 47.419369510153942 ] } },
{ "type": "Feature", "properties": { "name": "bus_LV_54-1_0_4_node_31", "Landuse Category": "Residential areas (blocks of flats)" }, "geometry": { "type": "Point", "coordinates": [ 8.623108241707836, 47.419787999962509 ] } },
{ "type": "Feature", "properties": { "name": "bus_LV_54-1_0_4_node_25", "Landuse Category": "Residential areas (blocks of flats)" }, "geometry": { "type": "Point", "coordinates": [ 8.62294907791415, 47.419354327069783 ] } },
{ "type": "Feature", "properties": { "name": "bus_LV_54-1_0_4_node_29", "Landuse Category": "Residential areas (blocks of flats)" }, "geometry": { "type": "Point", "coordinates": [ 8.62317210845697, 47.420041010154158 ] } },
{ "type": "Feature", "properties": { "name": "bus_LV_54-1_0_4_node_26", "Landuse Category": "Unspecified buildings and surroundings" }, "geometry": { "type": "Point", "coordinates": [ 8.62262880845665, 47.419412910154108 ] } },
{ "type": "Feature", "properties": { "name": "bus_LV_54-1_0_4_node_27", "Landuse Category": "Unspecified buildings and surroundings" }, "geometry": { "type": "Point", "coordinates": [ 8.622360608456427, 47.419330110154171 ] } },
{ "type": "Feature", "properties": { "name": "bus_LV_54-1_0_4_node_41", "Landuse Category": "Unspecified buildings and surroundings" }, "geometry": { "type": "Point", "coordinates": [ 8.622285608456474, 47.418935810154061 ] } },
{ "type": "Feature", "properties": { "name": "bus_LV_54-1_0_4_node_118", "Landuse Category": "Residential areas (blocks of flats)" }, "geometry": { "type": "Point", "coordinates": [ 8.622342828616626, 47.419644287629851 ] } },
{ "type": "Feature", "properties": { "name": "bus_LV_54-1_0_4_node_28", "Landuse Category": "Industrial and commercial areas > 1 ha" }, "geometry": { "type": "Point", "coordinates": [ 8.622399508456043, 47.420642310154591 ] } },
{ "type": "Feature", "properties": { "name": "bus_LV_54-1_0_4_node_121", "Landuse Category": "Industrial and commercial areas > 1 ha" }, "geometry": { "type": "Point", "coordinates": [ 8.622463590001185, 47.420463259215168 ] } },
{ "type": "Feature", "properties": { "name": "bus_LV_54-1_0_4_node_117", "Landuse Category": "Residential areas (blocks of flats)" }, "geometry": { "type": "Point", "coordinates": [ 8.623155908456916, 47.420204810154246 ] } },
{ "type": "Feature", "properties": { "name": "bus_LV_54-1_0_4_node_120", "Landuse Category": "Residential areas (blocks of flats)" }, "geometry": { "type": "Point", "coordinates": [ 8.621788528692516, 47.420252613263131 ] } },
{ "type": "Feature", "properties": { "name": "bus_LV_54-1_0_4_node_43", "Landuse Category": "Residential areas (blocks of flats)" }, "geometry": { "type": "Point", "coordinates": [ 8.621346808455273, 47.419834910154641 ] } },
{ "type": "Feature", "properties": { "name": "bus_LV_54-1_0_4_node_42", "Landuse Category": "Residential areas (blocks of flats)" }, "geometry": { "type": "Point", "coordinates": [ 8.62130830845534, 47.419565910154581 ] } },
{ "type": "Feature", "properties": { "name": "bus_LV_54-1_0_4_node_34", "Landuse Category": "Unspecified buildings and surroundings" }, "geometry": { "type": "Point", "coordinates": [ 8.62256780845682, 47.418698810153927 ] } },
{ "type": "Feature", "properties": { "name": "bus_LV_54-1_0_4_node_37", "Landuse Category": "Residential areas (blocks of flats)" }, "geometry": { "type": "Point", "coordinates": [ 8.622540308456871, 47.418442810153849 ] } },
{ "type": "Feature", "properties": { "name": "bus_LV_54-1_0_4_node_73", "Landuse Category": "Unspecified buildings and surroundings" }, "geometry": { "type": "Point", "coordinates": [ 8.622449687726421, 47.418798011818907 ] } },
{ "type": "Feature", "properties": { "name": "bus_LV_54-1_0_4_node_35", "Landuse Category": "Roads" }, "geometry": { "type": "Point", "coordinates": [ 8.622944808457278, 47.418390310153733 ] } },
{ "type": "Feature", "properties": { "name": "bus_LV_54-1_0_4_node_60", "Landuse Category": "Roads" }, "geometry": { "type": "Point", "coordinates": [ 8.623109786459574, 47.41823506359512 ] } },
{ "type": "Feature", "properties": { "name": "bus_LV_54-1_0_4_node_67", "Landuse Category": "Residential areas (blocks of flats)" }, "geometry": { "type": "Point", "coordinates": [ 8.62250130845695, 47.41808021015374 ] } },
{ "type": "Feature", "properties": { "name": "bus_LV_54-1_0_4_node_39", "Landuse Category": "Residential areas (blocks of flats)" }, "geometry": { "type": "Point", "coordinates": [ 8.621362908455401, 47.419519210154562 ] } },
{ "type": "Feature", "properties": { "name": "bus_LV_54-1_0_4_node_70", "Landuse Category": "Residential areas (blocks of flats)" }, "geometry": { "type": "Point", "coordinates": [ 8.621342167563254, 47.419235582658416 ] } },
{ "type": "Feature", "properties": { "name": "bus_LV_54-1_0_4_node_40", "Landuse Category": "Unspecified buildings and surroundings" }, "geometry": { "type": "Point", "coordinates": [ 8.621932108456129, 47.41896031015424 ] } },
{ "type": "Feature", "properties": { "name": "bus_LV_54-1_0_4_node_72", "Landuse Category": "Unspecified buildings and surroundings" }, "geometry": { "type": "Point", "coordinates": [ 8.621858508456084, 47.418878410154193 ] } },
{ "type": "Feature", "properties": { "name": "bus_LV_54-1_0_4_node_66", "Landuse Category": "Residential areas (blocks of flats)" }, "geometry": { "type": "Point", "coordinates": [ 8.621259868934251, 47.419162487235539 ] } },
{ "type": "Feature", "properties": { "name": "bus_LV_54-1_0_4_node_119", "Landuse Category": "Residential areas (blocks of flats)" }, "geometry": { "type": "Point", "coordinates": [ 8.62244560845622, 47.42022881015447 ] } },
{ "type": "Feature", "properties": { "name": "bus_LV_54-1_0_4_node_138", "Landuse Category": "Residential areas (blocks of flats)" }, "geometry": { "type": "Point", "coordinates": [ 8.62311150845685, 47.420236810154258 ] } },
{ "type": "Feature", "properties": { "name": "bus_LV_54-1_0_4_node_115", "Landuse Category": "Industrial and commercial areas > 1 ha" }, "geometry": { "type": "Point", "coordinates": [ 8.623837635903696, 47.42057489978766 ] } },
{ "type": "Feature", "properties": { "name": "bus_LV_54-1_0_4_node_68", "Landuse Category": "Unspecified buildings and surroundings" }, "geometry": { "type": "Point", "coordinates": [ 8.621849808456112, 47.418744110154158 ] } },
{ "type": "Feature", "properties": { "name": "bus_LV_54-1_0_4_node_69", "Landuse Category": "Residential areas (blocks of flats)" }, "geometry": { "type": "Point", "coordinates": [ 8.621754508456094, 47.418485010154093 ] } },
{ "type": "Feature", "properties": { "name": "bus_LV_54-1_0_4_node_71", "Landuse Category": "Residential areas (blocks of flats)" }, "geometry": { "type": "Point", "coordinates": [ 8.621288608455581, 47.418722810154307 ] } },
{ "type": "Feature", "properties": { "name": "bus_LV_54-1_0_4_node_76", "Landuse Category": "Residential areas (blocks of flats)" }, "geometry": { "type": "Point", "coordinates": [ 8.621746096119363, 47.41839659798999 ] } },
{ "type": "Feature", "properties": { "name": "bus_LV_54-1_0_4_node_44", "Landuse Category": "Residential areas (blocks of flats)" }, "geometry": { "type": "Point", "coordinates": [ 8.620185456616484, 47.419351016258204 ] } },
{ "type": "Feature", "properties": { "name": "bus_LV_54-1_0_4_node_46", "Landuse Category": "Residential areas (blocks of flats)" }, "geometry": { "type": "Point", "coordinates": [ 8.620112308454328, 47.419100810154788 ] } },
{ "type": "Feature", "properties": { "name": "bus_LV_54-1_0_4_node_61", "Landuse Category": "Residential areas (blocks of flats)" }, "geometry": { "type": "Point", "coordinates": [ 8.620394175698975, 47.419969026177498 ] } },
{ "type": "Feature", "properties": { "name": "bus_LV_54-1_0_4_node_48", "Landuse Category": "Industrial and commercial areas < 1 ha" }, "geometry": { "type": "Point", "coordinates": [ 8.619028096065312, 47.418885697735689 ] } },
{ "type": "Feature", "properties": { "name": "bus_LV_54-1_0_4_node_49", "Landuse Category": "Industrial and commercial areas < 1 ha" }, "geometry": { "type": "Point", "coordinates": [ 8.619158971562289, 47.419126865049364 ] } },
{ "type": "Feature", "properties": { "name": "bus_LV_54-1_0_4_node_50", "Landuse Category": "Industrial and commercial areas < 1 ha" }, "geometry": { "type": "Point", "coordinates": [ 8.619019908453339, 47.418870610155018 ] } },
{ "type": "Feature", "properties": { "name": "bus_LV_54-1_0_4_node_52", "Landuse Category": "Industrial and commercial areas < 1 ha" }, "geometry": { "type": "Point", "coordinates": [ 8.618931780593693, 47.418700455065633 ] } },
{ "type": "Feature", "properties": { "name": "bus_LV_54-1_0_4_node_57", "Landuse Category": "Residential areas (one and two-family houses)" }, "geometry": { "type": "Point", "coordinates": [ 8.618835763407978, 47.418515066135043 ] } },
{ "type": "Feature", "properties": { "name": "bus_LV_54-1_0_4_node_55", "Landuse Category": "Residential areas (one and two-family houses)" }, "geometry": { "type": "Point", "coordinates": [ 8.618968720728002, 47.418262282704745 ] } },
{ "type": "Feature", "properties": { "name": "bus_LV_54-1_0_4_node_77", "Landuse Category": "Residential areas (blocks of flats)" }, "geometry": { "type": "Point", "coordinates": [ 8.616747431580428, 47.417212587220746 ] } },
{ "type": "Feature", "properties": { "name": "bus_LV_54-1_0_4_node_78", "Landuse Category": "Residential areas (blocks of flats)" }, "geometry": { "type": "Point", "coordinates": [ 8.616988500749496, 47.417420292668638 ] } },
{ "type": "Feature", "properties": { "name": "bus_LV_54-1_0_4_node_79", "Landuse Category": "Residential areas (blocks of flats)" }, "geometry": { "type": "Point", "coordinates": [ 8.61666940818122, 47.41714386581436 ] } },
{ "type": "Feature", "properties": { "name": "bus_LV_54-1_0_4_node_80", "Landuse Category": "Residential areas (blocks of flats)" }, "geometry": { "type": "Point", "coordinates": [ 8.617016608451864, 47.417444510155157 ] } },
{ "type": "Feature", "properties": { "name": "bus_LV_54-1_0_4_node_81", "Landuse Category": "Residential areas (blocks of flats)" }, "geometry": { "type": "Point", "coordinates": [ 8.61658171382758, 47.417066553705531 ] } },
{ "type": "Feature", "properties": { "name": "bus_LV_54-1_0_4_node_83", "Landuse Category": "Residential areas (blocks of flats)" }, "geometry": { "type": "Point", "coordinates": [ 8.617148284483951, 47.417557907998628 ] } },
{ "type": "Feature", "properties": { "name": "bus_LV_54-1_0_4_node_84", "Landuse Category": "Residential areas (blocks of flats)" }, "geometry": { "type": "Point", "coordinates": [ 8.616812521575786, 47.417558955176141 ] } },
{ "type": "Feature", "properties": { "name": "bus_LV_54-1_0_4_node_82", "Landuse Category": "Residential areas (blocks of flats)" }, "geometry": { "type": "Point", "coordinates": [ 8.61651231957909, 47.41700537492158 ] } },
{ "type": "Feature", "properties": { "name": "bus_LV_54-1_0_4_node_97", "Landuse Category": "Residential areas (blocks of flats)" }, "geometry": { "type": "Point", "coordinates": [ 8.616590508451379, 47.417710410155358 ] } },
{ "type": "Feature", "properties": { "name": "bus_LV_54-1_0_4_node_104", "Landuse Category": "Residential areas (blocks of flats)" }, "geometry": { "type": "Point", "coordinates": [ 8.617303535754905, 47.417715463623487 ] } },
{ "type": "Feature", "properties": { "name": "bus_LV_54-1_0_4_node_88", "Landuse Category": "Residential areas (blocks of flats)" }, "geometry": { "type": "Point", "coordinates": [ 8.61631280845118, 47.417474310155399 ] } },
{ "type": "Feature", "properties": { "name": "bus_LV_54-1_0_4_node_96", "Landuse Category": "Residential areas (blocks of flats)" }, "geometry": { "type": "Point", "coordinates": [ 8.616660008451406, 47.417768410155368 ] } },
{ "type": "Feature", "properties": { "name": "bus_LV_54-1_0_4_node_85", "Landuse Category": "Residential areas (blocks of flats)" }, "geometry": { "type": "Point", "coordinates": [ 8.616104683166446, 47.417286785822832 ] } },
{ "type": "Feature", "properties": { "name": "bus_LV_54-1_0_4_node_86", "Landuse Category": "Residential areas (blocks of flats)" }, "geometry": { "type": "Point", "coordinates": [ 8.616276408170341, 47.417441265786444 ] } },
{ "type": "Feature", "properties": { "name": "bus_LV_54-1_0_4_node_87", "Landuse Category": "Residential areas (blocks of flats)" }, "geometry": { "type": "Point", "coordinates": [ 8.615924808450902, 47.417149910155381 ] } },
{ "type": "Feature", "properties": { "name": "bus_LV_54-1_0_4_node_89", "Landuse Category": "Residential areas (blocks of flats)" }, "geometry": { "type": "Point", "coordinates": [ 8.61631850845137, 47.416880910155157 ] } },
{ "type": "Feature", "properties": { "name": "bus_LV_54-1_0_4_node_93", "Landuse Category": "Residential areas (blocks of flats)" }, "geometry": { "type": "Point", "coordinates": [ 8.615448808450259, 47.417768310155729 ] } },
{ "type": "Feature", "properties": { "name": "bus_LV_54-1_0_4_node_139", "Landuse Category": "Roads" }, "geometry": { "type": "Point", "coordinates": [ 8.616496808451632, 47.416605610155067 ] } },
{ "type": "Feature", "properties": { "name": "bus_LV_54-1_0_4_node_92", "Landuse Category": "Roads" }, "geometry": { "type": "Point", "coordinates": [ 8.616061008451153, 47.416769510155241 ] } },
{ "type": "Feature", "properties": { "name": "bus_LV_54-1_0_4_node_136", "Landuse Category": "Roads" }, "geometry": { "type": "Point", "coordinates": [ 8.616029908451134, 47.416772110155243 ] } },
{ "type": "Feature", "properties": { "name": "bus_LV_54-1_0_4_node_137", "Landuse Category": "Residential areas (blocks of flats)" }, "geometry": { "type": "Point", "coordinates": [ 8.615459708450299, 47.417682310155683 ] } },
{ "type": "Feature", "properties": { "name": "bus_LV_54-1_0_4_node_106", "Landuse Category": "Residential areas (blocks of flats)" }, "geometry": { "type": "Point", "coordinates": [ 8.617294010751406, 47.416979695304335 ] } },
{ "type": "Feature", "properties": { "name": "bus_LV_54-1_0_4_node_107", "Landuse Category": "Roads" }, "geometry": { "type": "Point", "coordinates": [ 8.61715467090273, 47.416832368279806 ] } },
{ "type": "Feature", "properties": { "name": "bus_LV_54-1_0_4_node_94", "Landuse Category": "Residential areas (blocks of flats)" }, "geometry": { "type": "Point", "coordinates": [ 8.616396241021333, 47.417897095996231 ] } },
{ "type": "Feature", "properties": { "name": "bus_LV_54-1_0_4_node_99", "Landuse Category": "Residential areas (blocks of flats)" }, "geometry": { "type": "Point", "coordinates": [ 8.61675786264626, 47.41784359707075 ] } },
{ "type": "Feature", "properties": { "name": "bus_LV_54-1_0_4_node_102", "Landuse Category": "Residential areas (blocks of flats)" }, "geometry": { "type": "Point", "coordinates": [ 8.616897008451584, 47.417950510155364 ] } },
{ "type": "Feature", "properties": { "name": "bus_LV_54-1_0_4_node_100", "Landuse Category": "Residential areas (blocks of flats)" }, "geometry": { "type": "Point", "coordinates": [ 8.616621832572793, 47.418086988651488 ] } },
{ "type": "Feature", "properties": { "name": "bus_LV_54-1_0_4_node_101", "Landuse Category": "Residential areas (blocks of flats)" }, "geometry": { "type": "Point", "coordinates": [ 8.61662995553141, 47.418082959941472 ] } },
{ "type": "Feature", "properties": { "name": "bus_LV_54-1_0_4_node_110", "Landuse Category": "Residential areas (blocks of flats)" }, "geometry": { "type": "Point", "coordinates": [ 8.617060208451724, 47.417996910155317 ] } },
{ "type": "Feature", "properties": { "name": "bus_LV_54-1_0_4_node_127", "Landuse Category": "Residential areas (blocks of flats)" }, "geometry": { "type": "Point", "coordinates": [ 8.617082961051418, 47.418090809838212 ] } },
{ "type": "Feature", "properties": { "name": "bus_LV_54-1_0_4_node_125", "Landuse Category": "Residential areas (blocks of flats)" }, "geometry": { "type": "Point", "coordinates": [ 8.617259047631137, 47.418350953262873 ] } },
{ "type": "Feature", "properties": { "name": "bus_LV_54-1_0_4_node_114", "Landuse Category": "Industrial and commercial areas > 1 ha" }, "geometry": { "type": "Point", "coordinates": [ 8.624098380995761, 47.420563531905287 ] } },
{ "type": "Feature", "properties": { "name": "bus_LV_54-1_0_4_node_124", "Landuse Category": "Residential areas (blocks of flats)" }, "geometry": { "type": "Point", "coordinates": [ 8.617273877895709, 47.418370576281667 ] } },
{ "type": "Feature", "properties": { "name": "bus_LV_54-13_0_4_node_0", "Landuse Category": "Residential areas (blocks of flats)" }, "geometry": { "type": "Point", "coordinates": [ 8.614765105843363, 47.418399862766506 ] } },
{ "type": "Feature", "properties": { "name": "bus_LV_54-13_0_4_node_1", "Landuse Category": "Residential areas (blocks of flats)" }, "geometry": { "type": "Point", "coordinates": [ 8.614949053790765, 47.418237372535934 ] } },
{ "type": "Feature", "properties": { "name": "bus_LV_54-13_0_4_node_2", "Landuse Category": "Roads" }, "geometry": { "type": "Point", "coordinates": [ 8.614619808449211, 47.418528210156218 ] } },
{ "type": "Feature", "properties": { "name": "bus_LV_54-13_0_4_node_3", "Landuse Category": "Residential areas (blocks of flats)" }, "geometry": { "type": "Point", "coordinates": [ 8.614985693095345, 47.418100629838122 ] } },
{ "type": "Feature", "properties": { "name": "bus_LV_54-13_0_4_node_4", "Landuse Category": "Residential areas (one and two-family houses)" }, "geometry": { "type": "Point", "coordinates": [ 8.614872808449386, 47.418722810156183 ] } },
{ "type": "Feature", "properties": { "name": "bus_LV_54-13_0_4_node_6", "Landuse Category": "Roads" }, "geometry": { "type": "Point", "coordinates": [ 8.614166908448754, 47.418612610156359 ] } },
{ "type": "Feature", "properties": { "name": "bus_LV_54-13_0_4_node_25", "Landuse Category": "Roads" }, "geometry": { "type": "Point", "coordinates": [ 8.61451528571301, 47.41786557398526 ] } },
{ "type": "Feature", "properties": { "name": "bus_LV_54-13_0_4_node_50", "Landuse Category": "Residential areas (one and two-family houses)" }, "geometry": { "type": "Point", "coordinates": [ 8.615201608449633, 47.419001010156222 ] } },
{ "type": "Feature", "properties": { "name": "bus_LV_54-13_0_4_node_71", "Landuse Category": "Residential areas (blocks of flats)" }, "geometry": { "type": "Point", "coordinates": [ 8.614673198784921, 47.41887760544909 ] } },
{ "type": "Feature", "properties": { "name": "bus_LV_54-13_0_4_node_5", "Landuse Category": "Arable land, in general" }, "geometry": { "type": "Point", "coordinates": [ 8.614330108449181, 47.417764310156052 ] } },
{ "type": "Feature", "properties": { "name": "bus_LV_54-13_0_4_node_35", "Landuse Category": "Arable land, in general" }, "geometry": { "type": "Point", "coordinates": [ 8.614518523901351, 47.417619767272271 ] } },
{ "type": "Feature", "properties": { "name": "bus_LV_54-13_0_4_node_79", "Landuse Category": "Roads" }, "geometry": { "type": "Point", "coordinates": [ 8.613932908448559, 47.418484310156408 ] } },
{ "type": "Feature", "properties": { "name": "bus_LV_54-13_0_4_node_81", "Landuse Category": "Residential areas (blocks of flats)" }, "geometry": { "type": "Point", "coordinates": [ 8.613986234456835, 47.418793959949937 ] } },
{ "type": "Feature", "properties": { "name": "bus_LV_54-13_0_4_node_7", "Landuse Category": "Roads" }, "geometry": { "type": "Point", "coordinates": [ 8.61359660844829, 47.418327310156464 ] } },
{ "type": "Feature", "properties": { "name": "bus_LV_54-13_0_4_node_78", "Landuse Category": "Roads" }, "geometry": { "type": "Point", "coordinates": [ 8.613920973800388, 47.418477547915224 ] } },
{ "type": "Feature", "properties": { "name": "bus_LV_54-13_0_4_node_77", "Landuse Category": "Roads" }, "geometry": { "type": "Point", "coordinates": [ 8.613419956776854, 47.418466809016955 ] } },
{ "type": "Feature", "properties": { "name": "bus_LV_54-13_0_4_node_9", "Landuse Category": "Residential areas (blocks of flats)" }, "geometry": { "type": "Point", "coordinates": [ 8.613440808447914, 47.419070710156724 ] } },
{ "type": "Feature", "properties": { "name": "bus_LV_54-13_0_4_node_70", "Landuse Category": "Residential areas (blocks of flats)" }, "geometry": { "type": "Point", "coordinates": [ 8.613795808448293, 47.41894361015656 ] } },
{ "type": "Feature", "properties": { "name": "bus_LV_54-13_0_4_node_12", "Landuse Category": "Public buildings and surroundings" }, "geometry": { "type": "Point", "coordinates": [ 8.612287208446656, 47.419535910157165 ] } },
{ "type": "Feature", "properties": { "name": "bus_LV_54-13_0_4_node_69", "Landuse Category": "Public buildings and surroundings" }, "geometry": { "type": "Point", "coordinates": [ 8.613272135106811, 47.418973658915405 ] } },
{ "type": "Feature", "properties": { "name": "bus_LV_54-13_0_4_node_98", "Landuse Category": "Public buildings and surroundings" }, "geometry": { "type": "Point", "coordinates": [ 8.612214024795556, 47.419419817104682 ] } },
{ "type": "Feature", "properties": { "name": "bus_LV_54-13_0_4_node_13", "Landuse Category": "Residential areas (blocks of flats)" }, "geometry": { "type": "Point", "coordinates": [ 8.616040608450742, 47.418000010155623 ] } },
{ "type": "Feature", "properties": { "name": "bus_LV_54-13_0_4_node_20", "Landuse Category": "Residential areas (blocks of flats)" }, "geometry": { "type": "Point", "coordinates": [ 8.6162636084509, 47.418203310155633 ] } },
{ "type": "Feature", "properties": { "name": "bus_LV_54-13_0_4_node_36", "Landuse Category": "Residential areas (blocks of flats)" }, "geometry": { "type": "Point", "coordinates": [ 8.615832699870227, 47.418105133459477 ] } },
{ "type": "Feature", "properties": { "name": "bus_LV_54-13_0_4_node_14", "Landuse Category": "Residential areas (one and two-family houses)" }, "geometry": { "type": "Point", "coordinates": [ 8.617687308452059, 47.418917610155425 ] } },
{ "type": "Feature", "properties": { "name": "bus_LV_54-13_0_4_node_38", "Landuse Category": "Residential areas (one and two-family houses)" }, "geometry": { "type": "Point", "coordinates": [ 8.617407286153615, 47.418994423489508 ] } },
{ "type": "Feature", "properties": { "name": "bus_LV_54-13_0_4_node_37", "Landuse Category": "Roads" }, "geometry": { "type": "Point", "coordinates": [ 8.617448305248251, 47.418601372760932 ] } },
{ "type": "Feature", "properties": { "name": "bus_LV_54-13_0_4_node_15", "Landuse Category": "Residential areas (one and two-family houses)" }, "geometry": { "type": "Point", "coordinates": [ 8.617215308451176, 47.420259610155995 ] } },
{ "type": "Feature", "properties": { "name": "bus_LV_54-13_0_4_node_91", "Landuse Category": "Residential areas (one and two-family houses)" }, "geometry": { "type": "Point", "coordinates": [ 8.617023397038952, 47.420331561570855 ] } },
{ "type": "Feature", "properties": { "name": "bus_LV_54-13_0_4_node_89", "Landuse Category": "Residential areas (one and two-family houses)" }, "geometry": { "type": "Point", "coordinates": [ 8.617415928685128, 47.420197283838711 ] } },
{ "type": "Feature", "properties": { "name": "bus_LV_54-13_0_4_node_16", "Landuse Category": "Residential areas (one and two-family houses)" }, "geometry": { "type": "Point", "coordinates": [ 8.618077608452271, 47.419407910155442 ] } },
{ "type": "Feature", "properties": { "name": "bus_LV_54-13_0_4_node_96", "Landuse Category": "Residential areas (one and two-family houses)" }, "geometry": { "type": "Point", "coordinates": [ 8.617854914060898, 47.41947812453553 ] } },
{ "type": "Feature", "properties": { "name": "bus_LV_54-13_0_4_node_90", "Landuse Category": "Roads" }, "geometry": { "type": "Point", "coordinates": [ 8.618217059697699, 47.419588945818525 ] } },
{ "type": "Feature", "properties": { "name": "bus_LV_54-13_0_4_node_18", "Landuse Category": "Roads" }, "geometry": { "type": "Point", "coordinates": [ 8.6183780084524, 47.419933910155557 ] } },
{ "type": "Feature", "properties": { "name": "bus_LV_54-13_0_4_node_19", "Landuse Category": "Roads" }, "geometry": { "type": "Point", "coordinates": [ 8.618175308452077, 47.42029361015571 ] } },
{ "type": "Feature", "properties": { "name": "bus_LV_54-13_0_4_node_87", "Landuse Category": "Roads" }, "geometry": { "type": "Point", "coordinates": [ 8.618163108443985, 47.419992740926801 ] } },
{ "type": "Feature", "properties": { "name": "bus_LV_54-13_0_4_node_99", "Landuse Category": "Roads" }, "geometry": { "type": "Point", "coordinates": [ 8.61814730845207, 47.420258710155707 ] } },
{ "type": "Feature", "properties": { "name": "bus_LV_54-13_0_4_node_23", "Landuse Category": "Roads" }, "geometry": { "type": "Point", "coordinates": [ 8.617906708451805, 47.420347710155824 ] } },
{ "type": "Feature", "properties": { "name": "bus_LV_54-13_0_4_node_24", "Landuse Category": "Residential areas (blocks of flats)" }, "geometry": { "type": "Point", "coordinates": [ 8.616463108451105, 47.418165710155563 ] } },
{ "type": "Feature", "properties": { "name": "bus_LV_54-13_0_4_node_34", "Landuse Category": "Residential areas (blocks of flats)" }, "geometry": { "type": "Point", "coordinates": [ 8.616024790792109, 47.418316642565472 ] } },
{ "type": "Feature", "properties": { "name": "bus_LV_54-13_0_4_node_22", "Landuse Category": "Residential areas (blocks of flats)" }, "geometry": { "type": "Point", "coordinates": [ 8.617060208451724, 47.417996910155317 ] } },
{ "type": "Feature", "properties": { "name": "bus_LV_54-13_0_4_node_100", "Landuse Category": "Roads" }, "geometry": { "type": "Point", "coordinates": [ 8.617882108451786, 47.420316910155819 ] } },
{ "type": "Feature", "properties": { "name": "bus_LV_54-13_0_4_node_33", "Landuse Category": "Residential areas (blocks of flats)" }, "geometry": { "type": "Point", "coordinates": [ 8.616608008451198, 47.418307310155562 ] } },
{ "type": "Feature", "properties": { "name": "bus_LV_54-13_0_4_node_44", "Landuse Category": "Residential areas (one and two-family houses)" }, "geometry": { "type": "Point", "coordinates": [ 8.615417408449758, 47.419247910156194 ] } },
{ "type": "Feature", "properties": { "name": "bus_LV_54-13_0_4_node_48", "Landuse Category": "Residential areas (one and two-family houses)" }, "geometry": { "type": "Point", "coordinates": [ 8.615477582413524, 47.418905307323115 ] } },
{ "type": "Feature", "properties": { "name": "bus_LV_54-13_0_4_node_72", "Landuse Category": "Residential areas (blocks of flats)" }, "geometry": { "type": "Point", "coordinates": [ 8.614513808448958, 47.419001210156409 ] } },
{ "type": "Feature", "properties": { "name": "bus_LV_54-13_0_4_node_64", "Landuse Category": "Residential areas (one and two-family houses)" }, "geometry": { "type": "Point", "coordinates": [ 8.614073327677081, 47.420143969555397 ] } },
{ "type": "Feature", "properties": { "name": "bus_LV_54-13_0_4_node_63", "Landuse Category": "Residential areas (one and two-family houses)" }, "geometry": { "type": "Point", "coordinates": [ 8.614436775310065, 47.420011656980641 ] } },
{ "type": "Feature", "properties": { "name": "bus_LV_54-13_0_4_node_59", "Landuse Category": "Residential areas (one and two-family houses)" }, "geometry": { "type": "Point", "coordinates": [ 8.617349893187392, 47.419010166928182 ] } },
{ "type": "Feature", "properties": { "name": "bus_LV_54-13_0_4_node_88", "Landuse Category": "Roads" }, "geometry": { "type": "Point", "coordinates": [ 8.617747984036315, 47.420106383388536 ] } },
{ "type": "Feature", "properties": { "name": "bus_LV_54-13_0_4_node_95", "Landuse Category": "Roads" }, "geometry": { "type": "Point", "coordinates": [ 8.617634096379851, 47.419547746590297 ] } },
{ "type": "Feature", "properties": { "name": "bus_LV_54-13_0_4_node_67", "Landuse Category": "Public buildings and surroundings" }, "geometry": { "type": "Point", "coordinates": [ 8.61602240845005, 47.420182110156311 ] } },
{ "type": "Feature", "properties": { "name": "bus_LV_54-13_0_4_node_97", "Landuse Category": "Public buildings and surroundings" }, "geometry": { "type": "Point", "coordinates": [ 8.615516737488315, 47.420327522474587 ] } },
{ "type": "Feature", "properties": { "name": "bus_LV_54-13_0_4_node_45", "Landuse Category": "Public buildings and surroundings" }, "geometry": { "type": "Point", "coordinates": [ 8.616079408450142, 47.420037910156253 ] } },
{ "type": "Feature", "properties": { "name": "bus_LV_54-13_0_4_node_43", "Landuse Category": "Public buildings and surroundings" }, "geometry": { "type": "Point", "coordinates": [ 8.615415208449617, 47.419655310156344 ] } },
{ "type": "Feature", "properties": { "name": "bus_LV_54-13_0_4_node_68", "Landuse Category": "Public buildings and surroundings" }, "geometry": { "type": "Point", "coordinates": [ 8.615348440653026, 47.419679628741967 ] } },
{ "type": "Feature", "properties": { "name": "bus_LV_54-13_0_4_node_41", "Landuse Category": "Residential areas (one and two-family houses)" }, "geometry": { "type": "Point", "coordinates": [ 8.615675108449913, 47.419560710156198 ] } },
{ "type": "Feature", "properties": { "name": "bus_LV_54-13_0_4_node_65", "Landuse Category": "Public buildings and surroundings" }, "geometry": { "type": "Point", "coordinates": [ 8.614856508449023, 47.419858810156569 ] } },
{ "type": "Feature", "properties": { "name": "bus_LV_54-13_0_4_node_66", "Landuse Category": "Public buildings and surroundings" }, "geometry": { "type": "Point", "coordinates": [ 8.614878449318846, 47.419850817138858 ] } },
{ "type": "Feature", "properties": { "name": "bus_LV_54-13_0_4_node_92", "Landuse Category": "Residential areas (one and two-family houses)" }, "geometry": { "type": "Point", "coordinates": [ 8.616258793572491, 47.419981354967838 ] } },
{ "type": "Feature", "properties": { "name": "bus_LV_54-13_0_4_node_32", "Landuse Category": "Residential areas (blocks of flats)" }, "geometry": { "type": "Point", "coordinates": [ 8.616420319193852, 47.418398270911659 ] } },
{ "type": "Feature", "properties": { "name": "bus_LV_54-13_0_4_node_26", "Landuse Category": "Residential areas (blocks of flats)" }, "geometry": { "type": "Point", "coordinates": [ 8.615672964641059, 47.418513194970146 ] } },
{ "type": "Feature", "properties": { "name": "bus_LV_54-13_0_4_node_27", "Landuse Category": "Residential areas (blocks of flats)" }, "geometry": { "type": "Point", "coordinates": [ 8.615505608450034, 47.418624910155984 ] } },
{ "type": "Feature", "properties": { "name": "bus_LV_54-13_0_4_node_28", "Landuse Category": "Residential areas (blocks of flats)" }, "geometry": { "type": "Point", "coordinates": [ 8.61584710845039, 47.418529410155855 ] } },
{ "type": "Feature", "properties": { "name": "bus_LV_54-13_0_4_node_29", "Landuse Category": "Residential areas (blocks of flats)" }, "geometry": { "type": "Point", "coordinates": [ 8.615422707860549, 47.418301801576902 ] } },
{ "type": "Feature", "properties": { "name": "bus_LV_54-13_0_4_node_31", "Landuse Category": "Residential areas (one and two-family houses)" }, "geometry": { "type": "Point", "coordinates": [ 8.615955367626906, 47.418711639161145 ] } },
{ "type": "Feature", "properties": { "name": "bus_LV_54-13_0_4_node_30", "Landuse Category": "Residential areas (one and two-family houses)" }, "geometry": { "type": "Point", "coordinates": [ 8.615647708450096, 47.418846310156006 ] } },
{ "type": "Feature", "properties": { "name": "bus_LV_54-13_0_4_node_47", "Landuse Category": "Residential areas (one and two-family houses)" }, "geometry": { "type": "Point", "coordinates": [ 8.615805806317821, 47.418791941161892 ] } },
{ "type": "Feature", "properties": { "name": "bus_LV_54-13_0_4_node_49", "Landuse Category": "Residential areas (one and two-family houses)" }, "geometry": { "type": "Point", "coordinates": [ 8.615482066591868, 47.418903752281977 ] } },
{ "type": "Feature", "properties": { "name": "bus_LV_54-13_0_4_node_46", "Landuse Category": "Residential areas (one and two-family houses)" }, "geometry": { "type": "Point", "coordinates": [ 8.61580769564296, 47.418791291431319 ] } },
{ "type": "Feature", "properties": { "name": "bus_LV_54-13_0_4_node_60", "Landuse Category": "Residential areas (one and two-family houses)" }, "geometry": { "type": "Point", "coordinates": [ 8.617343306325649, 47.41901197376486 ] } },
{ "type": "Feature", "properties": { "name": "bus_LV_54-13_0_4_node_39", "Landuse Category": "Residential areas (one and two-family houses)" }, "geometry": { "type": "Point", "coordinates": [ 8.615902933311148, 47.419474101177443 ] } },
{ "type": "Feature", "properties": { "name": "bus_LV_54-13_0_4_node_40", "Landuse Category": "Residential areas (one and two-family houses)" }, "geometry": { "type": "Point", "coordinates": [ 8.615983991978602, 47.419443286064954 ] } },
{ "type": "Feature", "properties": { "name": "bus_LV_54-13_0_4_node_42", "Landuse Category": "Residential areas (one and two-family houses)" }, "geometry": { "type": "Point", "coordinates": [ 8.616235885254179, 47.419347526192581 ] } },
{ "type": "Feature", "properties": { "name": "bus_LV_54-13_0_4_node_62", "Landuse Category": "Residential areas (one and two-family houses)" }, "geometry": { "type": "Point", "coordinates": [ 8.61664043833491, 47.419216259622416 ] } },
{ "type": "Feature", "properties": { "name": "bus_LV_54-13_0_4_node_75", "Landuse Category": "Residential areas (one and two-family houses)" }, "geometry": { "type": "Point", "coordinates": [ 8.615107272929158, 47.419361356617706 ] } },
{ "type": "Feature", "properties": { "name": "bus_LV_54-13_0_4_node_55", "Landuse Category": "Residential areas (one and two-family houses)" }, "geometry": { "type": "Point", "coordinates": [ 8.616763524556175, 47.419178379387326 ] } },
{ "type": "Feature", "properties": { "name": "bus_LV_54-13_0_4_node_74", "Landuse Category": "Residential areas (one and two-family houses)" }, "geometry": { "type": "Point", "coordinates": [ 8.614878308449169, 47.41944511015641 ] } },
{ "type": "Feature", "properties": { "name": "bus_LV_54-13_0_4_node_93", "Landuse Category": "Residential areas (one and two-family houses)" }, "geometry": { "type": "Point", "coordinates": [ 8.616283193680577, 47.419973662254911 ] } },
{ "type": "Feature", "properties": { "name": "bus_LV_54-13_0_4_node_51", "Landuse Category": "Residential areas (one and two-family houses)" }, "geometry": { "type": "Point", "coordinates": [ 8.616709455808012, 47.418960245365234 ] } },
{ "type": "Feature", "properties": { "name": "bus_LV_54-13_0_4_node_52", "Landuse Category": "Residential areas (one and two-family houses)" }, "geometry": { "type": "Point", "coordinates": [ 8.616664581862253, 47.418894993091172 ] } },
{ "type": "Feature", "properties": { "name": "bus_LV_54-13_0_4_node_53", "Landuse Category": "Residential areas (one and two-family houses)" }, "geometry": { "type": "Point", "coordinates": [ 8.616842708451154, 47.419154010155744 ] } },
{ "type": "Feature", "properties": { "name": "bus_LV_54-13_0_4_node_54", "Landuse Category": "Residential areas (one and two-family houses)" }, "geometry": { "type": "Point", "coordinates": [ 8.61658868193247, 47.418784624787172 ] } },
{ "type": "Feature", "properties": { "name": "bus_LV_54-13_0_4_node_56", "Landuse Category": "Residential areas (one and two-family houses)" }, "geometry": { "type": "Point", "coordinates": [ 8.6170066040898, 47.419106249447985 ] } },
{ "type": "Feature", "properties": { "name": "bus_LV_54-13_0_4_node_57", "Landuse Category": "Residential areas (one and two-family houses)" }, "geometry": { "type": "Point", "coordinates": [ 8.616555324485239, 47.418736118587368 ] } },
{ "type": "Feature", "properties": { "name": "bus_LV_54-13_0_4_node_61", "Landuse Category": "Residential areas (one and two-family houses)" }, "geometry": { "type": "Point", "coordinates": [ 8.617078839877552, 47.419085199168791 ] } },
{ "type": "Feature", "properties": { "name": "bus_LV_54-13_0_4_node_58", "Landuse Category": "Residential areas (blocks of flats)" }, "geometry": { "type": "Point", "coordinates": [ 8.616445738185382, 47.418576764721834 ] } },
{ "type": "Feature", "properties": { "name": "bus_LV_54-13_0_4_node_73", "Landuse Category": "Residential areas (blocks of flats)" }, "geometry": { "type": "Point", "coordinates": [ 8.614264076589816, 47.419194872167779 ] } },
{ "type": "Feature", "properties": { "name": "bus_LV_54-13_0_4_node_76", "Landuse Category": "Residential areas (blocks of flats)" }, "geometry": { "type": "Point", "coordinates": [ 8.614666528029836, 47.419521795227979 ] } },
{ "type": "Feature", "properties": { "name": "bus_LV_54-13_0_4_node_80", "Landuse Category": "Residential areas (one and two-family houses)" }, "geometry": { "type": "Point", "coordinates": [ 8.614232110078563, 47.419679094787568 ] } },
{ "type": "Feature", "properties": { "name": "bus_LV_54-13_0_4_node_82", "Landuse Category": "Residential areas (one and two-family houses)" }, "geometry": { "type": "Point", "coordinates": [ 8.616887318265324, 47.419783195289035 ] } },
{ "type": "Feature", "properties": { "name": "bus_LV_54-13_0_4_node_83", "Landuse Category": "Residential areas (one and two-family houses)" }, "geometry": { "type": "Point", "coordinates": [ 8.616998648498265, 47.419748094862541 ] } },
{ "type": "Feature", "properties": { "name": "bus_LV_54-13_0_4_node_84", "Landuse Category": "Residential areas (one and two-family houses)" }, "geometry": { "type": "Point", "coordinates": [ 8.61664676756145, 47.419859036087516 ] } },
{ "type": "Feature", "properties": { "name": "bus_LV_54-13_0_4_node_85", "Landuse Category": "Residential areas (one and two-family houses)" }, "geometry": { "type": "Point", "coordinates": [ 8.617216439739204, 47.419679428743621 ] } },
{ "type": "Feature", "properties": { "name": "bus_LV_54-13_0_4_node_86", "Landuse Category": "Residential areas (one and two-family houses)" }, "geometry": { "type": "Point", "coordinates": [ 8.616580771011252, 47.419879843346685 ] } },
{ "type": "Feature", "properties": { "name": "bus_LV_54-13_0_4_node_94", "Landuse Category": "Residential areas (one and two-family houses)" }, "geometry": { "type": "Point", "coordinates": [ 8.617383201224365, 47.419626851097831 ] } },
{ "type": "Feature", "properties": { "name": "bus_LV_54-10_0_5_node_0", "Landuse Category": "Residential areas (terraced houses)" }, "geometry": { "type": "Point", "coordinates": [ 8.620928836582914, 47.41596405283029 ] } },
{ "type": "Feature", "properties": { "name": "bus_LV_54-10_0_5_node_1", "Landuse Category": "Residential areas (terraced houses)" }, "geometry": { "type": "Point", "coordinates": [ 8.621246748132268, 47.4162236243533 ] } },
{ "type": "Feature", "properties": { "name": "bus_LV_54-10_0_5_node_2", "Landuse Category": "Industrial and commercial areas > 1 ha" }, "geometry": { "type": "Point", "coordinates": [ 8.620327808455681, 47.415473310153587 ] } },
{ "type": "Feature", "properties": { "name": "bus_LV_54-10_0_5_node_3", "Landuse Category": "Roads" }, "geometry": { "type": "Point", "coordinates": [ 8.623102808457636, 47.417739010153468 ] } },
{ "type": "Feature", "properties": { "name": "bus_LV_54-10_0_5_node_4", "Landuse Category": "Unspecified buildings and surroundings" }, "geometry": { "type": "Point", "coordinates": [ 8.619964308455286, 47.415587010153672 ] } },
{ "type": "Feature", "properties": { "name": "bus_LV_54-10_0_5_node_29", "Landuse Category": "Residential areas (blocks of flats)" }, "geometry": { "type": "Point", "coordinates": [ 8.622493726750818, 47.417765699037425 ] } },
{ "type": "Feature", "properties": { "name": "bus_LV_54-10_0_5_node_9", "Landuse Category": "Industrial and commercial areas > 1 ha" }, "geometry": { "type": "Point", "coordinates": [ 8.623027208457657, 47.417416810153433 ] } },
{ "type": "Feature", "properties": { "name": "bus_LV_54-10_0_5_node_21", "Landuse Category": "Residential areas (terraced houses)" }, "geometry": { "type": "Point", "coordinates": [ 8.620485786262583, 47.416113858907835 ] } },
{ "type": "Feature", "properties": { "name": "bus_LV_54-10_0_5_node_5", "Landuse Category": "Industrial and commercial areas > 1 ha" }, "geometry": { "type": "Point", "coordinates": [ 8.622280408457621, 47.415264210152941 ] } },
{ "type": "Feature", "properties": { "name": "bus_LV_54-10_0_5_node_8", "Landuse Category": "Industrial and commercial areas > 1 ha" }, "geometry": { "type": "Point", "coordinates": [ 8.622227908457393, 47.415827210153161 ] } },
{ "type": "Feature", "properties": { "name": "bus_LV_54-10_0_5_node_34", "Landuse Category": "Parking areas" }, "geometry": { "type": "Point", "coordinates": [ 8.622785508457993, 47.415658310152907 ] } },
{ "type": "Feature", "properties": { "name": "bus_LV_54-10_0_5_node_7", "Landuse Category": "Industrial and commercial areas > 1 ha" }, "geometry": { "type": "Point", "coordinates": [ 8.623692008458416, 47.417044010153084 ] } },
{ "type": "Feature", "properties": { "name": "bus_LV_54-10_0_5_node_17", "Landuse Category": "Roads" }, "geometry": { "type": "Point", "coordinates": [ 8.623997808458721, 47.417031010152975 ] } },
{ "type": "Feature", "properties": { "name": "bus_LV_54-10_0_5_node_12", "Landuse Category": "Industrial and commercial areas > 1 ha" }, "geometry": { "type": "Point", "coordinates": [ 8.623493408458316, 47.416775310153064 ] } },
{ "type": "Feature", "properties": { "name": "bus_LV_54-10_0_5_node_39", "Landuse Category": "Industrial and commercial areas > 1 ha" }, "geometry": { "type": "Point", "coordinates": [ 8.623380076451152, 47.417218485216381 ] } },
{ "type": "Feature", "properties": { "name": "bus_LV_54-10_0_5_node_38", "Landuse Category": "Industrial and commercial areas > 1 ha" }, "geometry": { "type": "Point", "coordinates": [ 8.623053408457977, 47.416481010153063 ] } },
{ "type": "Feature", "properties": { "name": "bus_LV_54-10_0_5_node_40", "Landuse Category": "Rivers, streams" }, "geometry": { "type": "Point", "coordinates": [ 8.62226609198218, 47.416365576757109 ] } },
{ "type": "Feature", "properties": { "name": "bus_LV_54-10_0_5_node_10", "Landuse Category": "Industrial and commercial areas > 1 ha" }, "geometry": { "type": "Point", "coordinates": [ 8.62313730845807, 47.416492510153027 ] } },
{ "type": "Feature", "properties": { "name": "bus_LV_54-10_0_5_node_13", "Landuse Category": "Industrial and commercial areas > 1 ha" }, "geometry": { "type": "Point", "coordinates": [ 8.623177408458078, 47.416579710153094 ] } },
{ "type": "Feature", "properties": { "name": "bus_LV_54-10_0_5_node_33", "Landuse Category": "Industrial and commercial areas > 1 ha" }, "geometry": { "type": "Point", "coordinates": [ 8.623574749844321, 47.416249103445409 ] } },
{ "type": "Feature", "properties": { "name": "bus_LV_54-10_0_5_node_11", "Landuse Category": "Roads" }, "geometry": { "type": "Point", "coordinates": [ 8.61974380845472, 47.416705710154112 ] } },
{ "type": "Feature", "properties": { "name": "bus_LV_54-10_0_5_node_22", "Landuse Category": "Residential areas (blocks of flats)" }, "geometry": { "type": "Point", "coordinates": [ 8.620574508455318, 47.417370710154088 ] } },
{ "type": "Feature", "properties": { "name": "bus_LV_54-10_0_5_node_31", "Landuse Category": "Industrial and commercial areas > 1 ha" }, "geometry": { "type": "Point", "coordinates": [ 8.623798512820647, 47.416547764289923 ] } },
{ "type": "Feature", "properties": { "name": "bus_LV_54-10_0_5_node_37", "Landuse Category": "Industrial and commercial areas > 1 ha" }, "geometry": { "type": "Point", "coordinates": [ 8.62285856932221, 47.41675782855728 ] } },
{ "type": "Feature", "properties": { "name": "bus_LV_54-10_0_5_node_14", "Landuse Category": "Residential areas (blocks of flats)" }, "geometry": { "type": "Point", "coordinates": [ 8.622488908457029, 47.417765910153655 ] } },
{ "type": "Feature", "properties": { "name": "bus_LV_54-10_0_5_node_24", "Landuse Category": "Residential areas (blocks of flats)" }, "geometry": { "type": "Point", "coordinates": [ 8.621882608456477, 47.417661110153801 ] } },
{ "type": "Feature", "properties": { "name": "bus_LV_54-10_0_5_node_16", "Landuse Category": "Roads" }, "geometry": { "type": "Point", "coordinates": [ 8.624721408459472, 47.416859210152708 ] } },
{ "type": "Feature", "properties": { "name": "bus_LV_54-10_0_5_node_18", "Landuse Category": "Roads" }, "geometry": { "type": "Point", "coordinates": [ 8.624535508459262, 47.416971310152803 ] } },
{ "type": "Feature", "properties": { "name": "bus_LV_54-10_0_5_node_19", "Landuse Category": "Parking areas" }, "geometry": { "type": "Point", "coordinates": [ 8.62493150845979, 47.416524710152551 ] } },
{ "type": "Feature", "properties": { "name": "bus_LV_54-10_0_5_node_36", "Landuse Category": "Parking areas" }, "geometry": { "type": "Point", "coordinates": [ 8.624364065565384, 47.416671479439778 ] } },
{ "type": "Feature", "properties": { "name": "bus_LV_54-10_0_5_node_42", "Landuse Category": "Roads" }, "geometry": { "type": "Point", "coordinates": [ 8.624138308458887, 47.416906410152905 ] } },
{ "type": "Feature", "properties": { "name": "bus_LV_54-10_0_5_node_41", "Landuse Category": "Roads" }, "geometry": { "type": "Point", "coordinates": [ 8.62444350845912, 47.417099310152871 ] } },
{ "type": "Feature", "properties": { "name": "bus_LV_54-10_0_5_node_35", "Landuse Category": "Industrial and commercial areas > 1 ha" }, "geometry": { "type": "Point", "coordinates": [ 8.62417500011613, 47.415484489179178 ] } },
{ "type": "Feature", "properties": { "name": "bus_LV_54-10_0_5_node_30", "Landuse Category": "Residential areas (blocks of flats)" }, "geometry": { "type": "Point", "coordinates": [ 8.620901908455556, 47.417618210154082 ] } },
{ "type": "Feature", "properties": { "name": "bus_LV_54-10_0_5_node_23", "Landuse Category": "Residential areas (blocks of flats)" }, "geometry": { "type": "Point", "coordinates": [ 8.621716520122661, 47.41776332916838 ] } },
{ "type": "Feature", "properties": { "name": "bus_LV_54-10_0_5_node_28", "Landuse Category": "Residential areas (blocks of flats)" }, "geometry": { "type": "Point", "coordinates": [ 8.621149165267624, 47.417426616768211 ] } },
{ "type": "Feature", "properties": { "name": "bus_LV_54-10_0_5_node_26", "Landuse Category": "Residential areas (blocks of flats)" }, "geometry": { "type": "Point", "coordinates": [ 8.621181739573295, 47.416941625037033 ] } },
{ "type": "Feature", "properties": { "name": "bus_LV_54-10_0_5_node_25", "Landuse Category": "Residential areas (blocks of flats)" }, "geometry": { "type": "Point", "coordinates": [ 8.621398099447573, 47.417012809599626 ] } },
{ "type": "Feature", "properties": { "name": "bus_LV_54-10_0_5_node_27", "Landuse Category": "Residential areas (blocks of flats)" }, "geometry": { "type": "Point", "coordinates": [ 8.621428851997427, 47.417031392509294 ] } },
{ "type": "Feature", "properties": { "name": "bus_LV_200-7_0_4_node_0", "Landuse Category": "Residential areas (blocks of flats)" }, "geometry": { "type": "Point", "coordinates": [ 8.626022469663811, 47.418310887663623 ] } },
{ "type": "Feature", "properties": { "name": "bus_LV_200-7_0_4_node_1", "Landuse Category": "Industrial and commercial areas > 1 ha" }, "geometry": { "type": "Point", "coordinates": [ 8.625939908460099, 47.418563510152893 ] } },
{ "type": "Feature", "properties": { "name": "bus_LV_200-7_0_4_node_3", "Landuse Category": "Industrial and commercial areas > 1 ha" }, "geometry": { "type": "Point", "coordinates": [ 8.626117208460236, 47.418679010152886 ] } },
{ "type": "Feature", "properties": { "name": "bus_LV_200-7_0_4_node_54", "Landuse Category": "Industrial and commercial areas > 1 ha" }, "geometry": { "type": "Point", "coordinates": [ 8.626022014378533, 47.418796440935871 ] } },
{ "type": "Feature", "properties": { "name": "bus_LV_200-7_0_4_node_9", "Landuse Category": "Industrial and commercial areas > 1 ha" }, "geometry": { "type": "Point", "coordinates": [ 8.625694708459626, 47.41937131015321 ] } },
{ "type": "Feature", "properties": { "name": "bus_LV_200-7_0_4_node_15", "Landuse Category": "Industrial and commercial areas > 1 ha" }, "geometry": { "type": "Point", "coordinates": [ 8.625586408459519, 47.419322910153234 ] } },
{ "type": "Feature", "properties": { "name": "bus_LV_200-7_0_4_node_14", "Landuse Category": "Industrial and commercial areas > 1 ha" }, "geometry": { "type": "Point", "coordinates": [ 8.626131184435025, 47.41928332001541 ] } },
{ "type": "Feature", "properties": { "name": "bus_LV_200-7_0_4_node_10", "Landuse Category": "Industrial and commercial areas > 1 ha" }, "geometry": { "type": "Point", "coordinates": [ 8.625855208459893, 47.419002210153074 ] } },
{ "type": "Feature", "properties": { "name": "bus_LV_200-7_0_4_node_49", "Landuse Category": "Industrial and commercial areas > 1 ha" }, "geometry": { "type": "Point", "coordinates": [ 8.625731508459713, 47.419154910153175 ] } },
{ "type": "Feature", "properties": { "name": "bus_LV_200-7_0_4_node_55", "Landuse Category": "Industrial and commercial areas > 1 ha" }, "geometry": { "type": "Point", "coordinates": [ 8.625874220752873, 47.41897875697385 ] } },
{ "type": "Feature", "properties": { "name": "bus_LV_200-7_0_4_node_40", "Landuse Category": "Roads" }, "geometry": { "type": "Point", "coordinates": [ 8.626496908460133, 47.420207310153252 ] } },
{ "type": "Feature", "properties": { "name": "bus_LV_200-7_0_4_node_44", "Landuse Category": "Roads" }, "geometry": { "type": "Point", "coordinates": [ 8.626266208459882, 47.420295810153341 ] } },
{ "type": "Feature", "properties": { "name": "bus_LV_200-7_0_4_node_58", "Landuse Category": "Residential areas (blocks of flats)" }, "geometry": { "type": "Point", "coordinates": [ 8.626750008460403, 47.420069510153148 ] } },
{ "type": "Feature", "properties": { "name": "bus_LV_200-7_0_4_node_41", "Landuse Category": "Industrial and commercial areas > 1 ha" }, "geometry": { "type": "Point", "coordinates": [ 8.626207608459765, 47.420474310153409 ] } },
{ "type": "Feature", "properties": { "name": "bus_LV_200-7_0_4_node_72", "Landuse Category": "Industrial and commercial areas > 1 ha" }, "geometry": { "type": "Point", "coordinates": [ 8.62577135296563, 47.420492517934683 ] } },
{ "type": "Feature", "properties": { "name": "bus_LV_200-7_0_4_node_70", "Landuse Category": "Roads" }, "geometry": { "type": "Point", "coordinates": [ 8.625808371262417, 47.419926717993754 ] } },
{ "type": "Feature", "properties": { "name": "bus_LV_200-7_0_4_node_38", "Landuse Category": "Roads" }, "geometry": { "type": "Point", "coordinates": [ 8.625324010188972, 47.419245783423939 ] } },
{ "type": "Feature", "properties": { "name": "bus_LV_200-7_0_4_node_53", "Landuse Category": "Roads" }, "geometry": { "type": "Point", "coordinates": [ 8.62532946866556, 47.418831408475846 ] } },
{ "type": "Feature", "properties": { "name": "bus_LV_200-7_0_4_node_36", "Landuse Category": "Roads" }, "geometry": { "type": "Point", "coordinates": [ 8.625153508459158, 47.419165110153301 ] } },
{ "type": "Feature", "properties": { "name": "bus_LV_200-7_0_4_node_32", "Landuse Category": "Residential areas (blocks of flats)" }, "geometry": { "type": "Point", "coordinates": [ 8.624384733002703, 47.418071204965749 ] } },
{ "type": "Feature", "properties": { "name": "bus_LV_200-7_0_4_node_30", "Landuse Category": "Residential areas (blocks of flats)" }, "geometry": { "type": "Point", "coordinates": [ 8.624476893804504, 47.418145365601376 ] } },
{ "type": "Feature", "properties": { "name": "bus_LV_200-7_0_4_node_56", "Landuse Category": "Roads" }, "geometry": { "type": "Point", "coordinates": [ 8.624002198330484, 47.418065423391099 ] } },
{ "type": "Feature", "properties": { "name": "bus_LV_200-7_0_4_node_37", "Landuse Category": "Roads" }, "geometry": { "type": "Point", "coordinates": [ 8.623903608458271, 47.418138010153349 ] } },
{ "type": "Feature", "properties": { "name": "bus_LV_200-7_0_4_node_28", "Landuse Category": "Residential areas (blocks of flats)" }, "geometry": { "type": "Point", "coordinates": [ 8.624652480081158, 47.418286656884682 ] } },
{ "type": "Feature", "properties": { "name": "bus_LV_200-7_0_4_node_29", "Landuse Category": "Residential areas (blocks of flats)" }, "geometry": { "type": "Point", "coordinates": [ 8.624930604010816, 47.418510456374591 ] } },
{ "type": "Feature", "properties": { "name": "bus_LV_200-7_0_4_node_31", "Landuse Category": "Roads" }, "geometry": { "type": "Point", "coordinates": [ 8.62504776450511, 47.418604731775766 ] } },
{ "type": "Feature", "properties": { "name": "bus_LV_200-7_0_4_node_50", "Landuse Category": "Roads" }, "geometry": { "type": "Point", "coordinates": [ 8.625199139934493, 47.41872653819496 ] } },
{ "type": "Feature", "properties": { "name": "bus_LV_200-7_0_4_node_33", "Landuse Category": "Roads" }, "geometry": { "type": "Point", "coordinates": [ 8.624570537194906, 47.418698364068739 ] } },
{ "type": "Feature", "properties": { "name": "bus_LV_200-7_0_4_node_34", "Landuse Category": "Roads" }, "geometry": { "type": "Point", "coordinates": [ 8.624840954470496, 47.418914870480258 ] } },
{ "type": "Feature", "properties": { "name": "bus_LV_200-7_0_4_node_35", "Landuse Category": "Residential areas (blocks of flats)" }, "geometry": { "type": "Point", "coordinates": [ 8.624381769174077, 47.418547227744625 ] } },
{ "type": "Feature", "properties": { "name": "bus_LV_200-7_0_4_node_39", "Landuse Category": "Residential areas (blocks of flats)" }, "geometry": { "type": "Point", "coordinates": [ 8.623846408458073, 47.418600710153541 ] } },
{ "type": "Feature", "properties": { "name": "bus_LV_200-7_0_4_node_69", "Landuse Category": "Roads" }, "geometry": { "type": "Point", "coordinates": [ 8.624317682284362, 47.418819423783241 ] } },
{ "type": "Feature", "properties": { "name": "bus_LV_200-7_0_4_node_46", "Landuse Category": "Roads" }, "geometry": { "type": "Point", "coordinates": [ 8.624537108458567, 47.419149510153517 ] } },
{ "type": "Feature", "properties": { "name": "bus_LV_200-7_0_4_node_67", "Landuse Category": "Roads" }, "geometry": { "type": "Point", "coordinates": [ 8.624335208458396, 47.419122010153565 ] } },
{ "type": "Feature", "properties": { "name": "bus_LV_200-7_0_4_node_73", "Landuse Category": "Roads" }, "geometry": { "type": "Point", "coordinates": [ 8.624532808458527, 47.419292110153556 ] } },
{ "type": "Feature", "properties": { "name": "bus_LV_200-7_0_4_node_47", "Landuse Category": "Roads" }, "geometry": { "type": "Point", "coordinates": [ 8.625075208459018, 47.419365910153395 ] } },
{ "type": "Feature", "properties": { "name": "bus_LV_200-7_0_4_node_65", "Landuse Category": "Industrial and commercial areas > 1 ha" }, "geometry": { "type": "Point", "coordinates": [ 8.624811308458714, 47.419507910153506 ] } },
{ "type": "Feature", "properties": { "name": "bus_LV_200-7_0_4_node_71", "Landuse Category": "Roads" }, "geometry": { "type": "Point", "coordinates": [ 8.625541582030584, 47.419715649816986 ] } },
{ "type": "Feature", "properties": { "name": "bus_LV_200-7_0_4_node_48", "Landuse Category": "Roads" }, "geometry": { "type": "Point", "coordinates": [ 8.624786108458764, 47.419286310153453 ] } },
{ "type": "Feature", "properties": { "name": "bus_LV_200-7_0_4_node_59", "Landuse Category": "Residential areas (blocks of flats)" }, "geometry": { "type": "Point", "coordinates": [ 8.626943108460592, 47.420079910153056 ] } },
{ "type": "Feature", "properties": { "name": "bus_LV_200-7_0_4_node_60", "Landuse Category": "Residential areas (blocks of flats)" }, "geometry": { "type": "Point", "coordinates": [ 8.626868008460498, 47.420151610153141 ] } },
{ "type": "Feature", "properties": { "name": "bus_LV_200-7_0_4_node_62", "Landuse Category": "Residential areas (blocks of flats)" }, "geometry": { "type": "Point", "coordinates": [ 8.626875417300752, 47.420241565917387 ] } },
{ "type": "Feature", "properties": { "name": "bus_LV_200-7_0_4_node_61", "Landuse Category": "Residential areas (blocks of flats)" }, "geometry": { "type": "Point", "coordinates": [ 8.627248769367176, 47.419863376289449 ] } },
{ "type": "Feature", "properties": { "name": "bus_LV_200-7_0_4_node_68", "Landuse Category": "Industrial and commercial areas > 1 ha" }, "geometry": { "type": "Point", "coordinates": [ 8.624825110154559, 47.419627082727786 ] } },
{ "type": "Feature", "properties": { "name": "bus_LV_200-7_0_4_node_63", "Landuse Category": "Industrial and commercial areas > 1 ha" }, "geometry": { "type": "Point", "coordinates": [ 8.624588543665979, 47.419516545773774 ] } },
{ "type": "Feature", "properties": { "name": "bus_LV_200-7_1_4_node_4", "Landuse Category": "Residential areas (blocks of flats)" }, "geometry": { "type": "Point", "coordinates": [ 8.625488508459968, 47.41763611015277 ] } },
{ "type": "Feature", "properties": { "name": "bus_LV_200-7_1_4_node_5", "Landuse Category": "Residential areas (blocks of flats)" }, "geometry": { "type": "Point", "coordinates": [ 8.625762108460142, 47.417896310152749 ] } },
{ "type": "Feature", "properties": { "name": "bus_LV_200-7_1_4_node_18", "Landuse Category": "Residential areas (blocks of flats)" }, "geometry": { "type": "Point", "coordinates": [ 8.625474308460113, 47.417143110152601 ] } },
{ "type": "Feature", "properties": { "name": "bus_LV_200-7_1_4_node_26", "Landuse Category": "Roads" }, "geometry": { "type": "Point", "coordinates": [ 8.625084408459584, 47.417585310152852 ] } },
{ "type": "Feature", "properties": { "name": "bus_LV_200-7_1_4_node_79", "Landuse Category": "Residential areas (blocks of flats)" }, "geometry": { "type": "Point", "coordinates": [ 8.625950008460318, 47.417906610152698 ] } },
{ "type": "Feature", "properties": { "name": "bus_LV_200-7_1_4_node_6", "Landuse Category": "Roads" }, "geometry": { "type": "Point", "coordinates": [ 8.627198608461503, 47.417956810152312 ] } },
{ "type": "Feature", "properties": { "name": "bus_LV_200-7_1_4_node_7", "Landuse Category": "Residential areas (blocks of flats)" }, "geometry": { "type": "Point", "coordinates": [ 8.626611408461159, 47.417278110152289 ] } },
{ "type": "Feature", "properties": { "name": "bus_LV_200-7_1_4_node_57", "Landuse Category": "Motorways" }, "geometry": { "type": "Point", "coordinates": [ 8.627127364951496, 47.417312472905564 ] } },
{ "type": "Feature", "properties": { "name": "bus_LV_200-7_1_4_node_52", "Landuse Category": "Residential areas (blocks of flats)" }, "geometry": { "type": "Point", "coordinates": [ 8.626303308460789, 47.41750561015246 ] } },
{ "type": "Feature", "properties": { "name": "bus_LV_200-7_1_4_node_51", "Landuse Category": "Residential areas (blocks of flats)" }, "geometry": { "type": "Point", "coordinates": [ 8.62648500846106, 47.4171976101523 ] } },
{ "type": "Feature", "properties": { "name": "bus_LV_200-7_1_4_node_11", "Landuse Category": "Motorways" }, "geometry": { "type": "Point", "coordinates": [ 8.626946642773532, 47.41662410651842 ] } },
{ "type": "Feature", "properties": { "name": "bus_LV_200-7_1_4_node_12", "Landuse Category": "Motorways" }, "geometry": { "type": "Point", "coordinates": [ 8.627178858466323, 47.417048695223876 ] } },
{ "type": "Feature", "properties": { "name": "bus_LV_200-7_1_4_node_13", "Landuse Category": "Motorways" }, "geometry": { "type": "Point", "coordinates": [ 8.627153103199452, 47.417180627987094 ] } },
{ "type": "Feature", "properties": { "name": "bus_LV_200-7_1_4_node_16", "Landuse Category": "Residential areas (blocks of flats)" }, "geometry": { "type": "Point", "coordinates": [ 8.625501008460178, 47.417001710152498 ] } },
{ "type": "Feature", "properties": { "name": "bus_LV_200-7_1_4_node_17", "Landuse Category": "Residential areas (blocks of flats)" }, "geometry": { "type": "Point", "coordinates": [ 8.625744408460399, 47.417023610152491 ] } },
{ "type": "Feature", "properties": { "name": "bus_LV_200-7_1_4_node_19", "Landuse Category": "Residential areas (blocks of flats)" }, "geometry": { "type": "Point", "coordinates": [ 8.625801908460456, 47.417028310152446 ] } },
{ "type": "Feature", "properties": { "name": "bus_LV_200-7_1_4_node_23", "Landuse Category": "Residential areas (blocks of flats)" }, "geometry": { "type": "Point", "coordinates": [ 8.625762408460552, 47.41662151015236 ] } },
{ "type": "Feature", "properties": { "name": "bus_LV_200-7_1_4_node_80", "Landuse Category": "Residential areas (blocks of flats)" }, "geometry": { "type": "Point", "coordinates": [ 8.6261115084609, 47.416565810152257 ] } },
{ "type": "Feature", "properties": { "name": "bus_LV_200-7_1_4_node_20", "Landuse Category": "Residential areas (blocks of flats)" }, "geometry": { "type": "Point", "coordinates": [ 8.626342908460943, 47.417146410152355 ] } },
{ "type": "Feature", "properties": { "name": "bus_LV_200-7_1_4_node_25", "Landuse Category": "Residential areas (blocks of flats)" }, "geometry": { "type": "Point", "coordinates": [ 8.626239608460942, 47.416858210152284 ] } },
{ "type": "Feature", "properties": { "name": "bus_LV_200-7_1_4_node_74", "Landuse Category": "Residential areas (blocks of flats)" }, "geometry": { "type": "Point", "coordinates": [ 8.625784608460606, 47.416492810152299 ] } },
{ "type": "Feature", "properties": { "name": "bus_LV_200-7_1_4_node_75", "Landuse Category": "Residential areas (blocks of flats)" }, "geometry": { "type": "Point", "coordinates": [ 8.625721708460514, 47.416617410152334 ] } },
{ "type": "Feature", "properties": { "name": "bus_LV_200-7_1_4_node_24", "Landuse Category": "Residential areas (blocks of flats)" }, "geometry": { "type": "Point", "coordinates": [ 8.626248808460966, 47.416805210152255 ] } },
{ "type": "Feature", "properties": { "name": "bus_LV_200-7_1_4_node_78", "Landuse Category": "Residential areas (blocks of flats)" }, "geometry": { "type": "Point", "coordinates": [ 8.626388208460847, 47.417577310152446 ] } },
{ "type": "Feature", "properties": { "name": "bus_LV_200-7_1_4_node_76", "Landuse Category": "Residential areas (blocks of flats)" }, "geometry": { "type": "Point", "coordinates": [ 8.625746708460573, 47.416488610152314 ] } },
{ "type": "Feature", "properties": { "name": "bus_LV_200-7_1_4_node_77", "Landuse Category": "Residential areas (blocks of flats)" }, "geometry": { "type": "Point", "coordinates": [ 8.625810508460679, 47.416359410152232 ] } },
{ "type": "Feature", "properties": { "name": "bus_LV_200-7_1_4_node_81", "Landuse Category": "Residential areas (blocks of flats)" }, "geometry": { "type": "Point", "coordinates": [ 8.625772508460638, 47.41635611015225 ] } },
{ "type": "Feature", "properties": { "name": "bus_LV_200-8_0_4_node_0", "Landuse Category": "Roads" }, "geometry": { "type": "Point", "coordinates": [ 8.625267795387245, 47.422407275307911 ] } },
{ "type": "Feature", "properties": { "name": "bus_LV_200-8_0_4_node_2", "Landuse Category": "Roads" }, "geometry": { "type": "Point", "coordinates": [ 8.625144708458093, 47.42250441015441 ] } },
{ "type": "Feature", "properties": { "name": "bus_LV_200-8_0_4_node_1", "Landuse Category": "Residential areas (one and two-family houses)" }, "geometry": { "type": "Point", "coordinates": [ 8.626103704186235, 47.422226681145339 ] } },
{ "type": "Feature", "properties": { "name": "bus_LV_200-8_0_4_node_3", "Landuse Category": "Residential areas (one and two-family houses)" }, "geometry": { "type": "Point", "coordinates": [ 8.626553408459563, 47.422189110153901 ] } },
{ "type": "Feature", "properties": { "name": "bus_LV_200-8_0_4_node_4", "Landuse Category": "Residential areas (one and two-family houses)" }, "geometry": { "type": "Point", "coordinates": [ 8.625502208458386, 47.422696810154342 ] } },
{ "type": "Feature", "properties": { "name": "bus_LV_200-8_0_4_node_64", "Landuse Category": "Residential areas (blocks of flats)" }, "geometry": { "type": "Point", "coordinates": [ 8.626368819748182, 47.42201374455356 ] } },
{ "type": "Feature", "properties": { "name": "bus_LV_200-8_0_4_node_55", "Landuse Category": "Industrial and commercial areas > 1 ha" }, "geometry": { "type": "Point", "coordinates": [ 8.626869708459793, 47.422396210153828 ] } },
{ "type": "Feature", "properties": { "name": "bus_LV_200-8_0_4_node_66", "Landuse Category": "Residential areas (one and two-family houses)" }, "geometry": { "type": "Point", "coordinates": [ 8.62610873652083, 47.422569283951148 ] } },
{ "type": "Feature", "properties": { "name": "bus_LV_200-8_0_4_node_18", "Landuse Category": "Industrial and commercial areas > 1 ha" }, "geometry": { "type": "Point", "coordinates": [ 8.627359208460083, 47.422999010153859 ] } },
{ "type": "Feature", "properties": { "name": "bus_LV_200-8_0_4_node_54", "Landuse Category": "Industrial and commercial areas > 1 ha" }, "geometry": { "type": "Point", "coordinates": [ 8.627194691417278, 47.422913981620397 ] } },
{ "type": "Feature", "properties": { "name": "bus_LV_200-8_0_4_node_21", "Landuse Category": "Residential areas (terraced houses)" }, "geometry": { "type": "Point", "coordinates": [ 8.626724808459313, 47.423458910154189 ] } },
{ "type": "Feature", "properties": { "name": "bus_LV_200-8_0_4_node_52", "Landuse Category": "Industrial and commercial areas > 1 ha" }, "geometry": { "type": "Point", "coordinates": [ 8.627188808459124, 47.422743206021423 ] } },
{ "type": "Feature", "properties": { "name": "bus_LV_200-8_0_4_node_20", "Landuse Category": "Public buildings and surroundings" }, "geometry": { "type": "Point", "coordinates": [ 8.628410308461424, 47.421945610153216 ] } },
{ "type": "Feature", "properties": { "name": "bus_LV_200-8_0_4_node_22", "Landuse Category": "Public buildings and surroundings" }, "geometry": { "type": "Point", "coordinates": [ 8.628092108461191, 47.42166371015324 ] } },
{ "type": "Feature", "properties": { "name": "bus_LV_200-8_0_4_node_68", "Landuse Category": "Public buildings and surroundings" }, "geometry": { "type": "Point", "coordinates": [ 8.628912432165997, 47.421738399133062 ] } },
{ "type": "Feature", "properties": { "name": "bus_LV_200-8_0_4_node_58", "Landuse Category": "Residential areas (terraced houses)" }, "geometry": { "type": "Point", "coordinates": [ 8.626717708459319, 47.423448210154213 ] } },
{ "type": "Feature", "properties": { "name": "bus_LV_200-8_0_4_node_24", "Landuse Category": "Roads" }, "geometry": { "type": "Point", "coordinates": [ 8.627493708460591, 47.421788910153474 ] } },
{ "type": "Feature", "properties": { "name": "bus_LV_200-8_0_4_node_69", "Landuse Category": "Roads" }, "geometry": { "type": "Point", "coordinates": [ 8.62769710624125, 47.421312397191016 ] } },
{ "type": "Feature", "properties": { "name": "bus_LV_200-8_0_4_node_57", "Landuse Category": "Roads" }, "geometry": { "type": "Point", "coordinates": [ 8.627151908460187, 47.421986710153625 ] } },
{ "type": "Feature", "properties": { "name": "bus_LV_200-8_0_4_node_59", "Landuse Category": "Roads" }, "geometry": { "type": "Point", "coordinates": [ 8.627174273375205, 47.421515270010879 ] } },
{ "type": "Feature", "properties": { "name": "bus_LV_200-8_0_4_node_30", "Landuse Category": "Public buildings and surroundings" }, "geometry": { "type": "Point", "coordinates": [ 8.629284508462371, 47.42157111015289 ] } },
{ "type": "Feature", "properties": { "name": "bus_LV_200-8_0_4_node_76", "Landuse Category": "Sports facilities" }, "geometry": { "type": "Point", "coordinates": [ 8.628803608462043, 47.4211999101529 ] } },
{ "type": "Feature", "properties": { "name": "bus_LV_200-8_0_4_node_53", "Landuse Category": "Industrial and commercial areas > 1 ha" }, "geometry": { "type": "Point", "coordinates": [ 8.626919908459811, 47.422476210153846 ] } },
{ "type": "Feature", "properties": { "name": "bus_LV_200-8_0_4_node_65", "Landuse Category": "Residential areas (one and two-family houses)" }, "geometry": { "type": "Point", "coordinates": [ 8.626578264650229, 47.422459040271619 ] } },
{ "type": "Feature", "properties": { "name": "bus_LV_200-8_0_4_node_56", "Landuse Category": "Industrial and commercial areas > 1 ha" }, "geometry": { "type": "Point", "coordinates": [ 8.627457818858527, 47.42224841144791 ] } },
{ "type": "Feature", "properties": { "name": "bus_LV_200-8_0_4_node_60", "Landuse Category": "Roads" }, "geometry": { "type": "Point", "coordinates": [ 8.626884942512108, 47.421344281153885 ] } },
{ "type": "Feature", "properties": { "name": "bus_LV_200-8_0_4_node_61", "Landuse Category": "Roads" }, "geometry": { "type": "Point", "coordinates": [ 8.626784708460058, 47.42129391015348 ] } },
{ "type": "Feature", "properties": { "name": "bus_LV_200-8_0_4_node_62", "Landuse Category": "Industrial and commercial areas > 1 ha" }, "geometry": { "type": "Point", "coordinates": [ 8.626235898628218, 47.421044170396172 ] } },
{ "type": "Feature", "properties": { "name": "bus_LV_200-8_0_4_node_63", "Landuse Category": "Residential areas (blocks of flats)" }, "geometry": { "type": "Point", "coordinates": [ 8.626322708459533, 47.421538210153749 ] } },
{ "type": "Feature", "properties": { "name": "bus_LV_200-8_0_4_node_67", "Landuse Category": "Residential areas (blocks of flats)" }, "geometry": { "type": "Point", "coordinates": [ 8.626260136417427, 47.421776740412312 ] } }
]
}
